file;entities;metric;metric_random
com.puppycrawl.tools.checkstyle.CheckStyleTask;36;0.7142857142857143;0.5428571428571428
com.puppycrawl.tools.checkstyle.Checker;38;0.4594594594594595;0.6216216216216216
com.puppycrawl.tools.checkstyle.ConfigurationLoader;22;0.5714285714285714;0.6190476190476191
com.puppycrawl.tools.checkstyle.DefaultConfiguration;13;0.5;0.5833333333333334
com.puppycrawl.tools.checkstyle.DefaultLogger;12;0.6363636363636364;0.7272727272727273
com.puppycrawl.tools.checkstyle.PackageNamesLoader;12;0.45454545454545453;0.7272727272727273
com.puppycrawl.tools.checkstyle.PropertyCacheFile;12;0.6363636363636364;0.6363636363636364
com.puppycrawl.tools.checkstyle.StringArrayReader;11;0.5;0.6
com.puppycrawl.tools.checkstyle.TreeWalker;30;0.5862068965517241;0.6206896551724138
com.puppycrawl.tools.checkstyle.XMLLogger;14;0.6153846153846154;0.6923076923076923
com.puppycrawl.tools.checkstyle.api.AbstractFileSetCheck;17;0.5;0.625
com.puppycrawl.tools.checkstyle.api.AbstractViolationReporter;13;0.4166666666666667;0.75
com.puppycrawl.tools.checkstyle.api.AuditEvent;11;0.5;0.7
com.puppycrawl.tools.checkstyle.api.Check;27;0.5;0.6153846153846154
com.puppycrawl.tools.checkstyle.api.Comment;12;0.45454545454545453;0.6363636363636364
com.puppycrawl.tools.checkstyle.api.DetailAST;27;0.46153846153846156;0.6153846153846154
com.puppycrawl.tools.checkstyle.api.FastStack;11;0.5;0.7
com.puppycrawl.tools.checkstyle.api.FileContents;21;0.5;0.6
com.puppycrawl.tools.checkstyle.api.FullIdent;12;0.5454545454545454;0.6363636363636364
com.puppycrawl.tools.checkstyle.api.LocalizedMessage;26;0.44;0.6
com.puppycrawl.tools.checkstyle.api.TokenTypes;164;0.5030674846625767;0.5460122699386503
com.puppycrawl.tools.checkstyle.api.Utils;14;0.46153846153846156;0.6923076923076923
com.puppycrawl.tools.checkstyle.checks.AbstractTypeAwareCheck;29;0.39285714285714285;0.5714285714285714
com.puppycrawl.tools.checkstyle.checks.CheckUtils;16;0.5333333333333333;0.6
com.puppycrawl.tools.checkstyle.checks.DescendantTokenCheck;21;0.5;0.6
com.puppycrawl.tools.checkstyle.checks.RegexpCheck;23;0.5;0.5909090909090909
com.puppycrawl.tools.checkstyle.checks.TranslationCheck;10;0.3333333333333333;0.6666666666666666
com.puppycrawl.tools.checkstyle.checks.UncommentedMainCheck;19;0.5;0.6666666666666666
com.puppycrawl.tools.checkstyle.checks.annotation.AnnotationUseStyleCheck;19;0.4444444444444444;0.6111111111111112
com.puppycrawl.tools.checkstyle.checks.annotation.MissingDeprecatedCheck;11;0.5;0.7
com.puppycrawl.tools.checkstyle.checks.annotation.MissingOverrideCheck;10;0.5555555555555556;0.6666666666666666
com.puppycrawl.tools.checkstyle.checks.annotation.SuppressWarningsCheck;12;0.5454545454545454;0.6363636363636364
com.puppycrawl.tools.checkstyle.checks.coding.FallThroughCheck;17;0.4375;0.625
com.puppycrawl.tools.checkstyle.checks.coding.HiddenFieldCheck;21;0.4;0.65
com.puppycrawl.tools.checkstyle.checks.coding.IllegalInstantiationCheck;18;0.47058823529411764;0.6470588235294118
com.puppycrawl.tools.checkstyle.checks.coding.IllegalTypeCheck;21;0.5;0.6
com.puppycrawl.tools.checkstyle.checks.coding.InnerAssignmentCheck;10;0.6666666666666666;0.6666666666666666
com.puppycrawl.tools.checkstyle.checks.coding.JUnitTestCaseCheck;14;0.38461538461538464;0.6153846153846154
com.puppycrawl.tools.checkstyle.checks.coding.ModifiedControlVariableCheck;13;0.4166666666666667;0.6666666666666666
com.puppycrawl.tools.checkstyle.checks.coding.MultipleStringLiteralsCheck;12;0.36363636363636365;0.7272727272727273
com.puppycrawl.tools.checkstyle.checks.coding.ParameterAssignmentCheck;13;0.5;0.75
com.puppycrawl.tools.checkstyle.checks.coding.RequireThisCheck;10;0.6666666666666666;0.6666666666666666
com.puppycrawl.tools.checkstyle.checks.coding.ReturnCountCheck;13;0.5;0.6666666666666666
com.puppycrawl.tools.checkstyle.checks.coding.UnnecessaryParenthesesCheck;13;0.25;0.6666666666666666
com.puppycrawl.tools.checkstyle.checks.design.MutableExceptionCheck;11;0.5;0.7
com.puppycrawl.tools.checkstyle.checks.design.VisibilityModifierCheck;15;0.5;0.6428571428571429
com.puppycrawl.tools.checkstyle.checks.duplicates.StrictDuplicateCodeCheck;27;0.46153846153846156;0.5769230769230769
com.puppycrawl.tools.checkstyle.checks.header.AbstractHeaderCheck;12;0.45454545454545453;0.7272727272727273
com.puppycrawl.tools.checkstyle.checks.imports.AccessResult;18;0.6470588235294118;0.5882352941176471
com.puppycrawl.tools.checkstyle.checks.imports.ImportControlLoader;12;0.7272727272727273;0.5454545454545454
com.puppycrawl.tools.checkstyle.checks.imports.ImportOrderCheck;23;0.5;0.6363636363636364
com.puppycrawl.tools.checkstyle.checks.imports.UnusedImportsCheck;11;0.8;0.8
com.puppycrawl.tools.checkstyle.checks.indentation.BlockParentHandler;21;0.55;0.6
com.puppycrawl.tools.checkstyle.checks.indentation.ExpressionHandler;35;0.5588235294117647;0.5588235294117647
com.puppycrawl.tools.checkstyle.checks.indentation.IndentationCheck;19;0.4444444444444444;0.6111111111111112
com.puppycrawl.tools.checkstyle.checks.javadoc.HtmlTag;14;0.6923076923076923;0.6153846153846154
com.puppycrawl.tools.checkstyle.checks.javadoc.JavadocMethodCheck;47;0.45652173913043476;0.5652173913043478
com.puppycrawl.tools.checkstyle.checks.javadoc.JavadocStyleCheck;32;0.45161290322580644;0.6129032258064516
com.puppycrawl.tools.checkstyle.checks.javadoc.JavadocTag;15;0.35714285714285715;0.6428571428571429
com.puppycrawl.tools.checkstyle.checks.javadoc.JavadocTypeCheck;21;0.45;0.6
com.puppycrawl.tools.checkstyle.checks.javadoc.TagParser;11;0.5;0.7
com.puppycrawl.tools.checkstyle.checks.javadoc.WriteTagCheck;13;0.5833333333333334;0.6666666666666666
com.puppycrawl.tools.checkstyle.checks.metrics.AbstractClassCouplingCheck;15;0.5;0.6428571428571429
com.puppycrawl.tools.checkstyle.checks.metrics.AbstractComplexityCheck;19;0.4444444444444444;0.5555555555555556
com.puppycrawl.tools.checkstyle.checks.metrics.BooleanExpressionComplexityCheck;14;0.5384615384615384;0.6923076923076923
com.puppycrawl.tools.checkstyle.checks.metrics.JavaNCSSCheck;19;0.4444444444444444;0.6666666666666666
com.puppycrawl.tools.checkstyle.checks.naming.AbstractAccessControlNameCheck;14;0.46153846153846156;0.6923076923076923
com.puppycrawl.tools.checkstyle.checks.regexp.DetectorOptions;22;0.5714285714285714;0.5714285714285714
com.puppycrawl.tools.checkstyle.checks.regexp.RegexpSinglelineJavaCheck;12;0.5454545454545454;0.6363636363636364
com.puppycrawl.tools.checkstyle.checks.sizes.ExecutableStatementCountCheck;14;0.46153846153846156;0.6923076923076923
com.puppycrawl.tools.checkstyle.doclets.CheckDocsDoclet;10;0.4444444444444444;0.7777777777777778
com.puppycrawl.tools.checkstyle.filters.SuppressElement;18;0.4117647058823529;0.7058823529411765
com.puppycrawl.tools.checkstyle.filters.SuppressWithNearbyCommentFilter;26;0.48;0.6
com.puppycrawl.tools.checkstyle.filters.SuppressionCommentFilter;26;0.6;0.64
com.puppycrawl.tools.checkstyle.filters.SuppressionsLoader;10;0.5555555555555556;0.6666666666666666
com.puppycrawl.tools.checkstyle.gui.AbstractCellEditor;10;0.4444444444444444;0.7777777777777778
com.puppycrawl.tools.checkstyle.gui.AbstractTreeTableModel;15;0.6428571428571429;0.6428571428571429
com.puppycrawl.tools.checkstyle.gui.ParseTreeModel;10;0.6666666666666666;0.6666666666666666
com.puppycrawl.tools.checkstyle.gui.TreeTableModelAdapter;11;0.6;0.7
