file;entities;metric;metric_random
net.sourceforge.cobertura.ant.CheckTask;21;0.7;0.6
net.sourceforge.cobertura.ant.CommonMatchingTask;21;0.6;0.65
net.sourceforge.cobertura.ant.InstrumentTask;22;0.5714285714285714;0.6190476190476191
net.sourceforge.cobertura.ant.ReportTask;11;0.7;0.6
net.sourceforge.cobertura.check.Main;15;0.5;0.6428571428571429
net.sourceforge.cobertura.check.PackageCoverage;12;0.45454545454545453;0.6363636363636364
net.sourceforge.cobertura.coveragedata.ClassData;37;0.8611111111111112;0.5833333333333334
net.sourceforge.cobertura.coveragedata.CoverageDataContainer;17;0.75;0.625
net.sourceforge.cobertura.coveragedata.JumpData;19;0.4444444444444444;0.6666666666666666
net.sourceforge.cobertura.coveragedata.LineData;40;0.6666666666666666;0.6153846153846154
net.sourceforge.cobertura.coveragedata.PackageData;11;0.8;0.6
net.sourceforge.cobertura.coveragedata.ProjectData;15;0.6428571428571429;0.6428571428571429
net.sourceforge.cobertura.coveragedata.SourceFileData;15;0.8571428571428571;0.6428571428571429
net.sourceforge.cobertura.coveragedata.SwitchData;20;0.42105263157894735;0.631578947368421
net.sourceforge.cobertura.coveragedata.TouchCollector;12;0.5454545454545454;0.6363636363636364
net.sourceforge.cobertura.instrument.ClassInstrumenter;15;0.42857142857142855;0.6428571428571429
net.sourceforge.cobertura.instrument.FirstPassMethodInstrumenter;31;0.5;0.6
net.sourceforge.cobertura.instrument.Main;15;0.5;0.7142857142857143
net.sourceforge.cobertura.instrument.SecondPassMethodInstrumenter;36;0.6;0.5714285714285714
net.sourceforge.cobertura.reporting.ComplexityCalculator;13;0.5;0.5833333333333334
net.sourceforge.cobertura.reporting.Main;11;0.6;0.6
net.sourceforge.cobertura.reporting.html.HTMLReport;27;0.4230769230769231;0.6153846153846154
net.sourceforge.cobertura.reporting.xml.XMLReport;26;0.36;0.56
net.sourceforge.cobertura.util.CommandLineBuilder;10;0.4444444444444444;0.6666666666666666
net.sourceforge.cobertura.util.FileFinder;11;0.7;0.7
