file;entities;metric;metric_random
net.sourceforge.cruisecontrol.BuildLoopInformation;11;0.5;0.6
net.sourceforge.cruisecontrol.BuildQueue;15;0.6428571428571429;0.7142857142857143
net.sourceforge.cruisecontrol.Builder;22;0.42857142857142855;0.6666666666666666
net.sourceforge.cruisecontrol.CruiseControlConfig;37;0.5277777777777778;0.5833333333333334
net.sourceforge.cruisecontrol.CruiseControlController;35;0.5;0.6470588235294118
net.sourceforge.cruisecontrol.GenericPluginDetail;10;0.3333333333333333;0.6666666666666666
net.sourceforge.cruisecontrol.Log;41;0.6;0.6
net.sourceforge.cruisecontrol.Main;44;0.4883720930232558;0.5581395348837209
net.sourceforge.cruisecontrol.Modification;39;0.5789473684210527;0.5526315789473685
net.sourceforge.cruisecontrol.ModificationSet;29;0.5357142857142857;0.6428571428571429
net.sourceforge.cruisecontrol.PluginRegistry;24;0.6521739130434783;0.6086956521739131
net.sourceforge.cruisecontrol.PluginType;37;0.75;0.5555555555555556
net.sourceforge.cruisecontrol.Project;105;0.5;0.5576923076923077
net.sourceforge.cruisecontrol.ProjectConfig;61;0.6333333333333333;0.5666666666666667
net.sourceforge.cruisecontrol.ProjectState;19;0.5555555555555556;0.6111111111111112
net.sourceforge.cruisecontrol.ProjectXMLHelper;13;0.4166666666666667;0.6666666666666666
net.sourceforge.cruisecontrol.Schedule;44;0.4883720930232558;0.5813953488372093
net.sourceforge.cruisecontrol.bootstrappers.AccurevBootstrapper;13;0.5833333333333334;0.6666666666666666
net.sourceforge.cruisecontrol.bootstrappers.CMSynergyBaselineBootstrapper;21;0.65;0.6
net.sourceforge.cruisecontrol.bootstrappers.CMSynergyBootstrapper;13;0.8333333333333334;0.6666666666666666
net.sourceforge.cruisecontrol.bootstrappers.CVSBootstrapper;16;0.4;0.6666666666666666
net.sourceforge.cruisecontrol.bootstrappers.ClearCaseBootstrapper;11;0.4;0.6
net.sourceforge.cruisecontrol.bootstrappers.ClearCaseViewstrapper;15;0.5714285714285714;0.6428571428571429
net.sourceforge.cruisecontrol.bootstrappers.DarcsBootstrapper;12;0.45454545454545453;0.6363636363636364
net.sourceforge.cruisecontrol.bootstrappers.P4Bootstrapper;15;0.5714285714285714;0.5714285714285714
net.sourceforge.cruisecontrol.bootstrappers.PlasticSCMBootstrapper;15;0.2857142857142857;0.6428571428571429
net.sourceforge.cruisecontrol.bootstrappers.SSCMBootstrapper;24;0.6086956521739131;0.6521739130434783
net.sourceforge.cruisecontrol.bootstrappers.SVNBootstrapper;15;0.5714285714285714;0.7142857142857143
net.sourceforge.cruisecontrol.bootstrappers.TFSBootstrapper;18;0.47058823529411764;0.5882352941176471
net.sourceforge.cruisecontrol.bootstrappers.VssBootstrapper;15;0.42857142857142855;0.7142857142857143
net.sourceforge.cruisecontrol.builders.AbstractAntBuilderDelegate;25;0.5416666666666666;0.5416666666666666
net.sourceforge.cruisecontrol.builders.AntBuilder;56;0.5272727272727272;0.5818181818181818
net.sourceforge.cruisecontrol.builders.AntScript;67;0.5454545454545454;0.5757575757575758
net.sourceforge.cruisecontrol.builders.CompositeBuilder;19;0.4444444444444444;0.6111111111111112
net.sourceforge.cruisecontrol.builders.ExecBuilder;25;0.5;0.5833333333333334
net.sourceforge.cruisecontrol.builders.ExecScript;22;0.5238095238095238;0.6190476190476191
net.sourceforge.cruisecontrol.builders.Maven2Builder;38;0.5675675675675675;0.5945945945945946
net.sourceforge.cruisecontrol.builders.Maven2Script;26;0.56;0.56
net.sourceforge.cruisecontrol.builders.MavenBuilder;13;0.6666666666666666;0.6666666666666666
net.sourceforge.cruisecontrol.builders.MavenScript;19;0.6666666666666666;0.6111111111111112
net.sourceforge.cruisecontrol.builders.NantBuilder;34;0.6666666666666666;0.6060606060606061
net.sourceforge.cruisecontrol.builders.NantScript;26;0.64;0.64
net.sourceforge.cruisecontrol.builders.PhingBuilder;37;0.5555555555555556;0.6111111111111112
net.sourceforge.cruisecontrol.builders.PhingScript;25;0.625;0.625
net.sourceforge.cruisecontrol.builders.PipedExecBuilder;16;0.5333333333333333;0.6
net.sourceforge.cruisecontrol.builders.RakeBuilder;19;0.4444444444444444;0.6111111111111112
net.sourceforge.cruisecontrol.builders.RakeScript;18;0.35294117647058826;0.7058823529411765
net.sourceforge.cruisecontrol.builders.ScriptRunner;12;0.5454545454545454;0.7272727272727273
net.sourceforge.cruisecontrol.builders.XcodeBuilder;26;0.48;0.6
net.sourceforge.cruisecontrol.buildloggers.MergeLogger;15;0.5714285714285714;0.7857142857142857
net.sourceforge.cruisecontrol.config.DashboardConfigurationPlugin;10;0.4444444444444444;0.7777777777777778
net.sourceforge.cruisecontrol.config.DefaultPropertiesPlugin;14;0.5384615384615384;0.6153846153846154
net.sourceforge.cruisecontrol.config.XMLConfigManager;13;0.5833333333333334;0.6666666666666666
net.sourceforge.cruisecontrol.gendoc.AttributeInfo;12;0.5454545454545454;0.5454545454545454
net.sourceforge.cruisecontrol.gendoc.MemberInfo;13;0.4166666666666667;0.6666666666666666
net.sourceforge.cruisecontrol.gendoc.PluginInfo;38;0.3783783783783784;0.5945945945945946
net.sourceforge.cruisecontrol.gendoc.PluginInfoParser;25;0.4166666666666667;0.625
net.sourceforge.cruisecontrol.gendoc.html.HtmlUtils;12;0.45454545454545453;0.6363636363636364
net.sourceforge.cruisecontrol.jmx.CruiseControlControllerAgent;18;0.5294117647058824;0.5882352941176471
net.sourceforge.cruisecontrol.jmx.CruiseControlControllerJMXAdaptor;38;0.5135135135135135;0.5945945945945946
net.sourceforge.cruisecontrol.jmx.ProjectController;38;0.5945945945945946;0.6486486486486487
net.sourceforge.cruisecontrol.labelincrementers.DefaultLabelIncrementer;13;0.6666666666666666;0.6666666666666666
net.sourceforge.cruisecontrol.labelincrementers.FormattedLabelIncrementer;15;0.5;0.6428571428571429
net.sourceforge.cruisecontrol.labelincrementers.P4ChangelistLabelIncrementer;38;0.5135135135135135;0.5945945945945946
net.sourceforge.cruisecontrol.labelincrementers.PropertyFileLabelIncrementer;14;0.6153846153846154;0.6923076923076923
net.sourceforge.cruisecontrol.labelincrementers.SVNLabelIncrementer;14;0.5384615384615384;0.7692307692307693
net.sourceforge.cruisecontrol.launch.Launcher;20;0.47368421052631576;0.631578947368421
net.sourceforge.cruisecontrol.listeners.CMSynergySessionMonitor;13;0.5833333333333334;0.6666666666666666
net.sourceforge.cruisecontrol.listeners.CurrentBuildStatusPageListener;20;0.47368421052631576;0.6842105263157895
net.sourceforge.cruisecontrol.publishers.ArtifactsPublisher;19;0.5555555555555556;0.6111111111111112
net.sourceforge.cruisecontrol.publishers.CMSynergyBaselinePublisher;19;0.5555555555555556;0.5555555555555556
net.sourceforge.cruisecontrol.publishers.CMSynergyPublisher;18;0.5294117647058824;0.6470588235294118
net.sourceforge.cruisecontrol.publishers.ClearCaseBaselinePublisher;18;0.47058823529411764;0.6470588235294118
net.sourceforge.cruisecontrol.publishers.EmailPublisher;83;0.5487804878048781;0.5853658536585366
net.sourceforge.cruisecontrol.publishers.FTPPublisher;11;0.5;0.6
net.sourceforge.cruisecontrol.publishers.HTMLEmailPublisher;35;0.5294117647058824;0.5882352941176471
net.sourceforge.cruisecontrol.publishers.HTTPPublisher;12;0.45454545454545453;0.7272727272727273
net.sourceforge.cruisecontrol.publishers.JabberPublisher;26;0.6;0.6
net.sourceforge.cruisecontrol.publishers.JnlpPublisher;16;0.4666666666666667;0.6
net.sourceforge.cruisecontrol.publishers.OrigoPublisher;29;0.42857142857142855;0.5714285714285714
net.sourceforge.cruisecontrol.publishers.RSSPublisher;15;0.6428571428571429;0.6428571428571429
net.sourceforge.cruisecontrol.publishers.SCPPublisher;31;0.26666666666666666;0.5666666666666667
net.sourceforge.cruisecontrol.publishers.SocketPublisher;17;0.4375;0.625
net.sourceforge.cruisecontrol.publishers.WeblogPublisher;62;0.5901639344262295;0.5737704918032787
net.sourceforge.cruisecontrol.publishers.X10Publisher;21;0.35;0.65
net.sourceforge.cruisecontrol.publishers.XSLTLogPublisher;12;0.45454545454545453;0.7272727272727273
net.sourceforge.cruisecontrol.publishers.email.LDAPMapper;27;0.5;0.6153846153846154
net.sourceforge.cruisecontrol.publishers.email.MavenMapperHelper;10;0.5555555555555556;0.6666666666666666
net.sourceforge.cruisecontrol.publishers.rss.Feed;18;0.47058823529411764;0.6470588235294118
net.sourceforge.cruisecontrol.publishers.rss.Item;15;0.5714285714285714;0.5714285714285714
net.sourceforge.cruisecontrol.publishers.rss.RSS;13;0.4166666666666667;0.6666666666666666
net.sourceforge.cruisecontrol.publishers.sfee.SfeeDocumentManagerPublisher;25;0.4166666666666667;0.625
net.sourceforge.cruisecontrol.publishers.sfee.SfeeFrsPublisher;10;0.5555555555555556;0.6666666666666666
net.sourceforge.cruisecontrol.publishers.sfee.SfeePublisher;11;0.5;0.7
net.sourceforge.cruisecontrol.publishers.sfee.SfeeTrackerPublisher;15;0.5;0.6428571428571429
net.sourceforge.cruisecontrol.report.BuildLoopStatusReportTask;10;0.4444444444444444;0.6666666666666666
net.sourceforge.cruisecontrol.sourcecontrols.Accurev;15;0.5714285714285714;0.6428571428571429
net.sourceforge.cruisecontrol.sourcecontrols.AlienBrain;16;0.4666666666666667;0.6
net.sourceforge.cruisecontrol.sourcecontrols.AlienBrainCore;24;0.4782608695652174;0.6521739130434783
net.sourceforge.cruisecontrol.sourcecontrols.BuildStatus;17;0.625;0.625
net.sourceforge.cruisecontrol.sourcecontrols.CMSynergy;61;0.55;0.6166666666666667
net.sourceforge.cruisecontrol.sourcecontrols.CMSynergyModification;32;0.5806451612903226;0.5483870967741935
net.sourceforge.cruisecontrol.sourcecontrols.ClearCase;28;0.6296296296296297;0.6296296296296297
net.sourceforge.cruisecontrol.sourcecontrols.ClearCaseModification;10;0.3333333333333333;0.6666666666666666
net.sourceforge.cruisecontrol.sourcecontrols.Compound;11;0.4;0.7
net.sourceforge.cruisecontrol.sourcecontrols.ConcurrentVersionsSystem;60;0.5084745762711864;0.559322033898305
net.sourceforge.cruisecontrol.sourcecontrols.Darcs;18;0.47058823529411764;0.6470588235294118
net.sourceforge.cruisecontrol.sourcecontrols.Git;17;0.5;0.625
net.sourceforge.cruisecontrol.sourcecontrols.IvySourceControl;13;0.3333333333333333;0.75
net.sourceforge.cruisecontrol.sourcecontrols.MKS;18;0.47058823529411764;0.6470588235294118
net.sourceforge.cruisecontrol.sourcecontrols.Maven2SnapshotDependency;27;0.5384615384615384;0.6538461538461539
net.sourceforge.cruisecontrol.sourcecontrols.MavenSnapshotDependency;20;0.47368421052631576;0.7368421052631579
net.sourceforge.cruisecontrol.sourcecontrols.Mercurial;26;0.52;0.64
net.sourceforge.cruisecontrol.sourcecontrols.P4;40;0.5128205128205128;0.5897435897435898
net.sourceforge.cruisecontrol.sourcecontrols.PVCS;31;0.9333333333333333;0.6333333333333333
net.sourceforge.cruisecontrol.sourcecontrols.PlasticSCM;18;0.5294117647058824;0.6470588235294118
net.sourceforge.cruisecontrol.sourcecontrols.SSCM;26;0.52;0.68
net.sourceforge.cruisecontrol.sourcecontrols.SVN;37;0.5;0.5833333333333334
net.sourceforge.cruisecontrol.sourcecontrols.SnapshotCM;20;0.5789473684210527;0.631578947368421
net.sourceforge.cruisecontrol.sourcecontrols.SourceControlProperties;11;0.5;0.7
net.sourceforge.cruisecontrol.sourcecontrols.Store;28;0.48148148148148145;0.6296296296296297
net.sourceforge.cruisecontrol.sourcecontrols.TeamFoundationServer;28;0.5185185185185185;0.5925925925925926
net.sourceforge.cruisecontrol.sourcecontrols.UCM;45;0.5454545454545454;0.5681818181818182
net.sourceforge.cruisecontrol.sourcecontrols.Veto;11;0.6;0.7
net.sourceforge.cruisecontrol.sourcecontrols.Vss;35;0.47058823529411764;0.6176470588235294
net.sourceforge.cruisecontrol.sourcecontrols.VssJournal;30;0.5862068965517241;0.5862068965517241
net.sourceforge.cruisecontrol.sourcecontrols.accurev.AccurevCommand;10;0.4444444444444444;0.7777777777777778
net.sourceforge.cruisecontrol.sourcecontrols.accurev.AccurevCommandline;34;0.48484848484848486;0.6060606060606061
net.sourceforge.cruisecontrol.util.AbstractFTPClass;27;0.5;0.5769230769230769
net.sourceforge.cruisecontrol.util.BuildOutputLogger;20;0.5789473684210527;0.631578947368421
net.sourceforge.cruisecontrol.util.Commandline;37;0.5833333333333334;0.6111111111111112
net.sourceforge.cruisecontrol.util.DateUtil;19;0.5;0.6666666666666666
net.sourceforge.cruisecontrol.util.EmptyElementFilter;10;0.4444444444444444;0.7777777777777778
net.sourceforge.cruisecontrol.util.IO;13;0.75;0.75
net.sourceforge.cruisecontrol.util.ManagedCommandline;21;0.4;0.6
net.sourceforge.cruisecontrol.util.OSEnvironment;11;0.6;0.7
net.sourceforge.cruisecontrol.util.StdoutBuffer;12;0.7272727272727273;0.7272727272727273
net.sourceforge.cruisecontrol.util.StreamLogger;10;0.6666666666666666;0.6666666666666666
net.sourceforge.cruisecontrol.util.Util;11;0.6;0.7
net.sourceforge.cruisecontrol.util.ValidationHelper;15;0.6428571428571429;0.6428571428571429
net.sourceforge.cruisecontrol.util.XMLLogHelper;15;0.35714285714285715;0.7142857142857143
net.sourceforge.cruisecontrol.util.XPathAwareChild;17;0.5625;0.6875
net.sourceforge.cruisecontrol.util.threadpool.ThreadQueue;27;0.5769230769230769;0.5769230769230769
