file;entities;metric;metric_random
com.itextpdf.text.Anchor;11;0.5;0.7
com.itextpdf.text.Annotation;48;0.5531914893617021;0.5957446808510638
com.itextpdf.text.BaseColor;25;0.375;0.6666666666666666
com.itextpdf.text.Chunk;69;0.47058823529411764;0.5882352941176471
com.itextpdf.text.DocWriter;38;0.5675675675675675;0.6216216216216216
com.itextpdf.text.Document;66;0.5692307692307692;0.5846153846153846
com.itextpdf.text.ElementTags;127;0.46825396825396826;0.5396825396825397
com.itextpdf.text.ExceptionConverter;12;0.5454545454545454;0.7272727272727273
com.itextpdf.text.Font;38;0.5675675675675675;0.5945945945945946
com.itextpdf.text.FontFactory;45;0.7045454545454546;0.6590909090909091
com.itextpdf.text.FontFactoryImp;29;0.75;0.7142857142857143
com.itextpdf.text.Image;168;0.5748502994011976;0.5389221556886228
com.itextpdf.text.Jpeg;15;0.5714285714285714;0.6428571428571429
com.itextpdf.text.Jpeg2000;17;0.5625;0.75
com.itextpdf.text.List;56;0.509090909090909;0.5454545454545454
com.itextpdf.text.MarkedSection;19;0.5555555555555556;0.6666666666666666
com.itextpdf.text.Meta;11;0.7;0.7
com.itextpdf.text.PageSize;53;0.6538461538461539;0.5769230769230769
com.itextpdf.text.Paragraph;36;0.4857142857142857;0.5714285714285714
com.itextpdf.text.Phrase;27;0.6153846153846154;0.6153846153846154
com.itextpdf.text.Rectangle;85;0.5833333333333334;0.5595238095238095
com.itextpdf.text.RectangleReadOnly;25;0.5833333333333334;0.5833333333333334
com.itextpdf.text.Section;66;0.5846153846153846;0.5692307692307692
com.itextpdf.text.Utilities;22;0.5714285714285714;0.6190476190476191
com.itextpdf.text.error_messages.MessageLocalization;15;0.7142857142857143;0.7142857142857143
com.itextpdf.text.factories.ElementFactory;11;0.4;0.6
com.itextpdf.text.html.HtmlTags;86;0.49411764705882355;0.5647058823529412
com.itextpdf.text.html.Markup;72;0.8028169014084507;0.5492957746478874
com.itextpdf.text.html.simpleparser.FactoryProperties;15;0.6428571428571429;0.6428571428571429
com.itextpdf.text.html.simpleparser.HTMLWorker;39;0.5789473684210527;0.6052631578947368
com.itextpdf.text.html.simpleparser.IncTable;13;0.75;0.75
com.itextpdf.text.pdf.AcroFields;90;0.5730337078651685;0.5617977528089888
com.itextpdf.text.pdf.ArabicLigaturizer;50;0.5510204081632653;0.6530612244897959
com.itextpdf.text.pdf.AsianFontMapper;20;0.631578947368421;0.5789473684210527
com.itextpdf.text.pdf.Barcode;65;0.46875;0.5625
com.itextpdf.text.pdf.Barcode128;31;0.6333333333333333;0.6
com.itextpdf.text.pdf.BarcodeDatamatrix;48;0.48936170212765956;0.5957446808510638
com.itextpdf.text.pdf.BarcodeEAN;29;0.6785714285714286;0.6071428571428571
com.itextpdf.text.pdf.BarcodePDF417;113;0.5267857142857143;0.5714285714285714
com.itextpdf.text.pdf.BaseField;75;0.4864864864864865;0.5405405405405406
com.itextpdf.text.pdf.BaseFont;147;0.6027397260273972;0.5342465753424658
com.itextpdf.text.pdf.BidiLine;45;0.45454545454545453;0.5681818181818182
com.itextpdf.text.pdf.BidiOrder;54;0.49056603773584906;0.5660377358490566
com.itextpdf.text.pdf.ByteBuffer;35;0.5882352941176471;0.6470588235294118
com.itextpdf.text.pdf.CFFFont;33;0.46875;0.625
com.itextpdf.text.pdf.CFFFontSubset;58;0.5263157894736842;0.5789473684210527
com.itextpdf.text.pdf.CJKFont;51;0.44;0.6
com.itextpdf.text.pdf.CMYKColor;11;0.6;0.7
com.itextpdf.text.pdf.CMapAwareDocumentFont;11;0.6;0.7
com.itextpdf.text.pdf.ColumnText;117;0.5344827586206896;0.5344827586206896
com.itextpdf.text.pdf.DefaultFontMapper;12;0.36363636363636365;0.6363636363636364
com.itextpdf.text.pdf.DocumentFont;50;0.6122448979591837;0.5918367346938775
com.itextpdf.text.pdf.ExtendedColor;11;0.5;0.6
com.itextpdf.text.pdf.FdfReader;11;0.5;0.6
com.itextpdf.text.pdf.FdfWriter;17;0.5625;0.625
com.itextpdf.text.pdf.FontDetails;18;0.35294117647058826;0.5882352941176471
com.itextpdf.text.pdf.IntHashtable;19;0.5;0.6111111111111112
com.itextpdf.text.pdf.LZWDecoder;15;0.5714285714285714;0.6428571428571429
com.itextpdf.text.pdf.MappedRandomAccessFile;12;0.5454545454545454;0.7272727272727273
com.itextpdf.text.pdf.MultiColumnText;38;0.5405405405405406;0.5675675675675675
com.itextpdf.text.pdf.OutputStreamEncryption;13;0.5833333333333334;0.5833333333333334
com.itextpdf.text.pdf.PRAcroForm;12;0.6363636363636364;0.6363636363636364
com.itextpdf.text.pdf.PRStream;17;0.5;0.625
com.itextpdf.text.pdf.PRTokeniser;35;0.4117647058823529;0.5588235294117647
com.itextpdf.text.pdf.PageResources;25;0.625;0.625
com.itextpdf.text.pdf.PdfAcroForm;39;0.42105263157894735;0.6052631578947368
com.itextpdf.text.pdf.PdfAction;38;0.5135135135135135;0.5945945945945946
com.itextpdf.text.pdf.PdfAnnotation;93;0.5434782608695652;0.5652173913043478
com.itextpdf.text.pdf.PdfArray;25;0.5;0.5833333333333334
com.itextpdf.text.pdf.PdfChunk;53;0.5384615384615384;0.5576923076923077
com.itextpdf.text.pdf.PdfContentByte;202;0.6119402985074627;0.5422885572139303
com.itextpdf.text.pdf.PdfCopy;30;0.5517241379310345;0.6206896551724138
com.itextpdf.text.pdf.PdfCopyFields;17;0.5625;0.625
com.itextpdf.text.pdf.PdfCopyFieldsImp;46;0.5111111111111111;0.5777777777777777
com.itextpdf.text.pdf.PdfCopyForms;18;0.5882352941176471;0.7058823529411765
com.itextpdf.text.pdf.PdfDestination;11;0.5;0.7
com.itextpdf.text.pdf.PdfDictionary;34;0.6666666666666666;0.6060606060606061
com.itextpdf.text.pdf.PdfDocument;124;0.5447154471544715;0.5528455284552846
com.itextpdf.text.pdf.PdfEncodings;25;0.5416666666666666;0.5833333333333334
com.itextpdf.text.pdf.PdfEncryption;49;0.4166666666666667;0.5625
com.itextpdf.text.pdf.PdfEncryptor;15;0.7142857142857143;0.7142857142857143
com.itextpdf.text.pdf.PdfFileSpecification;15;0.7142857142857143;0.7142857142857143
com.itextpdf.text.pdf.PdfFont;13;0.5833333333333334;0.6666666666666666
com.itextpdf.text.pdf.PdfFormField;72;0.5352112676056338;0.5633802816901409
com.itextpdf.text.pdf.PdfGState;22;0.47619047619047616;0.5714285714285714
com.itextpdf.text.pdf.PdfGraphics2D;130;0.5426356589147286;0.5581395348837209
com.itextpdf.text.pdf.PdfImportedPage;18;0.7058823529411765;0.6470588235294118
com.itextpdf.text.pdf.PdfLayer;28;0.5555555555555556;0.5925925925925926
com.itextpdf.text.pdf.PdfLayerMembership;13;0.3333333333333333;0.6666666666666666
com.itextpdf.text.pdf.PdfLine;36;0.5142857142857142;0.6
com.itextpdf.text.pdf.PdfName;656;0.9419847328244275;0.5099236641221374
com.itextpdf.text.pdf.PdfObject;33;0.5625;0.65625
com.itextpdf.text.pdf.PdfOutline;34;0.48484848484848486;0.6060606060606061
com.itextpdf.text.pdf.PdfPCell;86;0.5411764705882353;0.5647058823529412
com.itextpdf.text.pdf.PdfPKCS7;85;0.6071428571428571;0.5833333333333334
com.itextpdf.text.pdf.PdfPRow;23;0.5;0.5909090909090909
com.itextpdf.text.pdf.PdfPTable;118;0.5555555555555556;0.5726495726495726
com.itextpdf.text.pdf.PdfPage;11;0.3;0.7
com.itextpdf.text.pdf.PdfPageEventHelper;11;0.6;0.7
com.itextpdf.text.pdf.PdfPageLabels;16;0.5333333333333333;0.7333333333333333
com.itextpdf.text.pdf.PdfPages;12;0.5454545454545454;0.7272727272727273
com.itextpdf.text.pdf.PdfPatternPainter;39;0.5789473684210527;0.5789473684210527
com.itextpdf.text.pdf.PdfPublicKeySecurityHandler;10;0.3333333333333333;0.6666666666666666
com.itextpdf.text.pdf.PdfReader;174;0.5491329479768786;0.5317919075144508
com.itextpdf.text.pdf.PdfReaderInstance;17;0.5;0.6875
com.itextpdf.text.pdf.PdfRectangle;20;0.7368421052631579;0.631578947368421
com.itextpdf.text.pdf.PdfShading;31;0.5666666666666667;0.6333333333333333
com.itextpdf.text.pdf.PdfShadingPattern;15;0.5714285714285714;0.6428571428571429
com.itextpdf.text.pdf.PdfSigGenericPKCS;12;0.45454545454545453;0.6363636363636364
com.itextpdf.text.pdf.PdfSignatureAppearance;121;0.575;0.55
com.itextpdf.text.pdf.PdfStamper;48;0.5531914893617021;0.5319148936170213
com.itextpdf.text.pdf.PdfStamperImp;85;0.5595238095238095;0.5714285714285714
com.itextpdf.text.pdf.PdfStream;23;0.5909090909090909;0.6363636363636364
com.itextpdf.text.pdf.PdfString;16;0.4666666666666667;0.6
com.itextpdf.text.pdf.PdfTemplate;32;0.3870967741935484;0.5806451612903226
com.itextpdf.text.pdf.PdfTransition;21;0.5;0.65
com.itextpdf.text.pdf.PdfWriter;284;0.5653710247349824;0.5265017667844523
com.itextpdf.text.pdf.Pfm2afm;57;0.5;0.5714285714285714
com.itextpdf.text.pdf.PushbuttonField;42;0.5121951219512195;0.5365853658536586
com.itextpdf.text.pdf.RadioCheckField;22;0.6666666666666666;0.5714285714285714
com.itextpdf.text.pdf.RandomAccessFileOrArray;51;0.7;0.56
com.itextpdf.text.pdf.SequenceList;27;0.5384615384615384;0.6153846153846154
com.itextpdf.text.pdf.SimpleBookmark;21;0.55;0.7
com.itextpdf.text.pdf.SimpleNamedDestination;17;0.625;0.6875
com.itextpdf.text.pdf.StandardDecryption;10;0.6666666666666666;0.6666666666666666
com.itextpdf.text.pdf.TextField;39;0.5526315789473685;0.5789473684210527
com.itextpdf.text.pdf.TrueTypeFont;68;0.5522388059701493;0.5671641791044776
com.itextpdf.text.pdf.TrueTypeFontSubSet;44;0.46511627906976744;0.5581395348837209
com.itextpdf.text.pdf.TrueTypeFontUnicode;18;0.47058823529411764;0.6470588235294118
com.itextpdf.text.pdf.Type1Font;43;0.4523809523809524;0.5952380952380952
com.itextpdf.text.pdf.Type3Font;28;0.7037037037037037;0.6296296296296297
com.itextpdf.text.pdf.VerticalText;32;0.45161290322580644;0.5806451612903226
com.itextpdf.text.pdf.XfaForm;40;0.48717948717948717;0.6410256410256411
com.itextpdf.text.pdf.XfdfReader;16;0.5333333333333333;0.6666666666666666
com.itextpdf.text.pdf.codec.Base64;42;0.5853658536585366;0.5853658536585366
com.itextpdf.text.pdf.codec.BmpImage;67;0.5909090909090909;0.5606060606060606
com.itextpdf.text.pdf.codec.CCITTG4Encoder;39;0.5263157894736842;0.5526315789473685
com.itextpdf.text.pdf.codec.GifImage;50;0.5306122448979592;0.5714285714285714
com.itextpdf.text.pdf.codec.JBIG2SegmentReader;40;0.46153846153846156;0.5641025641025641
com.itextpdf.text.pdf.codec.LZWCompressor;11;0.6;0.7
com.itextpdf.text.pdf.codec.LZWStringTable;18;0.47058823529411764;0.6470588235294118
com.itextpdf.text.pdf.codec.PngImage;70;0.5362318840579711;0.5507246376811594
com.itextpdf.text.pdf.codec.PngWriter;20;0.5263157894736842;0.631578947368421
com.itextpdf.text.pdf.codec.TIFFConstants;210;0.4784688995215311;0.5119617224880383
com.itextpdf.text.pdf.codec.TIFFDirectory;36;0.45714285714285713;0.5714285714285714
com.itextpdf.text.pdf.codec.TIFFFaxDecoder;35;0.5294117647058824;0.6176470588235294
com.itextpdf.text.pdf.codec.TIFFFaxDecompressor;40;0.5641025641025641;0.5897435897435898
com.itextpdf.text.pdf.codec.TIFFField;37;0.4444444444444444;0.6111111111111112
com.itextpdf.text.pdf.codec.TIFFLZWDecoder;17;0.5625;0.625
com.itextpdf.text.pdf.codec.wmf.MetaBrush;18;0.4117647058823529;0.6470588235294118
com.itextpdf.text.pdf.codec.wmf.MetaDo;84;0.5542168674698795;0.5783132530120482
com.itextpdf.text.pdf.codec.wmf.MetaFont;36;0.5142857142857142;0.6
com.itextpdf.text.pdf.codec.wmf.MetaPen;14;0.38461538461538464;0.6923076923076923
com.itextpdf.text.pdf.codec.wmf.MetaState;64;0.4444444444444444;0.5714285714285714
com.itextpdf.text.pdf.collection.PdfCollectionField;14;0.38461538461538464;0.6153846153846154
com.itextpdf.text.pdf.collection.PdfCollectionItem;10;0.8888888888888888;0.8888888888888888
com.itextpdf.text.pdf.draw.LineSeparator;14;0.6153846153846154;0.6153846153846154
com.itextpdf.text.pdf.draw.VerticalPositionMark;12;0.6363636363636364;0.6363636363636364
com.itextpdf.text.pdf.events.FieldPositioningEvents;10;0.4444444444444444;0.6666666666666666
com.itextpdf.text.pdf.events.IndexEvents;13;0.6666666666666666;0.75
com.itextpdf.text.pdf.events.PdfPageEventForwarder;13;0.5833333333333334;0.75
com.itextpdf.text.pdf.fonts.cmaps.CMapParser;15;0.5;0.6428571428571429
com.itextpdf.text.pdf.hyphenation.ByteVector;12;0.36363636363636365;0.6363636363636364
com.itextpdf.text.pdf.hyphenation.CharVector;14;0.46153846153846156;0.6153846153846154
com.itextpdf.text.pdf.hyphenation.HyphenationTree;18;0.5882352941176471;0.6470588235294118
com.itextpdf.text.pdf.hyphenation.Hyphenator;18;0.47058823529411764;0.6470588235294118
com.itextpdf.text.pdf.hyphenation.SimplePatternParser;24;0.6521739130434783;0.5652173913043478
com.itextpdf.text.pdf.hyphenation.TernaryTree;31;0.6666666666666666;0.5666666666666667
com.itextpdf.text.pdf.internal.PdfAnnotationsImp;14;0.6153846153846154;0.6923076923076923
com.itextpdf.text.pdf.internal.PdfVersionImp;15;0.42857142857142855;0.7142857142857143
com.itextpdf.text.pdf.internal.PdfViewerPreferencesImp;17;0.5625;0.6875
com.itextpdf.text.pdf.internal.PdfXConformanceImp;18;0.47058823529411764;0.5882352941176471
com.itextpdf.text.pdf.internal.PolylineShape;14;0.6153846153846154;0.6923076923076923
com.itextpdf.text.pdf.parser.GraphicsState;20;0.5789473684210527;0.631578947368421
com.itextpdf.text.pdf.parser.ImageRenderInfo;11;0.4;0.7
com.itextpdf.text.pdf.parser.InlineImageUtils;10;0.5555555555555556;0.6666666666666666
com.itextpdf.text.pdf.parser.Matrix;17;0.8125;0.5625
com.itextpdf.text.pdf.parser.PdfContentStreamProcessor;25;0.5416666666666666;0.5833333333333334
com.itextpdf.text.pdf.parser.PdfImageObject;23;0.45454545454545453;0.5909090909090909
com.itextpdf.text.pdf.parser.TextMarginFinder;11;0.6;0.6
com.itextpdf.text.pdf.parser.TextRenderInfo;16;0.5333333333333333;0.6666666666666666
com.itextpdf.text.pdf.parser.Vector;15;0.5714285714285714;0.7857142857142857
com.itextpdf.text.pdf.qrcode.BitArray;13;0.5;0.6666666666666666
com.itextpdf.text.pdf.qrcode.BitMatrix;14;0.46153846153846156;0.6153846153846154
com.itextpdf.text.pdf.qrcode.BitVector;13;0.5;0.5833333333333334
com.itextpdf.text.pdf.qrcode.ByteArray;10;0.5555555555555556;0.7777777777777778
com.itextpdf.text.pdf.qrcode.ByteMatrix;11;0.6;0.8
com.itextpdf.text.pdf.qrcode.Encoder;23;0.5;0.5909090909090909
com.itextpdf.text.pdf.qrcode.ErrorCorrectionLevel;13;0.5833333333333334;0.6666666666666666
com.itextpdf.text.pdf.qrcode.FormatInformation;12;0.45454545454545453;0.6363636363636364
com.itextpdf.text.pdf.qrcode.GF256;14;0.46153846153846156;0.6923076923076923
com.itextpdf.text.pdf.qrcode.GF256Poly;13;0.5833333333333334;0.6666666666666666
com.itextpdf.text.pdf.qrcode.MatrixUtil;29;0.5714285714285714;0.6071428571428571
com.itextpdf.text.pdf.qrcode.Mode;17;0.5;0.625
com.itextpdf.text.pdf.qrcode.QRCode;35;0.4117647058823529;0.5882352941176471
com.itextpdf.text.pdf.qrcode.Version;17;0.5;0.625
com.itextpdf.text.pdf.richmedia.RichMediaAnnotation;18;0.7058823529411765;0.6470588235294118
com.itextpdf.text.xml.XmlDomWriter;10;0.5555555555555556;0.7777777777777778
com.itextpdf.text.xml.simpleparser.SimpleXMLParser;48;0.5531914893617021;0.5531914893617021
com.itextpdf.text.xml.xmp.DublinCoreSchema;26;0.8;0.6
com.itextpdf.text.xml.xmp.XmpBasicSchema;18;0.6470588235294118;0.6470588235294118
com.itextpdf.text.xml.xmp.XmpMMSchema;15;0.8571428571428571;0.5714285714285714
com.itextpdf.text.xml.xmp.XmpSchema;10;0.4444444444444444;0.8888888888888888
com.itextpdf.text.xml.xmp.XmpWriter;17;0.5625;0.625
