file;entities;metric;metric_random
net.sf.ext.BrowserLauncher;46;0.5555555555555556;0.5555555555555556
net.sf.jabref.AdvancedTab;17;0.5;0.625
net.sf.jabref.AppearancePrefsTab;13;0.5833333333333334;0.6666666666666666
net.sf.jabref.AuthorList;46;0.5333333333333333;0.5777777777777777
net.sf.jabref.BasePanel;126;0.48;0.536
net.sf.jabref.BibtexDatabase;41;0.6;0.575
net.sf.jabref.BibtexEntry;35;0.4411764705882353;0.5588235294117647
net.sf.jabref.BibtexEntryType;38;0.5135135135135135;0.5945945945945946
net.sf.jabref.BibtexFields;23;0.5454545454545454;0.5909090909090909
net.sf.jabref.CompressedEntryEditorTab;24;0.5217391304347826;0.6086956521739131
net.sf.jabref.ContentSelectorDialog;46;0.5333333333333333;0.5555555555555556
net.sf.jabref.ContentSelectorDialog2;25;0.5;0.5833333333333334
net.sf.jabref.CustomEntryType;10;0.5555555555555556;0.6666666666666666
net.sf.jabref.DatabaseSearch;10;0.5555555555555556;0.6666666666666666
net.sf.jabref.DuplicateResolverDialog;20;0.5789473684210527;0.5789473684210527
net.sf.jabref.EntryCustomizationDialog;22;0.5238095238095238;0.6666666666666666
net.sf.jabref.EntryEditor;72;0.5211267605633803;0.5774647887323944
net.sf.jabref.EntryEditorTab;24;0.5217391304347826;0.6086956521739131
net.sf.jabref.EntrySorter;12;0.45454545454545453;0.7272727272727273
net.sf.jabref.ExternalTab;13;0.5;0.6666666666666666
net.sf.jabref.FieldContentSelector;10;0.6666666666666666;0.6666666666666666
net.sf.jabref.FieldTextArea;23;0.45454545454545453;0.5909090909090909
net.sf.jabref.FieldTextField;18;0.5294117647058824;0.7058823529411765
net.sf.jabref.FieldTextMenu;11;0.5;0.6
net.sf.jabref.FileTab;12;0.45454545454545453;0.7272727272727273
net.sf.jabref.FontSelector;29;0.6071428571428571;0.6071428571428571
net.sf.jabref.GUIGlobals;37;0.5277777777777778;0.6111111111111112
net.sf.jabref.GeneralTab;10;0.4444444444444444;0.7777777777777778
net.sf.jabref.Globals;58;0.49122807017543857;0.5614035087719298
net.sf.jabref.HelpContent;11;0.7;0.6
net.sf.jabref.JabRef;18;0.47058823529411764;0.5882352941176471
net.sf.jabref.JabRefFrame;88;0.5287356321839081;0.5517241379310345
net.sf.jabref.JabRefPreferences;76;0.5866666666666667;0.5466666666666666
net.sf.jabref.KeyBindingsDialog;13;0.5833333333333334;0.6666666666666666
net.sf.jabref.MergeDialog;25;0.5416666666666666;0.5833333333333334
net.sf.jabref.MetaData;21;0.45;0.6
net.sf.jabref.NameFormatterTab;11;0.3;0.7
net.sf.jabref.PreambleEditor;18;0.47058823529411764;0.6470588235294118
net.sf.jabref.PreviewPanel;24;0.6086956521739131;0.6521739130434783
net.sf.jabref.PreviewPrefsTab;15;0.5;0.6428571428571429
net.sf.jabref.ReplaceStringDialog;19;0.6111111111111112;0.6111111111111112
net.sf.jabref.RightClickMenu;11;0.4;0.6
net.sf.jabref.SearchManager2;36;0.6285714285714286;0.6
net.sf.jabref.SidePaneComponent;12;0.5454545454545454;0.7272727272727273
net.sf.jabref.SidePaneManager;21;0.65;0.6
net.sf.jabref.StringDialog;24;0.5217391304347826;0.5652173913043478
net.sf.jabref.TabLabelPattern;20;0.5789473684210527;0.5789473684210527
net.sf.jabref.TableColumnsTab;10;0.5555555555555556;0.6666666666666666
net.sf.jabref.Util;103;0.5588235294117647;0.5588235294117647
net.sf.jabref.about.AboutPanel;25;0.625;0.5833333333333334
net.sf.jabref.about.AboutTextLine;31;0.5;0.6333333333333333
net.sf.jabref.about.ExtendedInfoPanel;11;0.4;0.6
net.sf.jabref.autocompleter.AbstractAutoCompleter;10;0.6666666666666666;0.6666666666666666
net.sf.jabref.bst.BibtexCaseChanger;19;0.5555555555555556;0.6111111111111112
net.sf.jabref.bst.BstLexer;61;0.6;0.5666666666666667
net.sf.jabref.bst.BstParser;94;0.5376344086021505;0.5376344086021505
net.sf.jabref.bst.VM;40;0.48717948717948717;0.6410256410256411
net.sf.jabref.collab.ChangeDisplayDialog;13;0.5833333333333334;0.6666666666666666
net.sf.jabref.collab.ChangeScanner;20;0.5789473684210527;0.5789473684210527
net.sf.jabref.collab.FileUpdateMonitor;15;0.5714285714285714;0.6428571428571429
net.sf.jabref.collab.FileUpdatePanel;11;0.5;0.7
net.sf.jabref.collab.MetaDataChange;12;0.5454545454545454;0.6363636363636364
net.sf.jabref.export.AutoSaveManager;10;0.5555555555555556;0.6666666666666666
net.sf.jabref.export.CustomExportDialog;18;0.5294117647058824;0.6470588235294118
net.sf.jabref.export.CustomExportList;14;0.5384615384615384;0.6153846153846154
net.sf.jabref.export.ExportFormat;18;0.47058823529411764;0.7058823529411765
net.sf.jabref.export.FileActions;10;0.5555555555555556;0.6666666666666666
net.sf.jabref.export.LatexFieldFormatter;10;0.3333333333333333;0.7777777777777778
net.sf.jabref.export.SaveDatabaseAction;12;0.45454545454545453;0.6363636363636364
net.sf.jabref.export.SaveSession;16;0.4666666666666667;0.6
net.sf.jabref.export.layout.LayoutEntry;16;0.6;0.6
net.sf.jabref.export.layout.LayoutHelper;24;0.5217391304347826;0.6086956521739131
net.sf.jabref.external.AutoSetExternalFileForEntries;10;0.6666666666666666;0.6666666666666666
net.sf.jabref.external.DownloadExternalFile;13;0.5;0.6666666666666666
net.sf.jabref.external.DroppedFileHandler;14;0.46153846153846156;0.6153846153846154
net.sf.jabref.external.ExternalFilePanel;17;0.625;0.6875
net.sf.jabref.external.ExternalFileType;23;0.5;0.5909090909090909
net.sf.jabref.external.ExternalFileTypeEditor;15;0.5;0.6428571428571429
net.sf.jabref.external.ExternalFileTypeEntryEditor;18;0.5294117647058824;0.7058823529411765
net.sf.jabref.external.IconSelection;11;0.6;0.7
net.sf.jabref.external.PushToApplicationButton;20;0.5789473684210527;0.6842105263157895
net.sf.jabref.external.PushToEmacs;14;0.6153846153846154;0.6923076923076923
net.sf.jabref.external.PushToLatexEditor;15;0.5714285714285714;0.6428571428571429
net.sf.jabref.external.PushToLyx;16;0.6;0.6
net.sf.jabref.external.PushToVim;14;0.6153846153846154;0.6923076923076923
net.sf.jabref.external.PushToWinEdt;15;0.6428571428571429;0.6428571428571429
net.sf.jabref.external.SynchronizeFileField;10;0.6666666666666666;0.7777777777777778
net.sf.jabref.groups.AbstractGroup;27;0.5769230769230769;0.6153846153846154
net.sf.jabref.groups.AllEntriesGroup;17;0.625;0.625
net.sf.jabref.groups.AutoGroupDialog;21;0.5;0.6
net.sf.jabref.groups.EntryTableTransferHandler;20;0.6842105263157895;0.6842105263157895
net.sf.jabref.groups.ExplicitGroup;25;0.6666666666666666;0.625
net.sf.jabref.groups.GroupDialog;40;0.6153846153846154;0.5897435897435898
net.sf.jabref.groups.GroupSelector;75;0.5540540540540541;0.5675675675675675
net.sf.jabref.groups.GroupTreeCellRenderer;11;0.7;0.6
net.sf.jabref.groups.GroupTreeNode;32;0.5483870967741935;0.6129032258064516
net.sf.jabref.groups.GroupsPrefsTab;12;0.45454545454545453;0.6363636363636364
net.sf.jabref.groups.GroupsTree;35;0.6470588235294118;0.5882352941176471
net.sf.jabref.groups.KeywordGroup;30;0.6206896551724138;0.6206896551724138
net.sf.jabref.groups.SearchGroup;28;0.5185185185185185;0.6296296296296297
net.sf.jabref.groups.TransferableEntrySelection;11;0.5;0.8
net.sf.jabref.groups.UndoableAddOrRemoveGroup;17;0.5;0.625
net.sf.jabref.groups.UndoableModifySubtree;11;0.5;0.7
net.sf.jabref.groups.UndoableMoveGroup;10;0.4444444444444444;0.6666666666666666
net.sf.jabref.gui.AttachFileDialog;11;0.7;0.7
net.sf.jabref.gui.AutoCompleteListener;17;0.625;0.6875
net.sf.jabref.gui.DatabasePropertiesDialog;13;0.5833333333333334;0.5833333333333334
net.sf.jabref.gui.EntryCustomizationDialog2;18;0.5294117647058824;0.7058823529411765
net.sf.jabref.gui.FieldSetComponent;29;0.5714285714285714;0.6071428571428571
net.sf.jabref.gui.FileListEditor;45;0.5;0.5909090909090909
net.sf.jabref.gui.FileListEntry;10;0.5555555555555556;0.6666666666666666
net.sf.jabref.gui.FileListEntryEditor;24;0.6956521739130435;0.6521739130434783
net.sf.jabref.gui.FileListTableModel;20;0.47368421052631576;0.631578947368421
net.sf.jabref.gui.GenFieldsCustomizer;28;0.5555555555555556;0.5925925925925926
net.sf.jabref.gui.ImportInspectionDialog;50;0.46938775510204084;0.6122448979591837
net.sf.jabref.gui.MainTable;48;0.5319148936170213;0.574468085106383
net.sf.jabref.gui.MainTableFormat;17;0.5625;0.5625
net.sf.jabref.gui.MainTableSelectionListener;36;0.6;0.6
net.sf.jabref.gui.PersistenceTableColumnListener;10;0.7777777777777778;0.7777777777777778
net.sf.jabref.gui.SearchResultsDialog;21;0.55;0.65
net.sf.jabref.gui.VerticalLabelUI;17;0.5625;0.75
net.sf.jabref.imports.ACMPortalFetcher;39;0.631578947368421;0.5789473684210527
net.sf.jabref.imports.BibTeXMLHandler;10;0.4444444444444444;0.6666666666666666
net.sf.jabref.imports.BibtexParser;39;0.5263157894736842;0.5789473684210527
net.sf.jabref.imports.CiteSeerEntryFetcher;10;0.7777777777777778;0.5555555555555556
net.sf.jabref.imports.CiteSeerFetcher;33;0.59375;0.59375
net.sf.jabref.imports.CiteSeerUndoHandler;16;0.4666666666666667;0.6666666666666666
net.sf.jabref.imports.CsaImporter;17;0.4375;0.625
net.sf.jabref.imports.GeneralFetcher;13;0.4166666666666667;0.6666666666666666
net.sf.jabref.imports.IEEEXploreFetcher;47;0.5217391304347826;0.5434782608695652
net.sf.jabref.imports.ImportCustomizationDialog;15;0.42857142857142855;0.7857142857142857
net.sf.jabref.imports.ImportFormat;13;0.4166666666666667;0.6666666666666666
net.sf.jabref.imports.ImportFormatReader;21;0.5;0.6
net.sf.jabref.imports.IsiImporter;13;0.5;0.6666666666666666
net.sf.jabref.imports.JSTORFetcher;16;0.6;0.7333333333333333
net.sf.jabref.imports.JSTORFetcher2;20;0.6842105263157895;0.631578947368421
net.sf.jabref.imports.MedlineFetcher;13;0.6666666666666666;0.6666666666666666
net.sf.jabref.imports.MedlineHandler;16;0.5333333333333333;0.6666666666666666
net.sf.jabref.imports.OAI2Fetcher;29;0.6071428571428571;0.6428571428571429
net.sf.jabref.imports.OAI2Handler;10;0.3333333333333333;0.7777777777777778
net.sf.jabref.imports.OvidImporter;11;0.3;0.6
net.sf.jabref.imports.ParserResult;38;0.4864864864864865;0.5945945945945946
net.sf.jabref.imports.RepecNepImporter;20;0.3684210526315789;0.631578947368421
net.sf.jabref.imports.SPIRESFetcher;14;0.6153846153846154;0.6923076923076923
net.sf.jabref.imports.ScienceDirectFetcher;17;0.5625;0.6875
net.sf.jabref.journals.JournalAbbreviations;20;0.6842105263157895;0.631578947368421
net.sf.jabref.journals.ManageJournalsPanel;17;0.5625;0.6875
net.sf.jabref.labelPattern.LabelPatternUtil;27;0.6153846153846154;0.5769230769230769
net.sf.jabref.mods.MODSEntry;27;0.6538461538461539;0.5769230769230769
net.sf.jabref.mods.PersonName;13;0.5833333333333334;0.6666666666666666
net.sf.jabref.msbib.MSBibEntry;99;0.5408163265306123;0.5612244897959183
net.sf.jabref.net.Cookie;13;0.6666666666666666;0.75
net.sf.jabref.net.URLDownload;17;0.4375;0.625
net.sf.jabref.plugin.ManagePluginsDialog;13;0.5;0.6666666666666666
net.sf.jabref.plugin.PluginInstaller;19;0.5555555555555556;0.7222222222222222
net.sf.jabref.plugin.core.generated._JabRefPlugin;10;0.4444444444444444;0.7777777777777778
net.sf.jabref.search.SearchExpressionLexer;15;0.42857142857142855;0.6428571428571429
net.sf.jabref.search.SearchExpressionParser;18;0.5294117647058824;0.6470588235294118
net.sf.jabref.search.SearchExpressionTreeParser;12;0.36363636363636365;0.6363636363636364
net.sf.jabref.sql.DBConnectDialog;22;0.38095238095238093;0.6190476190476191
net.sf.jabref.sql.DBStrings;25;0.4166666666666667;0.625
net.sf.jabref.sql.DbImportAction;10;0.6666666666666666;0.5555555555555556
net.sf.jabref.sql.SQLutil;36;0.5714285714285714;0.6
net.sf.jabref.util.CaseChanger;14;0.5384615384615384;0.6923076923076923
net.sf.jabref.util.MassSetFieldAction;11;0.5;0.7
net.sf.jabref.util.Pair;19;0.5;0.6666666666666666
net.sf.jabref.util.TXMLReader;12;0.5454545454545454;0.7272727272727273
net.sf.jabref.util.XMPSchemaBibtex;23;0.5909090909090909;0.6363636363636364
net.sf.jabref.util.XMPUtil;20;0.47368421052631576;0.631578947368421
net.sf.jabref.wizard.auximport.AuxSubGenerator;19;0.3888888888888889;0.6111111111111112
net.sf.jabref.wizard.auximport.gui.FromAuxDialog;28;0.4444444444444444;0.5925925925925926
net.sf.jabref.wizard.integrity.IntegrityMessage;20;0.5789473684210527;0.631578947368421
net.sf.jabref.wizard.integrity.gui.IntegrityMessagePanel;14;0.46153846153846156;0.6153846153846154
net.sf.jabref.wizard.text.gui.TextInputDialog;35;0.5;0.5588235294117647
tests.net.sf.jabref.AuthorListTest;18;0.5294117647058824;0.7058823529411765
tests.net.sf.jabref.FileBasedTestCase;13;0.75;0.6666666666666666
tests.net.sf.jabref.UtilTest;22;0.5714285714285714;0.5238095238095238
tests.net.sf.jabref.bst.TestVM;33;0.40625;0.5625
tests.net.sf.jabref.gui.AutoCompleterTest;13;0.5833333333333334;0.6666666666666666
tests.net.sf.jabref.imports.BibtexParserTest;14;0.6153846153846154;0.6923076923076923
tests.net.sf.jabref.imports.IsiImporterTest;14;0.6923076923076923;0.6153846153846154
tests.net.sf.jabref.imports.OAI2ImportTest;12;0.7272727272727273;0.6363636363636364
tests.net.sf.jabref.util.XMPSchemaBibtexTest;12;0.45454545454545453;0.6363636363636364
tests.net.sf.jabref.util.XMPUtilTest;47;0.5217391304347826;0.5869565217391305
