file;entities;metric;metric_random
installer.CBZip2InputStream;73;0.7083333333333334;0.5416666666666666
installer.CBZip2OutputStream;73;0.7777777777777778;0.5555555555555556
installer.SwingInstall;16;0.6;0.6666666666666666
installer.TarBuffer;26;0.52;0.56
installer.TarEntry;32;0.5161290322580645;0.6774193548387096
installer.TarHeader;44;0.46511627906976744;0.5813953488372093
installer.TarInputStream;24;0.5652173913043478;0.6086956521739131
installer.TarOutputStream;19;0.5555555555555556;0.6666666666666666
macosx.MacOSXPlugin;14;0.5384615384615384;0.6923076923076923
macosx.OSXAdapter;14;0.46153846153846156;0.6153846153846154
QuickNotepad;17;0.625;0.625
org.gjt.sp.jedit.Abbrevs;24;0.6521739130434783;0.6521739130434783
org.gjt.sp.jedit.AbstractOptionPane;20;0.6842105263157895;0.631578947368421
org.gjt.sp.jedit.ActionListHandler;18;0.5294117647058824;0.6470588235294118
org.gjt.sp.jedit.ActionSet;14;0.5384615384615384;0.6153846153846154
org.gjt.sp.jedit.BeanShell;21;0.65;0.65
org.gjt.sp.jedit.BeanShellAction;11;0.6;0.8
org.gjt.sp.jedit.BeanShellFacade;18;0.47058823529411764;0.7058823529411765
org.gjt.sp.jedit.Buffer;119;0.4661016949152542;0.559322033898305
org.gjt.sp.jedit.BufferHistory;15;0.7142857142857143;0.6428571428571429
org.gjt.sp.jedit.Debug;22;0.47619047619047616;0.6190476190476191
org.gjt.sp.jedit.EditAction;10;0.5555555555555556;0.6666666666666666
org.gjt.sp.jedit.EditBus;10;0.7777777777777778;0.6666666666666666
org.gjt.sp.jedit.EditPane;42;0.43902439024390244;0.5609756097560976
org.gjt.sp.jedit.EditPlugin;22;0.7619047619047619;0.6666666666666666
org.gjt.sp.jedit.EditServer;12;0.5454545454545454;0.7272727272727273
org.gjt.sp.jedit.GUIUtilities;82;0.6172839506172839;0.5925925925925926
org.gjt.sp.jedit.JARClassLoader;24;0.4782608695652174;0.6086956521739131
org.gjt.sp.jedit.JEditActionContext;11;0.3;0.7
org.gjt.sp.jedit.JEditActionSet;21;0.5;0.65
org.gjt.sp.jedit.JEditBeanShellAction;15;0.5714285714285714;0.6428571428571429
org.gjt.sp.jedit.Macros;33;0.4375;0.5625
org.gjt.sp.jedit.Marker;10;0.5555555555555556;0.5555555555555556
org.gjt.sp.jedit.MiscUtilities;76;0.6;0.5733333333333334
org.gjt.sp.jedit.Mode;28;0.48148148148148145;0.5555555555555556
org.gjt.sp.jedit.OperatingSystem;29;0.5714285714285714;0.6071428571428571
org.gjt.sp.jedit.OptionGroup;15;0.5;0.6428571428571429
org.gjt.sp.jedit.PluginJAR;54;0.5660377358490566;0.5849056603773585
org.gjt.sp.jedit.PropertyManager;19;0.6111111111111112;0.6666666666666666
org.gjt.sp.jedit.Registers;31;0.6;0.5666666666666667
org.gjt.sp.jedit.ServiceListHandler;16;0.4666666666666667;0.6666666666666666
org.gjt.sp.jedit.ServiceManager.loadServices(PluginJAR,URL,PluginJAR;11;0.6;0.7
org.gjt.sp.jedit.TextUtilities;35;0.6470588235294118;0.6176470588235294
org.gjt.sp.jedit.View;135;0.5298507462686567;0.5373134328358209
org.gjt.sp.jedit.jEdit;171;0.5705882352941176;0.5352941176470588
org.gjt.sp.jedit.browser.BrowserIORequest;17;0.5;0.6875
org.gjt.sp.jedit.browser.BrowserView;22;0.47619047619047616;0.6666666666666666
org.gjt.sp.jedit.browser.FileCellRenderer;19;0.5;0.6666666666666666
org.gjt.sp.jedit.browser.VFSBrowser;94;0.5376344086021505;0.5698924731182796
org.gjt.sp.jedit.browser.VFSDirectoryEntryTable;22;0.5714285714285714;0.6666666666666666
org.gjt.sp.jedit.browser.VFSDirectoryEntryTableModel;22;0.38095238095238093;0.6190476190476191
org.gjt.sp.jedit.browser.VFSFileChooserDialog;16;0.5333333333333333;0.6666666666666666
org.gjt.sp.jedit.bsh.BSHAllocationExpression;10;0.6666666666666666;0.7777777777777778
org.gjt.sp.jedit.bsh.BSHMethodDeclaration;15;0.5714285714285714;0.6428571428571429
org.gjt.sp.jedit.bsh.BSHType;12;0.2727272727272727;0.6363636363636364
org.gjt.sp.jedit.bsh.BshClassManager;41;0.5;0.55
org.gjt.sp.jedit.bsh.BshMethod;21;0.6;0.65
org.gjt.sp.jedit.bsh.CallStack;12;0.5454545454545454;0.6363636363636364
org.gjt.sp.jedit.bsh.ClassGeneratorUtil;40;0.48717948717948717;0.5641025641025641
org.gjt.sp.jedit.bsh.DelayedEvalBshMethod;10;0.3333333333333333;0.6666666666666666
org.gjt.sp.jedit.bsh.EvalError;14;0.38461538461538464;0.6923076923076923
org.gjt.sp.jedit.bsh.ExternalNameSpace;14;0.46153846153846156;0.6153846153846154
org.gjt.sp.jedit.bsh.Interpreter;69;0.5735294117647058;0.5735294117647058
org.gjt.sp.jedit.bsh.JJTParserState;16;0.4666666666666667;0.6666666666666666
org.gjt.sp.jedit.bsh.JThis;85;0.5595238095238095;0.5238095238095238
org.gjt.sp.jedit.bsh.JavaCharStream;42;0.5365853658536586;0.6097560975609756
org.gjt.sp.jedit.bsh.LHS;12;0.36363636363636365;0.6363636363636364
org.gjt.sp.jedit.bsh.Name;27;0.6153846153846154;0.6153846153846154
org.gjt.sp.jedit.bsh.NameSpace;92;0.5494505494505495;0.5604395604395604
org.gjt.sp.jedit.bsh.ParseException;14;0.5384615384615384;0.6153846153846154
org.gjt.sp.jedit.bsh.Parser;359;0.5083798882681564;0.5251396648044693
org.gjt.sp.jedit.bsh.ParserTokenManager;73;0.7361111111111112;0.5416666666666666
org.gjt.sp.jedit.bsh.Primitive;39;0.5263157894736842;0.6052631578947368
org.gjt.sp.jedit.bsh.Reflect;40;0.5128205128205128;0.5897435897435898
org.gjt.sp.jedit.bsh.SimpleNode;23;0.5;0.5909090909090909
org.gjt.sp.jedit.bsh.TargetError;10;0.5555555555555556;0.7777777777777778
org.gjt.sp.jedit.bsh.This;12;0.5454545454545454;0.7272727272727273
org.gjt.sp.jedit.bsh.Types;16;0.5333333333333333;0.5333333333333333
org.gjt.sp.jedit.bsh.Variable;15;0.6428571428571429;0.6428571428571429
org.gjt.sp.jedit.bsh.classpath.BshClassPath;61;0.5;0.5666666666666667
org.gjt.sp.jedit.bsh.classpath.ClassManagerImpl;29;0.4642857142857143;0.6428571428571429
org.gjt.sp.jedit.bsh.org.objectweb.asm.ByteVector;11;0.7;0.7
org.gjt.sp.jedit.bsh.org.objectweb.asm.ClassWriter;70;0.6086956521739131;0.5507246376811594
org.gjt.sp.jedit.bsh.org.objectweb.asm.CodeWriter;57;0.42857142857142855;0.5714285714285714
org.gjt.sp.jedit.bsh.org.objectweb.asm.Item;17;0.6875;0.625
org.gjt.sp.jedit.bsh.org.objectweb.asm.Label;13;0.6666666666666666;0.6666666666666666
org.gjt.sp.jedit.bsh.org.objectweb.asm.Type;45;0.4772727272727273;0.5681818181818182
org.gjt.sp.jedit.buffer.BufferSegment;10;0.6666666666666666;0.6666666666666666
org.gjt.sp.jedit.buffer.ContentManager;16;0.6;0.6
org.gjt.sp.jedit.buffer.FoldHandler;11;0.5;0.6
org.gjt.sp.jedit.buffer.JEditBuffer;139;0.5797101449275363;0.5434782608695652
org.gjt.sp.jedit.buffer.KillRing;20;0.5263157894736842;0.631578947368421
org.gjt.sp.jedit.buffer.LineManager;24;0.5217391304347826;0.6956521739130435
org.gjt.sp.jedit.buffer.UndoManager;27;0.5;0.6153846153846154
org.gjt.sp.jedit.bufferio.BufferIORequest;28;0.5185185185185185;0.5555555555555556
org.gjt.sp.jedit.bufferset.BufferSet;21;0.65;0.65
org.gjt.sp.jedit.bufferset.BufferSetManager;17;0.625;0.625
org.gjt.sp.jedit.gui.AbstractContextOptionPane;15;0.42857142857142855;0.6428571428571429
org.gjt.sp.jedit.gui.ActionBar;12;0.45454545454545453;0.7272727272727273
org.gjt.sp.jedit.gui.AnimatedIcon;14;0.7692307692307693;0.6923076923076923
org.gjt.sp.jedit.gui.CloseDialog;13;0.5833333333333334;0.6666666666666666
org.gjt.sp.jedit.gui.CompleteWord;15;0.5;0.6428571428571429
org.gjt.sp.jedit.gui.CompletionPopup;16;0.6666666666666666;0.6
org.gjt.sp.jedit.gui.DockableLayout;26;0.48;0.6
org.gjt.sp.jedit.gui.DockableWindowFactory;11;0.5;0.7
org.gjt.sp.jedit.gui.DockableWindowManager;59;0.5689655172413793;0.5517241379310345
org.gjt.sp.jedit.gui.DockableWindowManagerImpl;38;0.4864864864864865;0.5675675675675675
org.gjt.sp.jedit.gui.DockingLayoutManager;27;0.46153846153846156;0.6153846153846154
org.gjt.sp.jedit.gui.EditAbbrevDialog;10;0.5555555555555556;0.6666666666666666
org.gjt.sp.jedit.gui.ExtendedGridLayout;19;0.6111111111111112;0.6111111111111112
org.gjt.sp.jedit.gui.ExtendedGridLayoutConstraints;25;0.5416666666666666;0.5416666666666666
org.gjt.sp.jedit.gui.FilePropertiesDialog;19;0.5;0.5555555555555556
org.gjt.sp.jedit.gui.FilesChangedDialog;14;0.46153846153846156;0.6153846153846154
org.gjt.sp.jedit.gui.FilteredListModel;21;0.5;0.6
org.gjt.sp.jedit.gui.FilteredTableModel;24;0.43478260869565216;0.6521739130434783
org.gjt.sp.jedit.gui.FloatingWindowContainer;14;0.8461538461538461;0.6923076923076923
org.gjt.sp.jedit.gui.FontSelectorDialog;19;0.5555555555555556;0.6666666666666666
org.gjt.sp.jedit.gui.GrabKeyDialog;19;0.5555555555555556;0.6111111111111112
org.gjt.sp.jedit.gui.HistoryModel;21;0.55;0.55
org.gjt.sp.jedit.gui.HistoryText;24;0.5652173913043478;0.6086956521739131
org.gjt.sp.jedit.gui.HistoryTextField;16;0.6666666666666666;0.6666666666666666
org.gjt.sp.jedit.gui.InputHandler;15;0.5714285714285714;0.7142857142857143
org.gjt.sp.jedit.gui.JCheckBoxList;18;0.5294117647058824;0.6470588235294118
org.gjt.sp.jedit.gui.KeyEventTranslator;14;0.46153846153846156;0.6923076923076923
org.gjt.sp.jedit.gui.KeyEventWorkaround;10;0.5555555555555556;0.6666666666666666
org.gjt.sp.jedit.gui.LogViewer;16;0.4;0.6666666666666666
org.gjt.sp.jedit.gui.MarkerViewer;15;0.42857142857142855;0.6428571428571429
org.gjt.sp.jedit.gui.OptionsDialog;24;0.5652173913043478;0.6086956521739131
org.gjt.sp.jedit.gui.PanelWindowContainer;31;0.6666666666666666;0.6
org.gjt.sp.jedit.gui.PasteFromListDialog;11;0.5;0.6
org.gjt.sp.jedit.gui.PingPongList;20;0.631578947368421;0.631578947368421
org.gjt.sp.jedit.gui.RegisterViewer;16;0.4666666666666667;0.6666666666666666
org.gjt.sp.jedit.gui.SplashScreen;19;0.6111111111111112;0.6111111111111112
org.gjt.sp.jedit.gui.StatusBar;35;0.47058823529411764;0.6176470588235294
org.gjt.sp.jedit.gui.StyleEditor;15;0.42857142857142855;0.6428571428571429
org.gjt.sp.jedit.gui.VariableGridLayout;30;0.3793103448275862;0.6206896551724138
org.gjt.sp.jedit.help.HelpHistoryModel;16;0.4666666666666667;0.6
org.gjt.sp.jedit.help.HelpIndex;12;0.6363636363636364;0.6363636363636364
org.gjt.sp.jedit.help.HelpTOCPanel;10;0.4444444444444444;0.6666666666666666
org.gjt.sp.jedit.help.HelpViewer;22;0.47619047619047616;0.6190476190476191
org.gjt.sp.jedit.help.HistoryButton;12;0.5454545454545454;0.6363636363636364
org.gjt.sp.jedit.input.AbstractInputHandler;30;0.5862068965517241;0.5862068965517241
org.gjt.sp.jedit.input.TextAreaInputHandler;10;0.4444444444444444;0.6666666666666666
org.gjt.sp.jedit.io.FavoritesVFS;12;0.36363636363636365;0.6363636363636364
org.gjt.sp.jedit.io.FileVFS;21;0.55;0.7
org.gjt.sp.jedit.io.VFS;55;0.5185185185185185;0.5925925925925926
org.gjt.sp.jedit.io.VFSFile;46;0.5111111111111111;0.5777777777777777
org.gjt.sp.jedit.io.VFSManager;31;0.6333333333333333;0.6
org.gjt.sp.jedit.menu.EnhancedMenu;10;0.3333333333333333;0.6666666666666666
org.gjt.sp.jedit.msg.BufferUpdate;16;0.5333333333333333;0.7333333333333333
org.gjt.sp.jedit.msg.EditPaneUpdate;10;0.6666666666666666;0.6666666666666666
org.gjt.sp.jedit.msg.PluginUpdate;12;0.6363636363636364;0.7272727272727273
org.gjt.sp.jedit.options.AbbrevsOptionPane;13;0.5833333333333334;0.75
org.gjt.sp.jedit.options.AppearanceOptionPane;21;0.6;0.6
org.gjt.sp.jedit.options.BrowserColorsOptionPane;23;0.5;0.5909090909090909
org.gjt.sp.jedit.options.BrowserOptionPane;12;0.5454545454545454;0.6363636363636364
org.gjt.sp.jedit.options.BufferOptionPane;15;0.42857142857142855;0.6428571428571429
org.gjt.sp.jedit.options.DockingOptionPane;30;0.5862068965517241;0.6206896551724138
org.gjt.sp.jedit.options.EditingOptionPane;26;0.6;0.64
org.gjt.sp.jedit.options.FirewallOptionPane;11;0.8;0.6
org.gjt.sp.jedit.options.GeneralOptionPane;18;0.5882352941176471;0.7058823529411765
org.gjt.sp.jedit.options.GutterOptionPane;36;0.5142857142857142;0.5428571428571428
org.gjt.sp.jedit.options.PluginManagerOptionPane;13;0.5;0.6666666666666666
org.gjt.sp.jedit.options.PrintOptionPane;11;0.5;0.8
org.gjt.sp.jedit.options.SaveBackupOptionPane;13;0.5833333333333334;0.75
org.gjt.sp.jedit.options.ShortcutsOptionPane;13;0.5833333333333334;0.6666666666666666
org.gjt.sp.jedit.options.StatusBarOptionPane;20;0.47368421052631576;0.631578947368421
org.gjt.sp.jedit.options.TextAreaOptionPane;28;0.6666666666666666;0.5925925925925926
org.gjt.sp.jedit.options.ToolBarOptionPane;28;0.6296296296296297;0.5925925925925926
org.gjt.sp.jedit.options.ViewOptionPane;16;0.6;0.6666666666666666
org.gjt.sp.jedit.pluginmgr.InstallPanel;14;0.3076923076923077;0.6923076923076923
org.gjt.sp.jedit.pluginmgr.ManagePanel;12;0.45454545454545453;0.6363636363636364
org.gjt.sp.jedit.pluginmgr.MirrorListHandler;18;0.47058823529411764;0.7058823529411765
org.gjt.sp.jedit.pluginmgr.PluginList;17;0.5625;0.6875
org.gjt.sp.jedit.pluginmgr.PluginListHandler;33;0.59375;0.5625
org.gjt.sp.jedit.pluginmgr.PluginManager;25;0.5833333333333334;0.625
org.gjt.sp.jedit.pluginmgr.PluginManagerProgress;12;0.5454545454545454;0.6363636363636364
org.gjt.sp.jedit.pluginmgr.Roster;12;0.6363636363636364;0.7272727272727273
org.gjt.sp.jedit.print.BufferPrintable;28;0.5185185185185185;0.5925925925925926
org.gjt.sp.jedit.search.BoyerMooreSearchMatcher;13;0.5;0.6666666666666666
org.gjt.sp.jedit.search.DirectoryListSet;13;0.5833333333333334;0.6666666666666666
org.gjt.sp.jedit.search.HyperSearchFileNode;10;0.6666666666666666;0.5555555555555556
org.gjt.sp.jedit.search.HyperSearchOperationNode;13;0.4166666666666667;0.5833333333333334
org.gjt.sp.jedit.search.HyperSearchRequest;11;0.6;0.7
org.gjt.sp.jedit.search.HyperSearchResult;15;0.5;0.6428571428571429
org.gjt.sp.jedit.search.HyperSearchResults;38;0.4594594594594595;0.5675675675675675
org.gjt.sp.jedit.search.SearchAndReplace;53;0.6153846153846154;0.6153846153846154
org.gjt.sp.jedit.search.SearchBar;21;0.55;0.6
org.gjt.sp.jedit.search.SearchDialog;35;0.5;0.5882352941176471
org.gjt.sp.jedit.syntax.Chunk;25;0.4583333333333333;0.625
org.gjt.sp.jedit.syntax.DefaultTokenHandler;10;0.7777777777777778;1.0
org.gjt.sp.jedit.syntax.DisplayTokenHandler;18;0.4117647058823529;0.6470588235294118
org.gjt.sp.jedit.syntax.KeywordMap;14;0.38461538461538464;0.6923076923076923
org.gjt.sp.jedit.syntax.ModeProvider;10;0.6666666666666666;0.7777777777777778
org.gjt.sp.jedit.syntax.ParserRule;46;0.5333333333333333;0.6
org.gjt.sp.jedit.syntax.ParserRuleSet;46;0.4888888888888889;0.5555555555555556
org.gjt.sp.jedit.syntax.Token;30;0.7586206896551724;0.5862068965517241
org.gjt.sp.jedit.syntax.TokenMarker;25;0.625;0.625
org.gjt.sp.jedit.syntax.XModeHandler;25;0.4166666666666667;0.625
org.gjt.sp.jedit.textarea.Anchor;11;0.6;0.7
org.gjt.sp.jedit.textarea.AntiAlias;10;0.6666666666666666;0.7777777777777778
org.gjt.sp.jedit.textarea.BufferHandler;18;0.5294117647058824;0.7058823529411765
org.gjt.sp.jedit.textarea.ChunkCache;35;0.5588235294117647;0.5882352941176471
org.gjt.sp.jedit.textarea.DisplayManager;41;0.65;0.575
org.gjt.sp.jedit.textarea.Gutter;81;0.525;0.5625
org.gjt.sp.jedit.textarea.InputMethodSupport;16;0.4666666666666667;0.6666666666666666
org.gjt.sp.jedit.textarea.JEditTextArea;35;0.5882352941176471;0.5882352941176471
org.gjt.sp.jedit.textarea.RangeMap;18;0.5882352941176471;0.5882352941176471
org.gjt.sp.jedit.textarea.ScreenLineManager;11;0.6;0.8
org.gjt.sp.jedit.textarea.ScrollLayout;16;0.4;0.6
org.gjt.sp.jedit.textarea.Selection;15;0.5714285714285714;0.5714285714285714
org.gjt.sp.jedit.textarea.SelectionManager;15;0.5714285714285714;0.7142857142857143
org.gjt.sp.jedit.textarea.StandaloneTextArea;19;0.5;0.5555555555555556
org.gjt.sp.jedit.textarea.TextArea;315;0.5764331210191083;0.535031847133758
org.gjt.sp.jedit.textarea.TextAreaMouseHandler;24;0.5217391304347826;0.5652173913043478
org.gjt.sp.jedit.textarea.TextAreaPainter;98;0.4948453608247423;0.5360824742268041
org.gjt.sp.jedit.textarea.TextAreaTransferHandler;13;0.4166666666666667;0.5833333333333334
org.gjt.sp.util.Log;30;0.5517241379310345;0.6206896551724138
org.gjt.sp.util.StandardUtilities;22;0.6190476190476191;0.6190476190476191
org.gjt.sp.util.Task;14;0.38461538461538464;0.6153846153846154
org.gjt.sp.util.WorkThread;21;0.35;0.6
org.gjt.sp.util.WorkThreadPool;30;0.5172413793103449;0.5862068965517241
