file;entities;metric;metric_random
org.jfree.chart.ChartColor;25;0.5;0.625
org.jfree.chart.ChartFactory;41;0.575;0.55
org.jfree.chart.ChartPanel;180;0.5754189944134078;0.547486033519553
org.jfree.chart.ChartRenderingInfo;14;0.46153846153846156;0.6153846153846154
org.jfree.chart.ChartUtilities;27;0.8461538461538461;0.6538461538461539
org.jfree.chart.JFreeChart;90;0.4943820224719101;0.5842696629213483
org.jfree.chart.LegendItem;64;0.5238095238095238;0.5555555555555556
org.jfree.chart.PaintMap;10;0.4444444444444444;0.7777777777777778
org.jfree.chart.StandardChartTheme;119;0.4745762711864407;0.5508474576271186
org.jfree.chart.StrokeMap;10;0.4444444444444444;0.6666666666666666
org.jfree.chart.annotations.AbstractXYAnnotation;10;0.5555555555555556;0.7777777777777778
org.jfree.chart.annotations.CategoryLineAnnotation;25;0.5;0.5833333333333334
org.jfree.chart.annotations.CategoryPointerAnnotation;36;0.45714285714285713;0.5714285714285714
org.jfree.chart.annotations.CategoryTextAnnotation;14;0.5384615384615384;0.6923076923076923
org.jfree.chart.annotations.TextAnnotation;28;0.5555555555555556;0.6296296296296297
org.jfree.chart.annotations.XYBoxAnnotation;14;0.46153846153846156;0.6923076923076923
org.jfree.chart.annotations.XYDataImageAnnotation;20;0.5789473684210527;0.6842105263157895
org.jfree.chart.annotations.XYDrawableAnnotation;11;0.5;0.6
org.jfree.chart.annotations.XYImageAnnotation;15;0.5714285714285714;0.6428571428571429
org.jfree.chart.annotations.XYLineAnnotation;13;0.5;0.5833333333333334
org.jfree.chart.annotations.XYPointerAnnotation;36;0.45714285714285713;0.6
org.jfree.chart.annotations.XYPolygonAnnotation;15;0.42857142857142855;0.6428571428571429
org.jfree.chart.annotations.XYShapeAnnotation;11;0.5;0.7
org.jfree.chart.annotations.XYTextAnnotation;48;0.5319148936170213;0.574468085106383
org.jfree.chart.annotations.XYTitleAnnotation;21;0.55;0.65
org.jfree.chart.axis.Axis;110;0.47706422018348627;0.5412844036697247
org.jfree.chart.axis.AxisLocation;11;0.7;0.6
org.jfree.chart.axis.AxisSpace;23;0.6363636363636364;0.6363636363636364
org.jfree.chart.axis.AxisState;14;0.5384615384615384;0.7692307692307693
org.jfree.chart.axis.CategoryAxis;60;0.5932203389830508;0.559322033898305
org.jfree.chart.axis.CategoryLabelPosition;15;0.5;0.6428571428571429
org.jfree.chart.axis.CategoryLabelPositions;19;0.5555555555555556;0.6111111111111112
org.jfree.chart.axis.CyclicNumberAxis;41;0.5;0.575
org.jfree.chart.axis.DateAxis;59;0.5517241379310345;0.5517241379310345
org.jfree.chart.axis.DateTickUnit;21;0.55;0.65
org.jfree.chart.axis.DateTickUnitType;13;0.5833333333333334;0.6666666666666666
org.jfree.chart.axis.ExtendedCategoryAxis;14;0.5384615384615384;0.6923076923076923
org.jfree.chart.axis.LogAxis;36;0.6285714285714286;0.5428571428571428
org.jfree.chart.axis.LogarithmicAxis;37;0.5;0.5833333333333334
org.jfree.chart.axis.MarkerAxisBand;14;0.46153846153846156;0.6153846153846154
org.jfree.chart.axis.ModuloAxis;19;0.3333333333333333;0.6111111111111112
org.jfree.chart.axis.NumberAxis;47;0.5652173913043478;0.5652173913043478
org.jfree.chart.axis.PeriodAxis;59;0.5172413793103449;0.5862068965517241
org.jfree.chart.axis.PeriodAxisLabelInfo;28;0.37037037037037035;0.5555555555555556
org.jfree.chart.axis.SegmentedTimeline;65;0.5;0.578125
org.jfree.chart.axis.SubCategoryAxis;16;0.6;0.6666666666666666
org.jfree.chart.axis.SymbolAxis;27;0.5;0.5769230769230769
org.jfree.chart.axis.Tick;12;0.45454545454545453;0.6363636363636364
org.jfree.chart.axis.TickUnits;10;0.5555555555555556;0.8888888888888888
org.jfree.chart.axis.ValueAxis;99;0.5612244897959183;0.5306122448979592
org.jfree.chart.block.AbstractBlock;43;0.5238095238095238;0.6190476190476191
org.jfree.chart.block.BlockBorder;10;0.4444444444444444;0.6666666666666666
org.jfree.chart.block.BlockContainer;15;0.5;0.6428571428571429
org.jfree.chart.block.BorderArrangement;15;0.5714285714285714;0.6428571428571429
org.jfree.chart.block.CenterArrangement;13;0.5833333333333334;0.5833333333333334
org.jfree.chart.block.ColumnArrangement;14;0.6153846153846154;0.6153846153846154
org.jfree.chart.block.FlowArrangement;17;0.5625;0.6875
org.jfree.chart.block.GridArrangement;16;0.6;0.6666666666666666
org.jfree.chart.block.LabelBlock;29;0.5357142857142857;0.6428571428571429
org.jfree.chart.block.LineBorder;11;0.4;0.7
org.jfree.chart.block.RectangleConstraint;21;0.4;0.6
org.jfree.chart.editor.DefaultAxisEditor;31;0.6666666666666666;0.6
org.jfree.chart.editor.DefaultChartEditor;12;0.45454545454545453;0.7272727272727273
org.jfree.chart.editor.DefaultNumberAxisEditor;22;0.42857142857142855;0.6190476190476191
org.jfree.chart.editor.DefaultPlotEditor;31;0.4666666666666667;0.5666666666666667
org.jfree.chart.editor.DefaultTitleEditor;18;0.5882352941176471;0.6470588235294118
org.jfree.chart.entity.CategoryItemEntity;12;0.5454545454545454;0.6363636363636364
org.jfree.chart.entity.ChartEntity;21;0.4;0.65
org.jfree.chart.entity.LegendItemEntity;10;0.4444444444444444;0.6666666666666666
org.jfree.chart.entity.PieSectionEntity;16;0.6;0.6
org.jfree.chart.entity.StandardEntityCollection;12;0.36363636363636365;0.7272727272727273
org.jfree.chart.entity.XYItemEntity;12;0.45454545454545453;0.7272727272727273
org.jfree.chart.event.ChartProgressEvent;11;0.5;0.6
org.jfree.chart.labels.AbstractCategoryItemLabelGenerator;16;0.4666666666666667;0.6
org.jfree.chart.labels.AbstractPieItemLabelGenerator;12;0.5454545454545454;0.6363636363636364
org.jfree.chart.labels.AbstractXYItemLabelGenerator;18;0.4117647058823529;0.5882352941176471
org.jfree.chart.labels.BubbleXYItemLabelGenerator;11;0.4;0.7
org.jfree.chart.labels.ItemLabelAnchor;30;0.8275862068965517;0.5862068965517241
org.jfree.chart.labels.ItemLabelPosition;10;0.3333333333333333;0.6666666666666666
org.jfree.chart.labels.MultipleXYSeriesLabelGenerator;12;0.5454545454545454;0.7272727272727273
org.jfree.chart.labels.StandardXYZToolTipGenerator;10;0.2222222222222222;0.7777777777777778
org.jfree.chart.needle.MeterNeedle;33;0.5625;0.59375
org.jfree.chart.plot.CategoryPlot;270;0.5910780669144982;0.5427509293680297
org.jfree.chart.plot.CombinedDomainCategoryPlot;26;0.6;0.64
org.jfree.chart.plot.CombinedDomainXYPlot;27;0.5769230769230769;0.6153846153846154
org.jfree.chart.plot.CombinedRangeCategoryPlot;21;0.55;0.55
org.jfree.chart.plot.CombinedRangeXYPlot;26;0.52;0.64
org.jfree.chart.plot.CompassPlot;52;0.49019607843137253;0.5686274509803921
org.jfree.chart.plot.CrosshairState;32;0.6774193548387096;0.6451612903225806
org.jfree.chart.plot.DefaultDrawingSupplier;33;0.34375;0.59375
org.jfree.chart.plot.FastScatterPlot;65;0.46875;0.578125
org.jfree.chart.plot.IntervalMarker;12;0.45454545454545453;0.6363636363636364
org.jfree.chart.plot.Marker;46;0.4888888888888889;0.6
org.jfree.chart.plot.MeterInterval;14;0.5384615384615384;0.6923076923076923
org.jfree.chart.plot.MeterPlot;81;0.5125;0.5625
org.jfree.chart.plot.MultiplePiePlot;31;0.4;0.6
org.jfree.chart.plot.PieLabelRecord;23;0.5909090909090909;0.5909090909090909
org.jfree.chart.plot.PiePlot;186;0.5297297297297298;0.5459459459459459
org.jfree.chart.plot.PiePlot3D;13;0.5;0.75
org.jfree.chart.plot.PiePlotState;30;0.5517241379310345;0.5862068965517241
org.jfree.chart.plot.Plot;95;0.5319148936170213;0.5957446808510638
org.jfree.chart.plot.PlotRenderingInfo;18;0.4117647058823529;0.5882352941176471
org.jfree.chart.plot.PolarPlot;79;0.46153846153846156;0.5512820512820513
org.jfree.chart.plot.RingPlot;26;0.44;0.64
org.jfree.chart.plot.SpiderWebPlot;104;0.5436893203883495;0.5436893203883495
org.jfree.chart.plot.ThermometerPlot;125;0.47580645161290325;0.5483870967741935
org.jfree.chart.plot.WaferMapPlot;20;0.47368421052631576;0.631578947368421
org.jfree.chart.plot.XYPlot;282;0.5373665480427047;0.5160142348754448
org.jfree.chart.plot.dial.AbstractDialLayer;12;0.45454545454545453;0.6363636363636364
org.jfree.chart.plot.dial.ArcDialFrame;31;0.4666666666666667;0.6333333333333333
org.jfree.chart.plot.dial.DialBackground;14;0.38461538461538464;0.6153846153846154
org.jfree.chart.plot.dial.DialCap;20;0.47368421052631576;0.7368421052631579
org.jfree.chart.plot.dial.DialPlot;51;0.56;0.58
org.jfree.chart.plot.dial.DialPointer;10;0.4444444444444444;0.6666666666666666
org.jfree.chart.plot.dial.DialTextAnnotation;26;0.48;0.6
org.jfree.chart.plot.dial.DialValueIndicator;50;0.4489795918367347;0.5510204081632653
org.jfree.chart.plot.dial.StandardDialFrame;21;0.5;0.65
org.jfree.chart.plot.dial.StandardDialRange;27;0.4230769230769231;0.6923076923076923
org.jfree.chart.plot.dial.StandardDialScale;67;0.5303030303030303;0.5454545454545454
org.jfree.chart.renderer.AbstractRenderer;210;0.5933014354066986;0.5263157894736842
org.jfree.chart.renderer.DefaultPolarItemRenderer;13;0.5;0.6666666666666666
org.jfree.chart.renderer.GrayPaintScale;10;0.5555555555555556;0.7777777777777778
org.jfree.chart.renderer.LookupPaintScale;14;0.46153846153846156;0.6923076923076923
org.jfree.chart.renderer.Outlier;12;0.5454545454545454;0.6363636363636364
org.jfree.chart.renderer.OutlierList;11;0.5;0.6
org.jfree.chart.renderer.OutlierListCollection;10;0.5555555555555556;0.6666666666666666
org.jfree.chart.renderer.WaferMapRenderer;19;0.5555555555555556;0.6666666666666666
org.jfree.chart.renderer.category.AbstractCategoryItemRenderer;77;0.5394736842105263;0.5526315789473685
org.jfree.chart.renderer.category.BarRenderer;69;0.5;0.6176470588235294
org.jfree.chart.renderer.category.BarRenderer3D;22;0.5238095238095238;0.6190476190476191
org.jfree.chart.renderer.category.BoxAndWhiskerRenderer;31;0.5333333333333333;0.6333333333333333
org.jfree.chart.renderer.category.CategoryItemRendererState;14;0.5384615384615384;0.6153846153846154
org.jfree.chart.renderer.category.CategoryStepRenderer;10;0.4444444444444444;0.6666666666666666
org.jfree.chart.renderer.category.GanttRenderer;20;0.5263157894736842;0.6842105263157895
org.jfree.chart.renderer.category.GradientBarPainter;10;0.6666666666666666;0.6666666666666666
org.jfree.chart.renderer.category.LevelRenderer;16;0.4666666666666667;0.6666666666666666
org.jfree.chart.renderer.category.LineAndShapeRenderer;45;0.5681818181818182;0.6136363636363636
org.jfree.chart.renderer.category.LineRenderer3D;22;0.5714285714285714;0.6190476190476191
org.jfree.chart.renderer.category.MinMaxCategoryRenderer;28;0.5185185185185185;0.6296296296296297
org.jfree.chart.renderer.category.ScatterRenderer;29;0.5;0.5714285714285714
org.jfree.chart.renderer.category.StackedAreaRenderer;12;0.36363636363636365;0.7272727272727273
org.jfree.chart.renderer.category.StackedBarRenderer3D;16;0.4666666666666667;0.6666666666666666
org.jfree.chart.renderer.category.StatisticalBarRenderer;13;0.5833333333333334;0.6666666666666666
org.jfree.chart.renderer.category.StatisticalLineAndShapeRenderer;13;0.5833333333333334;0.6666666666666666
org.jfree.chart.renderer.category.WaterfallBarRenderer;18;0.47058823529411764;0.5882352941176471
org.jfree.chart.renderer.xy.AbstractXYItemRenderer;72;0.5774647887323944;0.5492957746478874
org.jfree.chart.renderer.xy.CandlestickRenderer;43;0.5238095238095238;0.5952380952380952
org.jfree.chart.renderer.xy.DeviationRenderer;11;0.7;0.7
org.jfree.chart.renderer.xy.GradientXYBarPainter;10;0.6666666666666666;0.6666666666666666
org.jfree.chart.renderer.xy.HighLowRenderer;22;0.47619047619047616;0.5714285714285714
org.jfree.chart.renderer.xy.SamplingXYLineRenderer;11;0.6;0.6
org.jfree.chart.renderer.xy.StackedXYAreaRenderer;16;0.4666666666666667;0.6
org.jfree.chart.renderer.xy.StackedXYAreaRenderer2;12;0.36363636363636365;0.8181818181818182
org.jfree.chart.renderer.xy.StackedXYBarRenderer;10;0.4444444444444444;0.6666666666666666
org.jfree.chart.renderer.xy.StandardXYItemRenderer;47;0.5217391304347826;0.5652173913043478
org.jfree.chart.renderer.xy.XYAreaRenderer;25;0.4583333333333333;0.5833333333333334
org.jfree.chart.renderer.xy.XYAreaRenderer2;13;0.5;0.75
org.jfree.chart.renderer.xy.XYBarRenderer;58;0.543859649122807;0.543859649122807
org.jfree.chart.renderer.xy.XYBlockRenderer;20;0.47368421052631576;0.6842105263157895
org.jfree.chart.renderer.xy.XYBoxAndWhiskerRenderer;26;0.48;0.68
org.jfree.chart.renderer.xy.XYBubbleRenderer;10;0.4444444444444444;0.6666666666666666
org.jfree.chart.renderer.xy.XYDifferenceRenderer;29;0.4642857142857143;0.6071428571428571
org.jfree.chart.renderer.xy.XYDotRenderer;16;0.4666666666666667;0.6
org.jfree.chart.renderer.xy.XYErrorRenderer;22;0.6190476190476191;0.6666666666666666
org.jfree.chart.renderer.xy.XYItemRendererState;10;0.5555555555555556;0.7777777777777778
org.jfree.chart.renderer.xy.XYLine3DRenderer;21;0.6;0.65
org.jfree.chart.renderer.xy.XYLineAndShapeRenderer;54;0.6037735849056604;0.5660377358490566
org.jfree.chart.renderer.xy.XYShapeRenderer;31;0.4666666666666667;0.6
org.jfree.chart.renderer.xy.XYStepAreaRenderer;25;0.5;0.5833333333333334
org.jfree.chart.servlet.ServletUtilities;16;0.6;0.6666666666666666
org.jfree.chart.text.TextAnchor;21;0.55;0.65
org.jfree.chart.text.TextBlock;16;0.5333333333333333;0.6666666666666666
org.jfree.chart.text.TextBlockAnchor;15;0.5714285714285714;0.6428571428571429
org.jfree.chart.text.TextBox;31;0.5333333333333333;0.5666666666666667
org.jfree.chart.text.TextFragment;18;0.47058823529411764;0.5882352941176471
org.jfree.chart.text.TextLine;11;0.5;0.6
org.jfree.chart.text.TextUtilities;21;0.55;0.65
org.jfree.chart.title.CompositeTitle;13;0.6666666666666666;0.5833333333333334
org.jfree.chart.title.LegendGraphic;52;0.5294117647058824;0.5490196078431373
org.jfree.chart.title.LegendItemBlockContainer;11;0.7;0.6
org.jfree.chart.title.LegendTitle;45;0.5454545454545454;0.6136363636363636
org.jfree.chart.title.PaintScaleLegend;38;0.5405405405405406;0.5675675675675675
org.jfree.chart.title.TextTitle;45;0.5909090909090909;0.5909090909090909
org.jfree.chart.title.Title;30;0.41379310344827586;0.5862068965517241
org.jfree.chart.ui.BasicProjectInfo;14;0.6923076923076923;0.7692307692307693
org.jfree.chart.ui.FontChooserPanel;11;0.6;0.8
org.jfree.chart.ui.LCBLayout;14;0.38461538461538464;0.6923076923076923
org.jfree.chart.ui.Library;14;0.5384615384615384;0.6153846153846154
org.jfree.chart.ui.ProjectInfo;10;0.5555555555555556;0.6666666666666666
org.jfree.chart.urls.TimeSeriesURLGenerator;11;0.4;0.7
org.jfree.chart.util.AbstractObjectList;15;0.42857142857142855;0.7142857142857143
org.jfree.chart.util.Align;21;0.65;0.65
org.jfree.chart.util.GradientPaintTransformType;10;0.5555555555555556;0.6666666666666666
org.jfree.chart.util.HashUtilities;10;0.7777777777777778;0.8888888888888888
org.jfree.chart.util.HexNumberFormat;10;0.5555555555555556;0.7777777777777778
org.jfree.chart.util.LogFormat;14;0.6153846153846154;0.6923076923076923
org.jfree.chart.util.ObjectUtilities;22;0.6666666666666666;0.6190476190476191
org.jfree.chart.util.RectangleAnchor;17;0.6875;0.625
org.jfree.chart.util.RectangleEdge;14;0.6153846153846154;0.6153846153846154
org.jfree.chart.util.RectangleInsets;33;0.59375;0.5625
org.jfree.chart.util.RefineryUtilities;11;0.5;0.7
org.jfree.chart.util.RelativeDateFormat;40;0.5641025641025641;0.5384615384615384
org.jfree.chart.util.Rotation;10;0.4444444444444444;0.6666666666666666
org.jfree.chart.util.SerialUtilities;13;0.5833333333333334;0.6666666666666666
org.jfree.chart.util.ShapeUtilities;22;0.6666666666666666;0.5714285714285714
org.jfree.chart.util.Size2D;10;0.4444444444444444;0.6666666666666666
org.jfree.data.ComparableObjectItem;10;0.5555555555555556;0.6666666666666666
org.jfree.data.ComparableObjectSeries;22;0.6190476190476191;0.5714285714285714
org.jfree.data.DefaultKeyedValue;10;0.5555555555555556;0.7777777777777778
org.jfree.data.DefaultKeyedValues;25;0.5833333333333334;0.625
org.jfree.data.DefaultKeyedValues2D;26;0.44;0.6
org.jfree.data.KeyToGroupMap;14;0.46153846153846156;0.6153846153846154
org.jfree.data.KeyedObjects;17;0.625;0.625
org.jfree.data.KeyedObjects2D;25;0.5;0.625
org.jfree.data.Range;21;0.5;0.55
org.jfree.data.category.CategoryToPieDataset;15;0.5;0.6428571428571429
org.jfree.data.category.DefaultCategoryDataset;26;0.52;0.6
org.jfree.data.category.DefaultIntervalCategoryDataset;32;0.5161290322580645;0.6129032258064516
org.jfree.data.category.SlidingCategoryDataset;21;0.55;0.55
org.jfree.data.gantt.SlidingGanttCategoryDataset;35;0.6176470588235294;0.5588235294117647
org.jfree.data.gantt.Task;18;0.47058823529411764;0.6470588235294118
org.jfree.data.gantt.TaskSeries;10;0.4444444444444444;0.6666666666666666
org.jfree.data.gantt.TaskSeriesCollection;39;0.6052631578947368;0.6052631578947368
org.jfree.data.gantt.XYTaskDataset;32;0.3225806451612903;0.5806451612903226
org.jfree.data.general.AbstractDataset;14;0.46153846153846156;0.6923076923076923
org.jfree.data.general.DatasetUtilities;51;0.74;0.58
org.jfree.data.general.DefaultHeatMapDataset;21;0.5;0.65
org.jfree.data.general.DefaultPieDataset;19;0.6111111111111112;0.6666666666666666
org.jfree.data.general.Series;24;0.43478260869565216;0.6956521739130435
org.jfree.data.general.WaferMapDataset;24;0.6086956521739131;0.6086956521739131
org.jfree.data.jdbc.JDBCXYDataset;20;0.631578947368421;0.5789473684210527
org.jfree.data.statistics.BoxAndWhiskerItem;21;0.55;0.6
org.jfree.data.statistics.DefaultBoxAndWhiskerCategoryDataset;50;0.673469387755102;0.5918367346938775
org.jfree.data.statistics.DefaultBoxAndWhiskerXYDataset;34;0.5151515151515151;0.5757575757575758
org.jfree.data.statistics.DefaultMultiValueCategoryDataset;22;0.5714285714285714;0.6190476190476191
org.jfree.data.statistics.DefaultStatisticalCategoryDataset;41;0.575;0.55
org.jfree.data.statistics.HistogramBin;11;0.3;0.7
org.jfree.data.statistics.HistogramDataset;23;0.45454545454545453;0.6363636363636364
org.jfree.data.statistics.SimpleHistogramBin;15;0.5;0.6428571428571429
org.jfree.data.statistics.SimpleHistogramDataset;30;0.5862068965517241;0.6551724137931034
org.jfree.data.statistics.Statistics;13;0.8333333333333334;0.75
org.jfree.data.time.Day;25;0.4583333333333333;0.625
org.jfree.data.time.DynamicTimeSeriesCollection;60;0.5254237288135594;0.576271186440678
org.jfree.data.time.FixedMillisecond;16;0.7333333333333333;0.7333333333333333
org.jfree.data.time.Hour;25;0.4583333333333333;0.5833333333333334
org.jfree.data.time.Millisecond;22;0.5238095238095238;0.6666666666666666
org.jfree.data.time.Minute;24;0.5652173913043478;0.6086956521739131
org.jfree.data.time.Month;23;0.5;0.5909090909090909
org.jfree.data.time.Quarter;25;0.5416666666666666;0.5833333333333334
org.jfree.data.time.RegularTimePeriod;15;0.7142857142857143;0.6428571428571429
org.jfree.data.time.Second;22;0.5238095238095238;0.6666666666666666
org.jfree.data.time.SerialDate;77;0.5263157894736842;0.5789473684210527
org.jfree.data.time.SimpleTimePeriod;10;0.5555555555555556;0.6666666666666666
org.jfree.data.time.SpreadsheetDate;23;0.4090909090909091;0.6818181818181818
org.jfree.data.time.TimePeriodValue;10;0.5555555555555556;0.6666666666666666
org.jfree.data.time.TimePeriodValues;37;0.5277777777777778;0.5555555555555556
org.jfree.data.time.TimePeriodValuesCollection;23;0.4090909090909091;0.5909090909090909
org.jfree.data.time.TimeSeries;50;0.6938775510204082;0.5918367346938775
org.jfree.data.time.TimeSeriesCollection;32;0.5161290322580645;0.6129032258064516
org.jfree.data.time.TimeSeriesDataItem;10;0.4444444444444444;0.5555555555555556
org.jfree.data.time.TimeSeriesTableModel;12;0.6363636363636364;0.7272727272727273
org.jfree.data.time.TimeTableXYDataset;33;0.53125;0.59375
org.jfree.data.time.Week;26;0.48;0.6
org.jfree.data.time.Year;20;0.47368421052631576;0.631578947368421
org.jfree.data.time.ohlc.OHLCSeriesCollection;25;0.4583333333333333;0.625
org.jfree.data.xml.ItemHandler;10;0.4444444444444444;0.5555555555555556
org.jfree.data.xy.CategoryTableXYDataset;27;0.46153846153846156;0.6153846153846154
org.jfree.data.xy.DefaultHighLowDataset;25;0.625;0.6666666666666666
org.jfree.data.xy.DefaultIntervalXYDataset;21;0.6;0.65
org.jfree.data.xy.DefaultOHLCDataset;21;0.65;0.6
org.jfree.data.xy.DefaultTableXYDataset;39;0.5526315789473685;0.5526315789473685
org.jfree.data.xy.DefaultWindDataset;19;0.5555555555555556;0.6666666666666666
org.jfree.data.xy.DefaultXYDataset;16;0.5333333333333333;0.6666666666666666
org.jfree.data.xy.DefaultXYZDataset;18;0.5294117647058824;0.6470588235294118
org.jfree.data.xy.IntervalXYDelegate;26;0.48;0.56
org.jfree.data.xy.MatrixSeries;12;0.7272727272727273;0.6363636363636364
org.jfree.data.xy.MatrixSeriesCollection;16;0.8;0.6666666666666666
org.jfree.data.xy.OHLCDataItem;15;0.42857142857142855;0.7142857142857143
org.jfree.data.xy.VectorSeriesCollection;18;0.4117647058823529;0.5882352941176471
org.jfree.data.xy.XIntervalSeriesCollection;20;0.3684210526315789;0.5789473684210527
org.jfree.data.xy.XYBarDataset;23;0.5909090909090909;0.5909090909090909
org.jfree.data.xy.XYDataItem;14;0.7692307692307693;0.6153846153846154
org.jfree.data.xy.XYInterval;11;0.4;0.7
org.jfree.data.xy.XYIntervalSeriesCollection;22;0.38095238095238093;0.6190476190476191
org.jfree.data.xy.XYSeries;49;0.6666666666666666;0.5833333333333334
org.jfree.data.xy.XYSeriesCollection;36;0.45714285714285713;0.6
org.jfree.data.xy.YIntervalSeriesCollection;20;0.42105263157894735;0.5789473684210527
