file;entities;metric;metric_random
net.sf.jftp.JFtp;55;0.5370370370370371;0.6111111111111112
net.sf.jftp.config.Settings;92;0.5274725274725275;0.5494505494505495
net.sf.jftp.event.FtpEventHandler;11;0.6;0.7
net.sf.jftp.gui.AppMenuBar;18;0.5294117647058824;0.6470588235294118
net.sf.jftp.gui.DirEntry;34;0.6060606060606061;0.6363636363636364
net.sf.jftp.gui.DirLister;14;0.38461538461538464;0.6153846153846154
net.sf.jftp.gui.DirPanel;19;0.5;0.6666666666666666
net.sf.jftp.gui.DownloadList;21;0.55;0.6
net.sf.jftp.gui.HostChooser;33;0.5625;0.53125
net.sf.jftp.gui.HostList;47;0.43478260869565216;0.6086956521739131
net.sf.jftp.gui.LocalDir;55;0.5740740740740741;0.5555555555555556
net.sf.jftp.gui.RemoteDir;50;0.5510204081632653;0.5918367346938775
net.sf.jftp.gui.SmbHostChooser;19;0.4444444444444444;0.6111111111111112
net.sf.jftp.gui.StatusCanvas;11;0.6;0.7
net.sf.jftp.gui.StatusPanel;10;0.5555555555555556;0.6666666666666666
net.sf.jftp.gui.framework.GUIDefaults;20;0.47368421052631576;0.631578947368421
net.sf.jftp.gui.framework.HImageButton;21;0.55;0.6
net.sf.jftp.net.DataConnection;29;0.6428571428571429;0.6428571428571429
net.sf.jftp.net.FilesystemConnection;36;0.5142857142857142;0.5428571428571428
net.sf.jftp.net.FtpClient;11;0.5;0.7
net.sf.jftp.net.FtpConnection;125;0.532258064516129;0.5564516129032258
net.sf.jftp.net.FtpServerSocket;49;0.4375;0.6041666666666666
net.sf.jftp.net.FtpURLConnection;15;0.5714285714285714;0.6428571428571429
net.sf.jftp.net.JConnection;19;0.4444444444444444;0.6111111111111112
net.sf.jftp.net.SmbConnection;41;0.525;0.575
net.sf.jftp.net.Transfer;27;0.5384615384615384;0.6153846153846154
net.sf.jftp.util.Log4JLogger;13;0.6666666666666666;0.75
net.sf.jftp.util.StringUtils;10;0.4444444444444444;0.7777777777777778
net.sf.jftp.util.SystemLogger;13;0.6666666666666666;0.6666666666666666
