file;entities;metric;metric_random
org.jhotdraw.app.AbstractApplication;59;0.5172413793103449;0.5689655172413793
org.jhotdraw.app.AbstractApplicationModel;30;0.4482758620689655;0.6206896551724138
org.jhotdraw.app.AbstractView;35;0.5588235294117647;0.5882352941176471
org.jhotdraw.app.AppletApplication;14;0.38461538461538464;0.6923076923076923
org.jhotdraw.app.DefaultMenuBuilder;22;0.42857142857142855;0.6190476190476191
org.jhotdraw.app.EmptyMenuBuilder;22;0.42857142857142855;0.5714285714285714
org.jhotdraw.app.MDIApplication;23;0.5454545454545454;0.6818181818181818
org.jhotdraw.app.OSXApplication;29;0.5;0.6071428571428571
org.jhotdraw.app.SDIApplication;21;0.35;0.65
org.jhotdraw.app.action.AbstractApplicationAction;10;0.6666666666666666;0.7777777777777778
org.jhotdraw.app.action.AbstractViewAction;18;0.47058823529411764;0.7058823529411765
org.jhotdraw.app.action.app.ExitAction;12;0.6363636363636364;0.6363636363636364
org.jhotdraw.app.action.view.ToggleViewPropertyAction;12;0.6363636363636364;0.6363636363636364
org.jhotdraw.app.action.view.ViewPropertyAction;10;0.6666666666666666;0.6666666666666666
org.jhotdraw.app.action.window.FocusWindowAction;10;0.3333333333333333;0.6666666666666666
org.jhotdraw.app.osx.OSXAdapter;17;0.5;0.6875
org.jhotdraw.app.osx.OSXPaletteHandler;15;0.5;0.7142857142857143
org.jhotdraw.beans.AbstractBean;10;0.6666666666666666;0.7777777777777778
org.jhotdraw.beans.PropertyChangeEdit;13;0.3333333333333333;0.5833333333333334
org.jhotdraw.color.AbstractColorWheelImageProducer;20;0.5263157894736842;0.6842105263157895
org.jhotdraw.color.CIELABColorSpace;19;0.6111111111111112;0.6111111111111112
org.jhotdraw.color.CIELCHabColorSpace;19;0.6111111111111112;0.6666666666666666
org.jhotdraw.color.CIEXYChromaticityDiagramImageProducer;21;0.55;0.6
org.jhotdraw.color.CMYKNominalColorSpace;12;0.45454545454545453;0.6363636363636364
org.jhotdraw.color.ColorSliderUI;32;0.45161290322580644;0.6451612903225806
org.jhotdraw.color.ColorSquareImageProducer;10;0.6666666666666666;0.5555555555555556
org.jhotdraw.color.ColorTrackImageProducer;18;0.5294117647058824;0.6470588235294118
org.jhotdraw.color.ColorUtil;10;0.6666666666666666;0.6666666666666666
org.jhotdraw.color.ColorWheelChooser;11;0.5;0.6
org.jhotdraw.color.ComplexColorWheelImageProducer;11;0.6;0.7
org.jhotdraw.color.DefaultColorSliderModel;20;0.5789473684210527;0.631578947368421
org.jhotdraw.color.DefaultHarmonicColorModel;32;0.5161290322580645;0.5483870967741935
org.jhotdraw.color.HSBColorSpace;12;0.45454545454545453;0.7272727272727273
org.jhotdraw.color.HSLColorSpace;12;0.45454545454545453;0.7272727272727273
org.jhotdraw.color.HSLPhysiologicColorSpace;12;0.45454545454545453;0.7272727272727273
org.jhotdraw.color.HSVColorSpace;12;0.45454545454545453;0.7272727272727273
org.jhotdraw.color.HSVHarmonicColorWheelImageProducer;10;0.4444444444444444;0.6666666666666666
org.jhotdraw.color.HSVPhysiologicColorSpace;12;0.45454545454545453;0.6363636363636364
org.jhotdraw.color.JColorWheel;37;0.5555555555555556;0.5555555555555556
org.jhotdraw.color.JHarmonicColorWheel;19;0.5555555555555556;0.6666666666666666
org.jhotdraw.color.QuantizingColorWheelImageProducer;11;0.6;0.6
org.jhotdraw.draw.AbstractAttributedCompositeFigure;28;0.5555555555555556;0.6296296296296297
org.jhotdraw.draw.AbstractAttributedDecoratedFigure;16;0.6666666666666666;0.6
org.jhotdraw.draw.AbstractAttributedFigure;26;0.56;0.64
org.jhotdraw.draw.AbstractCompositeFigure;64;0.5238095238095238;0.5873015873015873
org.jhotdraw.draw.AbstractDrawing;21;0.5;0.6
org.jhotdraw.draw.AbstractFigure;66;0.5538461538461539;0.6307692307692307
org.jhotdraw.draw.AttributeKey;21;0.4;0.6
org.jhotdraw.draw.AttributeKeys;52;0.5294117647058824;0.5686274509803921
org.jhotdraw.draw.BezierFigure;55;0.6296296296296297;0.7037037037037037
org.jhotdraw.draw.DefaultDrawing;21;0.7;0.75
org.jhotdraw.draw.DefaultDrawingEditor;34;0.45454545454545453;0.6060606060606061
org.jhotdraw.draw.DefaultDrawingView;109;0.5462962962962963;0.5555555555555556
org.jhotdraw.draw.DefaultDrawingViewBeanInfo;25;0.6666666666666666;0.6666666666666666
org.jhotdraw.draw.DefaultDrawingViewTransferHandler;14;0.6923076923076923;0.6923076923076923
org.jhotdraw.draw.DiamondFigure;14;0.6153846153846154;0.6923076923076923
org.jhotdraw.draw.DrawingEditorProxy;26;0.44;0.6
org.jhotdraw.draw.EllipseFigure;13;0.6666666666666666;0.75
org.jhotdraw.draw.GraphicalCompositeFigure;31;0.5333333333333333;0.6333333333333333
org.jhotdraw.draw.GridConstrainer;27;0.5769230769230769;0.6153846153846154
org.jhotdraw.draw.ImageFigure;28;0.6666666666666666;0.5925925925925926
org.jhotdraw.draw.LabelFigure;12;0.7272727272727273;0.7272727272727273
org.jhotdraw.draw.LabeledLineConnectionFigure;40;0.5641025641025641;0.5897435897435898
org.jhotdraw.draw.LineConnectionFigure;40;0.6153846153846154;0.6153846153846154
org.jhotdraw.draw.QuadTreeCompositeFigure;28;0.7037037037037037;0.7037037037037037
org.jhotdraw.draw.QuadTreeDrawing;29;0.7142857142857143;0.6785714285714286
org.jhotdraw.draw.RectangleFigure;11;0.5;0.7
org.jhotdraw.draw.RoundRectangleFigure;24;0.5217391304347826;0.6521739130434783
org.jhotdraw.draw.TextAreaFigure;38;0.5135135135135135;0.5945945945945946
org.jhotdraw.draw.TextFigure;37;0.5555555555555556;0.6666666666666666
org.jhotdraw.draw.TriangleFigure;16;0.6666666666666666;0.7333333333333333
org.jhotdraw.draw.action.AbstractDrawingEditorAction;12;0.5454545454545454;0.6363636363636364
org.jhotdraw.draw.action.AbstractDrawingViewAction;16;0.5333333333333333;0.6
org.jhotdraw.draw.action.AbstractSelectedAction;14;0.46153846153846156;0.6153846153846154
org.jhotdraw.draw.action.ButtonFactory;77;0.8289473684210527;0.7105263157894737
org.jhotdraw.draw.action.ColorIcon;10;0.5555555555555556;0.6666666666666666
org.jhotdraw.draw.action.EditCanvasPanel;19;0.6666666666666666;0.6666666666666666
org.jhotdraw.draw.action.EditGridPanel;11;0.7;0.7
org.jhotdraw.draw.connector.AbstractConnector;22;0.6666666666666666;0.7142857142857143
org.jhotdraw.draw.connector.StickyRectangleConnector;10;0.7777777777777778;0.7777777777777778
org.jhotdraw.draw.decoration.AbstractLineDecoration;15;0.5714285714285714;0.7857142857142857
org.jhotdraw.draw.event.AbstractAttributeEditorHandler;27;0.5769230769230769;0.6153846153846154
org.jhotdraw.draw.event.SelectionComponentDisplayer;12;0.5454545454545454;0.6363636363636364
org.jhotdraw.draw.gui.JAttributeSlider;12;0.45454545454545453;0.6363636363636364
org.jhotdraw.draw.gui.JAttributeSliderBeanInfo;25;0.6666666666666666;0.625
org.jhotdraw.draw.gui.JAttributeTextArea;10;0.3333333333333333;0.6666666666666666
org.jhotdraw.draw.gui.JAttributeTextAreaBeanInfo;25;0.6666666666666666;0.625
org.jhotdraw.draw.gui.JAttributeTextField;10;0.3333333333333333;0.6666666666666666
org.jhotdraw.draw.gui.JAttributeTextFieldBeanInfo;25;0.6666666666666666;0.5833333333333334
org.jhotdraw.draw.handle.AbstractConnectionHandle;30;0.6551724137931034;0.6551724137931034
org.jhotdraw.draw.handle.AbstractHandle;44;0.46511627906976744;0.5813953488372093
org.jhotdraw.draw.handle.AbstractRotateHandle;20;0.42105263157894735;0.631578947368421
org.jhotdraw.draw.handle.BezierControlPointHandle;19;0.3888888888888889;0.6111111111111112
org.jhotdraw.draw.handle.BezierNodeHandle;20;0.5789473684210527;0.631578947368421
org.jhotdraw.draw.handle.BezierScaleHandle;15;0.5;0.7142857142857143
org.jhotdraw.draw.handle.BoundsOutlineHandle;14;0.6153846153846154;0.6923076923076923
org.jhotdraw.draw.handle.ConnectorHandle;23;0.5909090909090909;0.5909090909090909
org.jhotdraw.draw.handle.FontSizeHandle;11;0.4;0.7
org.jhotdraw.draw.handle.HandleAttributeKeys;106;0.5904761904761905;0.5523809523809524
org.jhotdraw.draw.handle.MoveHandle;16;0.6666666666666666;0.7333333333333333
org.jhotdraw.draw.handle.OrientationHandle;10;0.4444444444444444;0.6666666666666666
org.jhotdraw.draw.handle.ResizeHandleKit;12;0.7272727272727273;0.7272727272727273
org.jhotdraw.draw.handle.RoundRectangleRadiusHandle;10;0.4444444444444444;0.7777777777777778
org.jhotdraw.draw.handle.TransformHandleKit;14;0.6923076923076923;0.6153846153846154
org.jhotdraw.draw.io.DOMStorableInputOutputFormat;22;0.7142857142857143;0.6666666666666666
org.jhotdraw.draw.io.ImageInputFormat;16;0.7333333333333333;0.7333333333333333
org.jhotdraw.draw.io.ImageOutputFormat;17;0.8125;0.75
org.jhotdraw.draw.io.SerializationInputOutputFormat;21;0.75;0.7
org.jhotdraw.draw.io.TextInputFormat;16;0.7333333333333333;0.7333333333333333
org.jhotdraw.draw.locator.RelativeDecoratorLocator;11;0.7;0.6
org.jhotdraw.draw.locator.RelativeLocator;26;0.76;0.64
org.jhotdraw.draw.text.FloatingTextArea;13;0.5;0.75
org.jhotdraw.draw.text.FloatingTextField;13;0.4166666666666667;0.75
org.jhotdraw.draw.tool.AbstractTool;51;0.5;0.6
org.jhotdraw.draw.tool.BezierTool;28;0.5185185185185185;0.6666666666666666
org.jhotdraw.draw.tool.ConnectionTool;26;0.48;0.64
org.jhotdraw.draw.tool.CreationTool;20;0.42105263157894735;0.631578947368421
org.jhotdraw.draw.tool.DefaultDragTracker;13;0.6666666666666666;0.6666666666666666
org.jhotdraw.draw.tool.DefaultHandleTracker;21;0.7;0.65
org.jhotdraw.draw.tool.DefaultSelectAreaTracker;17;0.5625;0.625
org.jhotdraw.draw.tool.DelegationSelectionTool;18;0.4117647058823529;0.5882352941176471
org.jhotdraw.draw.tool.DnDTracker;12;0.7272727272727273;0.7272727272727273
org.jhotdraw.draw.tool.SelectionTool;30;0.6551724137931034;0.6206896551724138
org.jhotdraw.draw.tool.TextAreaCreationTool;12;0.45454545454545453;0.6363636363636364
org.jhotdraw.draw.tool.TextAreaEditingTool;10;0.4444444444444444;0.6666666666666666
org.jhotdraw.draw.tool.TextCreationTool;13;0.6666666666666666;0.75
org.jhotdraw.draw.tool.TextEditingTool;12;0.5454545454545454;0.6363636363636364
org.jhotdraw.geom.Bezier;36;0.9428571428571428;0.8857142857142857
org.jhotdraw.geom.BezierPath;51;0.54;0.64
org.jhotdraw.geom.Dimension2DDouble;10;0.4444444444444444;0.6666666666666666
org.jhotdraw.geom.DoubleStroke;10;0.5555555555555556;0.7777777777777778
org.jhotdraw.geom.Geom;46;0.8;0.7777777777777778
org.jhotdraw.geom.Insets2D;15;0.6428571428571429;0.5714285714285714
org.jhotdraw.geom.Polygon2D;20;0.631578947368421;0.6842105263157895
org.jhotdraw.geom.QuadTree;12;0.6363636363636364;0.8181818181818182
org.jhotdraw.gui.JDisclosureToolBarBeanInfo;25;0.6666666666666666;0.625
org.jhotdraw.gui.JFontChooser;34;0.5151515151515151;0.6060606060606061
org.jhotdraw.gui.JLifeFormattedTexAreaBeanInfo;25;0.6666666666666666;0.625
org.jhotdraw.gui.JLifeFormattedTextField;10;0.4444444444444444;0.7777777777777778
org.jhotdraw.gui.JLifeFormattedTextFieldBeanInfo;25;0.6666666666666666;0.625
org.jhotdraw.gui.JMDIDesktopPane;18;0.5294117647058824;0.7058823529411765
org.jhotdraw.gui.JPopupButton;35;0.6764705882352942;0.6470588235294118
org.jhotdraw.gui.JPopupButtonBeanInfo;25;0.6666666666666666;0.625
org.jhotdraw.gui.JSheet;55;0.6481481481481481;0.6111111111111112
org.jhotdraw.gui.ToolBarLayout;13;0.4166666666666667;0.6666666666666666
org.jhotdraw.gui.VerticalGridLayout;21;0.45;0.6
org.jhotdraw.gui.Worker;12;0.7272727272727273;0.7272727272727273
org.jhotdraw.gui.event.SheetEvent;11;0.3;0.7
org.jhotdraw.gui.fontchooser.AbstractFontChooserModel;10;0.6666666666666666;0.6666666666666666
org.jhotdraw.gui.fontchooser.DefaultFontChooserModel;10;0.5555555555555556;0.6666666666666666
org.jhotdraw.gui.fontchooser.FontCollectionNode;27;0.5769230769230769;0.6153846153846154
org.jhotdraw.gui.fontchooser.FontFaceNode;24;0.5217391304347826;0.5652173913043478
org.jhotdraw.gui.fontchooser.FontFamilyNode;26;0.52;0.56
org.jhotdraw.gui.plaf.palette.MultiIcon;10;0.4444444444444444;0.7777777777777778
org.jhotdraw.gui.plaf.palette.PaletteColorChooserUI;20;0.5789473684210527;0.631578947368421
org.jhotdraw.gui.plaf.palette.PaletteFontChooserSelectionPanel;17;0.8125;0.625
org.jhotdraw.gui.plaf.palette.PaletteFontChooserUI;23;0.5909090909090909;0.6363636363636364
org.jhotdraw.gui.plaf.palette.PaletteLabelUI;12;0.6363636363636364;0.7272727272727273
org.jhotdraw.gui.plaf.palette.PaletteLazyActionMap;13;0.5;0.5833333333333334
org.jhotdraw.gui.plaf.palette.PaletteLookAndFeel;23;0.5909090909090909;0.6818181818181818
org.jhotdraw.gui.plaf.palette.PaletteSliderUI;15;0.42857142857142855;0.5714285714285714
org.jhotdraw.gui.plaf.palette.PaletteTabbedPaneUI;22;0.5714285714285714;0.5714285714285714
org.jhotdraw.gui.plaf.palette.PaletteToolBarBorder;12;0.45454545454545453;0.6363636363636364
org.jhotdraw.gui.plaf.palette.PaletteToolBarUI;88;0.5172413793103449;0.5632183908045977
org.jhotdraw.gui.plaf.palette.colorchooser.ColorIcon;10;0.5555555555555556;0.6666666666666666
org.jhotdraw.gui.plaf.palette.colorchooser.PaletteCMYKChooser;36;0.8571428571428571;0.6
org.jhotdraw.gui.plaf.palette.colorchooser.PaletteColorSlidersChooser;11;0.6;0.7
org.jhotdraw.gui.plaf.palette.colorchooser.PaletteColorWheelChooser;11;0.5;0.7
org.jhotdraw.gui.plaf.palette.colorchooser.PaletteHSBChooser;30;0.8275862068965517;0.5862068965517241
org.jhotdraw.gui.plaf.palette.colorchooser.PaletteRGBChooser;24;0.782608695652174;0.6086956521739131
org.jhotdraw.gui.plaf.palette.colorchooser.PaletteSwatchesChooser;13;0.5833333333333334;0.6666666666666666
org.jhotdraw.io.Base64;30;0.5517241379310345;0.6551724137931034
org.jhotdraw.io.BoundedRangeInputStream;25;0.5833333333333334;0.5833333333333334
org.jhotdraw.io.StreamPosTokenizer;63;0.43548387096774194;0.5645161290322581
org.jhotdraw.net.ClientHttpRequest;45;0.7954545454545454;0.6363636363636364
org.jhotdraw.samples.color.JMixer;57;0.9285714285714286;0.5714285714285714
org.jhotdraw.samples.color.WheelsAndSlidersMain;14;0.6153846153846154;0.7692307692307693
org.jhotdraw.samples.draw.DrawApplet;15;0.7142857142857143;0.6428571428571429
org.jhotdraw.samples.draw.DrawLiveConnectApplet;17;0.625;0.6875
org.jhotdraw.samples.draw.DrawView;15;0.5714285714285714;0.6428571428571429
org.jhotdraw.samples.draw.DrawingPanel;16;0.7333333333333333;0.6666666666666666
org.jhotdraw.samples.draw.DrawingPanelBeanInfo;25;0.6666666666666666;0.6666666666666666
org.jhotdraw.samples.mini.BezierDemo;24;0.7391304347826086;0.6521739130434783
org.jhotdraw.samples.mini.SVGDrawingPanelSample;16;0.7333333333333333;0.6666666666666666
org.jhotdraw.samples.mini.StraightLineFigure;10;0.6666666666666666;0.8888888888888888
org.jhotdraw.samples.net.NetApplet;15;0.7142857142857143;0.6428571428571429
org.jhotdraw.samples.net.NetApplicationModel;11;0.7;0.6
org.jhotdraw.samples.net.NetPanel;15;0.7142857142857143;0.6428571428571429
org.jhotdraw.samples.net.NetView;21;0.6;0.65
org.jhotdraw.samples.net.figures.NodeFigure;16;0.6;0.6666666666666666
org.jhotdraw.samples.odg.ODGApplicationModel;15;0.5714285714285714;0.6428571428571429
org.jhotdraw.samples.odg.ODGAttributeKeys;13;0.5833333333333334;0.5833333333333334
org.jhotdraw.samples.odg.ODGDrawingPanel;16;0.6;0.6
org.jhotdraw.samples.odg.ODGDrawingPanelBeanInfo;25;0.6666666666666666;0.6666666666666666
org.jhotdraw.samples.odg.ODGPropertiesPanel;14;0.6923076923076923;0.6923076923076923
org.jhotdraw.samples.odg.ODGPropertiesPanelBeanInfo;25;0.6666666666666666;0.625
org.jhotdraw.samples.odg.ODGView;28;0.5555555555555556;0.5925925925925926
org.jhotdraw.samples.odg.figures.ODGEllipseFigure;22;0.5238095238095238;0.7142857142857143
org.jhotdraw.samples.odg.figures.ODGGroupFigure;11;0.6;0.7
org.jhotdraw.samples.odg.figures.ODGPathFigure;26;0.68;0.72
org.jhotdraw.samples.odg.figures.ODGRectFigure;30;0.4827586206896552;0.6206896551724138
org.jhotdraw.samples.odg.figures.ODGRectRadiusHandle;11;0.5;0.6
org.jhotdraw.samples.odg.geom.EnhancedPath;28;0.5925925925925926;0.6296296296296297
org.jhotdraw.samples.odg.io.ODGInputFormat;49;0.6666666666666666;0.5833333333333334
org.jhotdraw.samples.odg.io.ODGStylesReader;28;0.7407407407407407;0.6296296296296297
org.jhotdraw.samples.pert.PertApplet;15;0.7142857142857143;0.6428571428571429
org.jhotdraw.samples.pert.PertApplicationModel;11;0.7;0.7
org.jhotdraw.samples.pert.PertPanel;15;0.7142857142857143;0.7142857142857143
org.jhotdraw.samples.pert.PertView;20;0.5789473684210527;0.631578947368421
org.jhotdraw.samples.pert.figures.TaskFigure;23;0.45454545454545453;0.5909090909090909
org.jhotdraw.samples.svg.LinearGradient;31;0.4666666666666667;0.5666666666666667
org.jhotdraw.samples.svg.RadialGradient;31;0.6;0.5666666666666667
org.jhotdraw.samples.svg.SVGApplet;19;0.6111111111111112;0.6666666666666666
org.jhotdraw.samples.svg.SVGApplicationModel;13;0.5833333333333334;0.75
org.jhotdraw.samples.svg.SVGAttributeKeys;20;0.5789473684210527;0.631578947368421
org.jhotdraw.samples.svg.SVGConstants;10;0.5555555555555556;0.6666666666666666
org.jhotdraw.samples.svg.SVGCreateFromFileTool;12;0.5454545454545454;0.6363636363636364
org.jhotdraw.samples.svg.SVGDrawingPanel;39;0.7105263157894737;0.5789473684210527
org.jhotdraw.samples.svg.SVGDrawingPanelBeanInfo;25;0.6666666666666666;0.5833333333333334
org.jhotdraw.samples.svg.SVGView;21;0.55;0.65
org.jhotdraw.samples.svg.action.CombineAction;12;0.6363636363636364;0.7272727272727273
org.jhotdraw.samples.svg.figures.ConvexHullOutlineHandle;17;0.625;0.625
org.jhotdraw.samples.svg.figures.SVGBezierFigure;10;0.7777777777777778;0.8888888888888888
org.jhotdraw.samples.svg.figures.SVGEllipseFigure;22;0.42857142857142855;0.6190476190476191
org.jhotdraw.samples.svg.figures.SVGGroupFigure;11;0.6;0.7
org.jhotdraw.samples.svg.figures.SVGImageFigure;34;0.5454545454545454;0.6666666666666666
org.jhotdraw.samples.svg.figures.SVGPathFigure;26;0.56;0.64
org.jhotdraw.samples.svg.figures.SVGRectFigure;31;0.36666666666666664;0.6333333333333333
org.jhotdraw.samples.svg.figures.SVGRectRadiusHandle;11;0.5;0.7
org.jhotdraw.samples.svg.figures.SVGTextAreaFigure;40;0.5641025641025641;0.6410256410256411
org.jhotdraw.samples.svg.figures.SVGTextFigure;43;0.5;0.5952380952380952
org.jhotdraw.samples.svg.gui.AbstractToolBar;16;0.5333333333333333;0.6666666666666666
org.jhotdraw.samples.svg.gui.AbstractToolBarBeanInfo;25;0.6666666666666666;0.625
org.jhotdraw.samples.svg.gui.ActionsToolBar;12;0.36363636363636365;0.5454545454545454
org.jhotdraw.samples.svg.gui.ActionsToolBarBeanInfo;25;0.6666666666666666;0.625
org.jhotdraw.samples.svg.gui.AlignToolBarBeanInfo;25;0.6666666666666666;0.5833333333333334
org.jhotdraw.samples.svg.gui.ArrangeToolBarBeanInfo;25;0.6666666666666666;0.5833333333333334
org.jhotdraw.samples.svg.gui.CanvasToolBarBeanInfo;25;0.6666666666666666;0.5833333333333334
org.jhotdraw.samples.svg.gui.FigureToolBarBeanInfo;25;0.6666666666666666;0.5833333333333334
org.jhotdraw.samples.svg.gui.FillToolBarBeanInfo;25;0.6666666666666666;0.625
org.jhotdraw.samples.svg.gui.FontToolBarBeanInfo;25;0.6666666666666666;0.625
org.jhotdraw.samples.svg.gui.LinkToolBarBeanInfo;25;0.6666666666666666;0.5833333333333334
org.jhotdraw.samples.svg.gui.MessagePanel;11;0.5;0.7
org.jhotdraw.samples.svg.gui.ProgressIndicator;18;0.5882352941176471;0.5882352941176471
org.jhotdraw.samples.svg.gui.StrokeToolBarBeanInfo;25;0.6666666666666666;0.625
org.jhotdraw.samples.svg.gui.SummaryToolBarBeanInfo;25;0.6666666666666666;0.625
org.jhotdraw.samples.svg.gui.ToolsToolBarBeanInfo;25;0.6666666666666666;0.625
org.jhotdraw.samples.svg.gui.ViewToolBarBeanInfo;25;0.6666666666666666;0.5416666666666666
org.jhotdraw.samples.svg.io.DefaultSVGFigureFactory;13;0.5833333333333334;0.75
org.jhotdraw.samples.svg.io.ImageMapOutputFormat;29;0.7142857142857143;0.6785714285714286
org.jhotdraw.samples.svg.io.SVGInputFormat;76;0.56;0.56
org.jhotdraw.samples.svg.io.SVGOutputFormat;60;0.559322033898305;0.6101694915254238
org.jhotdraw.samples.teddy.CharacterSetAccessory;11;0.8;0.7
org.jhotdraw.samples.teddy.FindDialog;30;0.8620689655172413;0.6551724137931034
org.jhotdraw.samples.teddy.JEditorArea;10;0.6666666666666666;0.7777777777777778
org.jhotdraw.samples.teddy.TeddyView;38;0.5135135135135135;0.5945945945945946
org.jhotdraw.samples.teddy.regex.Matcher;16;0.6;0.6666666666666666
org.jhotdraw.text.ColorFormatter;24;0.5217391304347826;0.6521739130434783
org.jhotdraw.text.FontFormatter;13;0.6666666666666666;0.5833333333333334
org.jhotdraw.text.JavaNumberFormatter;45;0.5;0.5909090909090909
org.jhotdraw.undo.CompositeEdit;10;0.5555555555555556;0.7777777777777778
org.jhotdraw.undo.UndoRedoManager;27;0.5;0.6153846153846154
org.jhotdraw.util.Methods;22;0.9047619047619048;0.7142857142857143
org.jhotdraw.util.ResourceBundleUtil;39;0.5789473684210527;0.6052631578947368
org.jhotdraw.util.prefs.PreferencesUtil;48;0.5319148936170213;0.5957446808510638
org.jhotdraw.util.prefs.ToolBarPrefsHandler;11;0.5;0.7
org.jhotdraw.xml.DefaultDOMFactory;15;0.42857142857142855;0.5714285714285714
org.jhotdraw.xml.JavaxDOMInput;23;0.6818181818181818;0.6818181818181818
org.jhotdraw.xml.JavaxDOMOutput;26;0.72;0.68
org.jhotdraw.xml.NanoXMLDOMInput;22;0.6666666666666666;0.6666666666666666
org.jhotdraw.xml.NanoXMLDOMOutput;28;0.6296296296296297;0.6296296296296297
