file;entities;metric;metric_random
junit.framework.Assert;38;0.8648648648648649;0.7567567567567568
junit.framework.ComparisonCompactor;15;0.6428571428571429;0.7142857142857143
junit.framework.JUnit4TestAdapter;13;0.4166666666666667;0.6666666666666666
junit.framework.TestCase;12;0.8181818181818182;0.6363636363636364
junit.framework.TestResult;22;0.8571428571428571;0.5714285714285714
junit.framework.TestSuite;20;0.8421052631578947;0.631578947368421
junit.runner.BaseTestRunner;34;0.45454545454545453;0.6363636363636364
junit.textui.ResultPrinter;18;0.5882352941176471;0.6470588235294118
junit.textui.TestRunner;19;0.6111111111111112;0.6111111111111112
org.junit.Assert;46;0.8;0.6222222222222222
org.junit.experimental.theories.ParameterSignature;13;0.6666666666666666;0.6666666666666666
org.junit.experimental.theories.internal.Assignments;16;0.5333333333333333;0.6
org.junit.internal.TextListener;11;0.5;0.6
org.junit.internal.runners.JUnit4ClassRunner;19;0.5;0.6666666666666666
org.junit.internal.runners.MethodRoadie;12;0.36363636363636365;0.6363636363636364
org.junit.internal.runners.TestClass;12;0.5454545454545454;0.6363636363636364
org.junit.internal.runners.TestMethod;10;0.5555555555555556;0.6666666666666666
org.junit.runner.Description;22;0.6190476190476191;0.7142857142857143
org.junit.runner.JUnitCore;13;0.6666666666666666;0.75
org.junit.runner.Request;10;0.5555555555555556;0.6666666666666666
org.junit.runner.Result;12;0.6363636363636364;0.6363636363636364
org.junit.runner.notification.RunNotifier;13;0.4166666666666667;0.6666666666666666
org.junit.runners.BlockJUnit4ClassRunner;23;0.5;0.6818181818181818
org.junit.runners.ParentRunner;25;0.5;0.625
org.junit.runners.model.FrameworkMethod;14;0.46153846153846156;0.6153846153846154
org.junit.runners.model.TestClass;13;0.5833333333333334;0.6666666666666666
