file;entities;metric;metric_random
org.lwjgl.BufferChecks;30;0.7586206896551724;0.6551724137931034
org.lwjgl.BufferUtils;18;0.8235294117647058;0.7058823529411765
org.lwjgl.LWJGLUtil;24;0.5652173913043478;0.5652173913043478
org.lwjgl.NondirectBufferWrapper;51;0.82;0.62
org.lwjgl.PointerBuffer;48;0.5957446808510638;0.5957446808510638
org.lwjgl.Sys;16;0.4666666666666667;0.6666666666666666
org.lwjgl.WindowsSysImplementation;13;0.4166666666666667;0.6666666666666666
org.lwjgl.examples.Game;10;0.4444444444444444;0.7777777777777778
org.lwjgl.examples.spaceinvaders.AlienEntity;13;0.4166666666666667;0.6666666666666666
org.lwjgl.examples.spaceinvaders.Entity;18;0.5294117647058824;0.6470588235294118
org.lwjgl.examples.spaceinvaders.Game;52;0.45098039215686275;0.5882352941176471
org.lwjgl.examples.spaceinvaders.SoundManager;12;0.45454545454545453;0.6363636363636364
org.lwjgl.examples.spaceinvaders.Texture;19;0.5555555555555556;0.6111111111111112
org.lwjgl.examples.spaceinvaders.TextureLoader;10;0.5555555555555556;0.6666666666666666
org.lwjgl.input.ControllerEvent;20;0.5789473684210527;0.5789473684210527
org.lwjgl.input.Controllers;24;0.43478260869565216;0.6956521739130435
org.lwjgl.input.Cursor;18;0.5294117647058824;0.6470588235294118
org.lwjgl.input.JInputController;47;0.5217391304347826;0.5869565217391305
org.lwjgl.input.Keyboard;164;0.5828220858895705;0.5460122699386503
org.lwjgl.input.Mouse;67;0.5454545454545454;0.5909090909090909
org.lwjgl.openal.AL;15;0.6428571428571429;0.6428571428571429
org.lwjgl.openal.ALC10;52;0.5294117647058824;0.6078431372549019
org.lwjgl.openal.ALC11;19;0.5555555555555556;0.6111111111111112
org.lwjgl.opencl.APIUtil;48;0.6382978723404256;0.5957446808510638
org.lwjgl.opencl.CL;11;0.8;0.7
org.lwjgl.opencl.CLContext;30;0.5862068965517241;0.5862068965517241
org.lwjgl.opencl.CLDevice;18;0.47058823529411764;0.5882352941176471
org.lwjgl.opencl.CLKernel;15;0.7142857142857143;0.7142857142857143
org.lwjgl.opencl.CLMem;17;0.4375;0.6875
org.lwjgl.opencl.CLPlatform;20;0.5263157894736842;0.6842105263157895
org.lwjgl.opencl.CLProgram;15;0.5;0.7142857142857143
org.lwjgl.opencl.CallbackUtil;15;0.5;0.5714285714285714
org.lwjgl.opencl.FastLongMap;14;0.46153846153846156;0.6923076923076923
org.lwjgl.opengl.APIUtil;26;0.64;0.6
org.lwjgl.opengl.AWTGLCanvas;40;0.46153846153846156;0.5641025641025641
org.lwjgl.opengl.AWTUtil;11;0.3;0.7
org.lwjgl.opengl.AbstractDrawable;10;0.5555555555555556;0.7777777777777778
org.lwjgl.opengl.BaseReferences;11;0.4;0.7
org.lwjgl.opengl.CallbackUtil;11;0.6;0.7
org.lwjgl.opengl.Context;27;0.5384615384615384;0.6923076923076923
org.lwjgl.opengl.ContextAttribs;32;0.5161290322580645;0.5806451612903226
org.lwjgl.opengl.Display;76;0.56;0.5466666666666666
org.lwjgl.opengl.DisplayMode;10;0.4444444444444444;0.6666666666666666
org.lwjgl.opengl.FastIntMap;14;0.46153846153846156;0.6923076923076923
org.lwjgl.opengl.GLChecks;23;0.8181818181818182;0.5909090909090909
org.lwjgl.opengl.GLContext;21;0.7;0.6
org.lwjgl.opengl.KeyboardEventQueue;22;0.5238095238095238;0.6190476190476191
org.lwjgl.opengl.LinuxContextAttribs;18;0.35294117647058826;0.5882352941176471
org.lwjgl.opengl.LinuxContextImplementation;18;0.5294117647058824;0.7058823529411765
org.lwjgl.opengl.LinuxDisplay;196;0.5025641025641026;0.5435897435897435
org.lwjgl.opengl.LinuxEvent;67;0.5151515151515151;0.5606060606060606
org.lwjgl.opengl.LinuxKeyboard;60;0.4576271186440678;0.5932203389830508
org.lwjgl.opengl.LinuxKeycodes;366;0.6164383561643836;0.5260273972602739
org.lwjgl.opengl.LinuxMouse;48;0.6170212765957447;0.5531914893617021
org.lwjgl.opengl.MacOSXCanvasListener;14;0.46153846153846156;0.6153846153846154
org.lwjgl.opengl.MacOSXContextAttribs;18;0.35294117647058826;0.7058823529411765
org.lwjgl.opengl.MacOSXContextImplementation;20;0.5263157894736842;0.6842105263157895
org.lwjgl.opengl.MacOSXDisplay;64;0.5238095238095238;0.5873015873015873
org.lwjgl.opengl.MacOSXFrame;29;0.4642857142857143;0.6071428571428571
org.lwjgl.opengl.MacOSXMouseEventQueue;11;0.6;0.7
org.lwjgl.opengl.MouseEventQueue;37;0.5555555555555556;0.6388888888888888
org.lwjgl.opengl.Pbuffer;27;0.46153846153846156;0.5769230769230769
org.lwjgl.opengl.PeerInfo;10;0.5555555555555556;0.7777777777777778
org.lwjgl.opengl.PixelFormat;38;0.5135135135135135;0.5945945945945946
org.lwjgl.opengl.RenderTexture;37;0.5277777777777778;0.6111111111111112
org.lwjgl.opengl.StateTracker;17;0.625;0.625
org.lwjgl.opengl.WindowsContextAttribs;18;0.35294117647058826;0.5882352941176471
org.lwjgl.opengl.WindowsContextImplementation;18;0.47058823529411764;0.5882352941176471
org.lwjgl.opengl.WindowsDisplay;203;0.43564356435643564;0.5148514851485149
org.lwjgl.opengl.WindowsKeyboard;32;0.5161290322580645;0.5806451612903226
org.lwjgl.opengl.WindowsKeycodes;197;0.6989795918367347;0.5306122448979592
org.lwjgl.opengl.WindowsMouse;29;0.5;0.6428571428571429
org.lwjgl.opengl.WindowsPbufferPeerInfo;13;0.5;0.5833333333333334
org.lwjgl.opengl.XRandR;10;0.4444444444444444;0.6666666666666666
org.lwjgl.test.WindowCreationTest;18;0.47058823529411764;0.5882352941176471
org.lwjgl.test.applet.GearsApplet;23;0.6363636363636364;0.6818181818181818
org.lwjgl.test.glu.tessellation.TessellationTest;14;0.46153846153846156;0.6153846153846154
org.lwjgl.test.input.HWCursorTest;16;0.6;0.6666666666666666
org.lwjgl.test.input.KeyboardTest;11;0.4;0.7
org.lwjgl.test.input.MouseTest;28;0.4444444444444444;0.5925925925925926
org.lwjgl.test.openal.PositionTest;28;0.5185185185185185;0.6296296296296297
org.lwjgl.test.opencl.gl.DemoFractal;61;0.5833333333333334;0.55
org.lwjgl.test.opengl.FullScreenWindowedTest;17;0.625;0.625
org.lwjgl.test.opengl.Gears;13;0.5;0.6666666666666666
org.lwjgl.test.opengl.PbufferTest;21;0.65;0.65
org.lwjgl.test.opengl.VBOIndexTest;15;0.5714285714285714;0.6428571428571429
org.lwjgl.test.opengl.VBOTest;11;0.5;0.6
org.lwjgl.test.opengl.awt.AWTGears;11;0.7;0.7
org.lwjgl.test.opengl.awt.AWTGearsCanvas;16;0.6;0.6
org.lwjgl.test.opengl.multithread.BackgroundLoadTest;12;0.45454545454545453;0.6363636363636364
org.lwjgl.test.opengl.multithread.BackgroundLoader;14;0.46153846153846156;0.6153846153846154
org.lwjgl.test.opengl.pbuffers.PbufferTest;22;0.5238095238095238;0.6190476190476191
org.lwjgl.test.opengl.shaders.ShaderFSH;10;0.4444444444444444;0.6666666666666666
org.lwjgl.test.opengl.shaders.ShaderUNI;12;0.45454545454545453;0.7272727272727273
org.lwjgl.test.opengl.shaders.ShadersTest;22;0.47619047619047616;0.6190476190476191
org.lwjgl.util.Color;40;0.46153846153846156;0.5384615384615384
org.lwjgl.util.Dimension;12;0.5454545454545454;0.6363636363636364
org.lwjgl.util.Point;15;0.6428571428571429;0.6428571428571429
org.lwjgl.util.Rectangle;37;0.6944444444444444;0.6111111111111112
org.lwjgl.util.Timer;15;0.7142857142857143;0.6428571428571429
org.lwjgl.util.WaveData;11;0.7;0.8
org.lwjgl.util.XPMFile;17;0.5625;0.625
org.lwjgl.util.applet.AppletLoader;84;0.43373493975903615;0.5542168674698795
org.lwjgl.util.generator.GeneratorVisitor;15;0.5;0.7857142857142857
org.lwjgl.util.generator.JNITypeTranslator;14;0.9230769230769231;0.6153846153846154
org.lwjgl.util.generator.JavaMethodsGenerator;23;0.4090909090909091;0.5909090909090909
org.lwjgl.util.generator.JavaTypeTranslator;16;0.7333333333333333;0.7333333333333333
org.lwjgl.util.generator.NativeMethodStubsGenerator;19;0.4444444444444444;0.6111111111111112
org.lwjgl.util.generator.NativeTypeTranslator;25;0.625;0.6666666666666666
org.lwjgl.util.generator.PostfixTranslator;20;0.7368421052631579;0.6842105263157895
org.lwjgl.util.generator.SignatureTranslator;16;0.9333333333333333;0.7333333333333333
org.lwjgl.util.generator.TypeInfo;15;0.42857142857142855;0.7142857142857143
org.lwjgl.util.generator.Utils;47;0.5869565217391305;0.5869565217391305
org.lwjgl.util.generator.openal.ALTypeMap;21;0.5;0.6
org.lwjgl.util.generator.opencl.CLGeneratorProcessorFactory;12;0.5454545454545454;0.5454545454545454
org.lwjgl.util.generator.opencl.CLTypeMap;21;0.4;0.65
org.lwjgl.util.generator.opengl.GLCapabilitiesGenerator;21;0.45;0.6
org.lwjgl.util.generator.opengl.GLTypeMap;21;0.4;0.65
org.lwjgl.util.glu.GLU;128;0.6535433070866141;0.5433070866141733
org.lwjgl.util.glu.GLUtessellatorCallbackAdapter;12;0.5454545454545454;0.6363636363636364
org.lwjgl.util.glu.PixelStoreState;10;0.3333333333333333;0.6666666666666666
org.lwjgl.util.glu.Project;18;0.5882352941176471;0.5882352941176471
org.lwjgl.util.glu.Quadric;16;0.6666666666666666;0.6666666666666666
org.lwjgl.util.glu.tessellation.Dict;14;0.46153846153846156;0.6923076923076923
org.lwjgl.util.glu.tessellation.GLUtessellatorImpl;60;0.5084745762711864;0.6271186440677966
org.lwjgl.util.glu.tessellation.Geom;13;0.6666666666666666;0.5833333333333334
org.lwjgl.util.glu.tessellation.Mesh;19;0.3333333333333333;0.6111111111111112
org.lwjgl.util.glu.tessellation.Normal;10;0.3333333333333333;0.6666666666666666
org.lwjgl.util.glu.tessellation.PriorityQ;10;0.5555555555555556;0.6666666666666666
org.lwjgl.util.glu.tessellation.PriorityQHeap;15;0.5714285714285714;0.7142857142857143
org.lwjgl.util.glu.tessellation.PriorityQSort;16;0.6;0.6666666666666666
org.lwjgl.util.glu.tessellation.Render;17;0.5;0.625
org.lwjgl.util.glu.tessellation.Sweep;37;0.4444444444444444;0.5555555555555556
org.lwjgl.util.input.ControllerAdapter;31;0.4666666666666667;0.5333333333333333
org.lwjgl.util.jinput.LWJGLMouse;11;0.5;0.8
org.lwjgl.util.vector.Matrix;10;0.6666666666666666;0.6666666666666666
org.lwjgl.util.vector.Matrix2f;26;0.72;0.6
org.lwjgl.util.vector.Matrix3f;26;0.76;0.64
org.lwjgl.util.vector.Matrix4f;38;0.7567567567567568;0.7027027027027027
org.lwjgl.util.vector.Quaternion;36;0.7428571428571429;0.6
org.lwjgl.util.vector.Vector2f;21;0.55;0.6
org.lwjgl.util.vector.Vector3f;25;0.6666666666666666;0.625
org.lwjgl.util.vector.Vector4f;27;0.6538461538461539;0.6153846153846154
