file;entities;metric;metric_random
net.sourceforge.pmd.AbstractDelegateRule;44;0.4883720930232558;0.5813953488372093
net.sourceforge.pmd.AbstractJavaRule;117;0.9741379310344828;0.9310344827586207
net.sourceforge.pmd.CommandLineOptions;39;0.5789473684210527;0.6052631578947368
net.sourceforge.pmd.CommonAbstractRule;76;0.5466666666666666;0.5733333333333334
net.sourceforge.pmd.Language;11;0.4;0.6
net.sourceforge.pmd.PMD;29;0.6785714285714286;0.5714285714285714
net.sourceforge.pmd.Report;32;0.45161290322580644;0.5806451612903226
net.sourceforge.pmd.RuleContext;17;0.625;0.625
net.sourceforge.pmd.RuleReference;27;0.5;0.6153846153846154
net.sourceforge.pmd.RuleSet;39;0.5789473684210527;0.6052631578947368
net.sourceforge.pmd.RuleSetFactory;19;0.5555555555555556;0.6111111111111112
net.sourceforge.pmd.RuleSetReference;10;0.5555555555555556;0.6666666666666666
net.sourceforge.pmd.RuleSetWriter;19;0.5555555555555556;0.6666666666666666
net.sourceforge.pmd.RuleSets;14;0.5384615384615384;0.6923076923076923
net.sourceforge.pmd.RuleViolation;26;0.6;0.56
net.sourceforge.pmd.SourceType;14;0.6923076923076923;0.6153846153846154
net.sourceforge.pmd.ant.Formatter;25;0.4583333333333333;0.625
net.sourceforge.pmd.ant.PMDTask;45;0.5227272727272727;0.5681818181818182
net.sourceforge.pmd.cpd.AbstractTokenizer;17;0.5;0.6875
net.sourceforge.pmd.cpd.CPD;27;0.5;0.5769230769230769
net.sourceforge.pmd.cpd.CPDTask;26;0.52;0.64
net.sourceforge.pmd.cpd.GUI;46;0.4666666666666667;0.6222222222222222
net.sourceforge.pmd.cpd.GridBagHelper;11;0.5;0.6
net.sourceforge.pmd.cpd.LanguageFactory;10;0.4444444444444444;0.7777777777777778
net.sourceforge.pmd.cpd.Match;28;0.4444444444444444;0.5925925925925926
net.sourceforge.pmd.cpd.MatchAlgorithm;15;0.6428571428571429;0.6428571428571429
net.sourceforge.pmd.cpd.TokenEntry;18;0.47058823529411764;0.5882352941176471
net.sourceforge.pmd.cpd.cppast.CPPParserTokenManager;57;0.6071428571428571;0.5892857142857143
net.sourceforge.pmd.cpd.cppast.SimpleCharStream;43;0.5238095238095238;0.6666666666666666
net.sourceforge.pmd.dcd.ClassLoaderUtil;13;0.6666666666666666;0.5833333333333334
net.sourceforge.pmd.dcd.DumpNodeVisitor;13;0.5;0.6666666666666666
net.sourceforge.pmd.dcd.asm.TypeSignatureVisitor;34;0.6666666666666666;0.5757575757575758
net.sourceforge.pmd.dcd.graph.ClassNode;17;0.5625;0.6875
net.sourceforge.pmd.dcd.graph.MemberNode;21;0.6;0.55
net.sourceforge.pmd.dcd.graph.NodeVisitorAdapter;12;0.5454545454545454;0.7272727272727273
net.sourceforge.pmd.dcd.graph.UsageGraph;12;0.45454545454545453;0.5454545454545454
net.sourceforge.pmd.dcd.graph.UsageGraphBuilder;12;0.45454545454545453;0.7272727272727273
net.sourceforge.pmd.dfa.DaaRule;15;0.5714285714285714;0.6428571428571429
net.sourceforge.pmd.dfa.DataFlowNode;23;0.5;0.6363636363636364
net.sourceforge.pmd.dfa.Linker;10;0.6666666666666666;0.7777777777777778
net.sourceforge.pmd.dfa.StatementAndBraceFinder;16;0.8666666666666667;0.8666666666666667
net.sourceforge.pmd.dfa.Structure;11;0.6;0.7
net.sourceforge.pmd.dfa.pathfinder.CurrentPath;13;0.5;0.6666666666666666
net.sourceforge.pmd.dfa.pathfinder.DAAPathFinder;25;0.5833333333333334;0.625
net.sourceforge.pmd.dfa.report.AbstractReportNode;17;0.5625;0.5625
net.sourceforge.pmd.dfa.variableaccess.VariableAccess;12;0.6363636363636364;0.6363636363636364
net.sourceforge.pmd.jaxen.AttributeAxisIterator;10;0.5555555555555556;0.6666666666666666
net.sourceforge.pmd.jaxen.DocumentNavigator;30;0.8275862068965517;0.6206896551724138
net.sourceforge.pmd.jaxen.NodeIterator;11;0.5;0.7
net.sourceforge.pmd.jsp.ast.ASTElement;11;0.5;0.6
net.sourceforge.pmd.jsp.ast.JJTJspParserState;16;0.4666666666666667;0.6666666666666666
net.sourceforge.pmd.jsp.ast.JspParser;108;0.5327102803738317;0.5514018691588785
net.sourceforge.pmd.jsp.ast.JspParserTokenManager;133;0.5833333333333334;0.5303030303030303
net.sourceforge.pmd.jsp.ast.JspParserVisitorAdapter;22;;
net.sourceforge.pmd.jsp.rules.AbstractJspRule;29;0.8928571428571429;0.8214285714285714
net.sourceforge.pmd.properties.AbstractPMDProperty;27;0.5384615384615384;0.6923076923076923
net.sourceforge.pmd.renderers.AbstractRenderer;11;0.5;0.7
net.sourceforge.pmd.renderers.HTMLRenderer;12;0.6363636363636364;0.6363636363636364
net.sourceforge.pmd.renderers.IDEAJRenderer;10;0.5555555555555556;0.7777777777777778
net.sourceforge.pmd.renderers.PapariTextRenderer;12;0.5454545454545454;0.7272727272727273
net.sourceforge.pmd.rules.AccessorClassGeneration;13;0.75;0.75
net.sourceforge.pmd.rules.ConstructorCallsOverridableMethod;21;0.75;0.65
net.sourceforge.pmd.rules.CouplingBetweenObjects;15;0.6428571428571429;0.6428571428571429
net.sourceforge.pmd.rules.CyclomaticComplexity;16;0.9333333333333333;0.8666666666666667
net.sourceforge.pmd.rules.SimplifyBooleanReturns;10;0.5555555555555556;0.6666666666666666
net.sourceforge.pmd.rules.UselessOverridingMethod;11;0.5;0.7
net.sourceforge.pmd.rules.VariableNamingConventions;18;0.6470588235294118;0.6470588235294118
net.sourceforge.pmd.rules.XPathRule;10;0.5555555555555556;0.7777777777777778
net.sourceforge.pmd.rules.codesize.AbstractNcssCount;19;0.9444444444444444;0.9444444444444444
net.sourceforge.pmd.rules.design.GenericClassCounterRule;20;0.5789473684210527;0.6842105263157895
net.sourceforge.pmd.rules.design.NonThreadSafeSingleton;10;0.5555555555555556;0.7777777777777778
net.sourceforge.pmd.rules.design.NpathComplexity;14;0.8461538461538461;0.8461538461538461
net.sourceforge.pmd.rules.junit.AbstractJUnitRule;11;0.3;0.7
net.sourceforge.pmd.rules.strings.ConsecutiveLiteralAppends;14;0.6153846153846154;0.6923076923076923
net.sourceforge.pmd.rules.strings.InsufficientStringBufferDeclaration;12;0.45454545454545453;0.7272727272727273
net.sourceforge.pmd.stat.DataPoint;11;0.6;0.7
net.sourceforge.pmd.stat.Metric;14;0.38461538461538464;0.6153846153846154
net.sourceforge.pmd.stat.StatisticalRule;16;0.5333333333333333;0.6666666666666666
net.sourceforge.pmd.symboltable.AbstractScope;12;0.6363636363636364;0.6363636363636364
net.sourceforge.pmd.symboltable.ClassScope;17;0.5625;0.625
net.sourceforge.pmd.symboltable.DummyScope;13;0.4166666666666667;0.75
net.sourceforge.pmd.symboltable.NameOccurrence;29;0.4642857142857143;0.6071428571428571
net.sourceforge.pmd.symboltable.ScopeAndDeclarationFinder;22;0.8571428571428571;0.8095238095238095
net.sourceforge.pmd.symboltable.SourceFileScope;14;0.6153846153846154;0.6923076923076923
net.sourceforge.pmd.symboltable.VariableNameDeclaration;12;0.7272727272727273;0.6363636363636364
net.sourceforge.pmd.typeresolution.ClassTypeResolver;56;0.8545454545454545;0.8
net.sourceforge.pmd.typeresolution.rules.SignatureDeclareThrowsException;13;0.75;0.75
net.sourceforge.pmd.typeresolution.visitors.PMDASMVisitor;23;0.5454545454545454;0.5909090909090909
net.sourceforge.pmd.util.Benchmark;26;0.6;0.68
net.sourceforge.pmd.util.CollectionUtil;11;0.5;0.8
net.sourceforge.pmd.util.StringUtil;16;0.6;0.6666666666666666
net.sourceforge.pmd.util.designer.Designer;32;0.41935483870967744;0.6129032258064516
net.sourceforge.pmd.util.filter.Filters;10;0.5555555555555556;0.6666666666666666
net.sourceforge.pmd.util.viewer.gui.MainFrame;15;0.6428571428571429;0.6428571428571429
net.sourceforge.pmd.util.viewer.model.ASTModel;11;0.5;0.6
net.sourceforge.pmd.util.viewer.model.SimpleNodeTreeNodeAdapter;13;0.4166666666666667;0.6666666666666666
net.sourceforge.pmd.util.viewer.model.ViewerModel;13;0.5;0.6666666666666666
net.sourceforge.pmd.util.viewer.model.ViewerModelEvent;10;0.5555555555555556;0.6666666666666666
