file;entities;metric;metric_random
net.sourceforge.stripes.action.ActionBeanContext;21;0.55;0.6
net.sourceforge.stripes.action.FileBean;15;0.5714285714285714;0.6428571428571429
net.sourceforge.stripes.action.OnwardResolution;14;0.6153846153846154;0.6153846153846154
net.sourceforge.stripes.action.RedirectResolution;11;0.4;0.6
net.sourceforge.stripes.action.StreamingResolution;23;0.45454545454545453;0.5909090909090909
net.sourceforge.stripes.ajax.JavaScriptBuilder;25;0.5;0.6666666666666666
net.sourceforge.stripes.config.BootstrapPropertyResolver;14;0.5384615384615384;0.6153846153846154
net.sourceforge.stripes.config.DefaultConfiguration;55;0.42592592592592593;0.5925925925925926
net.sourceforge.stripes.config.RuntimeConfiguration;36;0.37142857142857144;0.5714285714285714
net.sourceforge.stripes.controller.AnnotatedClassActionResolver;30;0.41379310344827586;0.5862068965517241
net.sourceforge.stripes.controller.BindingPolicyManager;16;0.4;0.6
net.sourceforge.stripes.controller.DefaultActionBeanPropertyBinder;20;0.42105263157894735;0.631578947368421
net.sourceforge.stripes.controller.DefaultObjectFactory;15;0.42857142857142855;0.6428571428571429
net.sourceforge.stripes.controller.DispatcherHelper;16;0.6;0.6
net.sourceforge.stripes.controller.DispatcherServlet;18;0.5294117647058824;0.6470588235294118
net.sourceforge.stripes.controller.DynamicMappingFilter;22;0.5714285714285714;0.5714285714285714
net.sourceforge.stripes.controller.ExecutionContext;27;0.5769230769230769;0.6153846153846154
net.sourceforge.stripes.controller.FlashRequest;94;0.6989247311827957;0.5376344086021505
net.sourceforge.stripes.controller.FlashScope;24;0.4782608695652174;0.6521739130434783
net.sourceforge.stripes.controller.NameBasedActionResolver;15;0.5;0.5714285714285714
net.sourceforge.stripes.controller.ParameterName;11;0.6;0.7
net.sourceforge.stripes.controller.StripesFilter;15;0.42857142857142855;0.6428571428571429
net.sourceforge.stripes.controller.StripesRequestWrapper;39;0.6578947368421053;0.5789473684210527
net.sourceforge.stripes.controller.UrlBinding;12;0.7272727272727273;0.6363636363636364
net.sourceforge.stripes.controller.UrlBindingFactory;22;0.7142857142857143;0.6666666666666666
net.sourceforge.stripes.controller.UrlBindingParameter;12;0.7272727272727273;0.6363636363636364
net.sourceforge.stripes.controller.multipart.DefaultMultipartWrapperFactory;11;0.5;0.7
net.sourceforge.stripes.exception.DefaultExceptionHandler;12;0.6363636363636364;0.6363636363636364
net.sourceforge.stripes.format.DateFormatter;15;0.42857142857142855;0.5714285714285714
net.sourceforge.stripes.format.NumberFormatter;13;0.4166666666666667;0.6666666666666666
net.sourceforge.stripes.integration.spring.SpringHelper;10;0.5555555555555556;0.6666666666666666
net.sourceforge.stripes.localization.DefaultLocalizationBundleFactory;11;0.7;0.8
net.sourceforge.stripes.mock.MockHttpServletRequest;92;0.6153846153846154;0.5604395604395604
net.sourceforge.stripes.mock.MockHttpServletResponse;51;0.54;0.56
net.sourceforge.stripes.mock.MockHttpSession;22;0.6190476190476191;0.5714285714285714
net.sourceforge.stripes.mock.MockRoundtrip;26;0.64;0.6
net.sourceforge.stripes.mock.MockServletContext;37;0.5833333333333334;0.6388888888888888
net.sourceforge.stripes.tag.ErrorsTag;27;0.5769230769230769;0.5769230769230769
net.sourceforge.stripes.tag.FieldMetadataTag;24;0.4782608695652174;0.6521739130434783
net.sourceforge.stripes.tag.FormTag;56;0.4909090909090909;0.5818181818181818
net.sourceforge.stripes.tag.FormatTag;14;0.46153846153846156;0.6923076923076923
net.sourceforge.stripes.tag.HtmlTagSupport;63;0.5;0.5645161290322581
net.sourceforge.stripes.tag.InputCheckBoxTag;11;0.3;0.6
net.sourceforge.stripes.tag.InputImageTag;10;0.4444444444444444;0.7777777777777778
net.sourceforge.stripes.tag.InputLabelTag;10;0.4444444444444444;0.6666666666666666
net.sourceforge.stripes.tag.InputOptionTag;14;0.38461538461538464;0.6923076923076923
net.sourceforge.stripes.tag.InputOptionsCollectionTag;24;0.5217391304347826;0.6521739130434783
net.sourceforge.stripes.tag.InputRadioButtonTag;11;0.3;0.7
net.sourceforge.stripes.tag.InputSelectTag;13;0.4166666666666667;0.6666666666666666
net.sourceforge.stripes.tag.InputTagSupport;42;0.4878048780487805;0.5853658536585366
net.sourceforge.stripes.tag.InputTextAreaTag;11;0.3;0.7
net.sourceforge.stripes.tag.InputTextTag;11;0.3;0.8
net.sourceforge.stripes.tag.LinkTag;24;0.4782608695652174;0.6086956521739131
net.sourceforge.stripes.tag.LinkTagSupport;26;0.4;0.56
net.sourceforge.stripes.tag.ParamTag;19;0.5;0.6666666666666666
net.sourceforge.stripes.tag.StripesTagSupport;17;0.5;0.6875
net.sourceforge.stripes.tag.UrlTag;12;0.45454545454545453;0.7272727272727273
net.sourceforge.stripes.tag.UseActionBeanTag;23;0.5;0.6363636363636364
net.sourceforge.stripes.tag.WizardFieldsTag;11;0.4;0.7
net.sourceforge.stripes.tag.layout.LayoutComponentRenderer;10;0.4444444444444444;0.6666666666666666
net.sourceforge.stripes.tag.layout.LayoutComponentTag;14;0.46153846153846156;0.6923076923076923
net.sourceforge.stripes.tag.layout.LayoutContext;32;0.5806451612903226;0.6129032258064516
net.sourceforge.stripes.tag.layout.LayoutRenderTag;12;0.6363636363636364;0.6363636363636364
net.sourceforge.stripes.tag.layout.LayoutWriter;13;0.5;0.5833333333333334
net.sourceforge.stripes.util.Base64;42;0.5853658536585366;0.6097560975609756
net.sourceforge.stripes.util.ConcurrentHashSet;15;0.8571428571428571;0.6428571428571429
net.sourceforge.stripes.util.CryptoUtil;20;0.47368421052631576;0.5789473684210527
net.sourceforge.stripes.util.Literal;12;1.0;0.9090909090909091
net.sourceforge.stripes.util.Log;16;0.3333333333333333;0.7333333333333333
net.sourceforge.stripes.util.Log4JLogger;23;0.8636363636363636;0.6818181818181818
net.sourceforge.stripes.util.Range;10;0.5555555555555556;0.5555555555555556
net.sourceforge.stripes.util.ReflectUtil;19;0.5555555555555556;0.6111111111111112
net.sourceforge.stripes.util.ResolverUtil;11;0.5;0.7
net.sourceforge.stripes.util.TypeHandlerCache;20;0.47368421052631576;0.5789473684210527
net.sourceforge.stripes.util.UrlBuilder;21;0.65;0.6
net.sourceforge.stripes.util.bean.Node;12;0.6363636363636364;0.7272727272727273
net.sourceforge.stripes.util.bean.NodeEvaluation;20;0.5263157894736842;0.631578947368421
net.sourceforge.stripes.util.bean.PropertyExpression;16;0.4666666666666667;0.6666666666666666
net.sourceforge.stripes.util.bean.PropertyExpressionEvaluation;20;0.47368421052631576;0.6842105263157895
net.sourceforge.stripes.validation.DateTypeConverter;15;0.5;0.6428571428571429
net.sourceforge.stripes.validation.DefaultValidationMetadataProvider;12;0.45454545454545453;0.7272727272727273
net.sourceforge.stripes.validation.SimpleError;18;0.5294117647058824;0.5882352941176471
net.sourceforge.stripes.validation.ValidationMetadata;42;0.6341463414634146;0.6585365853658537
net.sourceforge.stripes.vfs.VFS;13;0.5833333333333334;0.6666666666666666
