file;entities;metric;metric_random
com.eteks.sweethome3d.HomeFrameController;10;0.2222222222222222;0.7777777777777778
com.eteks.sweethome3d.HomeFramePane;18;0.5882352941176471;0.6470588235294118
com.eteks.sweethome3d.SweetHome3D;33;0.4375;0.625
com.eteks.sweethome3d.applet.AppletApplication;46;0.5111111111111111;0.5777777777777777
com.eteks.sweethome3d.applet.AppletUserPreferences;36;0.5142857142857142;0.6
com.eteks.sweethome3d.applet.SweetHome3DApplet;10;0.5555555555555556;0.6666666666666666
com.eteks.sweethome3d.io.AutoRecoveryManager;17;0.5;0.6875
com.eteks.sweethome3d.io.DefaultFurnitureCatalog;18;0.47058823529411764;0.6470588235294118
com.eteks.sweethome3d.io.DefaultHomeOutputStream;11;0.7;0.7
com.eteks.sweethome3d.io.DefaultTexturesCatalog;10;0.6666666666666666;0.6666666666666666
com.eteks.sweethome3d.io.FileUserPreferences;82;0.5432098765432098;0.5802469135802469
com.eteks.sweethome3d.j3d.Component3DManager;15;0.5714285714285714;0.6428571428571429
com.eteks.sweethome3d.j3d.HomePieceOfFurniture3D;26;0.44;0.64
com.eteks.sweethome3d.j3d.ModelManager;37;0.5277777777777778;0.5833333333333334
com.eteks.sweethome3d.j3d.OBJLoader;24;0.5217391304347826;0.6086956521739131
com.eteks.sweethome3d.j3d.OBJMaterial;13;0.5;0.6666666666666666
com.eteks.sweethome3d.j3d.OBJWriter;36;0.6285714285714286;0.6
com.eteks.sweethome3d.j3d.Object3DBranch;10;0.4444444444444444;0.6666666666666666
com.eteks.sweethome3d.j3d.PhotoRenderer;28;0.5555555555555556;0.5925925925925926
com.eteks.sweethome3d.j3d.Room3D;13;0.6666666666666666;0.6666666666666666
com.eteks.sweethome3d.j3d.TextureManager;16;0.6;0.6
com.eteks.sweethome3d.j3d.Wall3D;20;0.5789473684210527;0.6842105263157895
com.eteks.sweethome3d.model.BackgroundImage;21;0.7;0.65
com.eteks.sweethome3d.model.Camera;38;0.5135135135135135;0.6216216216216216
com.eteks.sweethome3d.model.CatalogPieceOfFurniture;58;0.543859649122807;0.5964912280701754
com.eteks.sweethome3d.model.CatalogTexture;22;0.47619047619047616;0.5714285714285714
com.eteks.sweethome3d.model.Compass;45;0.4772727272727273;0.5909090909090909
com.eteks.sweethome3d.model.DimensionLine;35;0.5294117647058824;0.5588235294117647
com.eteks.sweethome3d.model.FurnitureCatalog;12;0.6363636363636364;0.7272727272727273
com.eteks.sweethome3d.model.FurnitureCategory;14;0.5384615384615384;0.6923076923076923
com.eteks.sweethome3d.model.Home;122;0.5371900826446281;0.5537190082644629
com.eteks.sweethome3d.model.HomeApplication;13;0.5833333333333334;0.6666666666666666
com.eteks.sweethome3d.model.HomeDoorOrWindow;16;0.4666666666666667;0.6666666666666666
com.eteks.sweethome3d.model.HomeEnvironment;61;0.5166666666666667;0.5666666666666667
com.eteks.sweethome3d.model.HomeFurnitureGroup;50;0.5510204081632653;0.5714285714285714
com.eteks.sweethome3d.model.HomeLight;11;0.6;0.6
com.eteks.sweethome3d.model.HomePieceOfFurniture;108;0.5233644859813084;0.5794392523364486
com.eteks.sweethome3d.model.HomePrint;27;0.5384615384615384;0.6153846153846154
com.eteks.sweethome3d.model.HomeTexture;11;0.3;0.7
com.eteks.sweethome3d.model.Label;22;0.5238095238095238;0.5714285714285714
com.eteks.sweethome3d.model.LightSource;11;0.8;0.7
com.eteks.sweethome3d.model.ObserverCamera;17;0.5625;0.625
com.eteks.sweethome3d.model.Room;80;0.5063291139240507;0.5443037974683544
com.eteks.sweethome3d.model.Sash;11;0.4;0.6
com.eteks.sweethome3d.model.TextStyle;15;0.5;0.6428571428571429
com.eteks.sweethome3d.model.TexturesCatalog;12;0.6363636363636364;0.6363636363636364
com.eteks.sweethome3d.model.TexturesCategory;14;0.5384615384615384;0.6153846153846154
com.eteks.sweethome3d.model.UserPreferences;83;0.4878048780487805;0.5853658536585366
com.eteks.sweethome3d.model.Wall;78;0.5324675324675324;0.5584415584415584
com.eteks.sweethome3d.plugin.Plugin;29;0.4642857142857143;0.6071428571428571
com.eteks.sweethome3d.plugin.PluginAction;11;0.4;0.6
com.eteks.sweethome3d.plugin.PluginManager;21;0.5;0.6
com.eteks.sweethome3d.swing.BackgroundImageWizardStepsPanel;29;0.6071428571428571;0.5714285714285714
com.eteks.sweethome3d.swing.ColorButton;10;0.6666666666666666;0.6666666666666666
com.eteks.sweethome3d.swing.CompassPanel;22;0.5238095238095238;0.5714285714285714
com.eteks.sweethome3d.swing.FileContentManager;32;0.5483870967741935;0.6129032258064516
com.eteks.sweethome3d.swing.FurnitureCatalogListPanel;17;0.5;0.625
com.eteks.sweethome3d.swing.FurnitureTable;15;0.35714285714285715;0.5714285714285714
com.eteks.sweethome3d.swing.FurnitureTransferHandler;10;0.4444444444444444;0.6666666666666666
com.eteks.sweethome3d.swing.HelpPane;19;0.4444444444444444;0.6666666666666666
com.eteks.sweethome3d.swing.Home3DAttributesPanel;24;0.5217391304347826;0.5652173913043478
com.eteks.sweethome3d.swing.HomeComponent3D;67;0.5;0.5757575757575758
com.eteks.sweethome3d.swing.HomeFurniturePanel;40;0.6410256410256411;0.5897435897435898
com.eteks.sweethome3d.swing.HomePane;120;0.5210084033613446;0.5714285714285714
com.eteks.sweethome3d.swing.HomePrintableComponent;20;0.6842105263157895;0.5789473684210527
com.eteks.sweethome3d.swing.IconManager;16;0.5333333333333333;0.6666666666666666
com.eteks.sweethome3d.swing.ImportedFurnitureWizardStepsPanel;59;0.5172413793103449;0.5689655172413793
com.eteks.sweethome3d.swing.ImportedTextureWizardStepsPanel;31;0.5333333333333333;0.6666666666666666
com.eteks.sweethome3d.swing.LocatedTransferHandler;11;0.6;0.8
com.eteks.sweethome3d.swing.ModelPreviewComponent;38;0.4864864864864865;0.5945945945945946
com.eteks.sweethome3d.swing.NullableCheckBox;21;0.35;0.6
com.eteks.sweethome3d.swing.PageSetupPanel;25;0.5;0.625
com.eteks.sweethome3d.swing.PhotoPanel;51;0.6;0.58
com.eteks.sweethome3d.swing.PlanComponent;190;0.5661375661375662;0.544973544973545
com.eteks.sweethome3d.swing.PlanTransferHandler;17;0.4375;0.625
com.eteks.sweethome3d.swing.PrintPreviewPanel;11;0.4;0.7
com.eteks.sweethome3d.swing.ProportionalLayout;13;0.6666666666666666;0.6666666666666666
com.eteks.sweethome3d.swing.RoomPanel;28;0.4444444444444444;0.5555555555555556
com.eteks.sweethome3d.swing.ScaledImageComponent;10;0.7777777777777778;0.6666666666666666
com.eteks.sweethome3d.swing.SwingTools;16;0.4666666666666667;0.6666666666666666
com.eteks.sweethome3d.swing.SwingViewFactory;23;0.5909090909090909;0.5909090909090909
com.eteks.sweethome3d.swing.ThreadedTaskPanel;12;0.6363636363636364;0.6363636363636364
com.eteks.sweethome3d.swing.UserPreferencesPanel;41;0.375;0.6
com.eteks.sweethome3d.swing.VideoPanel;66;0.5846153846153846;0.5846153846153846
com.eteks.sweethome3d.swing.WallPanel;47;0.6086956521739131;0.5869565217391305
com.eteks.sweethome3d.swing.WizardPane;11;0.4;0.7
com.eteks.sweethome3d.tools.OperatingSystem;12;0.45454545454545453;0.6363636363636364
com.eteks.sweethome3d.viewcontroller.BackgroundImageWizardController;39;0.6052631578947368;0.6052631578947368
com.eteks.sweethome3d.viewcontroller.CompassController;37;0.4722222222222222;0.5833333333333334
com.eteks.sweethome3d.viewcontroller.FurnitureCatalogController;18;0.5294117647058824;0.5882352941176471
com.eteks.sweethome3d.viewcontroller.FurnitureController;47;0.4782608695652174;0.6086956521739131
com.eteks.sweethome3d.viewcontroller.HelpController;35;0.38235294117647056;0.5882352941176471
com.eteks.sweethome3d.viewcontroller.Home3DAttributesController;42;0.5365853658536586;0.5853658536585366
com.eteks.sweethome3d.viewcontroller.HomeController;103;0.5196078431372549;0.5490196078431373
com.eteks.sweethome3d.viewcontroller.HomeController3D;22;0.47619047619047616;0.6666666666666666
com.eteks.sweethome3d.viewcontroller.HomeFurnitureController;87;0.5697674418604651;0.5581395348837209
com.eteks.sweethome3d.viewcontroller.ImportedFurnitureWizardController;71;0.4857142857142857;0.6142857142857143
com.eteks.sweethome3d.viewcontroller.ImportedTextureWizardController;36;0.4857142857142857;0.6571428571428571
com.eteks.sweethome3d.viewcontroller.LabelController;23;0.5454545454545454;0.5909090909090909
com.eteks.sweethome3d.viewcontroller.PageSetupController;14;0.46153846153846156;0.6153846153846154
com.eteks.sweethome3d.viewcontroller.PhotoController;43;0.5476190476190477;0.6190476190476191
com.eteks.sweethome3d.viewcontroller.PlanController;235;0.47863247863247865;0.5213675213675214
com.eteks.sweethome3d.viewcontroller.RoomController;49;0.5208333333333334;0.5416666666666666
com.eteks.sweethome3d.viewcontroller.TextureChoiceController;17;0.5;0.625
com.eteks.sweethome3d.viewcontroller.ThreadedTaskController;12;0.36363636363636365;0.6363636363636364
com.eteks.sweethome3d.viewcontroller.UserPreferencesController;54;0.5094339622641509;0.5660377358490566
com.eteks.sweethome3d.viewcontroller.VideoController;40;0.5897435897435898;0.5897435897435898
com.eteks.sweethome3d.viewcontroller.WallController;81;0.5625;0.5625
com.eteks.sweethome3d.viewcontroller.WizardController;36;0.45714285714285713;0.5714285714285714
