file;entities;metric;metric_random
blogthisplugin.BlogSettings;10;0.4444444444444444;0.6666666666666666
blogthisplugin.BlogSettingsTab;12;0.45454545454545453;0.7272727272727273
blogthisplugin.BlogThisPlugin;28;0.4074074074074074;0.5555555555555556
calendarexportplugin.CalendarExportPlugin;49;0.4791666666666667;0.5833333333333334
calendarexportplugin.CalendarExportSettings;35;0.5588235294117647;0.5588235294117647
calendarexportplugin.CalendarSettingsTab;16;0.5333333333333333;0.6
calendarexportplugin.exporter.GoogleExporter;21;0.45;0.6
calendarexportplugin.exporter.GoogleSettingsDialog;20;0.3684210526315789;0.5789473684210527
calendarexportplugin.exporter.OutlookExporter;12;0.5454545454545454;0.6363636363636364
calendarexportplugin.utils.AbstractCalFile;10;0.6666666666666666;0.6666666666666666
captureplugin.CapturePlugin;38;0.43243243243243246;0.5675675675675675
captureplugin.CapturePluginData;10;0.4444444444444444;0.7777777777777778
captureplugin.CapturePluginSettingsTab;10;0.5555555555555556;0.6666666666666666
captureplugin.drivers.DeviceCreatorDialog;10;0.4444444444444444;0.6666666666666666
captureplugin.drivers.defaultdriver.AdditionalParams;24;0.6086956521739131;0.5652173913043478
captureplugin.drivers.defaultdriver.CaptureExecute;14;0.5384615384615384;0.6923076923076923
captureplugin.drivers.defaultdriver.CaptureParamLibrary;17;0.5625;0.625
captureplugin.drivers.defaultdriver.DefaultDevice;25;0.5;0.625
captureplugin.drivers.defaultdriver.DefaultKonfigurator;12;0.36363636363636365;0.7272727272727273
captureplugin.drivers.defaultdriver.DeviceConfig;82;0.49382716049382713;0.5679012345679012
captureplugin.drivers.defaultdriver.ParamEntry;12;0.6363636363636364;0.7272727272727273
captureplugin.drivers.defaultdriver.ProgramTimeList;11;0.6;0.8
captureplugin.drivers.defaultdriver.configpanels.ChannelTableModel;11;0.4;0.7
captureplugin.drivers.defaultdriver.configpanels.SettingsPanel;15;0.35714285714285715;0.5714285714285714
captureplugin.drivers.dreambox.DreamboxConfig;49;0.4375;0.625
captureplugin.drivers.dreambox.DreamboxConfigDialog;26;0.48;0.68
captureplugin.drivers.dreambox.DreamboxDevice;27;0.4230769230769231;0.5769230769230769
captureplugin.drivers.dreambox.connector.DreamboxConnector;16;0.4666666666666667;0.7333333333333333
captureplugin.drivers.elgatodriver.ElgatoConnection;15;0.42857142857142855;0.6428571428571429
captureplugin.drivers.simpledevice.SimpleChannel;11;0.5;0.6
captureplugin.drivers.simpledevice.SimpleConfig;14;0.6153846153846154;0.6153846153846154
captureplugin.drivers.simpledevice.SimpleConfigDialog;13;0.3333333333333333;0.75
captureplugin.drivers.simpledevice.SimpleDevice;29;0.5714285714285714;0.6071428571428571
captureplugin.drivers.thetubedriver.TheTubeConnection;12;0.45454545454545453;0.7272727272727273
captureplugin.drivers.topfield.TopfieldChannelTableModel;16;0.6666666666666666;0.6666666666666666
captureplugin.drivers.topfield.TopfieldConfiguration;57;0.48214285714285715;0.5535714285714286
captureplugin.drivers.topfield.TopfieldConfigurationDialog;123;0.48360655737704916;0.5327868852459017
captureplugin.drivers.topfield.TopfieldDevice;52;0.6470588235294118;0.5882352941176471
captureplugin.drivers.topfield.TopfieldServiceInfo;30;0.5517241379310345;0.5862068965517241
captureplugin.drivers.topfield.TopfieldTimerEntry;12;0.8181818181818182;0.6363636363636364
captureplugin.drivers.topfield.connector.TopfieldConnector;29;0.4642857142857143;0.5714285714285714
captureplugin.drivers.utils.ProgramTime;24;0.5217391304347826;0.5652173913043478
captureplugin.drivers.utils.ProgramTimeDialog;10;0.6666666666666666;0.7777777777777778
captureplugin.tabs.DevicePanel;12;0.45454545454545453;0.7272727272727273
captureplugin.tabs.DeviceTableModel;10;0.6666666666666666;0.7777777777777778
captureplugin.utils.ConfigTableModel;11;0.6;0.7
clipboardplugin.ClipboardPlugin;27;0.46153846153846156;0.5769230769230769
devplugin.AbstractTvDataService;33;0.46875;0.59375
devplugin.Channel;77;0.5131578947368421;0.5526315789473685
devplugin.ContextMenuSeparatorAction;10;0.4444444444444444;0.6666666666666666
devplugin.Date;38;0.6216216216216216;0.5405405405405406
devplugin.Plugin;65;0.5625;0.5625
devplugin.PluginInfo;13;0.25;0.6666666666666666
devplugin.PluginTreeNode;57;0.5535714285714286;0.5714285714285714
devplugin.PluginsFilterComponent;10;0.3333333333333333;0.6666666666666666
devplugin.ProgramFieldType;71;0.42857142857142855;0.5714285714285714
devplugin.ProgramInfoHelper;12;0.6363636363636364;0.7272727272727273
devplugin.ProgramItem;14;0.46153846153846156;0.6923076923076923
devplugin.ProgramReceiveTarget;18;0.6470588235294118;0.5882352941176471
devplugin.SettingsItem;19;0.6111111111111112;0.6666666666666666
devplugin.Version;12;0.6363636363636364;0.7272727272727273
dreamboxdataservice.DreamboxChannelHandler;11;0.6;0.7
dreamboxdataservice.DreamboxDataService;24;0.34782608695652173;0.6521739130434783
dreamboxdataservice.DreamboxSettingsPanel;12;0.5454545454545454;0.6363636363636364
emailplugin.EMailPlugin;27;0.5;0.6153846153846154
emailplugin.EMailSettings;12;0.45454545454545453;0.6363636363636364
emailplugin.EMailSettingsTab;17;0.5625;0.5625
emailplugin.MailCreator;11;0.4;0.6
genreplugin.GenrePlugin;32;0.5483870967741935;0.5806451612903226
genreplugin.GenreSettings;10;0.6666666666666666;0.6666666666666666
genreplugin.GenreSettingsTab;14;0.6153846153846154;0.6153846153846154
growlplugin.GrowlContainer;10;0.5555555555555556;0.6666666666666666
growlplugin.GrowlPlugin;19;0.5555555555555556;0.5555555555555556
i18nplugin.AbstractHierarchicalNode;11;0.6;0.7
i18nplugin.I18NPlugin;14;0.46153846153846156;0.6923076923076923
i18nplugin.PropertiesEntryNode;13;0.5;0.6666666666666666
i18nplugin.PropertiesNode;17;0.5;0.6875
i18nplugin.TranslationDialog;21;0.45;0.6
i18nplugin.TranslatorEditor;15;0.42857142857142855;0.6428571428571429
knotifyplugin.KNotifyPlugin;19;0.5555555555555556;0.6111111111111112
listviewplugin.ListTableModel;14;0.38461538461538464;0.6923076923076923
listviewplugin.ListViewDialog;34;0.42424242424242425;0.5454545454545454
listviewplugin.ListViewPlugin;18;0.47058823529411764;0.5882352941176471
newsplugin.News;14;0.3076923076923077;0.6153846153846154
newsplugin.NewsDialog;15;0.42857142857142855;0.6428571428571429
newsplugin.NewsPlugin;21;0.5;0.65
primarydatamanager.PDSRunner;13;0.4166666666666667;0.75
primarydatamanager.PrimaryDataManager;25;0.5;0.625
primarydatamanager.RawDataProcessor;21;0.55;0.7
primarydatamanager.mirrorupdater.MirrorUpdater;21;0.55;0.6
primarydatamanager.mirrorupdater.config.PropertiesConfiguration;12;0.45454545454545453;0.6363636363636364
primarydatamanager.mirrorupdater.data.FtpDataTarget;13;0.5;0.6666666666666666
primarydatamanager.primarydataservice.AbstractPrimaryDataService;19;0.5555555555555556;0.5555555555555556
primarydatamanager.primarydataservice.Entry;11;0.4;0.8
primarydatamanager.primarydataservice.HTMLFilterReader;14;0.5384615384615384;0.6153846153846154
primarydatamanager.primarydataservice.MeasuringInputStream;12;0.7272727272727273;0.7272727272727273
primarydatamanager.primarydataservice.ProgramFrameDispatcher;13;0.6666666666666666;0.75
primarydatamanager.primarydataservice.util.RtfFilterReader;13;0.8333333333333334;0.75
primarydatamanager.primarydataservice.util.html2txt.Html2TxtConverter;12;0.7272727272727273;0.7272727272727273
primarydatamanager.primarydataservice.util.html2txt.TagReader;17;0.375;0.6875
primarydatamanager.primarydataservice.util.htmlparser.HTMLParser;11;0.5;0.7
primarydatamanager.primarydataservice.util.htmlparser.Tag;25;0.4583333333333333;0.625
primarydatamanager.primarydataservice.util.httpsession.HttpSession;11;0.6;0.7
primarydatamanager.tvlistingstool.HtmlMirrorVisualizer;15;0.5;0.6428571428571429
printplugin.PrintPlugin;37;0.5277777777777778;0.5833333333333334
printplugin.dlgs.MainPrintDialog;10;0.5555555555555556;0.6666666666666666
printplugin.dlgs.PreviewDlg;30;0.4827586206896552;0.6206896551724138
printplugin.dlgs.SettingsDialog;14;0.46153846153846156;0.6153846153846154
printplugin.dlgs.components.FontsDialog;12;0.2727272727272727;0.6363636363636364
printplugin.dlgs.components.ProgramPreviewPanel;14;0.38461538461538464;0.6153846153846154
printplugin.dlgs.printdayprogramsdialog.LayoutTab;10;0.4444444444444444;0.6666666666666666
printplugin.dlgs.printdayprogramsdialog.ListingsTab;14;0.5384615384615384;0.5384615384615384
printplugin.dlgs.printdayprogramsdialog.PrintDayProgramsDialogContent;12;0.5454545454545454;0.6363636363636364
printplugin.dlgs.printfromqueuedialog.PrintFromQueueDialogContent;13;0.5;0.6666666666666666
printplugin.printer.ProgramIcon;22;0.47619047619047616;0.6190476190476191
printplugin.printer.ProgramItem;11;0.6;0.7
printplugin.printer.dayprogramprinter.ProgramTableIcon;28;0.5925925925925926;0.7037037037037037
printplugin.printer.singleprogramprinter.DocumentRenderer;17;0.6875;0.625
printplugin.settings.DayProgramPrinterSettings;21;0.4;0.6
printplugin.settings.MutableProgramIconSettings;23;0.36363636363636365;0.6818181818181818
printplugin.settings.PrinterProgramIconSettings;16;0.4666666666666667;0.6666666666666666
printplugin.settings.ProgramInfoPrintSettings;18;0.5882352941176471;0.5882352941176471
programlistplugin.ProgramListPlugin;30;0.5517241379310345;0.6206896551724138
radiotimesdataservice.RadioTimesDataService;21;0.7;0.65
radiotimesdataservice.RadioTimesFileParser;34;0.42424242424242425;0.5757575757575758
schedulesdirectdataservice.SchedulesDirectDataService;29;0.35714285714285715;0.6071428571428571
schedulesdirectdataservice.SchedulesDirectSettingsPanel;10;0.4444444444444444;0.6666666666666666
simplemarkerplugin.ManagePanel;18;0.47058823529411764;0.5882352941176471
simplemarkerplugin.MarkList;39;0.5;0.6052631578947368
simplemarkerplugin.MarkListsVector;10;0.4444444444444444;0.6666666666666666
simplemarkerplugin.SimpleMarkerPlugin;52;0.5098039215686274;0.5686274509803921
simplemarkerplugin.SimpleMarkerPluginSettingsTab;22;0.6666666666666666;0.6190476190476191
simplemarkerplugin.SimpleMarkerSettings;18;0.35294117647058826;0.7058823529411765
simplemarkerplugin.table.MarkListTableModel;10;0.4444444444444444;0.6666666666666666
swedbtvdataservice.DataHydraChannelContainer;18;0.8235294117647058;0.8235294117647058
swedbtvdataservice.DataHydraChannelGroup;12;0.6363636363636364;0.6363636363636364
swedbtvdataservice.DataHydraChannelParser;15;0.6428571428571429;0.6428571428571429
swedbtvdataservice.DataHydraDayParser;22;0.7619047619047619;0.6190476190476191
swedbtvdataservice.SweDBTvDataService;37;0.4444444444444444;0.6388888888888888
tvbrowser.TVBrowser;58;0.543859649122807;0.5614035087719298
tvbrowser.core.ChannelList;60;0.5423728813559322;0.5423728813559322
tvbrowser.core.ChannelUserSettings;24;0.5217391304347826;0.6086956521739131
tvbrowser.core.PluginLoader;32;0.3870967741935484;0.5806451612903226
tvbrowser.core.Settings;248;0.5060728744939271;0.5465587044534413
tvbrowser.core.TvDataBase;49;0.4791666666666667;0.625
tvbrowser.core.TvDataInventory;11;0.6;0.7
tvbrowser.core.TvDataUpdater;21;0.5;0.6
tvbrowser.core.contextmenu.ContextMenuManager;20;0.5263157894736842;0.631578947368421
tvbrowser.core.data.OnDemandDayProgramFile;18;0.5294117647058824;0.6470588235294118
tvbrowser.core.filters.FilterComponentList;13;0.5833333333333334;0.5833333333333334
tvbrowser.core.filters.FilterList;22;0.47619047619047616;0.6190476190476191
tvbrowser.core.filters.FilterManagerImpl;10;0.4444444444444444;0.7777777777777778
tvbrowser.core.filters.Token;52;0.6078431372549019;0.6274509803921569
tvbrowser.core.filters.filtercomponents.AgeLimitFilterComponent;10;0.6666666666666666;0.6666666666666666
tvbrowser.core.filters.filtercomponents.BeanShellFilterComponent;13;0.5;0.5833333333333334
tvbrowser.core.filters.filtercomponents.ChannelFilterComponent;11;0.4;0.6
tvbrowser.core.filters.filtercomponents.DateFilterComponent;12;0.5454545454545454;0.6363636363636364
tvbrowser.core.filters.filtercomponents.DayFilterComponent;11;0.4;0.7
tvbrowser.core.filters.filtercomponents.KeywordFilterComponent;13;0.5833333333333334;0.6666666666666666
tvbrowser.core.filters.filtercomponents.MassFilterComponent;15;0.5;0.6428571428571429
tvbrowser.core.filters.filtercomponents.PluginFilterComponent;11;0.6;0.7
tvbrowser.core.filters.filtercomponents.PluginIconFilterComponent;10;0.5555555555555556;0.7777777777777778
tvbrowser.core.filters.filtercomponents.ProgramInfoFilterComponent;11;0.5;0.7
tvbrowser.core.filters.filtercomponents.ProgramLengthFilterComponent;16;0.4666666666666667;0.6
tvbrowser.core.filters.filtercomponents.ProgramMarkingPriorityFilterComponent;10;0.7777777777777778;0.6666666666666666
tvbrowser.core.filters.filtercomponents.ProgramRunningFilterComponent;14;0.6153846153846154;0.6153846153846154
tvbrowser.core.filters.filtercomponents.ProgramTypeFilterComponent;11;0.6;0.7
tvbrowser.core.filters.filtercomponents.SingleTitleFilterComponent;11;0.6;0.6
tvbrowser.core.filters.filtercomponents.TimeFilterComponent;14;0.46153846153846156;0.6153846153846154
tvbrowser.core.icontheme.Directory;21;0.5;0.6
tvbrowser.core.icontheme.IconLoader;17;0.5;0.625
tvbrowser.core.icontheme.IconTheme;18;0.47058823529411764;0.7058823529411765
tvbrowser.core.plugin.AbstractPluginProxy;74;0.4657534246575342;0.5753424657534246
tvbrowser.core.plugin.BeanShellPluginProxy;40;0.5384615384615384;0.5897435897435898
tvbrowser.core.plugin.JavaPluginProxy;45;0.4772727272727273;0.5909090909090909
tvbrowser.core.plugin.PluginManagerImpl;50;0.5918367346938775;0.5306122448979592
tvbrowser.core.plugin.PluginProxyManager;60;0.6610169491525424;0.559322033898305
tvbrowser.core.plugin.programformating.GlobalPluginProgramFormating;12;0.7272727272727273;0.7272727272727273
tvbrowser.core.plugin.programformating.GlobalPluginProgramFormatingManager;11;0.4;0.7
tvbrowser.core.tvdataservice.ChannelGroupManager;15;0.6428571428571429;0.6428571428571429
tvbrowser.core.tvdataservice.DefaultTvDataServiceProxy;25;0.5;0.5833333333333334
tvbrowser.core.tvdataservice.TvDataServiceProxyManager;18;0.47058823529411764;0.5882352941176471
tvbrowser.extras.common.ChannelItem;11;0.3;0.7
tvbrowser.extras.common.LimitationConfiguration;28;0.5555555555555556;0.5925925925925926
tvbrowser.extras.favoritesplugin.ContextMenuProvider;13;0.3333333333333333;0.6666666666666666
tvbrowser.extras.favoritesplugin.FavoritesPlugin;80;0.5316455696202531;0.5316455696202531
tvbrowser.extras.favoritesplugin.FavoritesPluginProxy;25;0.5;0.625
tvbrowser.extras.favoritesplugin.FavoritesSettingTab;11;0.5;0.7
tvbrowser.extras.favoritesplugin.core.ActorsFavorite;10;0.4444444444444444;0.6666666666666666
tvbrowser.extras.favoritesplugin.core.AdvancedFavorite;14;0.5384615384615384;0.6153846153846154
tvbrowser.extras.favoritesplugin.core.Exclusion;21;0.5;0.65
tvbrowser.extras.favoritesplugin.core.Favorite;66;0.5230769230769231;0.5384615384615384
tvbrowser.extras.favoritesplugin.dlgs.EditFavoriteDialog;34;0.48484848484848486;0.6363636363636364
tvbrowser.extras.favoritesplugin.dlgs.ExclusionPanel;12;0.5454545454545454;0.6363636363636364
tvbrowser.extras.favoritesplugin.dlgs.FavoriteNode;12;0.45454545454545453;0.6363636363636364
tvbrowser.extras.favoritesplugin.dlgs.FavoriteTree;33;0.625;0.59375
tvbrowser.extras.favoritesplugin.dlgs.FavoriteTreeModel;31;0.6;0.6
tvbrowser.extras.favoritesplugin.dlgs.ManageFavoritesDialog;37;0.4166666666666667;0.5833333333333334
tvbrowser.extras.favoritesplugin.wizards.ExcludeWizardStep;40;0.5128205128205128;0.5897435897435898
tvbrowser.extras.favoritesplugin.wizards.LimitationsWizardStep;19;0.4444444444444444;0.6666666666666666
tvbrowser.extras.favoritesplugin.wizards.NotificationWizardStep;12;0.45454545454545453;0.6363636363636364
tvbrowser.extras.favoritesplugin.wizards.RenameWizardStep;10;0.5555555555555556;0.6666666666666666
tvbrowser.extras.favoritesplugin.wizards.TypeWizardStep;25;0.5833333333333334;0.625
tvbrowser.extras.favoritesplugin.wizards.WizardDlg;26;0.4;0.56
tvbrowser.extras.favoritesplugin.wizards.WizardHandler;13;0.4166666666666667;0.6666666666666666
tvbrowser.extras.programinfo.ProgramInfo;37;0.5833333333333334;0.5833333333333334
tvbrowser.extras.programinfo.ProgramInfoDialog;35;0.5294117647058824;0.6176470588235294
tvbrowser.extras.programinfo.ProgramInfoProxy;11;0.7;0.7
tvbrowser.extras.programinfo.ProgramInfoSettings;87;0.5116279069767442;0.5465116279069767
tvbrowser.extras.programinfo.ProgramInfoSettingsTab;29;0.5;0.6071428571428571
tvbrowser.extras.reminderplugin.ReminderDialog;15;0.5;0.6428571428571429
tvbrowser.extras.reminderplugin.ReminderFrame;26;0.56;0.6
tvbrowser.extras.reminderplugin.ReminderList;32;0.6774193548387096;0.5806451612903226
tvbrowser.extras.reminderplugin.ReminderListDialog;16;0.3333333333333333;0.6
tvbrowser.extras.reminderplugin.ReminderListItem;17;0.5;0.625
tvbrowser.extras.reminderplugin.ReminderPlugin;52;0.5490196078431373;0.5490196078431373
tvbrowser.extras.reminderplugin.ReminderPluginProxy;23;0.5;0.5909090909090909
tvbrowser.extras.reminderplugin.ReminderSettingsTab;25;0.5833333333333334;0.625
tvbrowser.extras.reminderplugin.ReminderTableModel;16;0.5333333333333333;0.6
tvbrowser.extras.searchplugin.SearchDialog;10;0.4444444444444444;0.6666666666666666
tvbrowser.extras.searchplugin.SearchPlugin;24;0.5217391304347826;0.5652173913043478
tvbrowser.extras.searchplugin.SearchPluginProxy;12;0.5454545454545454;0.6363636363636364
tvbrowser.ui.SkinPanel;13;0.5;0.6666666666666666
tvbrowser.ui.configassistant.AbstractCardPanel;12;0.7272727272727273;0.6363636363636364
tvbrowser.ui.configassistant.ConfigAssistant;12;0.2727272727272727;0.6363636363636364
tvbrowser.ui.configassistant.NetworkCardPanel;17;0.5625;0.625
tvbrowser.ui.filter.dlgs.EditFilterComponentDlg;15;0.5;0.6428571428571429
tvbrowser.ui.filter.dlgs.EditFilterDlg;19;0.5555555555555556;0.6111111111111112
tvbrowser.ui.filter.dlgs.SelectFilterDlg;12;0.45454545454545453;0.6363636363636364
tvbrowser.ui.finder.AbstractDateSelector;20;0.5263157894736842;0.6842105263157895
tvbrowser.ui.finder.FinderItem;15;0.5;0.7142857142857143
tvbrowser.ui.finder.FinderItemRenderer;24;0.6521739130434783;0.6086956521739131
tvbrowser.ui.finder.calendar.CalendarTableModel;12;0.45454545454545453;0.6363636363636364
tvbrowser.ui.finder.calendar.CalendarTablePanel;10;0.6666666666666666;0.7777777777777778
tvbrowser.ui.mainframe.ChannelChooserPanel;10;0.7777777777777778;0.7777777777777778
tvbrowser.ui.mainframe.MainFrame;153;0.506578947368421;0.5460526315789473
tvbrowser.ui.mainframe.MenuBar;49;0.5208333333333334;0.6041666666666666
tvbrowser.ui.mainframe.TimeChooserPanel;12;0.7272727272727273;0.7272727272727273
tvbrowser.ui.mainframe.UpdateDlg;19;0.5;0.6666666666666666
tvbrowser.ui.mainframe.actions.TVBrowserAction;14;0.46153846153846156;0.6923076923076923
tvbrowser.ui.mainframe.actions.TVBrowserActions;30;0.5517241379310345;0.5862068965517241
tvbrowser.ui.mainframe.searchfield.SearchField;16;0.5333333333333333;0.6666666666666666
tvbrowser.ui.mainframe.searchfield.SearchFilter;12;0.45454545454545453;0.6363636363636364
tvbrowser.ui.mainframe.toolbar.DefaultToolBarModel;32;0.5483870967741935;0.5806451612903226
tvbrowser.ui.mainframe.toolbar.ToolBar;46;0.5333333333333333;0.6222222222222222
tvbrowser.ui.pluginview.Node;32;0.5483870967741935;0.6129032258064516
tvbrowser.ui.pluginview.PluginTree;30;0.5172413793103449;0.6551724137931034
tvbrowser.ui.pluginview.PluginTreeModel;13;0.5833333333333334;0.6666666666666666
tvbrowser.ui.pluginview.PluginView;15;0.5714285714285714;0.7142857142857143
tvbrowser.ui.pluginview.contextmenu.PluginContextMenu;10;0.4444444444444444;0.6666666666666666
tvbrowser.ui.programtable.DefaultProgramTableModel;43;0.42857142857142855;0.5476190476190477
tvbrowser.ui.programtable.KeyboardAction;13;0.5;0.6666666666666666
tvbrowser.ui.programtable.ProgramTable;92;0.5494505494505495;0.5384615384615384
tvbrowser.ui.programtable.ProgramTableScrollPane;36;0.42857142857142855;0.6
tvbrowser.ui.programtable.background.TimeBlockBackPainter;12;0.45454545454545453;0.6363636363636364
tvbrowser.ui.settings.BlockedPlugin;12;0.36363636363636365;0.8181818181818182
tvbrowser.ui.settings.BlockedPluginArrayProperty;13;0.5833333333333334;0.6666666666666666
tvbrowser.ui.settings.ChannelIconAndNameSettingsTab;12;0.7272727272727273;0.7272727272727273
tvbrowser.ui.settings.ChannelsSettingsTab;43;0.5238095238095238;0.5952380952380952
tvbrowser.ui.settings.ConfigPluginSettingsTab;13;0.5;0.75
tvbrowser.ui.settings.ContextmenuSettingsTab;10;0.5555555555555556;0.6666666666666666
tvbrowser.ui.settings.FontsSettingsTab;13;0.5833333333333334;0.6666666666666666
tvbrowser.ui.settings.LocaleSettingsTab;15;0.7142857142857143;0.6428571428571429
tvbrowser.ui.settings.LookAndFeelSettingsTab;23;0.5454545454545454;0.5909090909090909
tvbrowser.ui.settings.MausSettingsTab;11;0.6;0.7
tvbrowser.ui.settings.PictureSettingsTab;21;0.4;0.65
tvbrowser.ui.settings.PluginSettingsTab;26;0.68;0.64
tvbrowser.ui.settings.PluginTableCellRenderer;12;0.5454545454545454;0.7272727272727273
tvbrowser.ui.settings.ProgramPanelSettingsTab;18;0.6470588235294118;0.5882352941176471
tvbrowser.ui.settings.ProgramTableSettingsTab;29;0.5357142857142857;0.6071428571428571
tvbrowser.ui.settings.SettingsDialog;28;0.5185185185185185;0.6296296296296297
tvbrowser.ui.settings.StartupSettingsTab;28;0.48148148148148145;0.5925925925925926
tvbrowser.ui.settings.ToolBarDragAndDropSettings;37;0.5555555555555556;0.5833333333333334
tvbrowser.ui.settings.TrayBaseSettingsTab;10;0.4444444444444444;0.6666666666666666
tvbrowser.ui.settings.TrayImportantSettingsTab;17;0.5;0.625
tvbrowser.ui.settings.TrayNowSettingsTab;14;0.46153846153846156;0.6153846153846154
tvbrowser.ui.settings.TrayOnTimeSettingsTab;17;0.375;0.625
tvbrowser.ui.settings.TrayProgramsChannelsSettingsTab;20;0.47368421052631576;0.6842105263157895
tvbrowser.ui.settings.TraySoonSettingsTab;13;0.4166666666666667;0.5833333333333334
tvbrowser.ui.settings.WebbrowserSettingsTab;12;0.5454545454545454;0.6363636363636364
tvbrowser.ui.settings.channel.ChannelConfigDlg;20;0.47368421052631576;0.631578947368421
tvbrowser.ui.settings.tablebackgroundstyles.TimeBlockBackgroundStyle;14;0.46153846153846156;0.6153846153846154
tvbrowser.ui.splashscreen.SplashScreen;18;0.6470588235294118;0.6470588235294118
tvbrowser.ui.tray.Java6Tray;18;0.5294117647058824;0.6470588235294118
tvbrowser.ui.tray.ProgramMenuItem;33;0.59375;0.59375
tvbrowser.ui.tray.SystemTray;38;0.4594594594594595;0.6216216216216216
tvbrowser.ui.update.SoftwareUpdateDlg;13;0.4166666666666667;0.6666666666666666
tvbrowser.ui.update.SoftwareUpdateItem;21;0.5;0.6
tvbrowserdataservice.TvBrowserDataService;53;0.4423076923076923;0.6153846153846154
tvbrowserdataservice.TvBrowserDataServiceChannelGroup;33;0.46875;0.5625
tvbrowserdataservice.TvBrowserDataServiceSettings;13;0.5833333333333334;0.6666666666666666
tvbrowserdataservice.TvBrowserDataServiceSettingsPanel;18;0.5882352941176471;0.6470588235294118
tvbrowserdataservice.file.ChannelList;14;0.5384615384615384;0.6923076923076923
tvbrowserdataservice.file.DayProgramFile;42;0.5121951219512195;0.6097560975609756
tvbrowserdataservice.file.ProgramField;34;0.48484848484848486;0.6060606060606061
tvbrowserdataservice.file.ProgramFrame;17;0.5625;0.625
tvbrowserdataservice.file.SummaryFile;14;0.46153846153846156;0.6153846153846154
tvdataservice.MarkedProgramsList;14;0.6923076923076923;0.6923076923076923
tvdataservice.MutableChannelDayProgram;19;0.4444444444444444;0.6666666666666666
tvdataservice.MutableProgram;84;0.5421686746987951;0.5542168674698795
tvraterplugin.Database;16;0.4666666666666667;0.7333333333333333
tvraterplugin.DialogOverview;12;0.36363636363636365;0.7272727272727273
tvraterplugin.DialogRating;18;0.5294117647058824;0.6470588235294118
tvraterplugin.Rating;48;0.6170212765957447;0.6170212765957447
tvraterplugin.TVRaterFilter;12;0.6363636363636364;0.6363636363636364
tvraterplugin.TVRaterFilterAllCategories;23;0.5454545454545454;0.6818181818181818
tvraterplugin.TVRaterPlugin;51;0.52;0.56
tvraterplugin.TVRaterSettings;16;0.6666666666666666;0.6666666666666666
tvraterplugin.TVRaterSettingsTab;10;0.5555555555555556;0.6666666666666666
tvraterplugin.Updater;18;0.5294117647058824;0.7058823529411765
util.browserlauncher.BrowserLauncher;47;0.5869565217391305;0.5652173913043478
util.exc.ErrorHandler;13;0.5;0.6666666666666666
util.exc.ErrorWindow;19;0.5555555555555556;0.6111111111111112
util.exc.MonitoringErrorStream;10;0.5555555555555556;0.6666666666666666
util.io.BufferedRandomAccessFile;12;0.6363636363636364;0.7272727272727273
util.io.CheckNetworkConnection;10;0.6666666666666666;0.6666666666666666
util.io.DownloadManager;11;0.5;0.7
util.io.ExecutionHandler;17;0.625;0.8125
util.io.IOUtilities;38;0.6216216216216216;0.5945945945945946
util.io.Mirror;27;0.5;0.6153846153846154
util.io.NtpMessage;20;0.631578947368421;0.631578947368421
util.io.stream.StreamUtilities;24;0.782608695652174;0.6521739130434783
util.misc.AbstractXmlTvDataHandler;36;0.45714285714285713;0.6
util.misc.HashCodeUtilities;18;0.8823529411764706;0.8235294117647058
util.misc.JavaVersion;10;0.7777777777777778;0.6666666666666666
util.misc.TextLineBreakerStringWidth;23;0.6818181818181818;0.6363636363636364
util.paramhandler.ParamLibrary;20;0.47368421052631576;0.6842105263157895
util.paramhandler.ParamParser;14;0.46153846153846156;0.6153846153846154
util.program.AbstractPluginProgramFormating;21;0.55;0.7
util.program.CompoundedProgramFieldType;11;0.5;0.6
util.program.ProgramTextCreator;25;0.625;0.625
util.program.ProgramUtilities;15;0.5714285714285714;0.6428571428571429
util.settings.ProgramPanelSettings;32;0.3548387096774194;0.6451612903225806
util.settings.Property;10;0.2222222222222222;0.6666666666666666
util.settings.PropertyBasedSettings;15;0.5714285714285714;0.7142857142857143
util.settings.PropertyManager;14;0.5384615384615384;0.6153846153846154
util.settings.StringArrayProperty;14;0.38461538461538464;0.6153846153846154
util.settings.StringProperty;10;0.4444444444444444;0.6666666666666666
util.tvdataservice.IconLoader;13;0.3333333333333333;0.5833333333333334
util.ui.AlphaColorChooser;18;0.5294117647058824;0.5882352941176471
util.ui.AutoCompletion;17;0.5;0.625
util.ui.CaretPositionCorrector;13;0.4166666666666667;0.6666666666666666
util.ui.ChannelChooserDlg;10;0.3333333333333333;0.6666666666666666
util.ui.ChannelContextMenu;13;0.5833333333333334;0.6666666666666666
util.ui.ChannelLabel;17;0.5;0.6875
util.ui.ChannelListCellRenderer;10;0.6666666666666666;0.6666666666666666
util.ui.DefaultMarkingPrioritySelectionPanel;15;0.5714285714285714;0.6428571428571429
util.ui.DisclosureTriangle;19;0.5;0.6111111111111112
util.ui.ExecuteSettingsDialog;14;0.38461538461538464;0.6923076923076923
util.ui.FileCheckBox;17;0.5;0.625
util.ui.FontChooserPanel;12;0.45454545454545453;0.6363636363636364
util.ui.HelpDialog;21;0.4;0.65
util.ui.LineNumberHeader;11;0.4;0.7
util.ui.ListDragAndDropHandler;15;0.5714285714285714;0.5714285714285714
util.ui.LocalPluginProgramFormatingSettingsDialog;13;0.3333333333333333;0.6666666666666666
util.ui.Localizer;64;0.5714285714285714;0.5714285714285714
util.ui.MultipleFieldReader;13;0.5833333333333334;0.6666666666666666
util.ui.OrderChooser;31;0.6;0.6
util.ui.OverlayListener;10;0.4444444444444444;0.7777777777777778
util.ui.PictureAreaIcon;12;0.45454545454545453;0.7272727272727273
util.ui.PluginChooserDlg;12;0.36363636363636365;0.6363636363636364
util.ui.ProgramList;21;0.55;0.6
util.ui.ProgramPanel;78;0.5194805194805194;0.5454545454545454
util.ui.ScrollableMenu;39;0.5526315789473685;0.5789473684210527
util.ui.SearchForm;38;0.5675675675675675;0.5675675675675675
util.ui.SearchFormSettings;30;0.5172413793103449;0.5862068965517241
util.ui.SearchHelper;15;0.5714285714285714;0.7142857142857143
util.ui.SingleAndDoubleClickTreeUI;15;0.6428571428571429;0.6428571428571429
util.ui.TVBrowserIcons;32;0.6451612903225806;0.6129032258064516
util.ui.TabLayout;10;0.4444444444444444;0.7777777777777778
util.ui.TextAreaIcon;16;0.6;0.6666666666666666
util.ui.TimePeriodChooser;14;0.5384615384615384;0.6153846153846154
util.ui.UiUtilities;30;0.7586206896551724;0.5862068965517241
util.ui.beanshell.SyntaxDocument;32;0.45161290322580644;0.5806451612903226
util.ui.customizableitems.CustomizableItemsPanel;36;0.6;0.5714285714285714
util.ui.customizableitems.SelectableItemList;30;0.41379310344827586;0.6206896551724138
util.ui.customizableitems.SortableItemList;27;0.38461538461538464;0.6153846153846154
util.ui.findasyoutype.FindAction;38;0.4864864864864865;0.5945945945945946
util.ui.findasyoutype.TextComponentFindAction;22;0.5238095238095238;0.6190476190476191
util.ui.login.LoginDialog;14;0.5384615384615384;0.6153846153846154
util.ui.table.TableSorter;40;0.5128205128205128;0.5897435897435898
util.ui.view.Node;18;0.47058823529411764;0.7058823529411765
util.ui.view.SplitViewProperty;15;0.2857142857142857;0.6428571428571429
webplugin.WebAddress;22;0.6190476190476191;0.5714285714285714
webplugin.WebAddressEditDialog;11;0.6;0.7
webplugin.WebPlugin;38;0.5405405405405406;0.5675675675675675
webplugin.WebSettingsTab;29;0.5;0.6071428571428571
