file;entities;metric;metric_random
wicket.AccessStackPageMap;15;0.7142857142857143;0.6428571428571429
wicket.Application;58;0.7192982456140351;0.543859649122807
wicket.AttributeModifier;18;0.7058823529411765;0.5882352941176471
wicket.Component;170;0.9053254437869822;0.5502958579881657
wicket.Localizer;11;0.8;0.8
wicket.MarkupContainer;46;0.8444444444444444;0.5555555555555556
wicket.Page;66;0.8923076923076924;0.5538461538461539
wicket.PageMap;29;0.6785714285714286;0.6785714285714286
wicket.Request;13;0.8333333333333334;0.6666666666666666
wicket.RequestCycle;67;0.9090909090909091;0.5909090909090909
wicket.RequestListenerInterface;13;0.6666666666666666;0.75
wicket.Resource;14;0.6153846153846154;0.6923076923076923
wicket.ResourceReference;18;0.7647058823529411;0.6470588235294118
wicket.Response;17;0.8125;0.6875
wicket.Session;75;0.7432432432432432;0.5540540540540541
wicket.SharedResources;12;0.8181818181818182;0.7272727272727273
wicket.ajax.AbstractDefaultAjaxBehavior;15;0.7142857142857143;0.6428571428571429
wicket.ajax.AjaxEventBehavior;12;0.36363636363636365;0.6363636363636364
wicket.ajax.AjaxRequestTarget;23;0.8181818181818182;0.5909090909090909
wicket.behavior.AbstractAjaxBehavior;13;0.5833333333333334;0.5833333333333334
wicket.behavior.AbstractBehavior;10;0.5555555555555556;0.6666666666666666
wicket.behavior.HeaderContributor;12;0.6363636363636364;0.6363636363636364
wicket.feedback.FeedbackMessage;26;0.76;0.6
wicket.feedback.FeedbackMessages;23;0.8181818181818182;0.6363636363636364
wicket.feedback.FeedbackMessagesModel;14;0.5384615384615384;0.6153846153846154
wicket.markup.ComponentTag;76;0.9066666666666666;0.56
wicket.markup.ContainerInfo;11;0.9;0.6
wicket.markup.Markup;30;0.6551724137931034;0.6206896551724138
wicket.markup.MarkupCache;18;0.7058823529411765;0.6470588235294118
wicket.markup.MarkupFragment;17;0.5625;0.6875
wicket.markup.MarkupParser;20;0.5263157894736842;0.631578947368421
wicket.markup.MarkupResourceStream;17;0.625;0.6875
wicket.markup.MarkupStream;34;0.7575757575757576;0.6060606060606061
wicket.markup.html.PackageResource;19;0.8333333333333334;0.6666666666666666
wicket.markup.html.WebPage;18;0.5882352941176471;0.6470588235294118
wicket.markup.html.border.Border;13;0.5;0.6666666666666666
wicket.markup.html.form.AbstractChoice;14;0.6153846153846154;0.6153846153846154
wicket.markup.html.form.AbstractSingleSelectChoice;10;0.6666666666666666;0.6666666666666666
wicket.markup.html.form.Button;13;0.5833333333333334;0.6666666666666666
wicket.markup.html.form.Form;61;0.65;0.6333333333333333
wicket.markup.html.form.FormComponent;63;0.6612903225806451;0.5806451612903226
wicket.markup.html.form.ListMultipleChoice;11;0.6;0.7
wicket.markup.html.form.RadioChoice;12;0.45454545454545453;0.6363636363636364
wicket.markup.html.form.persistence.CookieValuePersister;14;0.6923076923076923;0.6153846153846154
wicket.markup.html.form.persistence.CookieValuePersisterSettings;15;0.5714285714285714;0.6428571428571429
wicket.markup.html.form.upload.FileUpload;10;0.6666666666666666;0.6666666666666666
wicket.markup.html.form.validation.NumberValidator;10;0.3333333333333333;0.6666666666666666
wicket.markup.html.image.Image;12;0.7272727272727273;0.7272727272727273
wicket.markup.html.image.resource.DefaultButtonImageResource;25;0.7916666666666666;0.625
wicket.markup.html.image.resource.LocalizedImageResource;18;0.5882352941176471;0.5882352941176471
wicket.markup.html.image.resource.RenderedDynamicImageResource;15;0.7857142857142857;0.7142857142857143
wicket.markup.html.internal.HeaderResponse;10;0.4444444444444444;0.6666666666666666
wicket.markup.html.link.BookmarkablePageLink;14;0.6923076923076923;0.6923076923076923
wicket.markup.html.link.Link;27;0.8461538461538461;0.6538461538461539
wicket.markup.html.link.PopupSettings;26;0.8;0.6
wicket.markup.html.list.ListView;22;0.8571428571428571;0.6190476190476191
wicket.markup.html.list.PageableListView;10;0.7777777777777778;0.7777777777777778
wicket.markup.html.navigation.paging.PagingNavigation;20;0.5263157894736842;0.631578947368421
wicket.markup.html.panel.FeedbackPanel;19;0.8333333333333334;0.6111111111111112
wicket.markup.html.panel.Fragment;10;0.4444444444444444;0.6666666666666666
wicket.markup.html.tree.AbstractTree;56;0.8909090909090909;0.5454545454545454
wicket.markup.html.tree.DefaultAbstractTree;22;0.8571428571428571;0.5714285714285714
wicket.markup.html.tree.DefaultTreeState;18;0.8823529411764706;0.5882352941176471
wicket.markup.html.tree.table.PropertyRenderableColumn;10;0.6666666666666666;0.6666666666666666
wicket.markup.html.tree.table.SideColumnsView;11;0.8;0.7
wicket.markup.html.tree.table.TreeTable;10;0.5555555555555556;0.6666666666666666
wicket.markup.loader.InheritedMarkupMarkupLoader;10;0.2222222222222222;0.6666666666666666
wicket.markup.parser.XmlPullParser;21;0.5;0.65
wicket.markup.parser.XmlTag;48;0.8936170212765957;0.5531914893617021
wicket.model.AbstractDetachableAssignmentAwareModel;16;0.7333333333333333;0.6
wicket.model.AbstractDetachableInheritableModel;16;0.7333333333333333;0.6
wicket.model.AbstractDetachableModel;15;0.7142857142857143;0.5714285714285714
wicket.model.AbstractPropertyAssignmentAwareModel;10;0.7777777777777778;0.6666666666666666
wicket.model.AbstractPropertyInheritableModel;10;0.7777777777777778;0.6666666666666666
wicket.model.BoundCompoundPropertyModel;10;0.6666666666666666;0.7777777777777778
wicket.model.LoadableDetachableModel;10;0.6666666666666666;0.7777777777777778
wicket.model.StringResourceModel;18;0.7647058823529411;0.6470588235294118
wicket.protocol.http.AbstractHttpSessionStore;13;0.5;0.6666666666666666
wicket.protocol.http.BufferedHttpServletResponse;52;0.49019607843137253;0.5686274509803921
wicket.protocol.http.ClientProperties;47;0.9347826086956522;0.5869565217391305
wicket.protocol.http.MockHttpServletRequest;78;0.948051948051948;0.5714285714285714
wicket.protocol.http.MockHttpServletResponse;59;0.9655172413793104;0.5689655172413793
wicket.protocol.http.MockHttpSession;24;0.9130434782608695;0.6521739130434783
wicket.protocol.http.MockServletContext;32;0.9354838709677419;0.5806451612903226
wicket.protocol.http.MockWebApplication;32;0.6774193548387096;0.6129032258064516
wicket.protocol.http.RequestLogger;18;0.35294117647058826;0.6470588235294118
wicket.protocol.http.WebApplication;38;0.6486486486486487;0.6216216216216216
wicket.protocol.http.WebRequest;11;0.9;0.6
wicket.protocol.http.WebRequestCycle;11;0.7;0.7
wicket.protocol.http.WebResponse;23;0.6818181818181818;0.5909090909090909
wicket.protocol.http.WebSession;11;0.5;0.7
wicket.protocol.http.WicketFilter;19;0.7777777777777778;0.6111111111111112
wicket.protocol.http.documentvalidation.HtmlDocumentParser;22;0.8095238095238095;0.6666666666666666
wicket.protocol.http.documentvalidation.HtmlDocumentValidator;14;0.7692307692307693;0.6153846153846154
wicket.protocol.http.documentvalidation.Tag;12;0.9090909090909091;0.6363636363636364
wicket.protocol.http.portlet.PortletApplication;24;0.5652173913043478;0.6521739130434783
wicket.protocol.http.portlet.PortletPage;12;0.7272727272727273;0.6363636363636364
wicket.protocol.http.portlet.PortletRequestCodingStrategy;25;0.6666666666666666;0.6666666666666666
wicket.protocol.http.portlet.PortletSessionStore;21;0.55;0.65
wicket.protocol.http.portlet.WicketPortletRequest;10;0.8888888888888888;0.6666666666666666
wicket.protocol.http.request.AbstractWebRequestCodingStrategy;18;0.7058823529411765;0.6470588235294118
wicket.protocol.http.request.CryptedUrlWebRequestCodingStrategy;13;0.5;0.75
wicket.protocol.http.request.WebClientInfo;10;0.3333333333333333;0.7777777777777778
wicket.protocol.http.request.WebErrorCodeResponseTarget;10;0.6666666666666666;0.6666666666666666
wicket.protocol.http.request.WebRequestCodingStrategy;10;0.4444444444444444;0.7777777777777778
wicket.protocol.http.servlet.MultipartServletWebRequest;14;0.6153846153846154;0.6153846153846154
wicket.protocol.http.servlet.ServletWebRequest;14;0.6923076923076923;0.6923076923076923
wicket.request.RequestParameters;34;0.5151515151515151;0.5757575757575758
wicket.request.compound.CompoundRequestCycleProcessor;15;0.8571428571428571;0.6428571428571429
wicket.request.target.component.BookmarkablePageRequestTarget;17;0.75;0.625
wicket.request.target.component.listener.AbstractListenerInterfaceRequestTarget;10;0.6666666666666666;0.7777777777777778
wicket.request.target.resource.ResourceStreamRequestTarget;12;0.7272727272727273;0.6363636363636364
wicket.request.target.resource.SharedResourceRequestTarget;10;0.8888888888888888;0.6666666666666666
wicket.resource.PropertiesFactory;11;0.7;0.6
wicket.settings.Settings;148;0.9455782312925171;0.5374149659863946
wicket.util.collections.IntHashMap;44;0.5581395348837209;0.5813953488372093
wicket.util.collections.MicroMap;17;0.5;0.625
wicket.util.collections.MiniMap;24;0.5652173913043478;0.6521739130434783
wicket.util.convert.ConversionException;16;0.8666666666666667;0.6
wicket.util.crypt.AbstractCrypt;13;0.6666666666666666;0.75
wicket.util.crypt.Base64;24;0.4782608695652174;0.6086956521739131
wicket.util.crypt.Base64UrlSafe;19;0.5555555555555556;0.6666666666666666
wicket.util.diff.Chunk;20;0.5789473684210527;0.631578947368421
wicket.util.diff.Delta;14;0.46153846153846156;0.6153846153846154
wicket.util.diff.Diff;17;0.6875;0.625
wicket.util.diff.Revision;13;0.5;0.6666666666666666
wicket.util.io.ByteArrayOutputStream;16;0.8666666666666667;0.6666666666666666
wicket.util.io.FullyBufferedReader;21;0.7;0.65
wicket.util.io.IOUtils;34;0.9090909090909091;0.6666666666666666
wicket.util.io.StringBufferWriter;11;0.8;0.7
wicket.util.io.ThresholdingOutputStream;14;0.6153846153846154;0.6923076923076923
wicket.util.io.XmlReader;14;0.5384615384615384;0.6153846153846154
wicket.util.lang.Bytes;23;0.6363636363636364;0.6363636363636364
wicket.util.lang.Objects;36;0.7714285714285715;0.5714285714285714
wicket.util.parse.metapattern.MetaPattern;62;0.5245901639344263;0.5573770491803278
wicket.util.resource.FileResourceStream;10;0.6666666666666666;0.6666666666666666
wicket.util.resource.TextTemplateDecorator;18;0.7647058823529411;0.5882352941176471
wicket.util.resource.UrlResourceStream;16;0.5333333333333333;0.6
wicket.util.string.AbstractStringList;10;0.7777777777777778;0.6666666666666666
wicket.util.string.AppendingStringBuffer;59;0.8103448275862069;0.6206896551724138
wicket.util.string.JavascriptUtils;16;0.4666666666666667;0.6666666666666666
wicket.util.string.StringList;24;0.9130434782608695;0.6521739130434783
wicket.util.string.StringValue;48;0.9361702127659575;0.5957446808510638
wicket.util.string.Strings;34;0.7878787878787878;0.6060606060606061
wicket.util.tester.FormTester;14;0.8461538461538461;0.6923076923076923
wicket.util.tester.TagTester;13;0.5;0.6666666666666666
wicket.util.tester.WicketTester;36;0.5714285714285714;0.6
wicket.util.thread.Task;13;0.8333333333333334;0.6666666666666666
wicket.util.time.Duration;35;0.9117647058823529;0.5882352941176471
wicket.util.time.Time;40;0.9487179487179487;0.6153846153846154
wicket.util.time.TimeFrame;13;0.8333333333333334;0.5833333333333334
wicket.util.time.TimeOfDay;23;0.8181818181818182;0.5909090909090909
wicket.util.upload.DiskFileItem;33;0.5625;0.625
wicket.util.upload.FileUploadBase;24;0.43478260869565216;0.6086956521739131
wicket.util.upload.MultipartFormInputStream;30;0.4827586206896552;0.5862068965517241
wicket.util.upload.ParameterParser;16;0.5333333333333333;0.6
wicket.util.value.CopyOnWriteValueMap;32;0.9354838709677419;0.5806451612903226
wicket.util.value.IntValue;10;0.8888888888888888;0.7777777777777778
wicket.util.value.LongValue;10;0.8888888888888888;0.6666666666666666
wicket.util.value.ValueMap;26;0.76;0.6
wicket.version.undo.UndoPageVersionManager;18;0.8823529411764706;0.6470588235294118
