file;entities;metric
com.puppycrawl.tools.checkstyle.CheckStyleTask;12;
com.puppycrawl.tools.checkstyle.Checker;13;
com.puppycrawl.tools.checkstyle.ConfigurationLoader;5;
com.puppycrawl.tools.checkstyle.StringArrayReader;6;
com.puppycrawl.tools.checkstyle.TreeWalker;8;
com.puppycrawl.tools.checkstyle.api.Check;5;
com.puppycrawl.tools.checkstyle.api.Comment;5;
com.puppycrawl.tools.checkstyle.api.DetailAST;6;
com.puppycrawl.tools.checkstyle.api.FileContents;5;
com.puppycrawl.tools.checkstyle.checks.DescendantTokenCheck;9;
com.puppycrawl.tools.checkstyle.checks.RegexpCheck;10;
com.puppycrawl.tools.checkstyle.checks.UncommentedMainCheck;5;
com.puppycrawl.tools.checkstyle.checks.coding.HiddenFieldCheck;5;
com.puppycrawl.tools.checkstyle.checks.coding.IllegalInstantiationCheck;5;
com.puppycrawl.tools.checkstyle.checks.duplicates.StrictDuplicateCodeCheck;8;
com.puppycrawl.tools.checkstyle.checks.imports.Guard;6;
com.puppycrawl.tools.checkstyle.checks.imports.ImportOrderCheck;10;
com.puppycrawl.tools.checkstyle.checks.indentation.ExpressionHandler;5;
com.puppycrawl.tools.checkstyle.checks.indentation.IndentationCheck;5;
com.puppycrawl.tools.checkstyle.checks.javadoc.HtmlTag;6;
com.puppycrawl.tools.checkstyle.checks.javadoc.JavadocMethodCheck;9;
com.puppycrawl.tools.checkstyle.checks.javadoc.JavadocStyleCheck;7;
com.puppycrawl.tools.checkstyle.checks.javadoc.JavadocTypeCheck;8;
com.puppycrawl.tools.checkstyle.checks.javadoc.WriteTagCheck;5;
com.puppycrawl.tools.checkstyle.checks.metrics.AbstractClassCouplingCheck;5;
com.puppycrawl.tools.checkstyle.checks.regexp.DetectorOptions;8;
com.puppycrawl.tools.checkstyle.filters.SuppressElement;9;
com.puppycrawl.tools.checkstyle.filters.SuppressWithNearbyCommentFilter;9;
com.puppycrawl.tools.checkstyle.filters.SuppressionCommentFilter;9;
com.puppycrawl.tools.checkstyle.gui.ParseTreeInfoPanel;6;
