file;entities;metric;metric_random
net.sourceforge.cobertura.ant.CheckTask;10;0.8888888888888888;1.0
net.sourceforge.cobertura.ant.CommonMatchingTask;5;1.0;1.0
net.sourceforge.cobertura.ant.InstrumentTask;9;0.875;0.875
net.sourceforge.cobertura.ant.ReportTask;5;;
net.sourceforge.cobertura.check.Main;5;;
net.sourceforge.cobertura.coveragedata.ClassData;5;;
net.sourceforge.cobertura.coveragedata.LineData;7;;
net.sourceforge.cobertura.coveragedata.SwitchData;5;;
net.sourceforge.cobertura.instrument.ClassInstrumenter;6;;
net.sourceforge.cobertura.instrument.FirstPassMethodInstrumenter;15;;
net.sourceforge.cobertura.instrument.Main;5;;
net.sourceforge.cobertura.instrument.SecondPassMethodInstrumenter;9;;
net.sourceforge.cobertura.reporting.html.HTMLReport;5;;
