file;entities;metric;metric_random
net.sourceforge.cruisecontrol.BuildLoopInformation;5;;
net.sourceforge.cruisecontrol.Builder;6;;
net.sourceforge.cruisecontrol.CruiseControlController;7;;
net.sourceforge.cruisecontrol.Log;7;;
net.sourceforge.cruisecontrol.Modification;7;;
net.sourceforge.cruisecontrol.ModificationSet;5;;
net.sourceforge.cruisecontrol.Project;26;;
net.sourceforge.cruisecontrol.ProjectConfig;13;;
net.sourceforge.cruisecontrol.Schedule;6;;
net.sourceforge.cruisecontrol.bootstrappers.AccurevBootstrapper;5;;
net.sourceforge.cruisecontrol.bootstrappers.CMSynergyBaselineBootstrapper;9;;
net.sourceforge.cruisecontrol.bootstrappers.CMSynergyBootstrapper;5;;
net.sourceforge.cruisecontrol.bootstrappers.CVSBootstrapper;6;;
net.sourceforge.cruisecontrol.bootstrappers.P4Bootstrapper;5;;
net.sourceforge.cruisecontrol.bootstrappers.PlasticSCMBootstrapper;5;;
net.sourceforge.cruisecontrol.bootstrappers.SSCMBootstrapper;10;;
net.sourceforge.cruisecontrol.bootstrappers.SVNBootstrapper;5;;
net.sourceforge.cruisecontrol.bootstrappers.TFSBootstrapper;7;;
net.sourceforge.cruisecontrol.bootstrappers.VssBootstrapper;5;;
net.sourceforge.cruisecontrol.builders.AntBuilder;21;;
net.sourceforge.cruisecontrol.builders.AntScript;23;;
net.sourceforge.cruisecontrol.builders.CompositeBuilder;5;;
net.sourceforge.cruisecontrol.builders.ExecBuilder;6;;
net.sourceforge.cruisecontrol.builders.ExecScript;8;;
net.sourceforge.cruisecontrol.builders.Maven2Builder;10;;
net.sourceforge.cruisecontrol.builders.Maven2Script;12;;
net.sourceforge.cruisecontrol.builders.MavenScript;8;;
net.sourceforge.cruisecontrol.builders.NantBuilder;12;;
net.sourceforge.cruisecontrol.builders.NantScript;11;;
net.sourceforge.cruisecontrol.builders.PhingBuilder;14;;
net.sourceforge.cruisecontrol.builders.PhingScript;11;;
net.sourceforge.cruisecontrol.builders.RakeBuilder;7;;
net.sourceforge.cruisecontrol.builders.RakeScript;8;;
net.sourceforge.cruisecontrol.builders.XcodeBuilder;7;1.0;1.0
net.sourceforge.cruisecontrol.buildloggers.MergeLogger;5;;
net.sourceforge.cruisecontrol.config.DefaultPropertiesPlugin;6;;
net.sourceforge.cruisecontrol.config.XMLConfigManager;5;;
net.sourceforge.cruisecontrol.gendoc.PluginInfo;9;;
net.sourceforge.cruisecontrol.gendoc.PluginInfoParser;5;;
net.sourceforge.cruisecontrol.jmx.CruiseControlControllerAgent;8;;
net.sourceforge.cruisecontrol.labelincrementers.DefaultLabelIncrementer;5;;
net.sourceforge.cruisecontrol.labelincrementers.FormattedLabelIncrementer;6;;
net.sourceforge.cruisecontrol.labelincrementers.P4ChangelistLabelIncrementer;9;;
net.sourceforge.cruisecontrol.publishers.ArtifactsPublisher;6;;
net.sourceforge.cruisecontrol.publishers.CMSynergyBaselinePublisher;5;;
net.sourceforge.cruisecontrol.publishers.HTMLEmailPublisher;8;;
net.sourceforge.cruisecontrol.publishers.RSSPublisher;5;;
net.sourceforge.cruisecontrol.publishers.SCPPublisher;12;;
net.sourceforge.cruisecontrol.publishers.SocketPublisher;5;;
net.sourceforge.cruisecontrol.publishers.WeblogPublisher;15;;
net.sourceforge.cruisecontrol.publishers.X10Publisher;5;;
net.sourceforge.cruisecontrol.publishers.email.LDAPMapper;8;;
net.sourceforge.cruisecontrol.publishers.rss.Feed;6;;
net.sourceforge.cruisecontrol.publishers.rss.Item;5;;
net.sourceforge.cruisecontrol.publishers.sfee.SfeeDocumentManagerPublisher;9;;
net.sourceforge.cruisecontrol.publishers.sfee.SfeeTrackerPublisher;6;;
net.sourceforge.cruisecontrol.sourcecontrols.Accurev;5;;
net.sourceforge.cruisecontrol.sourcecontrols.AlienBrainCore;6;;
net.sourceforge.cruisecontrol.sourcecontrols.CMSynergy;23;;
net.sourceforge.cruisecontrol.sourcecontrols.ClearCase;7;;
net.sourceforge.cruisecontrol.sourcecontrols.MKS;6;;
net.sourceforge.cruisecontrol.sourcecontrols.Maven2SnapshotDependency;5;;
net.sourceforge.cruisecontrol.sourcecontrols.MavenSnapshotDependency;6;;
net.sourceforge.cruisecontrol.sourcecontrols.P4;9;;
net.sourceforge.cruisecontrol.sourcecontrols.PVCS;10;;
net.sourceforge.cruisecontrol.sourcecontrols.SSCM;9;;
net.sourceforge.cruisecontrol.sourcecontrols.SVN;8;;
net.sourceforge.cruisecontrol.sourcecontrols.Store;8;;
net.sourceforge.cruisecontrol.sourcecontrols.TeamFoundationServer;9;;
net.sourceforge.cruisecontrol.sourcecontrols.UCM;9;;
net.sourceforge.cruisecontrol.sourcecontrols.Vss;8;;
net.sourceforge.cruisecontrol.sourcecontrols.VssJournal;9;;
net.sourceforge.cruisecontrol.util.AbstractFTPClass;7;;
net.sourceforge.cruisecontrol.util.EmptyElementFilter;5;;
net.sourceforge.cruisecontrol.util.ManagedCommandline;5;;
net.sourceforge.cruisecontrol.util.StdoutBuffer;5;;
net.sourceforge.cruisecontrol.util.XPathAwareChild;5;;
net.sourceforge.cruisecontrol.util.threadpool.ThreadQueue;6;;
