file;entities;metric;metric_random
installer.CBZip2InputStream;37;;
installer.CBZip2OutputStream;32;;
installer.InstallThread.InstallThread(Install,Progress,String,OperatingSystem;6;;
installer.SwingInstall;13;;
installer.TarBuffer;9;;
installer.TarHeader;14;;
installer.TarInputStream;9;;
installer.TarOutputStream;8;;
QuickNotepad;6;;
org.gjt.sp.jedit.ActionListHandler;9;;
org.gjt.sp.jedit.BeanShellAction;5;;
org.gjt.sp.jedit.EditPane;9;;
org.gjt.sp.jedit.EditServer;5;;
org.gjt.sp.jedit.JEditBeanShellAction;8;;
org.gjt.sp.jedit.Mode;8;0.8571428571428571;1.0
org.gjt.sp.jedit.PluginJAR;18;;
org.gjt.sp.jedit.ServiceListHandler;7;;
org.gjt.sp.jedit.browser.BrowserIORequest;7;;
org.gjt.sp.jedit.browser.BrowserView;7;;
org.gjt.sp.jedit.browser.VFSDirectoryEntryTable;6;;
org.gjt.sp.jedit.browser.VFSFileChooserDialog;7;;
org.gjt.sp.jedit.bsh.BSHClassDeclaration;5;;
org.gjt.sp.jedit.bsh.BSHForStatement;8;1.0;1.0
org.gjt.sp.jedit.bsh.BSHMethodDeclaration;8;0.8571428571428571;0.8571428571428571
org.gjt.sp.jedit.bsh.BshClassManager;8;0.8571428571428571;1.0
org.gjt.sp.jedit.bsh.BshMethod;10;0.8888888888888888;0.8888888888888888
org.gjt.sp.jedit.bsh.ClassGeneratorUtil;12;;
org.gjt.sp.jedit.bsh.DelayedEvalBshMethod;6;;
org.gjt.sp.jedit.bsh.Interpreter;12;0.8181818181818182;0.9090909090909091
org.gjt.sp.jedit.bsh.JJTParserState;5;;
org.gjt.sp.jedit.bsh.JavaCharStream;16;0.9333333333333333;0.8666666666666667
org.gjt.sp.jedit.bsh.SimpleNode;5;1.0;1.0
org.gjt.sp.jedit.bsh.Token;5;;
org.gjt.sp.jedit.bsh.Variable;6;;
org.gjt.sp.jedit.bsh.classpath.ClassManagerImpl;7;;
org.gjt.sp.jedit.bsh.org.objectweb.asm.ClassWriter;20;0.8947368421052632;0.8947368421052632
org.gjt.sp.jedit.bsh.org.objectweb.asm.Item;11;;
org.gjt.sp.jedit.bsh.org.objectweb.asm.Label;10;0.8888888888888888;0.8888888888888888
org.gjt.sp.jedit.buffer.LineManager;8;;
org.gjt.sp.jedit.buffer.UndoManager;10;;
org.gjt.sp.jedit.bufferio.BufferIORequest;6;;
org.gjt.sp.jedit.bufferio.MarkersSaveRequest;6;;
org.gjt.sp.jedit.gui.AbstractContextOptionPane;8;;
org.gjt.sp.jedit.gui.ActionBar;6;;
org.gjt.sp.jedit.gui.AddAbbrevDialog;5;;
org.gjt.sp.jedit.gui.AnimatedIcon;6;;
org.gjt.sp.jedit.gui.BufferOptions;5;;
org.gjt.sp.jedit.gui.CloseDialog;9;0.875;0.875
org.gjt.sp.jedit.gui.CompleteWord;5;;
org.gjt.sp.jedit.gui.ContextAddDialog;5;;
org.gjt.sp.jedit.gui.DockableLayout;7;;
org.gjt.sp.jedit.gui.EditAbbrevDialog;6;;
org.gjt.sp.jedit.gui.ExtendedGridLayoutConstraints;9;;
org.gjt.sp.jedit.gui.FilesChangedDialog;9;;
org.gjt.sp.jedit.gui.FilteredListModel;5;1.0;1.0
org.gjt.sp.jedit.gui.FilteredTableModel;5;1.0;1.0
org.gjt.sp.jedit.gui.FontSelectorDialog;11;;
org.gjt.sp.jedit.gui.GrabKeyDialog;10;;
org.gjt.sp.jedit.gui.HistoryText;6;;
org.gjt.sp.jedit.gui.LogViewer;7;;
org.gjt.sp.jedit.gui.MarkerViewer;5;;
org.gjt.sp.jedit.gui.OptionsDialog;9;0.75;1.0
org.gjt.sp.jedit.gui.PasteFromListDialog;6;;
org.gjt.sp.jedit.gui.PingPongList;8;;
org.gjt.sp.jedit.gui.RegisterViewer;7;;
org.gjt.sp.jedit.gui.SelectLineRange;5;;
org.gjt.sp.jedit.gui.StatusBar;20;0.9473684210526315;1.0
org.gjt.sp.jedit.gui.StyleEditor;9;;
org.gjt.sp.jedit.gui.VariableGridLayout;14;;
org.gjt.sp.jedit.help.HelpTOCPanel;5;;
org.gjt.sp.jedit.help.HelpViewer;11;;
org.gjt.sp.jedit.help.HistoryButton;6;;
org.gjt.sp.jedit.menu.EnhancedMenu;5;;
org.gjt.sp.jedit.options.AbbrevsOptionPane;8;;
org.gjt.sp.jedit.options.AppearanceOptionPane;16;;
org.gjt.sp.jedit.options.BrowserOptionPane;10;;
org.gjt.sp.jedit.options.BufferOptionPane;13;;
org.gjt.sp.jedit.options.EditingOptionPane;21;;
org.gjt.sp.jedit.options.EncodingsOptionPane;7;;
org.gjt.sp.jedit.options.FirewallOptionPane;9;;
org.gjt.sp.jedit.options.GeneralOptionPane;11;;
org.gjt.sp.jedit.options.GutterOptionPane;23;;
org.gjt.sp.jedit.options.MouseOptionPane;5;;
org.gjt.sp.jedit.options.PluginManagerOptionPane;10;;
org.gjt.sp.jedit.options.PrintOptionPane;9;;
org.gjt.sp.jedit.options.SaveBackupOptionPane;11;;
org.gjt.sp.jedit.options.ShortcutsOptionPane;6;;
org.gjt.sp.jedit.options.StatusBarOptionPane;17;;
org.gjt.sp.jedit.options.TextAreaOptionPane;26;;
org.gjt.sp.jedit.options.ViewOptionPane;14;;
org.gjt.sp.jedit.pluginmgr.InstallPanel;8;;
org.gjt.sp.jedit.pluginmgr.ManagePanel;9;;
org.gjt.sp.jedit.pluginmgr.MirrorListHandler;9;;
org.gjt.sp.jedit.pluginmgr.PluginList;7;0.8333333333333334;1.0
org.gjt.sp.jedit.pluginmgr.PluginListHandler;23;;
org.gjt.sp.jedit.pluginmgr.PluginManager;11;;
org.gjt.sp.jedit.pluginmgr.PluginManagerProgress;7;;
org.gjt.sp.jedit.print.BufferPrintable;17;;
org.gjt.sp.jedit.search.BoyerMooreSearchMatcher;7;;
org.gjt.sp.jedit.search.DirectoryListSet;5;;
org.gjt.sp.jedit.search.HyperSearchRequest;7;;
org.gjt.sp.jedit.search.HyperSearchResult;6;;
org.gjt.sp.jedit.search.HyperSearchResults;10;;
org.gjt.sp.jedit.search.SearchBar;13;;
org.gjt.sp.jedit.search.SearchDialog;14;;
org.gjt.sp.jedit.syntax.DisplayTokenHandler;10;;
org.gjt.sp.jedit.syntax.ParserRule;13;1.0;1.0
org.gjt.sp.jedit.syntax.ParserRuleSet;15;;
org.gjt.sp.jedit.syntax.Token;5;;
org.gjt.sp.jedit.syntax.TokenMarker;12;;
org.gjt.sp.jedit.syntax.XModeHandler;10;;
org.gjt.sp.jedit.textarea.Anchor;6;1.0;0.8
org.gjt.sp.jedit.textarea.BufferHandler;7;;
org.gjt.sp.jedit.textarea.ChunkCache;9;;
org.gjt.sp.jedit.textarea.Gutter;27;;
org.gjt.sp.jedit.textarea.InputMethodSupport;5;;
org.gjt.sp.jedit.textarea.ScrollLayout;5;;
org.gjt.sp.jedit.textarea.TextAreaMouseHandler;10;;
org.gjt.sp.util.WorkThread;8;;
