file;entities;metric;metric_random
net.sf.jftp.gui.DirEntry;12;0.8181818181818182;0.9090909090909091
net.sf.jftp.gui.DirLister;7;0.8333333333333334;1.0
net.sf.jftp.gui.DirPanel;8;0.8571428571428571;1.0
net.sf.jftp.gui.DownloadList;8;;
net.sf.jftp.gui.HostChooser;16;1.0;0.8666666666666667
net.sf.jftp.gui.HostList;30;;
net.sf.jftp.gui.Properties;6;;
net.sf.jftp.gui.Remover;5;;
net.sf.jftp.gui.Renamer;5;1.0;1.0
net.sf.jftp.gui.StatusCanvas;7;;
net.sf.jftp.gui.StatusPanel;5;0.75;1.0
net.sf.jftp.gui.framework.HImageButton;13;1.0;0.9166666666666666
net.sf.jftp.net.DataConnection;14;0.8461538461538461;0.9230769230769231
net.sf.jftp.net.FilesystemConnection;6;;
net.sf.jftp.net.JConnection;11;;
net.sf.jftp.net.SmbConnection;9;;
