file;entities;metric;metric_random
org.jhotdraw.app.AbstractApplicationModel;5;;
org.jhotdraw.app.AbstractView;9;0.5;0.75
org.jhotdraw.app.MDIApplication;5;;
org.jhotdraw.app.action.view.ToggleViewPropertyAction;7;0.8333333333333334;1.0
org.jhotdraw.app.action.view.ViewPropertyAction;6;;
org.jhotdraw.app.osx.OSXPaletteHandler;5;;
org.jhotdraw.beans.PropertyChangeEdit;6;;
org.jhotdraw.color.AbstractColorWheelImageProducer;9;;
org.jhotdraw.color.CIEXYChromaticityDiagramImageProducer;10;1.0;1.0
org.jhotdraw.color.ColorTrackImageProducer;7;;
org.jhotdraw.color.DefaultHarmonicColorModel;7;1.0;1.0
org.jhotdraw.color.JColorWheel;12;0.8181818181818182;0.8181818181818182
org.jhotdraw.color.JHarmonicColorWheel;6;;
org.jhotdraw.color.QuantizingColorWheelImageProducer;5;;
org.jhotdraw.draw.AbstractCompositeFigure;5;0.75;0.75
org.jhotdraw.draw.AbstractFigure;8;0.8571428571428571;0.7142857142857143
org.jhotdraw.draw.AttributeKey;5;0.75;1.0
org.jhotdraw.draw.DefaultDrawingEditor;10;;
org.jhotdraw.draw.action.AttributeToggler;5;0.75;1.0
org.jhotdraw.draw.event.AbstractAttributeEditorHandler;11;0.8;0.8
org.jhotdraw.draw.event.SelectionComponentDisplayer;5;0.75;1.0
org.jhotdraw.draw.handle.AbstractConnectionHandle;6;0.6;1.0
org.jhotdraw.draw.handle.AbstractHandle;5;0.75;1.0
org.jhotdraw.draw.handle.AbstractRotateHandle;6;1.0;1.0
org.jhotdraw.draw.handle.BezierScaleHandle;6;1.0;1.0
org.jhotdraw.draw.handle.BoundsOutlineHandle;8;;
org.jhotdraw.draw.handle.ConnectorHandle;6;0.6;0.8
org.jhotdraw.draw.io.DOMStorableInputOutputFormat;6;;
org.jhotdraw.draw.io.ImageInputFormat;5;;
org.jhotdraw.draw.io.SerializationInputOutputFormat;6;;
org.jhotdraw.draw.io.TextInputFormat;5;;
org.jhotdraw.draw.text.FloatingTextArea;5;1.0;1.0
org.jhotdraw.draw.tool.AbstractTool;8;0.8571428571428571;0.8571428571428571
org.jhotdraw.draw.tool.BezierTool;9;0.75;0.875
org.jhotdraw.draw.tool.ConnectionTool;9;0.75;0.875
org.jhotdraw.draw.tool.CreationTool;7;0.8333333333333334;0.8333333333333334
org.jhotdraw.draw.tool.DefaultDragTracker;8;0.7142857142857143;0.8571428571428571
org.jhotdraw.draw.tool.DefaultHandleTracker;5;0.75;1.0
org.jhotdraw.draw.tool.DefaultSelectAreaTracker;5;0.75;1.0
org.jhotdraw.draw.tool.DelegationSelectionTool;6;0.8;0.8
org.jhotdraw.draw.tool.DnDTracker;7;0.8333333333333334;0.8333333333333334
org.jhotdraw.geom.BezierPath;5;1.0;1.0
org.jhotdraw.geom.DoubleStroke;6;;
org.jhotdraw.geom.QuadTree;5;;
org.jhotdraw.gui.VerticalGridLayout;5;;
org.jhotdraw.gui.plaf.palette.PaletteFontChooserUI;8;0.8571428571428571;1.0
org.jhotdraw.io.BoundedRangeInputStream;5;0.5;1.0
org.jhotdraw.samples.draw.DrawLiveConnectApplet;5;;
org.jhotdraw.samples.svg.LinearGradient;10;;
org.jhotdraw.samples.svg.RadialGradient;10;;
org.jhotdraw.samples.svg.SVGCreateFromFileTool;6;0.8;0.8
org.jhotdraw.samples.svg.figures.ConvexHullOutlineHandle;9;1.0;1.0
org.jhotdraw.samples.svg.figures.SVGImageFigure;5;0.75;1.0
org.jhotdraw.samples.svg.figures.SVGTextFigure;6;0.8;1.0
org.jhotdraw.samples.svg.gui.AbstractToolBar;5;0.75;1.0
org.jhotdraw.samples.svg.gui.DrawingOpacityIcon;6;;
org.jhotdraw.samples.svg.gui.SelectionOpacityIcon;6;0.8;1.0
org.jhotdraw.samples.svg.io.SVGInputFormat;10;0.6666666666666666;0.8888888888888888
org.jhotdraw.samples.svg.io.SVGOutputFormat;6;;
org.jhotdraw.samples.teddy.regex.Matcher;6;;
org.jhotdraw.text.JavaNumberFormatter;14;0.9230769230769231;1.0
org.jhotdraw.xml.JavaxDOMOutput;6;;
org.jhotdraw.xml.NanoXMLDOMInput;5;0.75;1.0
org.jhotdraw.xml.NanoXMLDOMOutput;7;0.8333333333333334;1.0
