file;entities;metric;metric_random
net.sourceforge.pmd.CommandLineOptions;20;;
net.sourceforge.pmd.CommonAbstractRule;14;;
net.sourceforge.pmd.Report;9;;
net.sourceforge.pmd.RuleContext;5;;
net.sourceforge.pmd.RuleReference;8;;
net.sourceforge.pmd.RuleSet;8;;
net.sourceforge.pmd.RuleViolation;12;;
net.sourceforge.pmd.ant.PMDTask;16;;
net.sourceforge.pmd.cpd.AbstractTokenizer;9;0.875;0.875
net.sourceforge.pmd.cpd.CPDTask;8;;
net.sourceforge.pmd.cpd.GridBagHelper;7;;
net.sourceforge.pmd.cpd.Match;7;;
net.sourceforge.pmd.cpd.MatchAlgorithm;8;;
net.sourceforge.pmd.cpd.TokenEntry;5;;
net.sourceforge.pmd.cpd.cppast.Token;5;;
net.sourceforge.pmd.dcd.asm.TypeSignatureVisitor;6;;
net.sourceforge.pmd.dcd.graph.ClassNode;5;;
net.sourceforge.pmd.dcd.graph.MemberNode;6;1.0;0.8
net.sourceforge.pmd.dfa.DataFlowNode;8;0.8571428571428571;0.8571428571428571
net.sourceforge.pmd.dfa.pathfinder.DAAPathFinder;5;;
net.sourceforge.pmd.jsp.ast.JJTJspParserState;5;;
net.sourceforge.pmd.jsp.ast.Token;5;;
net.sourceforge.pmd.properties.AbstractPMDProperty;7;0.8333333333333334;1.0
net.sourceforge.pmd.renderers.PapariTextRenderer;7;;
net.sourceforge.pmd.rules.design.GenericClassCounterRule;6;0.8;1.0
net.sourceforge.pmd.stat.Metric;7;;
net.sourceforge.pmd.symboltable.NameOccurrence;5;;
net.sourceforge.pmd.typeresolution.visitors.PMDASMVisitor;6;0.8;1.0
net.sourceforge.pmd.util.designer.CreateXMLRulePanel;6;;
net.sourceforge.pmd.util.designer.Designer;10;;
net.sourceforge.pmd.util.viewer.gui.MainFrame;10;;
