file;entities;metric
com.eteks.sweethome3d.HomeFrameController;7;
com.eteks.sweethome3d.SweetHome3D;9;
com.eteks.sweethome3d.applet.AppletApplication;8;
com.eteks.sweethome3d.applet.AppletUserPreferences;8;
com.eteks.sweethome3d.io.AutoRecoveryManager;7;
com.eteks.sweethome3d.io.FileUserPreferences;6;
com.eteks.sweethome3d.j3d.OBJLoader;7;
com.eteks.sweethome3d.j3d.OBJWriter;11;
com.eteks.sweethome3d.j3d.PhotoRenderer;10;
com.eteks.sweethome3d.j3d.TextureManager;5;
com.eteks.sweethome3d.model.BackgroundImage;9;
com.eteks.sweethome3d.model.Camera;11;
com.eteks.sweethome3d.model.CatalogPieceOfFurniture;25;
com.eteks.sweethome3d.model.CatalogTexture;8;
com.eteks.sweethome3d.model.Compass;13;
com.eteks.sweethome3d.model.DimensionLine;8;
com.eteks.sweethome3d.model.Home;40;
com.eteks.sweethome3d.model.HomeEnvironment;20;
com.eteks.sweethome3d.model.HomeFurnitureGroup;13;
com.eteks.sweethome3d.model.HomePieceOfFurniture;33;
com.eteks.sweethome3d.model.HomePrint;13;
com.eteks.sweethome3d.model.Label;5;
com.eteks.sweethome3d.model.LightSource;5;
com.eteks.sweethome3d.model.Room;20;
com.eteks.sweethome3d.model.Sash;5;
com.eteks.sweethome3d.model.UserPreferences;22;
com.eteks.sweethome3d.model.Wall;19;
com.eteks.sweethome3d.plugin.Plugin;9;
com.eteks.sweethome3d.swing.BackgroundImageWizardStepsPanel;17;
com.eteks.sweethome3d.swing.CompassPanel;18;
com.eteks.sweethome3d.swing.FileContentManager;9;
com.eteks.sweethome3d.swing.FurnitureCatalogListPanel;6;
com.eteks.sweethome3d.swing.FurnitureTransferHandler;5;
com.eteks.sweethome3d.swing.HelpPane;5;
com.eteks.sweethome3d.swing.Home3DAttributesPanel;18;
com.eteks.sweethome3d.swing.HomeComponent3D;26;
com.eteks.sweethome3d.swing.HomeFurniturePanel;33;
com.eteks.sweethome3d.swing.HomePrintableComponent;11;
com.eteks.sweethome3d.swing.ImportedFurnitureWizardStepsPanel;40;
com.eteks.sweethome3d.swing.ImportedTextureWizardStepsPanel;17;
com.eteks.sweethome3d.swing.JPEGImagesToVideo;5;
com.eteks.sweethome3d.swing.LabelPanel;5;
com.eteks.sweethome3d.swing.ModelPreviewComponent;7;
com.eteks.sweethome3d.swing.NullableCheckBox;5;
com.eteks.sweethome3d.swing.PageSetupPanel;16;
com.eteks.sweethome3d.swing.PhotoPanel;30;
com.eteks.sweethome3d.swing.PlanComponent;43;
com.eteks.sweethome3d.swing.PlanTransferHandler;6;
com.eteks.sweethome3d.swing.RoomPanel;19;
com.eteks.sweethome3d.swing.ThreadedTaskPanel;6;
com.eteks.sweethome3d.swing.UserPreferencesPanel;36;
com.eteks.sweethome3d.swing.VideoPanel;32;
com.eteks.sweethome3d.swing.WallPanel;37;
com.eteks.sweethome3d.swing.WizardPane;6;
com.eteks.sweethome3d.viewcontroller.BackgroundImageWizardController;19;
com.eteks.sweethome3d.viewcontroller.CompassController;14;
com.eteks.sweethome3d.viewcontroller.FurnitureCatalogController;7;
com.eteks.sweethome3d.viewcontroller.FurnitureController;7;
com.eteks.sweethome3d.viewcontroller.HelpController;11;
com.eteks.sweethome3d.viewcontroller.Home3DAttributesController;17;
com.eteks.sweethome3d.viewcontroller.HomeController3D;9;
com.eteks.sweethome3d.viewcontroller.HomeFurnitureController;31;
com.eteks.sweethome3d.viewcontroller.ImportedFurnitureWizardController;28;
com.eteks.sweethome3d.viewcontroller.ImportedTextureWizardController;15;
com.eteks.sweethome3d.viewcontroller.LabelController;9;
com.eteks.sweethome3d.viewcontroller.PageSetupController;7;
com.eteks.sweethome3d.viewcontroller.PhotoController;16;
com.eteks.sweethome3d.viewcontroller.PlanController;49;
com.eteks.sweethome3d.viewcontroller.PrintPreviewController;5;
com.eteks.sweethome3d.viewcontroller.RoomController;19;
com.eteks.sweethome3d.viewcontroller.TextureChoiceController;7;
com.eteks.sweethome3d.viewcontroller.ThreadedTaskController;8;
com.eteks.sweethome3d.viewcontroller.UserPreferencesController;18;
com.eteks.sweethome3d.viewcontroller.VideoController;14;
com.eteks.sweethome3d.viewcontroller.WallController;28;
com.eteks.sweethome3d.viewcontroller.WizardController;13;
