file;entities;metric;metric_random
wicket.Application;9;;
wicket.AttributeModifier;5;;
wicket.Component;8;1.0;1.0
wicket.Page;8;;
wicket.RequestCycle;11;1.0;0.8
wicket.ResourceReference;5;1.0;1.0
wicket.Session;12;;
wicket.markup.ComponentTag;9;1.0;1.0
wicket.markup.ContainerInfo;5;;
wicket.markup.Markup;8;;
wicket.markup.MarkupParser;6;;
wicket.markup.html.PackageResource;5;;
wicket.markup.html.form.persistence.CookieValuePersisterSettings;5;;
wicket.markup.html.image.resource.DefaultButtonImageResource;7;;
wicket.markup.html.image.resource.LocalizedImageResource;7;;
wicket.markup.html.link.Link;5;;
wicket.markup.html.link.PopupSettings;8;;
wicket.markup.html.navigation.paging.PagingNavigation;6;1.0;1.0
wicket.markup.html.tree.AbstractTree;12;;
wicket.markup.html.tree.DefaultTreeState;5;;
wicket.markup.parser.XmlPullParser;6;;
wicket.markup.parser.XmlTag;13;0.9166666666666666;0.9166666666666666
wicket.model.StringResourceModel;7;;
wicket.protocol.http.BufferedHttpServletResponse;10;;
wicket.protocol.http.MockHttpServletRequest;12;;
wicket.protocol.http.MockHttpServletResponse;13;;
wicket.protocol.http.MockHttpSession;5;;
wicket.protocol.http.MockServletContext;5;;
wicket.protocol.http.MockWebApplication;10;;
wicket.protocol.http.RequestLogger;5;;
wicket.protocol.http.WebApplication;6;;
wicket.protocol.http.documentvalidation.HtmlDocumentParser;6;;
wicket.protocol.http.portlet.PortletApplication;6;0.8;1.0
wicket.request.RequestParameters;11;;
wicket.request.compound.CompoundRequestCycleProcessor;5;;
wicket.settings.Settings;50;;
wicket.util.convert.ConversionException;5;;
wicket.util.io.ByteArrayOutputStream;5;;
wicket.util.io.FullyBufferedReader;6;;
wicket.util.resource.UrlResourceStream;6;;
wicket.util.tester.FormTester;5;;
wicket.util.thread.Task;6;;
wicket.util.upload.DiskFileItem;8;;
wicket.util.upload.MultipartFormInputStream;9;;
wicket.util.upload.ParameterParser;6;;
wicket.version.undo.UndoPageVersionManager;5;;
