fully_qualified_name;file;line_number;entity_category;method_subcategory;visibility;lexico_index;lexico_field_index;lexico_method_index;semantic_cluster_index
net.sourceforge.cobertura.ant.AntUtil.transferCoberturaDataFileProperty(Java);AntUtil.java;82;method;static;default;1;;1;
net.sourceforge.cobertura.ant.CheckTask.dataFile;CheckTask.java;75;instance_variable;;private;3;2;;
net.sourceforge.cobertura.ant.CheckTask.regexes;CheckTask.java;77;instance_variable;;default;10;8;;
net.sourceforge.cobertura.ant.CheckTask.branchRate;CheckTask.java;79;instance_variable;;private;1;1;;
net.sourceforge.cobertura.ant.CheckTask.lineRate;CheckTask.java;81;instance_variable;;private;7;5;;
net.sourceforge.cobertura.ant.CheckTask.packageBranchRate;CheckTask.java;83;instance_variable;;private;8;6;;
net.sourceforge.cobertura.ant.CheckTask.packageLineRate;CheckTask.java;85;instance_variable;;private;9;7;;
net.sourceforge.cobertura.ant.CheckTask.totalBranchRate;CheckTask.java;87;instance_variable;;private;20;9;;
net.sourceforge.cobertura.ant.CheckTask.totalLineRate;CheckTask.java;89;instance_variable;;private;21;10;;
net.sourceforge.cobertura.ant.CheckTask.failureProperty;CheckTask.java;91;instance_variable;;private;5;3;;
net.sourceforge.cobertura.ant.CheckTask.haltOnFailure;CheckTask.java;93;instance_variable;;private;6;4;;
net.sourceforge.cobertura.ant.CheckTask.CheckTask();CheckTask.java;95;constructor;;public;;;;
net.sourceforge.cobertura.ant.CheckTask.execute();CheckTask.java;99;method;other;public;4;;2;1
net.sourceforge.cobertura.ant.CheckTask.createRegex();CheckTask.java;171;method;other;public;2;;1;1
net.sourceforge.cobertura.ant.CheckTask.setDataFile(String);CheckTask.java;178;method;getter/setter;public;12;;4;1
net.sourceforge.cobertura.ant.CheckTask.setBranchRate(String);CheckTask.java;183;method;getter/setter;public;11;;3;2
net.sourceforge.cobertura.ant.CheckTask.setLineRate(String);CheckTask.java;188;method;getter/setter;public;15;;7;2
net.sourceforge.cobertura.ant.CheckTask.setPackageBranchRate(String);CheckTask.java;193;method;getter/setter;public;16;;8;2
net.sourceforge.cobertura.ant.CheckTask.setPackageLineRate(String);CheckTask.java;198;method;getter/setter;public;17;;9;2
net.sourceforge.cobertura.ant.CheckTask.setTotalBranchRate(String);CheckTask.java;203;method;getter/setter;public;18;;10;3
net.sourceforge.cobertura.ant.CheckTask.setTotalLineRate(String);CheckTask.java;208;method;getter/setter;public;19;;11;3
net.sourceforge.cobertura.ant.CheckTask.setFailureProperty(String);CheckTask.java;213;method;getter/setter;public;13;;5;4
net.sourceforge.cobertura.ant.CheckTask.setHaltOnFailure(boolean);CheckTask.java;218;method;getter/setter;public;14;;6;4
net.sourceforge.cobertura.ant.CommonMatchingTask.className;CommonMatchingTask.java;90;instance_variable;;default;4;1;;
net.sourceforge.cobertura.ant.CommonMatchingTask.fileSets;CommonMatchingTask.java;91;instance_variable;;default;8;2;;
net.sourceforge.cobertura.ant.CommonMatchingTask.java;CommonMatchingTask.java;93;instance_variable;;private;16;4;;
net.sourceforge.cobertura.ant.CommonMatchingTask.maxMemory;CommonMatchingTask.java;94;instance_variable;;private;17;5;;
net.sourceforge.cobertura.ant.CommonMatchingTask.forkedJVMDebugPort;CommonMatchingTask.java;95;instance_variable;;private;9;3;;
net.sourceforge.cobertura.ant.CommonMatchingTask.CommonMatchingTask(String);CommonMatchingTask.java;97;constructor;;public;;;;
net.sourceforge.cobertura.ant.CommonMatchingTask.getClassName();CommonMatchingTask.java;102;method;getter/setter;private;10;;7;1
net.sourceforge.cobertura.ant.CommonMatchingTask.getJava();CommonMatchingTask.java;107;method;getter/setter;protected;15;;12;2
net.sourceforge.cobertura.ant.CommonMatchingTask.createArgumentsForFilesets(CommandLineBuilder);CommonMatchingTask.java;154;method;other;protected;6;;5;3
net.sourceforge.cobertura.ant.CommonMatchingTask.createArgumentsForFilenames(CommandLineBuilder,String[]);CommonMatchingTask.java;182;method;other;private;5;;4;3
net.sourceforge.cobertura.ant.CommonMatchingTask.createClasspath();CommonMatchingTask.java;192;method;other;public;7;;6;2
net.sourceforge.cobertura.ant.CommonMatchingTask.setClasspath(Path);CommonMatchingTask.java;197;method;getter/setter;public;18;;13;2
net.sourceforge.cobertura.ant.CommonMatchingTask.setClasspathRef(Reference);CommonMatchingTask.java;202;method;getter/setter;public;19;;14;2
net.sourceforge.cobertura.ant.CommonMatchingTask.getDirectoryScanner(AbstractFileSet);CommonMatchingTask.java;207;method;getter/setter;default;11;;8;4
net.sourceforge.cobertura.ant.CommonMatchingTask.getIncludedFiles(AbstractFileSet);CommonMatchingTask.java;212;method;getter/setter;default;14;;11;4
net.sourceforge.cobertura.ant.CommonMatchingTask.getExcludedFiles(FileSet);CommonMatchingTask.java;217;method;getter/setter;default;12;;9;4
net.sourceforge.cobertura.ant.CommonMatchingTask.getFilenames(AbstractFileSet);CommonMatchingTask.java;222;method;getter/setter;default;13;;10;4
net.sourceforge.cobertura.ant.CommonMatchingTask.baseDir(AbstractFileSet);CommonMatchingTask.java;229;method;other;default;3;;3;4
net.sourceforge.cobertura.ant.CommonMatchingTask.addDirSet(DirSet);CommonMatchingTask.java;235;method;other;public;1;;1;3
net.sourceforge.cobertura.ant.CommonMatchingTask.addFileset(FileSet);CommonMatchingTask.java;240;method;other;public;2;;2;3
net.sourceforge.cobertura.ant.CommonMatchingTask.setMaxMemory(String);CommonMatchingTask.java;249;method;getter/setter;public;21;;16;1
net.sourceforge.cobertura.ant.CommonMatchingTask.setForkedJVMDebugPort(int);CommonMatchingTask.java;262;method;getter/setter;public;20;;15;1
net.sourceforge.cobertura.ant.ExcludeClasses.regex;ExcludeClasses.java;63;instance_variable;;default;2;1;;
net.sourceforge.cobertura.ant.ExcludeClasses.setRegex(String);ExcludeClasses.java;65;method;getter/setter;public;3;;2;
net.sourceforge.cobertura.ant.ExcludeClasses.getRegex();ExcludeClasses.java;70;method;getter/setter;public;1;;1;
net.sourceforge.cobertura.ant.Ignore.regex;Ignore.java;62;instance_variable;;default;2;1;;
net.sourceforge.cobertura.ant.Ignore.setRegex(String);Ignore.java;64;method;getter/setter;public;3;;2;
net.sourceforge.cobertura.ant.Ignore.getRegex();Ignore.java;69;method;getter/setter;public;1;;1;
net.sourceforge.cobertura.ant.IgnoreBranches.regex;IgnoreBranches.java;61;instance_variable;;default;2;1;;
net.sourceforge.cobertura.ant.IgnoreBranches.setRegex(String);IgnoreBranches.java;63;method;getter/setter;public;3;;2;
net.sourceforge.cobertura.ant.IgnoreBranches.getRegex();IgnoreBranches.java;68;method;getter/setter;public;1;;1;
net.sourceforge.cobertura.ant.IncludeClasses.regex;IncludeClasses.java;63;instance_variable;;default;2;1;;
net.sourceforge.cobertura.ant.IncludeClasses.setRegex(String);IncludeClasses.java;65;method;getter/setter;public;3;;2;
net.sourceforge.cobertura.ant.IncludeClasses.getRegex();IncludeClasses.java;70;method;getter/setter;public;1;;1;
net.sourceforge.cobertura.ant.InstrumentTask.dataFile;InstrumentTask.java;80;instance_variable;;private;8;1;;
net.sourceforge.cobertura.ant.InstrumentTask.toDir;InstrumentTask.java;82;instance_variable;;private;22;9;;
net.sourceforge.cobertura.ant.InstrumentTask.ignoreRegexs;InstrumentTask.java;84;instance_variable;;default;15;6;;
net.sourceforge.cobertura.ant.InstrumentTask.ignoreBranchesRegexs;InstrumentTask.java;86;instance_variable;;default;14;5;;
net.sourceforge.cobertura.ant.InstrumentTask.includeClassesRegexs;InstrumentTask.java;88;instance_variable;;default;16;7;;
net.sourceforge.cobertura.ant.InstrumentTask.excludeClassesRegexs;InstrumentTask.java;90;instance_variable;;default;9;2;;
net.sourceforge.cobertura.ant.InstrumentTask.forkedJVMDebugPort;InstrumentTask.java;92;instance_variable;;private;12;4;;
net.sourceforge.cobertura.ant.InstrumentTask.instrumentationClasspath;InstrumentTask.java;94;instance_variable;;private;17;8;;
net.sourceforge.cobertura.ant.InstrumentTask.fileSetMap;InstrumentTask.java;96;instance_variable;;private;11;3;;
net.sourceforge.cobertura.ant.InstrumentTask.InstrumentTask();InstrumentTask.java;98;constructor;;public;;;;
net.sourceforge.cobertura.ant.InstrumentTask.createIgnore();InstrumentTask.java;103;method;other;public;4;;4;1
net.sourceforge.cobertura.ant.InstrumentTask.createIgnoreBranches();InstrumentTask.java;110;method;other;public;5;;5;1
net.sourceforge.cobertura.ant.InstrumentTask.createIncludeClasses();InstrumentTask.java;117;method;other;public;6;;6;2
net.sourceforge.cobertura.ant.InstrumentTask.createExcludeClasses();InstrumentTask.java;124;method;other;public;2;;2;2
net.sourceforge.cobertura.ant.InstrumentTask.createInstrumentationClasspath();InstrumentTask.java;131;method;other;public;7;;7;3
net.sourceforge.cobertura.ant.InstrumentTask.execute();InstrumentTask.java;150;method;other;public;10;;8;2
net.sourceforge.cobertura.ant.InstrumentTask.processInstrumentationClasspath();InstrumentTask.java;207;method;other;private;18;;10;3
net.sourceforge.cobertura.ant.InstrumentTask.addFileToFilesets(File);InstrumentTask.java;228;method;other;private;1;;1;4
net.sourceforge.cobertura.ant.InstrumentTask.getFileSet(File);InstrumentTask.java;236;method;getter/setter;private;13;;9;4
net.sourceforge.cobertura.ant.InstrumentTask.createFilesetForDirectory(File);InstrumentTask.java;253;method;other;private;3;;3;4
net.sourceforge.cobertura.ant.InstrumentTask.setDataFile(String);InstrumentTask.java;259;method;getter/setter;public;19;;11;4
net.sourceforge.cobertura.ant.InstrumentTask.setToDir(File);InstrumentTask.java;264;method;getter/setter;public;21;;13;3
net.sourceforge.cobertura.ant.InstrumentTask.setForkedJVMDebugPort(Integer);InstrumentTask.java;269;method;getter/setter;public;20;;12;2
net.sourceforge.cobertura.ant.MergeTask.dataFile;MergeTask.java;71;instance_variable;;private;1;1;;
net.sourceforge.cobertura.ant.MergeTask.MergeTask();MergeTask.java;73;constructor;;public;;;;
net.sourceforge.cobertura.ant.MergeTask.execute();MergeTask.java;78;method;other;public;2;;1;
net.sourceforge.cobertura.ant.MergeTask.setDataFile(String);MergeTask.java;105;method;getter/setter;public;3;;2;
net.sourceforge.cobertura.ant.Regex.pattern;Regex.java;62;instance_variable;;default;3;3;;
net.sourceforge.cobertura.ant.Regex.lineRate;Regex.java;63;instance_variable;;default;2;2;;
net.sourceforge.cobertura.ant.Regex.branchRate;Regex.java;64;instance_variable;;default;1;1;;
net.sourceforge.cobertura.ant.Regex.setPattern(String);Regex.java;66;method;getter/setter;public;6;;3;
net.sourceforge.cobertura.ant.Regex.setBranchRate(String);Regex.java;71;method;getter/setter;public;4;;1;
net.sourceforge.cobertura.ant.Regex.setLineRate(String);Regex.java;76;method;getter/setter;public;5;;2;
net.sourceforge.cobertura.ant.Regex.toString();Regex.java;81;method;other;public;7;;4;
net.sourceforge.cobertura.ant.ReportTask.dataFile;ReportTask.java;76;instance_variable;;private;1;1;;
net.sourceforge.cobertura.ant.ReportTask.format;ReportTask.java;77;instance_variable;;private;5;4;;
net.sourceforge.cobertura.ant.ReportTask.destDir;ReportTask.java;78;instance_variable;;private;2;2;;
net.sourceforge.cobertura.ant.ReportTask.srcDir;ReportTask.java;79;instance_variable;;private;11;5;;
net.sourceforge.cobertura.ant.ReportTask.encoding;ReportTask.java;80;instance_variable;;private;3;3;;
net.sourceforge.cobertura.ant.ReportTask.ReportTask();ReportTask.java;82;constructor;;public;;;;
net.sourceforge.cobertura.ant.ReportTask.execute();ReportTask.java;86;method;other;public;4;;1;1
net.sourceforge.cobertura.ant.ReportTask.setDataFile(String);ReportTask.java;120;method;getter/setter;public;6;;2;2
net.sourceforge.cobertura.ant.ReportTask.setDestDir(File);ReportTask.java;124;method;getter/setter;public;7;;3;3
net.sourceforge.cobertura.ant.ReportTask.setFormat(String);ReportTask.java;128;method;getter/setter;public;9;;5;4
net.sourceforge.cobertura.ant.ReportTask.setEncoding(String);ReportTask.java;132;method;getter/setter;public;8;;4;1
net.sourceforge.cobertura.ant.ReportTask.setSrcDir(String);ReportTask.java;136;method;getter/setter;public;10;;6;3
net.sourceforge.cobertura.check.CoverageRate.lineCoverageRate;CoverageRate.java;28;instance_variable;;private;4;2;;
net.sourceforge.cobertura.check.CoverageRate.branchCoverageRate;CoverageRate.java;29;instance_variable;;private;1;1;;
net.sourceforge.cobertura.check.CoverageRate.CoverageRate(double,double);CoverageRate.java;31;constructor;;public;;;;
net.sourceforge.cobertura.check.CoverageRate.getLineCoverageRate();CoverageRate.java;37;method;getter/setter;public;3;;2;
net.sourceforge.cobertura.check.CoverageRate.getBranchCoverageRate();CoverageRate.java;42;method;getter/setter;public;2;;1;
net.sourceforge.cobertura.check.Main.logger;Main.java;48;class_variable;;private;6;1;;
net.sourceforge.cobertura.check.Main.pm;Main.java;50;instance_variable;;default;13;6;;
net.sourceforge.cobertura.check.Main.pc;Main.java;52;instance_variable;;default;11;5;;
net.sourceforge.cobertura.check.Main.minimumCoverageRate;Main.java;57;instance_variable;;default;8;2;;
net.sourceforge.cobertura.check.Main.minimumCoverageRates;Main.java;65;instance_variable;;default;9;3;;
net.sourceforge.cobertura.check.Main.packageCoverageMap;Main.java;72;instance_variable;;default;10;4;;
net.sourceforge.cobertura.check.Main.inRangeAndDivideByOneHundred(String);Main.java;74;method;other;default;5;;5;1
net.sourceforge.cobertura.check.Main.inRangeAndDivideByOneHundred(int);Main.java;80;method;other;default;5;;5;1
net.sourceforge.cobertura.check.Main.setMinimumCoverageRate(String);Main.java;92;method;getter/setter;default;14;;8;2
net.sourceforge.cobertura.check.Main.findMinimumCoverageRate(String);Main.java;110;method;other;default;3;;3;2
net.sourceforge.cobertura.check.Main.Main(String[]);Main.java;125;constructor;;public;;;;
net.sourceforge.cobertura.check.Main.getPackageCoverage(String);Main.java;320;method;getter/setter;private;4;;4;3
net.sourceforge.cobertura.check.Main.checkPackageCoverageLevels(double,double);Main.java;332;method;other;private;2;;2;3
net.sourceforge.cobertura.check.Main.checkPackageCoverage(double,double,String,PackageCoverage);Main.java;349;method;other;private;1;;1;3
net.sourceforge.cobertura.check.Main.percentage(double);Main.java;381;method;other;private;12;;7;4
net.sourceforge.cobertura.check.Main.main(String[]);Main.java;387;method;static;public;7;;6;4
net.sourceforge.cobertura.check.PackageCoverage.branchCount;PackageCoverage.java;27;instance_variable;;private;5;1;;
net.sourceforge.cobertura.check.PackageCoverage.lineCount;PackageCoverage.java;28;instance_variable;;private;11;3;;
net.sourceforge.cobertura.check.PackageCoverage.branchCoverage;PackageCoverage.java;29;instance_variable;;private;6;2;;
net.sourceforge.cobertura.check.PackageCoverage.lineCoverage;PackageCoverage.java;30;instance_variable;;private;12;4;;
net.sourceforge.cobertura.check.PackageCoverage.getBranchCount();PackageCoverage.java;32;method;getter/setter;public;7;;5;1
net.sourceforge.cobertura.check.PackageCoverage.addBranchCount(double);PackageCoverage.java;37;method;other;public;1;;1;1
net.sourceforge.cobertura.check.PackageCoverage.getLineCount();PackageCoverage.java;42;method;getter/setter;public;9;;7;2
net.sourceforge.cobertura.check.PackageCoverage.addLineCount(double);PackageCoverage.java;47;method;other;public;3;;3;2
net.sourceforge.cobertura.check.PackageCoverage.getBranchCoverage();PackageCoverage.java;52;method;getter/setter;public;8;;6;3
net.sourceforge.cobertura.check.PackageCoverage.addBranchCoverage(double);PackageCoverage.java;57;method;other;public;2;;2;3
net.sourceforge.cobertura.check.PackageCoverage.getLineCoverage();PackageCoverage.java;62;method;getter/setter;public;10;;8;4
net.sourceforge.cobertura.check.PackageCoverage.addLineCoverage(double);PackageCoverage.java;67;method;other;public;4;;4;4
net.sourceforge.cobertura.coveragedata.ClassData.serialVersionUID;ClassData.java;55;class_variable;;private;28;5;;
net.sourceforge.cobertura.coveragedata.ClassData.branches;ClassData.java;61;instance_variable;;private;4;1;;
net.sourceforge.cobertura.coveragedata.ClassData.containsInstrumentationInfo;ClassData.java;63;instance_variable;;private;6;2;;
net.sourceforge.cobertura.coveragedata.ClassData.methodNamesAndDescriptors;ClassData.java;65;instance_variable;;private;25;3;;
net.sourceforge.cobertura.coveragedata.ClassData.name;ClassData.java;67;instance_variable;;private;26;4;;
net.sourceforge.cobertura.coveragedata.ClassData.sourceFileName;ClassData.java;69;instance_variable;;private;31;6;;
net.sourceforge.cobertura.coveragedata.ClassData.ClassData(String);ClassData.java;74;constructor;;public;;;;
net.sourceforge.cobertura.coveragedata.ClassData.addLine(int,String,String);ClassData.java;82;method;other;public;1;;1;1
net.sourceforge.cobertura.coveragedata.ClassData.compareTo(ClassData);ClassData.java;113;method;other;public;5;;4;2
net.sourceforge.cobertura.coveragedata.ClassData.containsInstrumentationInfo();ClassData.java;118;method;other;public;6;;5;2
net.sourceforge.cobertura.coveragedata.ClassData.equals(Object);ClassData.java;136;method;other;public;7;;6;2
net.sourceforge.cobertura.coveragedata.ClassData.getBaseName();ClassData.java;161;method;getter/setter;public;8;;7;3
net.sourceforge.cobertura.coveragedata.ClassData.getBranchCoverageRate(String);ClassData.java;174;method;getter/setter;public;9;;8;1
net.sourceforge.cobertura.coveragedata.ClassData.getBranches();ClassData.java;199;method;getter/setter;public;10;;9;2
net.sourceforge.cobertura.coveragedata.ClassData.getLineCoverage(int);ClassData.java;216;method;getter/setter;public;11;;10;4
net.sourceforge.cobertura.coveragedata.ClassData.getLineCoverageRate(String);ClassData.java;238;method;getter/setter;public;12;;11;1
net.sourceforge.cobertura.coveragedata.ClassData.getLineData(int);ClassData.java;267;method;getter/setter;private;13;;12;4
net.sourceforge.cobertura.coveragedata.ClassData.getLines();ClassData.java;280;method;getter/setter;public;14;;13;2
net.sourceforge.cobertura.coveragedata.ClassData.getLines(String);ClassData.java;293;method;getter/setter;public;14;;13;1
net.sourceforge.cobertura.coveragedata.ClassData.getMethodNamesAndDescriptors();ClassData.java;321;method;getter/setter;public;15;;14;1
net.sourceforge.cobertura.coveragedata.ClassData.getName();ClassData.java;334;method;getter/setter;public;16;;15;2
net.sourceforge.cobertura.coveragedata.ClassData.getNumberOfValidBranches();ClassData.java;342;method;getter/setter;public;18;;17;2
net.sourceforge.cobertura.coveragedata.ClassData.getNumberOfCoveredBranches();ClassData.java;363;method;getter/setter;public;17;;16;2
net.sourceforge.cobertura.coveragedata.ClassData.getPackageName();ClassData.java;381;method;getter/setter;public;19;;18;3
net.sourceforge.cobertura.coveragedata.ClassData.getSourceFileName();ClassData.java;400;method;getter/setter;public;20;;19;2
net.sourceforge.cobertura.coveragedata.ClassData.hashCode();ClassData.java;430;method;other;public;22;;21;2
net.sourceforge.cobertura.coveragedata.ClassData.hasBranch(int);ClassData.java;438;method;other;public;21;;20;4
net.sourceforge.cobertura.coveragedata.ClassData.isValidSourceLineNumber(int);ClassData.java;457;method;getter/setter;public;23;;22;4
net.sourceforge.cobertura.coveragedata.ClassData.addLineJump(int,int);ClassData.java;470;method;other;public;2;;2;4
net.sourceforge.cobertura.coveragedata.ClassData.addLineSwitch(int,int,int[]);ClassData.java;488;method;other;public;3;;3;4
net.sourceforge.cobertura.coveragedata.ClassData.addLineSwitch(int,int,int,int);ClassData.java;506;method;other;public;3;;3;4
net.sourceforge.cobertura.coveragedata.ClassData.merge(CoverageData);ClassData.java;529;method;other;public;24;;23;2
net.sourceforge.cobertura.coveragedata.ClassData.removeLine(int);ClassData.java;572;method;other;public;27;;24;4
net.sourceforge.cobertura.coveragedata.ClassData.setContainsInstrumentationInfo();ClassData.java;587;method;other;public;29;;25;2
net.sourceforge.cobertura.coveragedata.ClassData.setSourceFileName(String);ClassData.java;600;method;getter/setter;public;30;;26;2
net.sourceforge.cobertura.coveragedata.ClassData.touch(int,int);ClassData.java;619;method;other;public;32;;27;4
net.sourceforge.cobertura.coveragedata.ClassData.touchJump(int,int,boolean,int);ClassData.java;643;method;other;public;33;;28;4
net.sourceforge.cobertura.coveragedata.ClassData.touchSwitch(int,int,int,int);ClassData.java;666;method;other;public;34;;29;4
net.sourceforge.cobertura.coveragedata.CoverageDataContainer.serialVersionUID;CoverageDataContainer.java;52;class_variable;;private;17;3;;
net.sourceforge.cobertura.coveragedata.CoverageDataContainer.lock;CoverageDataContainer.java;54;instance_variable;;protected;14;2;;
net.sourceforge.cobertura.coveragedata.CoverageDataContainer.children;CoverageDataContainer.java;61;instance_variable;;default;1;1;;
net.sourceforge.cobertura.coveragedata.CoverageDataContainer.CoverageDataContainer();CoverageDataContainer.java;63;constructor;;public;;;;
net.sourceforge.cobertura.coveragedata.CoverageDataContainer.initLock();CoverageDataContainer.java;68;method;initializer;private;13;;12;1
net.sourceforge.cobertura.coveragedata.CoverageDataContainer.equals(Object);CoverageDataContainer.java;81;method;other;public;2;;1;2
net.sourceforge.cobertura.coveragedata.CoverageDataContainer.getBranchCoverageRate();CoverageDataContainer.java;104;method;getter/setter;public;4;;3;3
net.sourceforge.cobertura.coveragedata.CoverageDataContainer.getChild(String);CoverageDataContainer.java;138;method;getter/setter;public;5;;4;4
net.sourceforge.cobertura.coveragedata.CoverageDataContainer.getLineCoverageRate();CoverageDataContainer.java;156;method;getter/setter;public;6;;5;3
net.sourceforge.cobertura.coveragedata.CoverageDataContainer.getNumberOfChildren();CoverageDataContainer.java;186;method;getter/setter;public;7;;6;2
net.sourceforge.cobertura.coveragedata.CoverageDataContainer.getNumberOfCoveredBranches();CoverageDataContainer.java;199;method;getter/setter;public;8;;7;3
net.sourceforge.cobertura.coveragedata.CoverageDataContainer.getNumberOfCoveredLines();CoverageDataContainer.java;219;method;getter/setter;public;9;;8;3
net.sourceforge.cobertura.coveragedata.CoverageDataContainer.getNumberOfValidBranches();CoverageDataContainer.java;239;method;getter/setter;public;10;;9;3
net.sourceforge.cobertura.coveragedata.CoverageDataContainer.getNumberOfValidLines();CoverageDataContainer.java;259;method;getter/setter;public;11;;10;3
net.sourceforge.cobertura.coveragedata.CoverageDataContainer.hashCode();CoverageDataContainer.java;284;method;other;public;12;;11;2
net.sourceforge.cobertura.coveragedata.CoverageDataContainer.merge(CoverageData);CoverageDataContainer.java;302;method;other;public;15;;13;4
net.sourceforge.cobertura.coveragedata.CoverageDataContainer.getBothLocks(CoverageDataContainer);CoverageDataContainer.java;334;method;other;protected;3;;2;1
net.sourceforge.cobertura.coveragedata.CoverageDataContainer.readObject(ObjectInputStream);CoverageDataContainer.java;370;method;other;private;16;;14;1
net.sourceforge.cobertura.coveragedata.CoverageDataFileHandler.defaultFile;CoverageDataFileHandler.java;45;class_variable;;private;1;1;;
net.sourceforge.cobertura.coveragedata.CoverageDataFileHandler.getDefaultDataFile();CoverageDataFileHandler.java;47;method;static;public;2;;1;1
net.sourceforge.cobertura.coveragedata.CoverageDataFileHandler.loadCoverageData(File);CoverageDataFileHandler.java;62;method;static;public;3;;2;2
net.sourceforge.cobertura.coveragedata.CoverageDataFileHandler.loadCoverageData(InputStream);CoverageDataFileHandler.java;95;method;static;private;3;;2;3
net.sourceforge.cobertura.coveragedata.CoverageDataFileHandler.saveCoverageData(ProjectData,File);CoverageDataFileHandler.java;134;method;static;public;4;;3;4
net.sourceforge.cobertura.coveragedata.CoverageDataFileHandler.saveCoverageData(ProjectData,OutputStream);CoverageDataFileHandler.java;174;method;static;private;4;;3;3
net.sourceforge.cobertura.coveragedata.JumpData.serialVersionUID;JumpData.java;40;class_variable;;private;17;4;;
net.sourceforge.cobertura.coveragedata.JumpData.lock;JumpData.java;42;instance_variable;;protected;14;3;;
net.sourceforge.cobertura.coveragedata.JumpData.conditionNumber;JumpData.java;44;instance_variable;;private;2;1;;
net.sourceforge.cobertura.coveragedata.JumpData.trueHits;JumpData.java;46;instance_variable;;private;19;5;;
net.sourceforge.cobertura.coveragedata.JumpData.falseHits;JumpData.java;48;instance_variable;;private;4;2;;
net.sourceforge.cobertura.coveragedata.JumpData.JumpData(int);JumpData.java;50;constructor;;default;;;;
net.sourceforge.cobertura.coveragedata.JumpData.initLock();JumpData.java;59;method;initializer;private;13;;11;1
net.sourceforge.cobertura.coveragedata.JumpData.compareTo(Object);JumpData.java;64;method;other;public;1;;1;2
net.sourceforge.cobertura.coveragedata.JumpData.touchBranch(boolean,int);JumpData.java;71;method;other;default;18;;14;3
net.sourceforge.cobertura.coveragedata.JumpData.getConditionNumber();JumpData.java;91;method;getter/setter;public;7;;5;2
net.sourceforge.cobertura.coveragedata.JumpData.getTrueHits();JumpData.java;96;method;getter/setter;public;11;;9;3
net.sourceforge.cobertura.coveragedata.JumpData.getFalseHits();JumpData.java;109;method;getter/setter;public;8;;6;3
net.sourceforge.cobertura.coveragedata.JumpData.getBranchCoverageRate();JumpData.java;122;method;getter/setter;public;6;;4;4
net.sourceforge.cobertura.coveragedata.JumpData.equals(Object);JumpData.java;135;method;other;public;3;;2;3
net.sourceforge.cobertura.coveragedata.JumpData.hashCode();JumpData.java;157;method;other;public;12;;10;2
net.sourceforge.cobertura.coveragedata.JumpData.getNumberOfCoveredBranches();JumpData.java;162;method;getter/setter;public;9;;7;3
net.sourceforge.cobertura.coveragedata.JumpData.getNumberOfValidBranches();JumpData.java;175;method;getter/setter;public;10;;8;4
net.sourceforge.cobertura.coveragedata.JumpData.merge(BranchCoverageData);JumpData.java;180;method;other;public;15;;12;3
net.sourceforge.cobertura.coveragedata.JumpData.getBothLocks(JumpData);JumpData.java;196;method;other;private;5;;3;1
net.sourceforge.cobertura.coveragedata.JumpData.readObject(ObjectInputStream);JumpData.java;232;method;other;private;16;;13;1
net.sourceforge.cobertura.coveragedata.LineData.serialVersionUID;LineData.java;48;class_variable;;private;33;7;;
net.sourceforge.cobertura.coveragedata.LineData.lock;LineData.java;50;instance_variable;;private;28;4;;
net.sourceforge.cobertura.coveragedata.LineData.hits;LineData.java;52;instance_variable;;private;23;1;;
net.sourceforge.cobertura.coveragedata.LineData.jumps;LineData.java;53;instance_variable;;private;26;2;;
net.sourceforge.cobertura.coveragedata.LineData.switches;LineData.java;54;instance_variable;;private;35;8;;
net.sourceforge.cobertura.coveragedata.LineData.lineNumber;LineData.java;55;instance_variable;;private;27;3;;
net.sourceforge.cobertura.coveragedata.LineData.methodDescriptor;LineData.java;56;instance_variable;;private;30;5;;
net.sourceforge.cobertura.coveragedata.LineData.methodName;LineData.java;57;instance_variable;;private;31;6;;
net.sourceforge.cobertura.coveragedata.LineData.LineData(int);LineData.java;59;constructor;;default;;;;
net.sourceforge.cobertura.coveragedata.LineData.LineData(int,String,String);LineData.java;64;constructor;;default;;;;
net.sourceforge.cobertura.coveragedata.LineData.initLock();LineData.java;74;method;initializer;private;24;;23;1
net.sourceforge.cobertura.coveragedata.LineData.compareTo(Object);LineData.java;82;method;other;public;3;;3;2
net.sourceforge.cobertura.coveragedata.LineData.equals(Object);LineData.java;89;method;other;public;4;;4;3
net.sourceforge.cobertura.coveragedata.LineData.getBranchCoverageRate();LineData.java;114;method;getter/setter;public;6;;6;2
net.sourceforge.cobertura.coveragedata.LineData.getConditionCoverage();LineData.java;129;method;getter/setter;public;7;;7;2
net.sourceforge.cobertura.coveragedata.LineData.getHits();LineData.java;152;method;getter/setter;public;10;;10;2
net.sourceforge.cobertura.coveragedata.LineData.isCovered();LineData.java;165;method;getter/setter;public;25;;24;2
net.sourceforge.cobertura.coveragedata.LineData.getLineCoverageRate();LineData.java;178;method;getter/setter;public;12;;12;2
net.sourceforge.cobertura.coveragedata.LineData.getLineNumber();LineData.java;183;method;getter/setter;public;13;;13;2
net.sourceforge.cobertura.coveragedata.LineData.getMethodDescriptor();LineData.java;188;method;getter/setter;public;14;;14;1
net.sourceforge.cobertura.coveragedata.LineData.getMethodName();LineData.java;201;method;getter/setter;public;15;;15;1
net.sourceforge.cobertura.coveragedata.LineData.getNumberOfCoveredLines();LineData.java;226;method;getter/setter;public;17;;17;2
net.sourceforge.cobertura.coveragedata.LineData.getNumberOfValidBranches();LineData.java;231;method;getter/setter;public;18;;18;3
net.sourceforge.cobertura.coveragedata.LineData.getNumberOfCoveredBranches();LineData.java;251;method;getter/setter;public;16;;16;3
net.sourceforge.cobertura.coveragedata.LineData.getNumberOfValidLines();LineData.java;271;method;getter/setter;public;19;;19;2
net.sourceforge.cobertura.coveragedata.LineData.hashCode();LineData.java;276;method;other;public;22;;22;2
net.sourceforge.cobertura.coveragedata.LineData.hasBranch();LineData.java;281;method;other;public;21;;21;1
net.sourceforge.cobertura.coveragedata.LineData.merge(CoverageData);LineData.java;294;method;other;public;29;;25;3
net.sourceforge.cobertura.coveragedata.LineData.addJump(int);LineData.java;333;method;other;default;1;;1;3
net.sourceforge.cobertura.coveragedata.LineData.addSwitch(int,int[]);LineData.java;338;method;other;default;2;;2;4
net.sourceforge.cobertura.coveragedata.LineData.addSwitch(int,int,int);LineData.java;343;method;other;default;2;;2;4
net.sourceforge.cobertura.coveragedata.LineData.setMethodNameAndDescriptor(String,String);LineData.java;348;method;getter/setter;default;34;;27;1
net.sourceforge.cobertura.coveragedata.LineData.touch(int);LineData.java;362;method;other;default;36;;28;2
net.sourceforge.cobertura.coveragedata.LineData.touchJump(int,boolean,int);LineData.java;375;method;other;default;37;;29;3
net.sourceforge.cobertura.coveragedata.LineData.touchSwitch(int,int,int);LineData.java;380;method;other;default;38;;30;4
net.sourceforge.cobertura.coveragedata.LineData.getConditionSize();LineData.java;385;method;getter/setter;public;9;;9;3
net.sourceforge.cobertura.coveragedata.LineData.getConditionData(int);LineData.java;397;method;getter/setter;public;8;;8;3
net.sourceforge.cobertura.coveragedata.LineData.getConditionCoverage(int);LineData.java;421;method;getter/setter;public;7;;7;3
net.sourceforge.cobertura.coveragedata.LineData.getJumpData(int);LineData.java;440;method;getter/setter;default;11;;11;3
net.sourceforge.cobertura.coveragedata.LineData.getSwitchData(int,SwitchData);LineData.java;461;method;getter/setter;default;20;;20;4
net.sourceforge.cobertura.coveragedata.LineData.getBothLocks(LineData);LineData.java;487;method;other;private;5;;5;1
net.sourceforge.cobertura.coveragedata.LineData.readObject(ObjectInputStream);LineData.java;523;method;other;private;32;;26;1
net.sourceforge.cobertura.coveragedata.PackageData.serialVersionUID;PackageData.java;37;class_variable;;private;11;2;;
net.sourceforge.cobertura.coveragedata.PackageData.name;PackageData.java;39;instance_variable;;private;10;1;;
net.sourceforge.cobertura.coveragedata.PackageData.PackageData(String);PackageData.java;41;constructor;;public;;;;
net.sourceforge.cobertura.coveragedata.PackageData.addClassData(ClassData);PackageData.java;49;method;other;public;1;;1;1
net.sourceforge.cobertura.coveragedata.PackageData.compareTo(Object);PackageData.java;72;method;other;public;2;;2;2
net.sourceforge.cobertura.coveragedata.PackageData.contains(String);PackageData.java;79;method;other;public;3;;3;1
net.sourceforge.cobertura.coveragedata.PackageData.equals(Object);PackageData.java;97;method;other;public;4;;4;2
net.sourceforge.cobertura.coveragedata.PackageData.getClasses();PackageData.java;117;method;getter/setter;public;5;;5;1
net.sourceforge.cobertura.coveragedata.PackageData.getName();PackageData.java;130;method;getter/setter;public;6;;6;3
net.sourceforge.cobertura.coveragedata.PackageData.getSourceFileName();PackageData.java;135;method;getter/setter;public;7;;7;3
net.sourceforge.cobertura.coveragedata.PackageData.getSourceFiles();PackageData.java;140;method;getter/setter;public;8;;8;3
net.sourceforge.cobertura.coveragedata.PackageData.hashCode();PackageData.java;167;method;other;public;9;;9;4
net.sourceforge.cobertura.coveragedata.ProjectData.serialVersionUID;ProjectData.java;47;class_variable;;private;15;2;;
net.sourceforge.cobertura.coveragedata.ProjectData.classes;ProjectData.java;50;instance_variable;;private;2;1;;
net.sourceforge.cobertura.coveragedata.ProjectData.addClassData(ClassData);ProjectData.java;52;method;other;public;1;;1;1
net.sourceforge.cobertura.coveragedata.ProjectData.getClassData(String);ProjectData.java;75;method;getter/setter;public;3;;2;2
net.sourceforge.cobertura.coveragedata.ProjectData.getOrCreateClassData(String);ProjectData.java;91;method;getter/setter;public;7;;6;2
net.sourceforge.cobertura.coveragedata.ProjectData.getClasses();ProjectData.java;110;method;getter/setter;public;4;;3;2
net.sourceforge.cobertura.coveragedata.ProjectData.getNumberOfClasses();ProjectData.java;123;method;getter/setter;public;5;;4;2
net.sourceforge.cobertura.coveragedata.ProjectData.getNumberOfSourceFiles();ProjectData.java;136;method;getter/setter;public;6;;5;3
net.sourceforge.cobertura.coveragedata.ProjectData.getPackages();ProjectData.java;141;method;getter/setter;public;8;;7;1
net.sourceforge.cobertura.coveragedata.ProjectData.getSourceFiles();ProjectData.java;154;method;getter/setter;public;9;;8;1
net.sourceforge.cobertura.coveragedata.ProjectData.getSubPackages(String);ProjectData.java;184;method;getter/setter;public;10;;9;1
net.sourceforge.cobertura.coveragedata.ProjectData.merge(CoverageData);ProjectData.java;205;method;other;public;13;;12;4
net.sourceforge.cobertura.coveragedata.ProjectData.initialize();ProjectData.java;233;method;static;public;11;;10;4
net.sourceforge.cobertura.coveragedata.ProjectData.saveGlobalProjectData();ProjectData.java;263;method;static;public;14;;13;4
net.sourceforge.cobertura.coveragedata.ProjectData.loadCoverageDataFromDatafile(File);ProjectData.java;320;method;static;private;12;;11;4
net.sourceforge.cobertura.coveragedata.SaveTimer.run();SaveTimer.java;29;method;other;public;1;;1;
net.sourceforge.cobertura.coveragedata.SourceFileData.serialVersionUID;SourceFileData.java;37;class_variable;;private;15;2;;
net.sourceforge.cobertura.coveragedata.SourceFileData.name;SourceFileData.java;39;instance_variable;;private;14;1;;
net.sourceforge.cobertura.coveragedata.SourceFileData.SourceFileData(String);SourceFileData.java;44;constructor;;public;;;;
net.sourceforge.cobertura.coveragedata.SourceFileData.addClassData(ClassData);SourceFileData.java;52;method;other;public;1;;1;1
net.sourceforge.cobertura.coveragedata.SourceFileData.compareTo(Object);SourceFileData.java;75;method;other;public;2;;2;1
net.sourceforge.cobertura.coveragedata.SourceFileData.contains(String);SourceFileData.java;82;method;other;public;3;;3;2
net.sourceforge.cobertura.coveragedata.SourceFileData.containsInstrumentationInfo();SourceFileData.java;95;method;other;public;4;;4;3
net.sourceforge.cobertura.coveragedata.SourceFileData.equals(Object);SourceFileData.java;122;method;other;public;5;;5;1
net.sourceforge.cobertura.coveragedata.SourceFileData.getBaseName();SourceFileData.java;143;method;getter/setter;public;6;;6;4
net.sourceforge.cobertura.coveragedata.SourceFileData.getClasses();SourceFileData.java;164;method;getter/setter;public;7;;7;2
net.sourceforge.cobertura.coveragedata.SourceFileData.getLineCoverage(int);SourceFileData.java;177;method;getter/setter;public;8;;8;3
net.sourceforge.cobertura.coveragedata.SourceFileData.getName();SourceFileData.java;197;method;getter/setter;public;9;;9;1
net.sourceforge.cobertura.coveragedata.SourceFileData.getNormalizedName();SourceFileData.java;207;method;getter/setter;public;10;;10;4
net.sourceforge.cobertura.coveragedata.SourceFileData.getPackageName();SourceFileData.java;227;method;getter/setter;public;11;;11;4
net.sourceforge.cobertura.coveragedata.SourceFileData.hashCode();SourceFileData.java;238;method;other;public;12;;12;1
net.sourceforge.cobertura.coveragedata.SourceFileData.isValidSourceLineNumber(int);SourceFileData.java;243;method;getter/setter;public;13;;13;3
net.sourceforge.cobertura.coveragedata.SwitchData.serialVersionUID;SwitchData.java;41;class_variable;;private;18;5;;
net.sourceforge.cobertura.coveragedata.SwitchData.lock;SwitchData.java;43;instance_variable;;private;15;4;;
net.sourceforge.cobertura.coveragedata.SwitchData.switchNumber;SwitchData.java;45;instance_variable;;private;19;6;;
net.sourceforge.cobertura.coveragedata.SwitchData.defaultHits;SwitchData.java;47;instance_variable;;private;2;1;;
net.sourceforge.cobertura.coveragedata.SwitchData.hits;SwitchData.java;49;instance_variable;;private;12;2;;
net.sourceforge.cobertura.coveragedata.SwitchData.keys;SwitchData.java;51;instance_variable;;private;14;3;;
net.sourceforge.cobertura.coveragedata.SwitchData.SwitchData(int,int[]);SwitchData.java;53;constructor;;public;;;;
net.sourceforge.cobertura.coveragedata.SwitchData.SwitchData(int,int,int);SwitchData.java;65;constructor;;public;;;;
net.sourceforge.cobertura.coveragedata.SwitchData.SwitchData(int);SwitchData.java;77;constructor;;public;;;;
net.sourceforge.cobertura.coveragedata.SwitchData.initLock();SwitchData.java;82;method;initializer;private;13;;11;1
net.sourceforge.cobertura.coveragedata.SwitchData.compareTo(Object);SwitchData.java;87;method;other;public;1;;1;2
net.sourceforge.cobertura.coveragedata.SwitchData.touchBranch(int,int);SwitchData.java;94;method;other;default;20;;14;3
net.sourceforge.cobertura.coveragedata.SwitchData.getSwitchNumber();SwitchData.java;119;method;getter/setter;public;10;;9;2
net.sourceforge.cobertura.coveragedata.SwitchData.getHits(int);SwitchData.java;124;method;getter/setter;public;7;;6;3
net.sourceforge.cobertura.coveragedata.SwitchData.getDefaultHits();SwitchData.java;139;method;getter/setter;public;6;;5;3
net.sourceforge.cobertura.coveragedata.SwitchData.getBranchCoverageRate();SwitchData.java;152;method;getter/setter;public;5;;4;3
net.sourceforge.cobertura.coveragedata.SwitchData.equals(Object);SwitchData.java;168;method;other;public;3;;2;2
net.sourceforge.cobertura.coveragedata.SwitchData.hashCode();SwitchData.java;190;method;other;public;11;;10;2
net.sourceforge.cobertura.coveragedata.SwitchData.getNumberOfCoveredBranches();SwitchData.java;195;method;getter/setter;public;8;;7;3
net.sourceforge.cobertura.coveragedata.SwitchData.getNumberOfValidBranches();SwitchData.java;213;method;getter/setter;public;9;;8;3
net.sourceforge.cobertura.coveragedata.SwitchData.merge(BranchCoverageData);SwitchData.java;226;method;other;public;16;;12;2
net.sourceforge.cobertura.coveragedata.SwitchData.getBothLocks(SwitchData);SwitchData.java;253;method;other;private;4;;3;1
net.sourceforge.cobertura.coveragedata.SwitchData.readObject(ObjectInputStream);SwitchData.java;289;method;other;private;17;;13;4
net.sourceforge.cobertura.coveragedata.TouchCollector.touchedLines;TouchCollector.java;43;class_variable;;private;10;6;;
net.sourceforge.cobertura.coveragedata.TouchCollector.switchTouchData;TouchCollector.java;44;class_variable;;private;8;5;;
net.sourceforge.cobertura.coveragedata.TouchCollector.jumpTouchData;TouchCollector.java;45;class_variable;;private;5;3;;
net.sourceforge.cobertura.coveragedata.TouchCollector.lastClassId;TouchCollector.java;47;class_variable;;private;6;4;;
net.sourceforge.cobertura.coveragedata.TouchCollector.class2classId;TouchCollector.java;48;class_variable;;private;2;1;;
net.sourceforge.cobertura.coveragedata.TouchCollector.classId2class;TouchCollector.java;49;class_variable;;private;3;2;;
net.sourceforge.cobertura.coveragedata.TouchCollector.registerClassData(String);TouchCollector.java;51;method;static;private;7;;3;1
net.sourceforge.cobertura.coveragedata.TouchCollector.touchSwitch(String,int,int,int);TouchCollector.java;66;method;static;public;12;;6;2
net.sourceforge.cobertura.coveragedata.TouchCollector.touch(String,int);TouchCollector.java;74;method;static;public;9;;4;2
net.sourceforge.cobertura.coveragedata.TouchCollector.touchJump(String,int,int,boolean);TouchCollector.java;82;method;static;public;11;;5;2
net.sourceforge.cobertura.coveragedata.TouchCollector.applyTouchesOnProjectData(ProjectData);TouchCollector.java;186;method;static;public;1;;1;3
net.sourceforge.cobertura.coveragedata.TouchCollector.getClassFor(LineTouchData,ProjectData);TouchCollector.java;217;method;static;private;4;;2;4
net.sourceforge.cobertura.coveragedata.countermaps.AtomicCounterMap.counters;AtomicCounterMap.java;44;instance_variable;;private;1;1;;
net.sourceforge.cobertura.coveragedata.countermaps.AtomicCounterMap.incrementValue(T,int);AtomicCounterMap.java;46;method;other;public;5;;4;1
net.sourceforge.cobertura.coveragedata.countermaps.AtomicCounterMap.incrementValue(T);AtomicCounterMap.java;56;method;other;public;5;;4;1
net.sourceforge.cobertura.coveragedata.countermaps.AtomicCounterMap.getValue(T);AtomicCounterMap.java;68;method;getter/setter;public;4;;3;2
net.sourceforge.cobertura.coveragedata.countermaps.AtomicCounterMap.getFinalStateAndCleanIt();AtomicCounterMap.java;74;method;getter/setter;public;2;;1;3
net.sourceforge.cobertura.coveragedata.countermaps.AtomicCounterMap.getSize();AtomicCounterMap.java;89;method;getter/setter;public;3;;2;4
net.sourceforge.cobertura.instrument.Archive.bytes;Archive.java;40;instance_variable;;private;1;1;;
net.sourceforge.cobertura.instrument.Archive.modified;Archive.java;41;instance_variable;;private;7;3;;
net.sourceforge.cobertura.instrument.Archive.file;Archive.java;42;instance_variable;;private;2;2;;
net.sourceforge.cobertura.instrument.Archive.Archive(CoberturaFile,byte[]);Archive.java;50;constructor;;default;;;;
net.sourceforge.cobertura.instrument.Archive.getInputStream();Archive.java;61;method;getter/setter;default;5;;3;1
net.sourceforge.cobertura.instrument.Archive.setModifiedBytes(byte[]);Archive.java;71;method;getter/setter;default;8;;5;2
net.sourceforge.cobertura.instrument.Archive.isModified();Archive.java;82;method;getter/setter;default;6;;4;3
net.sourceforge.cobertura.instrument.Archive.getBytes();Archive.java;92;method;getter/setter;default;3;;1;2
net.sourceforge.cobertura.instrument.Archive.getCoberturaFile();Archive.java;102;method;getter/setter;default;4;;2;4
net.sourceforge.cobertura.instrument.ClassInstrumenter.logger;ClassInstrumenter.java;39;class_variable;;private;9;6;;
net.sourceforge.cobertura.instrument.ClassInstrumenter.hasBeenInstrumented;ClassInstrumenter.java;42;class_variable;;private;4;2;;
net.sourceforge.cobertura.instrument.ClassInstrumenter.ignoreRegexs;ClassInstrumenter.java;44;instance_variable;;private;6;4;;
net.sourceforge.cobertura.instrument.ClassInstrumenter.ignoreBranchesRegexs;ClassInstrumenter.java;46;instance_variable;;private;5;3;;
net.sourceforge.cobertura.instrument.ClassInstrumenter.projectData;ClassInstrumenter.java;48;instance_variable;;private;11;8;;
net.sourceforge.cobertura.instrument.ClassInstrumenter.classData;ClassInstrumenter.java;50;instance_variable;;private;2;1;;
net.sourceforge.cobertura.instrument.ClassInstrumenter.myName;ClassInstrumenter.java;52;instance_variable;;private;10;7;;
net.sourceforge.cobertura.instrument.ClassInstrumenter.instrument;ClassInstrumenter.java;54;instance_variable;;private;7;5;;
net.sourceforge.cobertura.instrument.ClassInstrumenter.getClassName();ClassInstrumenter.java;56;method;getter/setter;public;3;;2;1
net.sourceforge.cobertura.instrument.ClassInstrumenter.isInstrumented();ClassInstrumenter.java;61;method;getter/setter;public;8;;3;2
net.sourceforge.cobertura.instrument.ClassInstrumenter.ClassInstrumenter(ProjectData,ClassVisitor,Collection,Collection);ClassInstrumenter.java;66;constructor;;public;;;;
net.sourceforge.cobertura.instrument.ClassInstrumenter.arrayContains(Object[],Object);ClassInstrumenter.java;75;method;other;private;1;;1;3
net.sourceforge.cobertura.instrument.ClassInstrumenter.visit(int,int,String,String,String,String[]);ClassInstrumenter.java;90;method;other;public;12;;4;4
net.sourceforge.cobertura.instrument.ClassInstrumenter.visitSource(String,String);ClassInstrumenter.java;123;method;other;public;15;;7;1
net.sourceforge.cobertura.instrument.ClassInstrumenter.visitMethod(int,String,String,String,String[]);ClassInstrumenter.java;129;method;other;public;14;;6;4
net.sourceforge.cobertura.instrument.ClassInstrumenter.visitEnd();ClassInstrumenter.java;144;method;other;public;13;;5;1
net.sourceforge.cobertura.instrument.ClassPattern.includeClassesRegexes;ClassPattern.java;46;instance_variable;;private;4;2;;
net.sourceforge.cobertura.instrument.ClassPattern.excludeClassesRegexes;ClassPattern.java;48;instance_variable;;private;3;1;;
net.sourceforge.cobertura.instrument.ClassPattern.WEBINF_CLASSES;ClassPattern.java;50;class_variable;;private;8;3;;
net.sourceforge.cobertura.instrument.ClassPattern.isSpecified();ClassPattern.java;58;method;getter/setter;default;5;;3;1
net.sourceforge.cobertura.instrument.ClassPattern.matches(String);ClassPattern.java;75;method;other;default;6;;4;2
net.sourceforge.cobertura.instrument.ClassPattern.removeAnyWebInfClassesString(String);ClassPattern.java;104;method;other;private;7;;5;3
net.sourceforge.cobertura.instrument.ClassPattern.addIncludeClassesRegex(String);ClassPattern.java;118;method;other;default;2;;2;4
net.sourceforge.cobertura.instrument.ClassPattern.addExcludeClassesRegex(String);ClassPattern.java;128;method;other;default;1;;1;4
net.sourceforge.cobertura.instrument.CoberturaFile.serialVersionUID;CoberturaFile.java;41;class_variable;;private;7;3;;
net.sourceforge.cobertura.instrument.CoberturaFile.baseDir;CoberturaFile.java;43;instance_variable;;private;1;1;;
net.sourceforge.cobertura.instrument.CoberturaFile.pathname;CoberturaFile.java;44;instance_variable;;private;6;2;;
net.sourceforge.cobertura.instrument.CoberturaFile.CoberturaFile(String,String);CoberturaFile.java;46;constructor;;default;;;;
net.sourceforge.cobertura.instrument.CoberturaFile.getBaseDir();CoberturaFile.java;53;method;getter/setter;public;2;;1;1
net.sourceforge.cobertura.instrument.CoberturaFile.getPathname();CoberturaFile.java;58;method;getter/setter;public;3;;2;2
net.sourceforge.cobertura.instrument.CoberturaFile.isArchive();CoberturaFile.java;67;method;getter/setter;default;4;;3;3
net.sourceforge.cobertura.instrument.CoberturaFile.isClass();CoberturaFile.java;80;method;getter/setter;default;5;;4;4
net.sourceforge.cobertura.instrument.CoberturaFile.toString();CoberturaFile.java;85;method;other;public;8;;5;2
net.sourceforge.cobertura.instrument.FirstPassMethodInstrumenter.ownerClass;FirstPassMethodInstrumenter.java;41;instance_variable;;private;22;13;;
net.sourceforge.cobertura.instrument.FirstPassMethodInstrumenter.myName;FirstPassMethodInstrumenter.java;43;instance_variable;;private;21;12;;
net.sourceforge.cobertura.instrument.FirstPassMethodInstrumenter.myDescriptor;FirstPassMethodInstrumenter.java;45;instance_variable;;private;20;11;;
net.sourceforge.cobertura.instrument.FirstPassMethodInstrumenter.myAccess;FirstPassMethodInstrumenter.java;47;instance_variable;;private;19;10;;
net.sourceforge.cobertura.instrument.FirstPassMethodInstrumenter.ignoreRegexs;FirstPassMethodInstrumenter.java;49;instance_variable;;private;15;6;;
net.sourceforge.cobertura.instrument.FirstPassMethodInstrumenter.ignoreBranchesRegexs;FirstPassMethodInstrumenter.java;51;instance_variable;;private;14;5;;
net.sourceforge.cobertura.instrument.FirstPassMethodInstrumenter.classData;FirstPassMethodInstrumenter.java;53;instance_variable;;private;1;1;;
net.sourceforge.cobertura.instrument.FirstPassMethodInstrumenter.currentLine;FirstPassMethodInstrumenter.java;55;instance_variable;;private;3;3;;
net.sourceforge.cobertura.instrument.FirstPassMethodInstrumenter.currentJump;FirstPassMethodInstrumenter.java;57;instance_variable;;private;2;2;;
net.sourceforge.cobertura.instrument.FirstPassMethodInstrumenter.currentSwitch;FirstPassMethodInstrumenter.java;59;instance_variable;;private;4;4;;
net.sourceforge.cobertura.instrument.FirstPassMethodInstrumenter.jumpTargetLabels;FirstPassMethodInstrumenter.java;61;instance_variable;;private;16;7;;
net.sourceforge.cobertura.instrument.FirstPassMethodInstrumenter.switchTargetLabels;FirstPassMethodInstrumenter.java;63;instance_variable;;private;24;14;;
net.sourceforge.cobertura.instrument.FirstPassMethodInstrumenter.lineLabels;FirstPassMethodInstrumenter.java;65;instance_variable;;private;17;8;;
net.sourceforge.cobertura.instrument.FirstPassMethodInstrumenter.writerMethodVisitor;FirstPassMethodInstrumenter.java;67;instance_variable;;private;31;15;;
net.sourceforge.cobertura.instrument.FirstPassMethodInstrumenter.methodNode;FirstPassMethodInstrumenter.java;69;instance_variable;;private;18;9;;
net.sourceforge.cobertura.instrument.FirstPassMethodInstrumenter.FirstPassMethodInstrumenter(ClassData,MethodVisitor,String,int,String,String,String,String[],Collection,Collection);FirstPassMethodInstrumenter.java;71;constructor;;public;;;;
net.sourceforge.cobertura.instrument.FirstPassMethodInstrumenter.visitEnd();FirstPassMethodInstrumenter.java;92;method;other;public;25;;11;1
net.sourceforge.cobertura.instrument.FirstPassMethodInstrumenter.visitJumpInsn(int,Label);FirstPassMethodInstrumenter.java;98;method;other;public;26;;12;2
net.sourceforge.cobertura.instrument.FirstPassMethodInstrumenter.visitLineNumber(int,Label);FirstPassMethodInstrumenter.java;115;method;other;public;27;;13;1
net.sourceforge.cobertura.instrument.FirstPassMethodInstrumenter.visitMethodInsn(int,String,String,String);FirstPassMethodInstrumenter.java;132;method;other;public;29;;15;3
net.sourceforge.cobertura.instrument.FirstPassMethodInstrumenter.visitLookupSwitchInsn(Label,int[],Label[]);FirstPassMethodInstrumenter.java;145;method;other;public;28;;14;2
net.sourceforge.cobertura.instrument.FirstPassMethodInstrumenter.visitTableSwitchInsn(int,int,Label,Label[]);FirstPassMethodInstrumenter.java;158;method;other;public;30;;16;2
net.sourceforge.cobertura.instrument.FirstPassMethodInstrumenter.removeLine(int);FirstPassMethodInstrumenter.java;171;method;other;protected;23;;10;1
net.sourceforge.cobertura.instrument.FirstPassMethodInstrumenter.getWriterMethodVisitor();FirstPassMethodInstrumenter.java;176;method;getter/setter;protected;13;;9;1
net.sourceforge.cobertura.instrument.FirstPassMethodInstrumenter.getIgnoreRegexs();FirstPassMethodInstrumenter.java;181;method;getter/setter;protected;5;;1;3
net.sourceforge.cobertura.instrument.FirstPassMethodInstrumenter.getJumpTargetLabels();FirstPassMethodInstrumenter.java;186;method;getter/setter;protected;6;;2;2
net.sourceforge.cobertura.instrument.FirstPassMethodInstrumenter.getSwitchTargetLabels();FirstPassMethodInstrumenter.java;191;method;getter/setter;protected;12;;8;2
net.sourceforge.cobertura.instrument.FirstPassMethodInstrumenter.getMyAccess();FirstPassMethodInstrumenter.java;196;method;getter/setter;protected;8;;4;4
net.sourceforge.cobertura.instrument.FirstPassMethodInstrumenter.getMyDescriptor();FirstPassMethodInstrumenter.java;201;method;getter/setter;protected;9;;5;4
net.sourceforge.cobertura.instrument.FirstPassMethodInstrumenter.getMyName();FirstPassMethodInstrumenter.java;206;method;getter/setter;protected;10;;6;4
net.sourceforge.cobertura.instrument.FirstPassMethodInstrumenter.getOwnerClass();FirstPassMethodInstrumenter.java;211;method;getter/setter;protected;11;;7;3
net.sourceforge.cobertura.instrument.FirstPassMethodInstrumenter.getLineLabels();FirstPassMethodInstrumenter.java;216;method;getter/setter;protected;7;;3;2
net.sourceforge.cobertura.instrument.JumpHolder.lineNumber;JumpHolder.java;25;instance_variable;;protected;4;2;;
net.sourceforge.cobertura.instrument.JumpHolder.jumpNumber;JumpHolder.java;27;instance_variable;;protected;3;1;;
net.sourceforge.cobertura.instrument.JumpHolder.JumpHolder(int,int);JumpHolder.java;29;constructor;;public;;;;
net.sourceforge.cobertura.instrument.JumpHolder.getJumpNumber();JumpHolder.java;35;method;getter/setter;public;1;;1;
net.sourceforge.cobertura.instrument.JumpHolder.getLineNumber();JumpHolder.java;39;method;getter/setter;public;2;;2;
net.sourceforge.cobertura.instrument.Main.logger;Main.java;90;class_variable;;private;9;5;;
net.sourceforge.cobertura.instrument.Main.destinationDirectory;Main.java;92;instance_variable;;private;5;2;;
net.sourceforge.cobertura.instrument.Main.ignoreRegexes;Main.java;94;instance_variable;;private;7;4;;
net.sourceforge.cobertura.instrument.Main.ignoreBranchesRegexes;Main.java;96;instance_variable;;private;6;3;;
net.sourceforge.cobertura.instrument.Main.classPattern;Main.java;98;instance_variable;;private;4;1;;
net.sourceforge.cobertura.instrument.Main.projectData;Main.java;100;instance_variable;;private;12;6;;
net.sourceforge.cobertura.instrument.Main.isClass(ZipEntry);Main.java;107;method;static;private;8;;4;1
net.sourceforge.cobertura.instrument.Main.addInstrumentationToArchive(CoberturaFile,InputStream,OutputStream);Main.java;112;method;other;private;2;;2;2
net.sourceforge.cobertura.instrument.Main.addInstrumentationToArchive(CoberturaFile,ZipInputStream,ZipOutputStream);Main.java;131;method;other;private;2;;2;1
net.sourceforge.cobertura.instrument.Main.addInstrumentationToArchive(Archive);Main.java;233;method;other;private;2;;2;2
net.sourceforge.cobertura.instrument.Main.addInstrumentationToArchive(CoberturaFile);Main.java;257;method;other;private;2;;2;2
net.sourceforge.cobertura.instrument.Main.addInstrumentationToSingleClass(File);Main.java;345;method;other;private;3;;3;2
net.sourceforge.cobertura.instrument.Main.addInstrumentation(CoberturaFile);Main.java;412;method;other;private;1;;1;3
net.sourceforge.cobertura.instrument.Main.parseArguments(String[]);Main.java;432;method;other;private;11;;6;3
net.sourceforge.cobertura.instrument.Main.main(String[]);Main.java;500;method;static;public;10;;5;4
net.sourceforge.cobertura.instrument.NewLocalVariableMethodAdapter.firstStackVariable;NewLocalVariableMethodAdapter.java;36;instance_variable;;protected;2;2;;
net.sourceforge.cobertura.instrument.NewLocalVariableMethodAdapter.addedStackWords;NewLocalVariableMethodAdapter.java;37;instance_variable;;protected;1;1;;
net.sourceforge.cobertura.instrument.NewLocalVariableMethodAdapter.NewLocalVariableMethodAdapter(MethodVisitor,int,String,int);NewLocalVariableMethodAdapter.java;39;constructor;;public;;;;
net.sourceforge.cobertura.instrument.NewLocalVariableMethodAdapter.visitVarInsn(int,int);NewLocalVariableMethodAdapter.java;50;method;other;public;7;;5;1
net.sourceforge.cobertura.instrument.NewLocalVariableMethodAdapter.visitIincInsn(int,int);NewLocalVariableMethodAdapter.java;55;method;other;public;5;;3;1
net.sourceforge.cobertura.instrument.NewLocalVariableMethodAdapter.visitLocalVariable(String,String,String,Label,Label,int);NewLocalVariableMethodAdapter.java;59;method;other;public;6;;4;2
net.sourceforge.cobertura.instrument.NewLocalVariableMethodAdapter.getAddedStackWords();NewLocalVariableMethodAdapter.java;64;method;getter/setter;public;3;;1;3
net.sourceforge.cobertura.instrument.NewLocalVariableMethodAdapter.getFirstStackVariable();NewLocalVariableMethodAdapter.java;69;method;getter/setter;public;4;;2;4
net.sourceforge.cobertura.instrument.SecondPassMethodInstrumenter.TOUCH_COLLECTOR_CLASS;SecondPassMethodInstrumenter.java;36;instance_variable;;private;18;11;;
net.sourceforge.cobertura.instrument.SecondPassMethodInstrumenter.currentLine;SecondPassMethodInstrumenter.java;38;instance_variable;;private;4;4;;
net.sourceforge.cobertura.instrument.SecondPassMethodInstrumenter.currentJump;SecondPassMethodInstrumenter.java;40;instance_variable;;private;3;3;;
net.sourceforge.cobertura.instrument.SecondPassMethodInstrumenter.methodStarted;SecondPassMethodInstrumenter.java;42;instance_variable;;private;15;8;;
net.sourceforge.cobertura.instrument.SecondPassMethodInstrumenter.myVariableIndex;SecondPassMethodInstrumenter.java;44;instance_variable;;private;16;9;;
net.sourceforge.cobertura.instrument.SecondPassMethodInstrumenter.startLabel;SecondPassMethodInstrumenter.java;46;instance_variable;;private;17;10;;
net.sourceforge.cobertura.instrument.SecondPassMethodInstrumenter.endLabel;SecondPassMethodInstrumenter.java;48;instance_variable;;private;5;5;;
net.sourceforge.cobertura.instrument.SecondPassMethodInstrumenter.lastJump;SecondPassMethodInstrumenter.java;50;instance_variable;;private;14;7;;
net.sourceforge.cobertura.instrument.SecondPassMethodInstrumenter.firstPass;SecondPassMethodInstrumenter.java;52;instance_variable;;private;6;6;;
net.sourceforge.cobertura.instrument.SecondPassMethodInstrumenter.BOOLEAN_TRUE;SecondPassMethodInstrumenter.java;54;class_variable;;private;2;2;;
net.sourceforge.cobertura.instrument.SecondPassMethodInstrumenter.BOOLEAN_FALSE;SecondPassMethodInstrumenter.java;55;class_variable;;private;1;1;;
net.sourceforge.cobertura.instrument.SecondPassMethodInstrumenter.SecondPassMethodInstrumenter(FirstPassMethodInstrumenter);SecondPassMethodInstrumenter.java;57;constructor;;public;;;;
net.sourceforge.cobertura.instrument.SecondPassMethodInstrumenter.visitJumpInsn(int,Label);SecondPassMethodInstrumenter.java;64;method;other;public;25;;14;1
net.sourceforge.cobertura.instrument.SecondPassMethodInstrumenter.visitLineNumber(int,Label);SecondPassMethodInstrumenter.java;87;method;other;public;28;;17;1
net.sourceforge.cobertura.instrument.SecondPassMethodInstrumenter.visitMethodInsn(int,String,String,String);SecondPassMethodInstrumenter.java;105;method;other;public;31;;20;2
net.sourceforge.cobertura.instrument.SecondPassMethodInstrumenter.visitFieldInsn(int,String,String,String);SecondPassMethodInstrumenter.java;121;method;other;public;21;;10;2
net.sourceforge.cobertura.instrument.SecondPassMethodInstrumenter.visitIincInsn(int,int);SecondPassMethodInstrumenter.java;129;method;other;public;22;;11;3
net.sourceforge.cobertura.instrument.SecondPassMethodInstrumenter.visitInsn(int);SecondPassMethodInstrumenter.java;137;method;other;public;23;;12;2
net.sourceforge.cobertura.instrument.SecondPassMethodInstrumenter.visitIntInsn(int,int);SecondPassMethodInstrumenter.java;145;method;other;public;24;;13;2
net.sourceforge.cobertura.instrument.SecondPassMethodInstrumenter.visitLabel(Label);SecondPassMethodInstrumenter.java;153;method;other;public;26;;15;1
net.sourceforge.cobertura.instrument.SecondPassMethodInstrumenter.visitLdcInsn(Object);SecondPassMethodInstrumenter.java;223;method;other;public;27;;16;2
net.sourceforge.cobertura.instrument.SecondPassMethodInstrumenter.visitMultiANewArrayInsn(String,int);SecondPassMethodInstrumenter.java;231;method;other;public;32;;21;2
net.sourceforge.cobertura.instrument.SecondPassMethodInstrumenter.visitLookupSwitchInsn(Label,int[],Label[]);SecondPassMethodInstrumenter.java;239;method;other;public;29;;18;4
net.sourceforge.cobertura.instrument.SecondPassMethodInstrumenter.visitTableSwitchInsn(int,int,Label,Label[]);SecondPassMethodInstrumenter.java;247;method;other;public;33;;22;4
net.sourceforge.cobertura.instrument.SecondPassMethodInstrumenter.visitTryCatchBlock(Label,Label,Label,String);SecondPassMethodInstrumenter.java;255;method;other;public;34;;23;4
net.sourceforge.cobertura.instrument.SecondPassMethodInstrumenter.visitTypeInsn(int,String);SecondPassMethodInstrumenter.java;263;method;other;public;35;;24;2
net.sourceforge.cobertura.instrument.SecondPassMethodInstrumenter.visitVarInsn(int,int);SecondPassMethodInstrumenter.java;271;method;other;public;36;;25;3
net.sourceforge.cobertura.instrument.SecondPassMethodInstrumenter.visitCode();SecondPassMethodInstrumenter.java;280;method;other;public;20;;9;4
net.sourceforge.cobertura.instrument.SecondPassMethodInstrumenter.touchBranchFalse();SecondPassMethodInstrumenter.java;286;method;other;private;19;;8;1
net.sourceforge.cobertura.instrument.SecondPassMethodInstrumenter.instrumentOwnerClass();SecondPassMethodInstrumenter.java;293;method;other;private;11;;5;2
net.sourceforge.cobertura.instrument.SecondPassMethodInstrumenter.instrumentSwitchHit(int,int,int);SecondPassMethodInstrumenter.java;299;method;other;private;13;;7;1
net.sourceforge.cobertura.instrument.SecondPassMethodInstrumenter.instrumentJumpHit(boolean);SecondPassMethodInstrumenter.java;310;method;other;private;10;;4;1
net.sourceforge.cobertura.instrument.SecondPassMethodInstrumenter.instrumentInvokeTouchJump();SecondPassMethodInstrumenter.java;320;method;other;private;7;;1;1
net.sourceforge.cobertura.instrument.SecondPassMethodInstrumenter.instrumentInvokeTouchSwitch();SecondPassMethodInstrumenter.java;327;method;other;private;8;;2;1
net.sourceforge.cobertura.instrument.SecondPassMethodInstrumenter.instrumentPutLineAndBranchNumbers();SecondPassMethodInstrumenter.java;332;method;other;private;12;;6;3
net.sourceforge.cobertura.instrument.SecondPassMethodInstrumenter.instrumentIsLastJump();SecondPassMethodInstrumenter.java;338;method;other;private;9;;3;1
net.sourceforge.cobertura.instrument.SecondPassMethodInstrumenter.visitMaxs(int,int);SecondPassMethodInstrumenter.java;349;method;other;public;30;;19;4
net.sourceforge.cobertura.instrument.SwitchHolder.branch;SwitchHolder.java;25;instance_variable;;protected;1;1;;
net.sourceforge.cobertura.instrument.SwitchHolder.SwitchHolder(int,int,int);SwitchHolder.java;27;constructor;;public;;;;
net.sourceforge.cobertura.instrument.SwitchHolder.getSwitchNumber();SwitchHolder.java;32;method;getter/setter;public;3;;2;
net.sourceforge.cobertura.instrument.SwitchHolder.getBranch();SwitchHolder.java;36;method;getter/setter;public;2;;1;
net.sourceforge.cobertura.merge.Main.Main(String[]);Main.java;41;constructor;;public;;;;
net.sourceforge.cobertura.merge.Main.main(String[]);Main.java;86;method;static;public;1;;1;
net.sourceforge.cobertura.reporting.ComplexityCalculator.logger;ComplexityCalculator.java;56;class_variable;;private;10;2;;
net.sourceforge.cobertura.reporting.ComplexityCalculator.ZERO_COMPLEXITY;ComplexityCalculator.java;58;class_variable;;public;13;5;;
net.sourceforge.cobertura.reporting.ComplexityCalculator.finder;ComplexityCalculator.java;61;instance_variable;;private;1;1;;
net.sourceforge.cobertura.reporting.ComplexityCalculator.sourceFileCNNCache;ComplexityCalculator.java;64;instance_variable;;private;12;4;;
net.sourceforge.cobertura.reporting.ComplexityCalculator.packageCNNCache;ComplexityCalculator.java;67;instance_variable;;private;11;3;;
net.sourceforge.cobertura.reporting.ComplexityCalculator.ComplexityCalculator(FileFinder);ComplexityCalculator.java;76;constructor;;public;;;;
net.sourceforge.cobertura.reporting.ComplexityCalculator.getAccumlatedCCNForSource(String,Source);ComplexityCalculator.java;93;method;getter/setter;private;3;;2;1
net.sourceforge.cobertura.reporting.ComplexityCalculator.getAccumlatedCCNForSingleFile(String);ComplexityCalculator.java;135;method;getter/setter;private;2;;1;1
net.sourceforge.cobertura.reporting.ComplexityCalculator.getCCNForProject(ProjectData);ComplexityCalculator.java;159;method;getter/setter;public;7;;6;2
net.sourceforge.cobertura.reporting.ComplexityCalculator.getCCNForPackage(PackageData);ComplexityCalculator.java;179;method;getter/setter;public;5;;4;2
net.sourceforge.cobertura.reporting.ComplexityCalculator.getCCNForPackageInternal(PackageData);ComplexityCalculator.java;183;method;getter/setter;private;6;;5;3
net.sourceforge.cobertura.reporting.ComplexityCalculator.getCCNForSourceFile(SourceFileData);ComplexityCalculator.java;210;method;getter/setter;public;8;;7;4
net.sourceforge.cobertura.reporting.ComplexityCalculator.getCCNForSourceFileNameInternal(String);ComplexityCalculator.java;214;method;getter/setter;private;9;;8;3
net.sourceforge.cobertura.reporting.ComplexityCalculator.getCCNForClass(ClassData);ComplexityCalculator.java;239;method;getter/setter;public;4;;3;4
net.sourceforge.cobertura.reporting.Main.LOGGER;Main.java;43;class_variable;;private;5;5;;
net.sourceforge.cobertura.reporting.Main.format;Main.java;45;instance_variable;;private;4;4;;
net.sourceforge.cobertura.reporting.Main.dataFile;Main.java;46;instance_variable;;private;1;1;;
net.sourceforge.cobertura.reporting.Main.destinationDir;Main.java;47;instance_variable;;private;2;2;;
net.sourceforge.cobertura.reporting.Main.encoding;Main.java;48;instance_variable;;private;3;3;;
net.sourceforge.cobertura.reporting.Main.parseArguments(String[]);Main.java;50;method;other;private;7;;2;1
net.sourceforge.cobertura.reporting.Main.setFormat(String);Main.java;113;method;getter/setter;private;11;;6;2
net.sourceforge.cobertura.reporting.Main.setDataFile(String);Main.java;127;method;getter/setter;private;8;;3;1
net.sourceforge.cobertura.reporting.Main.setDestination(String);Main.java;144;method;getter/setter;private;9;;4;1
net.sourceforge.cobertura.reporting.Main.setEncoding(String);Main.java;156;method;getter/setter;private;10;;5;3
net.sourceforge.cobertura.reporting.Main.main(String[]);Main.java;160;method;static;public;6;;1;4
net.sourceforge.cobertura.reporting.html.HTMLReport.LOGGER;HTMLReport.java;67;class_variable;;private;26;5;;
net.sourceforge.cobertura.reporting.html.HTMLReport.destinationDir;HTMLReport.java;69;instance_variable;;private;2;2;;
net.sourceforge.cobertura.reporting.html.HTMLReport.finder;HTMLReport.java;71;instance_variable;;private;4;4;;
net.sourceforge.cobertura.reporting.html.HTMLReport.complexity;HTMLReport.java;73;instance_variable;;private;1;1;;
net.sourceforge.cobertura.reporting.html.HTMLReport.projectData;HTMLReport.java;75;instance_variable;;private;27;6;;
net.sourceforge.cobertura.reporting.html.HTMLReport.encoding;HTMLReport.java;77;instance_variable;;private;3;3;;
net.sourceforge.cobertura.reporting.html.HTMLReport.HTMLReport(ProjectData,File,FileFinder,ComplexityCalculator,String);HTMLReport.java;83;constructor;;public;;;;
net.sourceforge.cobertura.reporting.html.HTMLReport.generatePackageName(PackageData);HTMLReport.java;100;method;other;private;12;;8;1
net.sourceforge.cobertura.reporting.html.HTMLReport.generatePackageList();HTMLReport.java;107;method;other;private;11;;7;2
net.sourceforge.cobertura.reporting.html.HTMLReport.generateSourceFileLists();HTMLReport.java;166;method;other;private;16;;12;1
net.sourceforge.cobertura.reporting.html.HTMLReport.generateSourceFileList(PackageData);HTMLReport.java;177;method;other;private;15;;11;2
net.sourceforge.cobertura.reporting.html.HTMLReport.generateOverviews();HTMLReport.java;269;method;other;private;10;;6;1
net.sourceforge.cobertura.reporting.html.HTMLReport.generateOverview(PackageData);HTMLReport.java;280;method;other;private;9;;5;2
net.sourceforge.cobertura.reporting.html.HTMLReport.generateSourceFiles();HTMLReport.java;426;method;other;private;17;;13;1
net.sourceforge.cobertura.reporting.html.HTMLReport.generateSourceFile(SourceFileData);HTMLReport.java;445;method;other;private;14;;10;2
net.sourceforge.cobertura.reporting.html.HTMLReport.generateBranchInfo(LineData,String);HTMLReport.java;517;method;other;private;5;;1;3
net.sourceforge.cobertura.reporting.html.HTMLReport.generateHtmlizedJavaSource(SourceFileData);HTMLReport.java;544;method;other;private;8;;4;3
net.sourceforge.cobertura.reporting.html.HTMLReport.generateFooter();HTMLReport.java;641;method;static;private;6;;2;4
net.sourceforge.cobertura.reporting.html.HTMLReport.generateTableHeader(String,boolean);HTMLReport.java;649;method;static;private;19;;15;3
net.sourceforge.cobertura.reporting.html.HTMLReport.generateHelpURL(String,String);HTMLReport.java;679;method;static;private;7;;3;3
net.sourceforge.cobertura.reporting.html.HTMLReport.generateTableRowForTotal();HTMLReport.java;701;method;other;private;22;;18;3
net.sourceforge.cobertura.reporting.html.HTMLReport.generateTableRowForPackage(PackageData);HTMLReport.java;715;method;other;private;21;;17;3
net.sourceforge.cobertura.reporting.html.HTMLReport.generateTableRowsForSourceFile(SourceFileData);HTMLReport.java;733;method;other;private;23;;19;1
net.sourceforge.cobertura.reporting.html.HTMLReport.generateTableRowForClass(ClassData,String,double);HTMLReport.java;752;method;other;private;20;;16;3
net.sourceforge.cobertura.reporting.html.HTMLReport.generateTableColumnsFromData(CoverageData,double);HTMLReport.java;776;method;static;private;18;;14;4
net.sourceforge.cobertura.reporting.html.HTMLReport.generatePercentResult(int,int);HTMLReport.java;801;method;static;private;13;;9;4
net.sourceforge.cobertura.reporting.html.HTMLReport.getDoubleValue(double);HTMLReport.java;835;method;static;private;24;;20;4
net.sourceforge.cobertura.reporting.html.HTMLReport.getPercentValue(double);HTMLReport.java;840;method;static;private;25;;21;4
net.sourceforge.cobertura.reporting.html.JavaToHtml.javaKeywords;JavaToHtml.java;47;class_variable;;private;2;1;;
net.sourceforge.cobertura.reporting.html.JavaToHtml.javaPrimitiveLiterals;JavaToHtml.java;48;class_variable;;private;3;2;;
net.sourceforge.cobertura.reporting.html.JavaToHtml.javaPrimitiveTypes;JavaToHtml.java;49;class_variable;;private;4;3;;
net.sourceforge.cobertura.reporting.html.JavaToHtml.state;JavaToHtml.java;76;instance_variable;;private;8;4;;
net.sourceforge.cobertura.reporting.html.JavaToHtml.escapeEntity(char);JavaToHtml.java;78;method;static;private;1;;1;
net.sourceforge.cobertura.reporting.html.JavaToHtml.process(String);JavaToHtml.java;99;method;other;public;5;;2;
net.sourceforge.cobertura.reporting.html.JavaToHtml.processLine(String);JavaToHtml.java;147;method;other;private;6;;3;
net.sourceforge.cobertura.reporting.html.JavaToHtml.reset();JavaToHtml.java;346;method;other;public;7;;4;
net.sourceforge.cobertura.reporting.html.SourceFileDataBaseNameComparator.serialVersionUID;SourceFileDataBaseNameComparator.java;32;class_variable;;private;2;1;;
net.sourceforge.cobertura.reporting.html.SourceFileDataBaseNameComparator.compare(Object,Object);SourceFileDataBaseNameComparator.java;34;method;other;public;1;;1;
net.sourceforge.cobertura.reporting.html.files.CopyFiles.copy(File);CopyFiles.java;33;method;static;public;1;;1;
net.sourceforge.cobertura.reporting.html.files.CopyFiles.copyResourceFromJar(String,File);CopyFiles.java;72;method;static;private;2;;2;
net.sourceforge.cobertura.reporting.xml.SummaryXMLReport.pw;SummaryXMLReport.java;39;instance_variable;;private;5;2;;
net.sourceforge.cobertura.reporting.xml.SummaryXMLReport.indent;SummaryXMLReport.java;40;instance_variable;;private;3;1;;
net.sourceforge.cobertura.reporting.xml.SummaryXMLReport.SummaryXMLReport(ProjectData,File,FileFinder,ComplexityCalculator);SummaryXMLReport.java;43;constructor;;public;;;;
net.sourceforge.cobertura.reporting.xml.SummaryXMLReport.increaseIndentation();SummaryXMLReport.java;93;method;other;default;2;;2;
net.sourceforge.cobertura.reporting.xml.SummaryXMLReport.decreaseIndentation();SummaryXMLReport.java;98;method;other;default;1;;1;
net.sourceforge.cobertura.reporting.xml.SummaryXMLReport.println(String);SummaryXMLReport.java;104;method;other;private;4;;4;
net.sourceforge.cobertura.reporting.xml.SummaryXMLReport.indent();SummaryXMLReport.java;110;method;other;private;3;;3;
net.sourceforge.cobertura.reporting.xml.XMLReport.logger;XMLReport.java;55;class_variable;;private;20;5;;
net.sourceforge.cobertura.reporting.xml.XMLReport.coverageDTD;XMLReport.java;57;class_variable;;protected;2;2;;
net.sourceforge.cobertura.reporting.xml.XMLReport.pw;XMLReport.java;59;instance_variable;;private;22;6;;
net.sourceforge.cobertura.reporting.xml.XMLReport.finder;XMLReport.java;60;instance_variable;;private;17;3;;
net.sourceforge.cobertura.reporting.xml.XMLReport.complexity;XMLReport.java;61;instance_variable;;private;1;1;;
net.sourceforge.cobertura.reporting.xml.XMLReport.indent;XMLReport.java;62;instance_variable;;private;19;4;;
net.sourceforge.cobertura.reporting.xml.XMLReport.XMLReport(ProjectData,File,FileFinder,ComplexityCalculator);XMLReport.java;64;constructor;;public;;;;
net.sourceforge.cobertura.reporting.xml.XMLReport.increaseIndentation();XMLReport.java;114;method;other;default;18;;15;1
net.sourceforge.cobertura.reporting.xml.XMLReport.decreaseIndentation();XMLReport.java;119;method;other;default;3;;1;1
net.sourceforge.cobertura.reporting.xml.XMLReport.indent();XMLReport.java;125;method;other;default;19;;16;1
net.sourceforge.cobertura.reporting.xml.XMLReport.println(String);XMLReport.java;133;method;other;default;21;;17;1
net.sourceforge.cobertura.reporting.xml.XMLReport.dumpSources();XMLReport.java;139;method;other;private;16;;14;2
net.sourceforge.cobertura.reporting.xml.XMLReport.dumpSource(String);XMLReport.java;151;method;other;private;14;;12;2
net.sourceforge.cobertura.reporting.xml.XMLReport.dumpPackages(ProjectData);XMLReport.java;156;method;other;private;13;;11;2
net.sourceforge.cobertura.reporting.xml.XMLReport.dumpPackage(PackageData);XMLReport.java;171;method;other;private;12;;10;2
net.sourceforge.cobertura.reporting.xml.XMLReport.dumpSourceFiles(PackageData);XMLReport.java;185;method;other;private;15;;13;2
net.sourceforge.cobertura.reporting.xml.XMLReport.dumpClasses(SourceFileData);XMLReport.java;200;method;other;private;5;;3;2
net.sourceforge.cobertura.reporting.xml.XMLReport.dumpClass(ClassData);XMLReport.java;209;method;other;private;4;;2;2
net.sourceforge.cobertura.reporting.xml.XMLReport.dumpMethods(ClassData);XMLReport.java;227;method;other;private;11;;9;2
net.sourceforge.cobertura.reporting.xml.XMLReport.dumpMethod(ClassData,String);XMLReport.java;244;method;other;private;10;;8;3
net.sourceforge.cobertura.reporting.xml.XMLReport.xmlEscape(String);XMLReport.java;260;method;static;private;23;;18;4
net.sourceforge.cobertura.reporting.xml.XMLReport.dumpLines(ClassData);XMLReport.java;267;method;other;private;9;;7;2
net.sourceforge.cobertura.reporting.xml.XMLReport.dumpLines(ClassData,String);XMLReport.java;272;method;other;private;9;;7;3
net.sourceforge.cobertura.reporting.xml.XMLReport.dumpLines(Collection);XMLReport.java;277;method;other;private;9;;7;2
net.sourceforge.cobertura.reporting.xml.XMLReport.dumpLine(LineData);XMLReport.java;294;method;other;private;8;;6;4
net.sourceforge.cobertura.reporting.xml.XMLReport.dumpConditions(LineData);XMLReport.java;314;method;other;private;7;;5;4
net.sourceforge.cobertura.reporting.xml.XMLReport.dumpCondition(Object,String);XMLReport.java;330;method;other;private;6;;4;4
net.sourceforge.cobertura.util.ArchiveUtil.isArchive(String);ArchiveUtil.java;45;method;static;public;1;;1;
net.sourceforge.cobertura.util.ArchiveUtil.isSignatureFile(String);ArchiveUtil.java;59;method;static;public;2;;2;
net.sourceforge.cobertura.util.CommandLineBuilder.logger;CommandLineBuilder.java;76;class_variable;;private;7;4;;
net.sourceforge.cobertura.util.CommandLineBuilder.LINESEP;CommandLineBuilder.java;79;class_variable;;private;6;3;;
net.sourceforge.cobertura.util.CommandLineBuilder.commandLineFile;CommandLineBuilder.java;82;instance_variable;;private;2;1;;
net.sourceforge.cobertura.util.CommandLineBuilder.commandLineWriter;CommandLineBuilder.java;85;instance_variable;;private;3;2;;
net.sourceforge.cobertura.util.CommandLineBuilder.CommandLineBuilder();CommandLineBuilder.java;95;constructor;;public;;;;
net.sourceforge.cobertura.util.CommandLineBuilder.addArg(String);CommandLineBuilder.java;112;method;other;public;1;;1;1
net.sourceforge.cobertura.util.CommandLineBuilder.addArg(String,String);CommandLineBuilder.java;130;method;other;public;1;;1;1
net.sourceforge.cobertura.util.CommandLineBuilder.saveArgs();CommandLineBuilder.java;143;method;other;public;9;;5;2
net.sourceforge.cobertura.util.CommandLineBuilder.getCommandLineFile();CommandLineBuilder.java;156;method;getter/setter;public;5;;3;2
net.sourceforge.cobertura.util.CommandLineBuilder.dispose();CommandLineBuilder.java;165;method;other;public;4;;2;3
net.sourceforge.cobertura.util.CommandLineBuilder.preprocessCommandLineArguments(String[]);CommandLineBuilder.java;182;method;static;public;8;;4;4
net.sourceforge.cobertura.util.ConfigurationUtil.RESOURCE;ConfigurationUtil.java;41;class_variable;;public;6;2;;
net.sourceforge.cobertura.util.ConfigurationUtil.props;ConfigurationUtil.java;43;instance_variable;;private;5;1;;
net.sourceforge.cobertura.util.ConfigurationUtil.ConfigurationUtil();ConfigurationUtil.java;45;constructor;;public;;;;
net.sourceforge.cobertura.util.ConfigurationUtil.init();ConfigurationUtil.java;50;method;initializer;public;4;;4;
net.sourceforge.cobertura.util.ConfigurationUtil.getProperty(String,String);ConfigurationUtil.java;77;method;getter/setter;public;3;;3;
net.sourceforge.cobertura.util.ConfigurationUtil.getDatafile();ConfigurationUtil.java;97;method;getter/setter;public;2;;2;
net.sourceforge.cobertura.util.ConfigurationUtil.DEBUG(String);ConfigurationUtil.java;106;method;other;private;1;;1;
net.sourceforge.cobertura.util.FileFinder.LOGGER;FileFinder.java;65;class_variable;;private;7;1;;
net.sourceforge.cobertura.util.FileFinder.sourceDirectories;FileFinder.java;68;instance_variable;;private;9;2;;
net.sourceforge.cobertura.util.FileFinder.sourceFilesMap;FileFinder.java;71;instance_variable;;private;10;3;;
net.sourceforge.cobertura.util.FileFinder.addSourceDirectory(String);FileFinder.java;89;method;other;public;1;;1;1
net.sourceforge.cobertura.util.FileFinder.addSourceFile(String,String);FileFinder.java;116;method;other;public;2;;2;1
net.sourceforge.cobertura.util.FileFinder.getFileForSource(String);FileFinder.java;146;method;getter/setter;public;4;;4;2
net.sourceforge.cobertura.util.FileFinder.getSource(String);FileFinder.java;189;method;getter/setter;public;5;;5;2
net.sourceforge.cobertura.util.FileFinder.searchJarsForSource(String);FileFinder.java;211;method;other;private;8;;7;3
net.sourceforge.cobertura.util.FileFinder.getSourceDirectoryList();FileFinder.java;251;method;getter/setter;public;6;;6;1
net.sourceforge.cobertura.util.FileFinder.getCorrectedPath(String);FileFinder.java;267;method;getter/setter;private;3;;3;4
net.sourceforge.cobertura.util.FileFinder.toString();FileFinder.java;274;method;other;public;11;;8;1
net.sourceforge.cobertura.util.FileLocker.lock;FileLocker.java;56;instance_variable;;private;2;1;;
net.sourceforge.cobertura.util.FileLocker.lockChannel;FileLocker.java;61;instance_variable;;private;3;2;;
net.sourceforge.cobertura.util.FileLocker.lockFile;FileLocker.java;67;instance_variable;;private;4;3;;
net.sourceforge.cobertura.util.FileLocker.FileLocker(File);FileLocker.java;69;constructor;;public;;;;
net.sourceforge.cobertura.util.FileLocker.lock();FileLocker.java;86;method;other;public;2;;2;
net.sourceforge.cobertura.util.FileLocker.release();FileLocker.java;156;method;other;public;5;;3;
net.sourceforge.cobertura.util.FileLocker.releaseFileLock(Object);FileLocker.java;169;method;static;private;6;;4;
net.sourceforge.cobertura.util.FileLocker.closeChannel(Object);FileLocker.java;189;method;static;private;1;;1;
net.sourceforge.cobertura.util.Header.version();Header.java;31;method;static;public;2;;2;
net.sourceforge.cobertura.util.Header.print(PrintStream);Header.java;38;method;static;public;1;;1;
net.sourceforge.cobertura.util.IOUtil.copyStream(InputStream,OutputStream);IOUtil.java;60;method;static;public;3;;3;1
net.sourceforge.cobertura.util.IOUtil.createByteArrayFromInputStream(InputStream);IOUtil.java;81;method;static;public;4;;4;1
net.sourceforge.cobertura.util.IOUtil.moveFile(File,File);IOUtil.java;95;method;static;public;6;;6;2
net.sourceforge.cobertura.util.IOUtil.closeInputStream(InputStream);IOUtil.java;134;method;static;public;1;;1;3
net.sourceforge.cobertura.util.IOUtil.closeOutputStream(OutputStream);IOUtil.java;159;method;static;public;2;;2;3
net.sourceforge.cobertura.util.IOUtil.getPrintWriter(File);IOUtil.java;177;method;static;public;5;;5;4
net.sourceforge.cobertura.util.RegexUtil.logger;RegexUtil.java;46;class_variable;;private;2;1;;
net.sourceforge.cobertura.util.RegexUtil.pm;RegexUtil.java;48;class_variable;;private;4;2;;
net.sourceforge.cobertura.util.RegexUtil.matches(Collection,String);RegexUtil.java;60;method;static;public;3;;2;
net.sourceforge.cobertura.util.RegexUtil.addRegex(Collection,String);RegexUtil.java;75;method;static;public;1;;1;
net.sourceforge.cobertura.util.Source.is;Source.java;34;instance_variable;;private;4;1;;
net.sourceforge.cobertura.util.Source.streamOrigin;Source.java;37;instance_variable;;private;6;3;;
net.sourceforge.cobertura.util.Source.LOGGER;Source.java;39;class_variable;;private;5;2;;
net.sourceforge.cobertura.util.Source.Source(InputStream,Object);Source.java;41;constructor;;public;;;;
net.sourceforge.cobertura.util.Source.getInputStream();Source.java;47;method;getter/setter;public;2;;2;
net.sourceforge.cobertura.util.Source.close();Source.java;57;method;other;public;1;;1;
net.sourceforge.cobertura.util.Source.getOriginDesc();Source.java;81;method;getter/setter;public;3;;3;
net.sourceforge.cobertura.util.StringUtil.replaceAll(String,String,String);StringUtil.java;55;method;static;public;2;;2;
net.sourceforge.cobertura.util.StringUtil.getPercentValue(double);StringUtil.java;85;method;static;public;1;;1;
net.sourceforge.cobertura.webapp.FlushCoberturaServlet.serialVersionUID;FlushCoberturaServlet.java;41;class_variable;;private;3;1;;
net.sourceforge.cobertura.webapp.FlushCoberturaServlet.doGet(HttpServletRequest,HttpServletResponse);FlushCoberturaServlet.java;43;method;other;default;1;;1;
net.sourceforge.cobertura.webapp.FlushCoberturaServlet.doPost(HttpServletRequest,HttpServletResponse);FlushCoberturaServlet.java;63;method;other;default;2;;2;
