fully_qualified_name;file;line_number;entity_category;method_subcategory;visibility;lexico_index;lexico_field_index;lexico_method_index;semantic_cluster_index
junit.extensions.ActiveTestSuite.fActiveTestDeathCount;ActiveTestSuite.java;15;instance_variable;;private;1;1;;
junit.extensions.ActiveTestSuite.ActiveTestSuite();ActiveTestSuite.java;17;constructor;;public;;;;
junit.extensions.ActiveTestSuite.ActiveTestSuite(Class);ActiveTestSuite.java;20;constructor;;public;;;;
junit.extensions.ActiveTestSuite.ActiveTestSuite(String);ActiveTestSuite.java;24;constructor;;public;;;;
junit.extensions.ActiveTestSuite.ActiveTestSuite(Class,String);ActiveTestSuite.java;28;constructor;;public;;;;
junit.extensions.ActiveTestSuite.run(TestResult);ActiveTestSuite.java;32;method;other;default;2;;1;
junit.extensions.ActiveTestSuite.runTest(Test,TestResult);ActiveTestSuite.java;39;method;other;default;4;;3;
junit.extensions.ActiveTestSuite.waitUntilFinished();ActiveTestSuite.java;56;method;other;default;5;;4;
junit.extensions.ActiveTestSuite.runFinished();ActiveTestSuite.java;66;method;other;default;3;;2;
junit.extensions.RepeatedTest.fTimesRepeat;RepeatedTest.java;11;instance_variable;;private;2;1;;
junit.extensions.RepeatedTest.RepeatedTest(Test,int);RepeatedTest.java;13;constructor;;public;;;;
junit.extensions.RepeatedTest.countTestCases();RepeatedTest.java;20;method;other;default;1;;1;
junit.extensions.RepeatedTest.run(TestResult);RepeatedTest.java;25;method;other;default;3;;2;
junit.extensions.RepeatedTest.toString();RepeatedTest.java;34;method;other;default;4;;3;
junit.extensions.TestDecorator.fTest;TestDecorator.java;14;instance_variable;;protected;3;1;;
junit.extensions.TestDecorator.TestDecorator(Test);TestDecorator.java;16;constructor;;public;;;;
junit.extensions.TestDecorator.basicRun(TestResult);TestDecorator.java;23;method;other;public;1;;1;1
junit.extensions.TestDecorator.countTestCases();TestDecorator.java;27;method;other;public;2;;2;2
junit.extensions.TestDecorator.run(TestResult);TestDecorator.java;31;method;other;public;5;;4;1
junit.extensions.TestDecorator.toString();TestDecorator.java;35;method;other;default;6;;5;3
junit.extensions.TestDecorator.getTest();TestDecorator.java;40;method;getter/setter;public;4;;3;4
junit.extensions.TestSetup.TestSetup(Test);TestSetup.java;14;constructor;;public;;;;
junit.extensions.TestSetup.run(TestResult);TestSetup.java;18;method;other;default;1;;1;
junit.extensions.TestSetup.setUp();TestSetup.java;33;method;other;protected;2;;2;
junit.extensions.TestSetup.tearDown();TestSetup.java;40;method;other;protected;3;;3;
junit.framework.Assert.Assert();Assert.java;11;constructor;;protected;;;;
junit.framework.Assert.assertTrue(String,boolean);Assert.java;18;method;static;default;7;;7;1
junit.framework.Assert.assertTrue(boolean);Assert.java;26;method;static;default;7;;7;1
junit.framework.Assert.assertFalse(String,boolean);Assert.java;33;method;static;default;2;;2;1
junit.framework.Assert.assertFalse(boolean);Assert.java;40;method;static;default;2;;2;1
junit.framework.Assert.fail(String);Assert.java;46;method;static;default;8;;8;2
junit.framework.Assert.fail();Assert.java;52;method;static;default;8;;8;2
junit.framework.Assert.assertEquals(String,Object,Object);Assert.java;59;method;static;default;1;;1;3
junit.framework.Assert.assertEquals(Object,Object);Assert.java;70;method;static;default;1;;1;3
junit.framework.Assert.assertEquals(String,String,String);Assert.java;76;method;static;default;1;;1;3
junit.framework.Assert.assertEquals(String,String);Assert.java;86;method;static;default;1;;1;3
junit.framework.Assert.assertEquals(String,double,double,double);Assert.java;94;method;static;default;1;;1;3
junit.framework.Assert.assertEquals(double,double,double);Assert.java;104;method;static;default;1;;1;3
junit.framework.Assert.assertEquals(String,float,float,float);Assert.java;112;method;static;default;1;;1;3
junit.framework.Assert.assertEquals(float,float,float);Assert.java;122;method;static;default;1;;1;3
junit.framework.Assert.assertEquals(String,long,long);Assert.java;129;method;static;default;1;;1;3
junit.framework.Assert.assertEquals(long,long);Assert.java;135;method;static;default;1;;1;3
junit.framework.Assert.assertEquals(String,boolean,boolean);Assert.java;142;method;static;default;1;;1;3
junit.framework.Assert.assertEquals(boolean,boolean);Assert.java;148;method;static;default;1;;1;3
junit.framework.Assert.assertEquals(String,byte,byte);Assert.java;155;method;static;default;1;;1;3
junit.framework.Assert.assertEquals(byte,byte);Assert.java;161;method;static;default;1;;1;3
junit.framework.Assert.assertEquals(String,char,char);Assert.java;168;method;static;default;1;;1;3
junit.framework.Assert.assertEquals(char,char);Assert.java;174;method;static;default;1;;1;3
junit.framework.Assert.assertEquals(String,short,short);Assert.java;181;method;static;default;1;;1;3
junit.framework.Assert.assertEquals(short,short);Assert.java;187;method;static;default;1;;1;3
junit.framework.Assert.assertEquals(String,int,int);Assert.java;194;method;static;default;1;;1;3
junit.framework.Assert.assertEquals(int,int);Assert.java;200;method;static;default;1;;1;3
junit.framework.Assert.assertNotNull(Object);Assert.java;206;method;static;default;3;;3;4
junit.framework.Assert.assertNotNull(String,Object);Assert.java;213;method;static;default;3;;3;4
junit.framework.Assert.assertNull(Object);Assert.java;219;method;static;default;5;;5;4
junit.framework.Assert.assertNull(String,Object);Assert.java;226;method;static;default;5;;5;4
junit.framework.Assert.assertSame(String,Object,Object);Assert.java;233;method;static;default;6;;6;4
junit.framework.Assert.assertSame(Object,Object);Assert.java;242;method;static;default;6;;6;4
junit.framework.Assert.assertNotSame(String,Object,Object);Assert.java;250;method;static;default;4;;4;4
junit.framework.Assert.assertNotSame(Object,Object);Assert.java;258;method;static;default;4;;4;4
junit.framework.Assert.failSame(String);Assert.java;262;method;static;default;11;;11;2
junit.framework.Assert.failNotSame(String,Object,Object);Assert.java;269;method;static;default;10;;10;2
junit.framework.Assert.failNotEquals(String,Object,Object);Assert.java;276;method;static;default;9;;9;3
junit.framework.Assert.format(String,Object,Object);Assert.java;280;method;static;public;12;;12;2
junit.framework.AssertionFailedError.serialVersionUID;AssertionFailedError.java;8;class_variable;;private;1;1;;
junit.framework.AssertionFailedError.AssertionFailedError();AssertionFailedError.java;10;constructor;;public;;;;
junit.framework.AssertionFailedError.AssertionFailedError(String);AssertionFailedError.java;13;constructor;;public;;;;
junit.framework.ComparisonCompactor.ELLIPSIS;ComparisonCompactor.java;5;class_variable;;private;8;3;;
junit.framework.ComparisonCompactor.DELTA_END;ComparisonCompactor.java;6;class_variable;;private;6;1;;
junit.framework.ComparisonCompactor.DELTA_START;ComparisonCompactor.java;7;class_variable;;private;7;2;;
junit.framework.ComparisonCompactor.fContextLength;ComparisonCompactor.java;9;instance_variable;;private;10;5;;
junit.framework.ComparisonCompactor.fExpected;ComparisonCompactor.java;10;instance_variable;;private;11;6;;
junit.framework.ComparisonCompactor.fActual;ComparisonCompactor.java;11;instance_variable;;private;9;4;;
junit.framework.ComparisonCompactor.fPrefix;ComparisonCompactor.java;12;instance_variable;;private;14;7;;
junit.framework.ComparisonCompactor.fSuffix;ComparisonCompactor.java;13;instance_variable;;private;15;8;;
junit.framework.ComparisonCompactor.ComparisonCompactor(int,String,String);ComparisonCompactor.java;15;constructor;;public;;;;
junit.framework.ComparisonCompactor.compact(String);ComparisonCompactor.java;21;method;other;public;2;;2;1
junit.framework.ComparisonCompactor.compactString(String);ComparisonCompactor.java;32;method;other;private;3;;3;2
junit.framework.ComparisonCompactor.findCommonPrefix();ComparisonCompactor.java;41;method;other;private;12;;6;3
junit.framework.ComparisonCompactor.findCommonSuffix();ComparisonCompactor.java;50;method;other;private;13;;7;4
junit.framework.ComparisonCompactor.computeCommonPrefix();ComparisonCompactor.java;60;method;other;private;4;;4;3
junit.framework.ComparisonCompactor.computeCommonSuffix();ComparisonCompactor.java;64;method;other;private;5;;5;4
junit.framework.ComparisonCompactor.areStringsEqual();ComparisonCompactor.java;69;method;other;private;1;;1;1
junit.framework.ComparisonFailure.MAX_CONTEXT_LENGTH;ComparisonFailure.java;9;class_variable;;private;6;3;;
junit.framework.ComparisonFailure.serialVersionUID;ComparisonFailure.java;10;class_variable;;private;7;4;;
junit.framework.ComparisonFailure.fExpected;ComparisonFailure.java;12;instance_variable;;private;2;2;;
junit.framework.ComparisonFailure.fActual;ComparisonFailure.java;13;instance_variable;;private;1;1;;
junit.framework.ComparisonFailure.ComparisonFailure(String,String,String);ComparisonFailure.java;21;constructor;;public;;;;
junit.framework.ComparisonFailure.getMessage();ComparisonFailure.java;33;method;getter/setter;default;5;;3;
junit.framework.ComparisonFailure.getActual();ComparisonFailure.java;42;method;getter/setter;public;3;;1;
junit.framework.ComparisonFailure.getExpected();ComparisonFailure.java;49;method;getter/setter;public;4;;2;
junit.framework.JUnit4TestAdapter.fNewTestClass;JUnit4TestAdapter.java;17;instance_variable;;private;4;2;;
junit.framework.JUnit4TestAdapter.fRunner;JUnit4TestAdapter.java;19;instance_variable;;private;5;3;;
junit.framework.JUnit4TestAdapter.fCache;JUnit4TestAdapter.java;21;instance_variable;;private;2;1;;
junit.framework.JUnit4TestAdapter.JUnit4TestAdapter(Class);JUnit4TestAdapter.java;23;constructor;;public;;;;
junit.framework.JUnit4TestAdapter.JUnit4TestAdapter(Class,JUnit4TestAdapterCache);JUnit4TestAdapter.java;27;constructor;;public;;;;
junit.framework.JUnit4TestAdapter.countTestCases();JUnit4TestAdapter.java;34;method;other;public;1;;1;1
junit.framework.JUnit4TestAdapter.run(TestResult);JUnit4TestAdapter.java;38;method;other;public;11;;8;2
junit.framework.JUnit4TestAdapter.getTests();JUnit4TestAdapter.java;43;method;getter/setter;public;8;;5;2
junit.framework.JUnit4TestAdapter.getTestClass();JUnit4TestAdapter.java;48;method;getter/setter;public;7;;4;3
junit.framework.JUnit4TestAdapter.getDescription();JUnit4TestAdapter.java;52;method;getter/setter;public;6;;3;4
junit.framework.JUnit4TestAdapter.removeIgnored(Description);JUnit4TestAdapter.java;57;method;other;private;10;;7;4
junit.framework.JUnit4TestAdapter.isIgnored(Description);JUnit4TestAdapter.java;69;method;getter/setter;private;9;;6;4
junit.framework.JUnit4TestAdapter.toString();JUnit4TestAdapter.java;73;method;other;default;13;;10;3
junit.framework.JUnit4TestAdapter.filter(Filter);JUnit4TestAdapter.java;78;method;other;public;3;;2;1
junit.framework.JUnit4TestAdapter.sort(Sorter);JUnit4TestAdapter.java;82;method;other;public;12;;9;1
junit.framework.JUnit4TestAdapterCache.serialVersionUID;JUnit4TestAdapterCache.java;17;class_variable;;private;7;2;;
junit.framework.JUnit4TestAdapterCache.fInstance;JUnit4TestAdapterCache.java;18;class_variable;;private;4;1;;
junit.framework.JUnit4TestAdapterCache.getDefault();JUnit4TestAdapterCache.java;20;method;static;public;5;;4;1
junit.framework.JUnit4TestAdapterCache.asTest(Description);JUnit4TestAdapterCache.java;24;method;other;public;1;;1;2
junit.framework.JUnit4TestAdapterCache.createTest(Description);JUnit4TestAdapterCache.java;34;method;other;default;3;;3;2
junit.framework.JUnit4TestAdapterCache.getNotifier(TestResult,JUnit4TestAdapter);JUnit4TestAdapterCache.java;45;method;getter/setter;public;6;;5;3
junit.framework.JUnit4TestAdapterCache.asTestList(Description);JUnit4TestAdapterCache.java;69;method;other;public;2;;2;4
junit.framework.JUnit4TestCaseFacade.fDescription;JUnit4TestCaseFacade.java;10;instance_variable;;private;2;1;;
junit.framework.JUnit4TestCaseFacade.JUnit4TestCaseFacade(Description);JUnit4TestCaseFacade.java;12;constructor;;default;;;;
junit.framework.JUnit4TestCaseFacade.toString();JUnit4TestCaseFacade.java;16;method;other;default;5;;4;
junit.framework.JUnit4TestCaseFacade.countTestCases();JUnit4TestCaseFacade.java;21;method;other;public;1;;1;
junit.framework.JUnit4TestCaseFacade.run(TestResult);JUnit4TestCaseFacade.java;25;method;other;public;4;;3;
junit.framework.JUnit4TestCaseFacade.getDescription();JUnit4TestCaseFacade.java;30;method;getter/setter;public;3;;2;
junit.framework.TestCase.fName;TestCase.java;80;instance_variable;;private;3;1;;
junit.framework.TestCase.TestCase();TestCase.java;86;constructor;;public;;;;
junit.framework.TestCase.TestCase(String);TestCase.java;92;constructor;;public;;;;
junit.framework.TestCase.countTestCases();TestCase.java;98;method;other;public;1;;1;1
junit.framework.TestCase.createResult();TestCase.java;106;method;other;protected;2;;2;1
junit.framework.TestCase.run();TestCase.java;115;method;other;public;5;;4;1
junit.framework.TestCase.run(TestResult);TestCase.java;123;method;other;public;5;;4;1
junit.framework.TestCase.runBare();TestCase.java;130;method;other;public;6;;5;2
junit.framework.TestCase.runTest();TestCase.java;151;method;other;protected;7;;6;3
junit.framework.TestCase.setUp();TestCase.java;183;method;other;protected;9;;8;2
junit.framework.TestCase.tearDown();TestCase.java;189;method;other;protected;10;;9;2
junit.framework.TestCase.toString();TestCase.java;194;method;other;default;11;;10;4
junit.framework.TestCase.getName();TestCase.java;202;method;getter/setter;public;4;;3;4
junit.framework.TestCase.setName(String);TestCase.java;209;method;getter/setter;public;8;;7;4
junit.framework.TestFailure.fFailedTest;TestFailure.java;13;instance_variable;;protected;3;1;;
junit.framework.TestFailure.fThrownException;TestFailure.java;14;instance_variable;;protected;4;2;;
junit.framework.TestFailure.TestFailure(Test,Throwable);TestFailure.java;20;constructor;;public;;;;
junit.framework.TestFailure.failedTest();TestFailure.java;27;method;other;public;2;;2;1
junit.framework.TestFailure.thrownException();TestFailure.java;33;method;other;public;6;;4;2
junit.framework.TestFailure.toString();TestFailure.java;39;method;other;default;7;;5;3
junit.framework.TestFailure.trace();TestFailure.java;45;method;other;public;8;;6;3
junit.framework.TestFailure.exceptionMessage();TestFailure.java;52;method;other;public;1;;1;2
junit.framework.TestFailure.isFailure();TestFailure.java;55;method;getter/setter;public;5;;3;4
junit.framework.TestResult.fFailures;TestResult.java;18;instance_variable;;protected;11;2;;
junit.framework.TestResult.fErrors;TestResult.java;19;instance_variable;;protected;10;1;;
junit.framework.TestResult.fListeners;TestResult.java;20;instance_variable;;protected;12;3;;
junit.framework.TestResult.fRunTests;TestResult.java;21;instance_variable;;protected;13;4;;
junit.framework.TestResult.fStop;TestResult.java;22;instance_variable;;private;14;5;;
junit.framework.TestResult.TestResult();TestResult.java;24;constructor;;public;;;;
junit.framework.TestResult.addError(Test,Throwable);TestResult.java;35;method;other;public;1;;1;1
junit.framework.TestResult.addFailure(Test,AssertionFailedError);TestResult.java;44;method;other;public;2;;2;1
junit.framework.TestResult.addListener(TestListener);TestResult.java;52;method;other;public;3;;3;1
junit.framework.TestResult.removeListener(TestListener);TestResult.java;58;method;other;public;15;;10;1
junit.framework.TestResult.cloneListeners();TestResult.java;64;method;other;private;4;;4;1
junit.framework.TestResult.endTest(Test);TestResult.java;72;method;other;public;5;;5;1
junit.framework.TestResult.errorCount();TestResult.java;79;method;other;public;6;;6;2
junit.framework.TestResult.errors();TestResult.java;85;method;other;public;7;;7;3
junit.framework.TestResult.failureCount();TestResult.java;93;method;other;public;8;;8;2
junit.framework.TestResult.failures();TestResult.java;99;method;other;public;9;;9;3
junit.framework.TestResult.run(TestCase);TestResult.java;106;method;other;protected;16;;11;2
junit.framework.TestResult.runCount();TestResult.java;120;method;other;public;17;;12;2
junit.framework.TestResult.runProtected(Test,Protectable);TestResult.java;126;method;other;public;18;;13;2
junit.framework.TestResult.shouldStop();TestResult.java;143;method;other;public;19;;14;4
junit.framework.TestResult.startTest(Test);TestResult.java;149;method;other;public;20;;15;1
junit.framework.TestResult.stop();TestResult.java;160;method;other;public;21;;16;4
junit.framework.TestResult.wasSuccessful();TestResult.java;166;method;other;public;22;;17;2
junit.framework.TestSuite.createTest(Class,String);TestSuite.java;51;method;static;default;5;;5;1
junit.framework.TestSuite.getTestConstructor(Class);TestSuite.java;81;method;static;public;10;;8;1
junit.framework.TestSuite.warning(String);TestSuite.java;93;method;static;public;20;;18;1
junit.framework.TestSuite.exceptionToString(Throwable);TestSuite.java;105;method;static;private;6;;6;1
junit.framework.TestSuite.fName;TestSuite.java;112;instance_variable;;private;7;1;;
junit.framework.TestSuite.fTests;TestSuite.java;114;instance_variable;;private;8;2;;
junit.framework.TestSuite.TestSuite();TestSuite.java;119;constructor;;public;;;;
junit.framework.TestSuite.TestSuite(Class);TestSuite.java;128;constructor;;public;;;;
junit.framework.TestSuite.TestSuite(Class,String);TestSuite.java;157;constructor;;public;;;;
junit.framework.TestSuite.TestSuite(String);TestSuite.java;165;constructor;;public;;;;
junit.framework.TestSuite.TestSuite(Class[]);TestSuite.java;173;constructor;;public;;;;
junit.framework.TestSuite.TestSuite(Class[],String);TestSuite.java;182;constructor;;public;;;;
junit.framework.TestSuite.addTest(Test);TestSuite.java;190;method;other;public;1;;1;2
junit.framework.TestSuite.addTestSuite(Class);TestSuite.java;197;method;other;public;3;;3;2
junit.framework.TestSuite.countTestCases();TestSuite.java;204;method;other;public;4;;4;2
junit.framework.TestSuite.getName();TestSuite.java;216;method;getter/setter;public;9;;7;1
junit.framework.TestSuite.run(TestResult);TestSuite.java;223;method;other;public;13;;11;3
junit.framework.TestSuite.runTest(Test,TestResult);TestSuite.java;231;method;other;public;14;;12;3
junit.framework.TestSuite.setName(String);TestSuite.java;239;method;getter/setter;public;15;;13;1
junit.framework.TestSuite.testAt(int);TestSuite.java;246;method;other;public;16;;14;2
junit.framework.TestSuite.testCount();TestSuite.java;253;method;other;public;17;;15;2
junit.framework.TestSuite.tests();TestSuite.java;260;method;other;public;18;;16;2
junit.framework.TestSuite.toString();TestSuite.java;266;method;other;default;19;;17;1
junit.framework.TestSuite.addTestMethod(Method,List,Class);TestSuite.java;273;method;other;private;2;;2;4
junit.framework.TestSuite.isPublicTestMethod(Method);TestSuite.java;286;method;getter/setter;private;11;;9;4
junit.framework.TestSuite.isTestMethod(Method);TestSuite.java;290;method;getter/setter;private;12;;10;4
junit.runner.BaseTestRunner.SUITE_METHODNAME;BaseTestRunner.java;29;class_variable;;public;27;5;;
junit.runner.BaseTestRunner.fPreferences;BaseTestRunner.java;31;class_variable;;private;11;4;;
junit.runner.BaseTestRunner.fgMaxMessageLength;BaseTestRunner.java;32;class_variable;;default;8;2;;
junit.runner.BaseTestRunner.fgFilterStack;BaseTestRunner.java;33;class_variable;;default;7;1;;
junit.runner.BaseTestRunner.fLoading;BaseTestRunner.java;34;instance_variable;;default;10;3;;
junit.runner.BaseTestRunner.startTest(Test);BaseTestRunner.java;39;method;other;public;26;;22;1
junit.runner.BaseTestRunner.setPreferences(Properties);BaseTestRunner.java;43;method;static;protected;24;;20;2
junit.runner.BaseTestRunner.getPreferences();BaseTestRunner.java;47;method;static;protected;14;;10;2
junit.runner.BaseTestRunner.savePreferences();BaseTestRunner.java;57;method;static;public;21;;17;3
junit.runner.BaseTestRunner.setPreference(String,String);BaseTestRunner.java;66;method;static;public;23;;19;2
junit.runner.BaseTestRunner.endTest(Test);BaseTestRunner.java;70;method;other;public;5;;5;1
junit.runner.BaseTestRunner.addError(Test,Throwable);BaseTestRunner.java;74;method;other;public;1;;1;4
junit.runner.BaseTestRunner.addFailure(Test,AssertionFailedError);BaseTestRunner.java;78;method;other;public;2;;2;4
junit.runner.BaseTestRunner.testStarted(String);BaseTestRunner.java;84;method;other;public;30;;25;1
junit.runner.BaseTestRunner.testEnded(String);BaseTestRunner.java;86;method;other;public;28;;23;1
junit.runner.BaseTestRunner.testFailed(int,Test,Throwable);BaseTestRunner.java;88;method;other;public;29;;24;4
junit.runner.BaseTestRunner.getTest(String);BaseTestRunner.java;94;method;getter/setter;public;16;;12;4
junit.runner.BaseTestRunner.elapsedTimeAsString(long);BaseTestRunner.java;146;method;other;public;4;;4;3
junit.runner.BaseTestRunner.processArguments(String[]);BaseTestRunner.java;154;method;other;protected;18;;14;3
junit.runner.BaseTestRunner.setLoading(boolean);BaseTestRunner.java;177;method;getter/setter;public;22;;18;4
junit.runner.BaseTestRunner.extractClassName(String);BaseTestRunner.java;183;method;other;public;6;;6;1
junit.runner.BaseTestRunner.truncate(String);BaseTestRunner.java;192;method;static;public;31;;26;3
junit.runner.BaseTestRunner.runFailed(String);BaseTestRunner.java;202;method;other;protected;20;;16;4
junit.runner.BaseTestRunner.loadSuiteClass(String);BaseTestRunner.java;207;method;other;protected;17;;13;4
junit.runner.BaseTestRunner.clearStatus();BaseTestRunner.java;214;method;other;protected;3;;3;4
junit.runner.BaseTestRunner.useReloadingTestSuiteLoader();BaseTestRunner.java;217;method;other;protected;32;;27;4
junit.runner.BaseTestRunner.getPreferencesFile();BaseTestRunner.java;221;method;static;private;15;;11;3
junit.runner.BaseTestRunner.readPreferences();BaseTestRunner.java;226;method;static;private;19;;15;2
junit.runner.BaseTestRunner.getPreference(String);BaseTestRunner.java;241;method;static;public;13;;9;2
junit.runner.BaseTestRunner.getPreference(String,int);BaseTestRunner.java;245;method;static;public;13;;9;3
junit.runner.BaseTestRunner.getFilteredTrace(Throwable);BaseTestRunner.java;260;method;static;public;12;;8;3
junit.runner.BaseTestRunner.getFilteredTrace(String);BaseTestRunner.java;272;method;static;public;12;;8;3
junit.runner.BaseTestRunner.showStackRaw();BaseTestRunner.java;293;method;static;protected;25;;21;3
junit.runner.BaseTestRunner.filterLine(String);BaseTestRunner.java;297;method;static;default;9;;7;3
junit.runner.Version.Version();Version.java;7;constructor;;private;;;;
junit.runner.Version.id();Version.java;11;method;static;public;1;;1;
junit.runner.Version.main(String[]);Version.java;15;method;static;public;2;;2;
junit.textui.ResultPrinter.fWriter;ResultPrinter.java;16;instance_variable;;default;6;2;;
junit.textui.ResultPrinter.fColumn;ResultPrinter.java;17;instance_variable;;default;5;1;;
junit.textui.ResultPrinter.ResultPrinter(PrintStream);ResultPrinter.java;19;constructor;;public;;;;
junit.textui.ResultPrinter.print(TestResult,long);ResultPrinter.java;26;method;other;default;8;;6;1
junit.textui.ResultPrinter.printWaitPrompt();ResultPrinter.java;33;method;other;default;17;;15;2
junit.textui.ResultPrinter.printHeader(long);ResultPrinter.java;41;method;other;protected;16;;14;3
junit.textui.ResultPrinter.printErrors(TestResult);ResultPrinter.java;46;method;other;protected;13;;11;1
junit.textui.ResultPrinter.printFailures(TestResult);ResultPrinter.java;50;method;other;protected;14;;12;1
junit.textui.ResultPrinter.printDefects(Enumeration,int,String);ResultPrinter.java;54;method;other;protected;11;;9;4
junit.textui.ResultPrinter.printDefect(TestFailure,int);ResultPrinter.java;65;method;other;public;9;;7;4
junit.textui.ResultPrinter.printDefectHeader(TestFailure,int);ResultPrinter.java;70;method;other;protected;10;;8;4
junit.textui.ResultPrinter.printDefectTrace(TestFailure);ResultPrinter.java;76;method;other;protected;12;;10;4
junit.textui.ResultPrinter.printFooter(TestResult);ResultPrinter.java;80;method;other;protected;15;;13;2
junit.textui.ResultPrinter.elapsedTimeAsString(long);ResultPrinter.java;101;method;other;protected;3;;3;3
junit.textui.ResultPrinter.getWriter();ResultPrinter.java;105;method;getter/setter;public;7;;5;2
junit.textui.ResultPrinter.addError(Test,Throwable);ResultPrinter.java;111;method;other;public;1;;1;2
junit.textui.ResultPrinter.addFailure(Test,AssertionFailedError);ResultPrinter.java;118;method;other;public;2;;2;2
junit.textui.ResultPrinter.endTest(Test);ResultPrinter.java;125;method;other;public;4;;4;2
junit.textui.ResultPrinter.startTest(Test);ResultPrinter.java;131;method;other;public;18;;16;2
junit.textui.TestRunner.fPrinter;TestRunner.java;31;instance_variable;;private;5;3;;
junit.textui.TestRunner.SUCCESS_EXIT;TestRunner.java;33;class_variable;;public;14;4;;
junit.textui.TestRunner.FAILURE_EXIT;TestRunner.java;34;class_variable;;public;4;2;;
junit.textui.TestRunner.EXCEPTION_EXIT;TestRunner.java;35;class_variable;;public;3;1;;
junit.textui.TestRunner.TestRunner();TestRunner.java;40;constructor;;public;;;;
junit.textui.TestRunner.TestRunner(PrintStream);TestRunner.java;47;constructor;;public;;;;
junit.textui.TestRunner.TestRunner(ResultPrinter);TestRunner.java;54;constructor;;public;;;;
junit.textui.TestRunner.run(Class);TestRunner.java;61;method;static;default;8;;5;1
junit.textui.TestRunner.run(Test);TestRunner.java;75;method;static;default;8;;5;1
junit.textui.TestRunner.runAndWait(Test);TestRunner.java;84;method;static;default;9;;6;1
junit.textui.TestRunner.testFailed(int,Test,Throwable);TestRunner.java;89;method;other;default;16;;12;2
junit.textui.TestRunner.testStarted(String);TestRunner.java;93;method;other;default;17;;13;2
junit.textui.TestRunner.testEnded(String);TestRunner.java;97;method;other;default;15;;11;2
junit.textui.TestRunner.createTestResult();TestRunner.java;104;method;other;protected;1;;1;3
junit.textui.TestRunner.doRun(Test);TestRunner.java;108;method;other;public;2;;2;1
junit.textui.TestRunner.doRun(Test,boolean);TestRunner.java;112;method;other;public;2;;2;3
junit.textui.TestRunner.pause(boolean);TestRunner.java;125;method;other;protected;7;;4;3
junit.textui.TestRunner.main(String[]);TestRunner.java;135;method;static;public;6;;3;4
junit.textui.TestRunner.start(String[]);TestRunner.java;152;method;other;public;13;;10;1
junit.textui.TestRunner.runSingleMethod(String,String,boolean);TestRunner.java;186;method;other;protected;11;;8;1
junit.textui.TestRunner.runFailed(String);TestRunner.java;192;method;other;default;10;;7;4
junit.textui.TestRunner.setPrinter(ResultPrinter);TestRunner.java;198;method;getter/setter;public;12;;9;3
org.junit.Assert.Assert();Assert.java;28;constructor;;protected;;;;
org.junit.Assert.assertTrue(String,boolean);Assert.java;41;method;static;default;9;;9;1
org.junit.Assert.assertTrue(boolean);Assert.java;53;method;static;default;9;;9;1
org.junit.Assert.assertFalse(String,boolean);Assert.java;67;method;static;default;3;;3;1
org.junit.Assert.assertFalse(boolean);Assert.java;78;method;static;default;3;;3;1
org.junit.Assert.fail(String);Assert.java;90;method;static;default;10;;10;2
org.junit.Assert.fail();Assert.java;97;method;static;default;10;;10;3
org.junit.Assert.assertEquals(String,Object,Object);Assert.java;115;method;static;default;2;;2;3
org.junit.Assert.isEquals(Object,Object);Assert.java;129;method;static;private;18;;18;3
org.junit.Assert.assertEquals(Object,Object);Assert.java;144;method;static;default;2;;2;3
org.junit.Assert.assertArrayEquals(String,Object[],Object[]);Assert.java;164;method;static;public;1;;1;4
org.junit.Assert.assertArrayEquals(Object[],Object[]);Assert.java;182;method;static;public;1;;1;4
org.junit.Assert.assertArrayEquals(String,byte[],byte[]);Assert.java;198;method;static;public;1;;1;4
org.junit.Assert.assertArrayEquals(byte[],byte[]);Assert.java;212;method;static;public;1;;1;4
org.junit.Assert.assertArrayEquals(String,char[],char[]);Assert.java;228;method;static;public;1;;1;4
org.junit.Assert.assertArrayEquals(char[],char[]);Assert.java;242;method;static;public;1;;1;4
org.junit.Assert.assertArrayEquals(String,short[],short[]);Assert.java;258;method;static;public;1;;1;4
org.junit.Assert.assertArrayEquals(short[],short[]);Assert.java;272;method;static;public;1;;1;4
org.junit.Assert.assertArrayEquals(String,int[],int[]);Assert.java;288;method;static;public;1;;1;4
org.junit.Assert.assertArrayEquals(int[],int[]);Assert.java;302;method;static;public;1;;1;4
org.junit.Assert.assertArrayEquals(String,long[],long[]);Assert.java;318;method;static;public;1;;1;4
org.junit.Assert.assertArrayEquals(long[],long[]);Assert.java;332;method;static;public;1;;1;4
org.junit.Assert.internalArrayEquals(String,Object,Object);Assert.java;352;method;static;private;16;;16;4
org.junit.Assert.isArray(Object);Assert.java;386;method;static;private;17;;17;4
org.junit.Assert.assertEquals(String,double,double,double);Assert.java;409;method;static;default;2;;2;3
org.junit.Assert.assertEquals(long,long);Assert.java;426;method;static;default;2;;2;3
org.junit.Assert.assertEquals(String,long,long);Assert.java;442;method;static;default;2;;2;3
org.junit.Assert.assertEquals(double,double);Assert.java;451;method;static;default;2;;2;3
org.junit.Assert.assertEquals(String,double,double);Assert.java;461;method;static;default;2;;2;3
org.junit.Assert.assertEquals(double,double,double);Assert.java;482;method;static;default;2;;2;3
org.junit.Assert.assertNotNull(String,Object);Assert.java;496;method;static;default;4;;4;2
org.junit.Assert.assertNotNull(Object);Assert.java;507;method;static;default;4;;4;2
org.junit.Assert.assertNull(String,Object);Assert.java;521;method;static;default;6;;6;2
org.junit.Assert.assertNull(Object);Assert.java;532;method;static;default;6;;6;2
org.junit.Assert.assertSame(String,Object,Object);Assert.java;548;method;static;default;7;;7;2
org.junit.Assert.assertSame(Object,Object);Assert.java;563;method;static;default;7;;7;2
org.junit.Assert.assertNotSame(String,Object,Object);Assert.java;580;method;static;default;5;;5;2
org.junit.Assert.assertNotSame(Object,Object);Assert.java;596;method;static;default;5;;5;2
org.junit.Assert.failSame(String);Assert.java;600;method;static;default;13;;13;3
org.junit.Assert.failNotSame(String,Object,Object);Assert.java;607;method;static;default;12;;12;3
org.junit.Assert.failNotEquals(String,Object,Object);Assert.java;616;method;static;default;11;;11;3
org.junit.Assert.format(String,Object,Object);Assert.java;621;method;static;default;14;;14;3
org.junit.Assert.formatClassAndValue(Object,String);Assert.java;636;method;static;private;15;;15;3
org.junit.Assert.assertEquals(String,Object[],Object[]);Assert.java;658;method;static;default;2;;2;4
org.junit.Assert.assertEquals(Object[],Object[]);Assert.java;678;method;static;default;2;;2;4
org.junit.Assert.assertThat(T,Matcher);Assert.java;708;method;static;public;8;;8;3
org.junit.Assert.assertThat(String,T,Matcher);Assert.java;741;method;static;public;8;;8;3
org.junit.Assume.assumeTrue(boolean);Assume.java;38;method;static;public;4;;4;
org.junit.Assume.assumeNotNull(Object[]);Assume.java;46;method;static;public;2;;2;
org.junit.Assume.assumeThat(T,Matcher);Assume.java;68;method;static;public;3;;3;
org.junit.Assume.assumeNoException(Throwable);Assume.java;91;method;static;public;1;;1;
org.junit.ComparisonFailure.MAX_CONTEXT_LENGTH;ComparisonFailure.java;15;class_variable;;private;6;3;;
org.junit.ComparisonFailure.serialVersionUID;ComparisonFailure.java;16;class_variable;;private;7;4;;
org.junit.ComparisonFailure.fExpected;ComparisonFailure.java;18;instance_variable;;private;2;2;;
org.junit.ComparisonFailure.fActual;ComparisonFailure.java;19;instance_variable;;private;1;1;;
org.junit.ComparisonFailure.ComparisonFailure(String,String,String);ComparisonFailure.java;27;constructor;;public;;;;
org.junit.ComparisonFailure.getMessage();ComparisonFailure.java;39;method;getter/setter;default;5;;3;
org.junit.ComparisonFailure.getActual();ComparisonFailure.java;48;method;getter/setter;public;3;;1;
org.junit.ComparisonFailure.getExpected();ComparisonFailure.java;55;method;getter/setter;public;4;;2;
org.junit.experimental.results.FailureList.failures;FailureList.java;13;instance_variable;;private;1;1;;
org.junit.experimental.results.FailureList.FailureList(List);FailureList.java;15;constructor;;public;;;;
org.junit.experimental.results.FailureList.result();FailureList.java;19;method;other;public;2;;1;
org.junit.experimental.results.PrintableResult.testResult(Class);PrintableResult.java;16;method;static;public;3;;2;
org.junit.experimental.results.PrintableResult.result;PrintableResult.java;20;instance_variable;;private;2;1;;
org.junit.experimental.results.PrintableResult.PrintableResult(List);PrintableResult.java;22;constructor;;public;;;;
org.junit.experimental.results.PrintableResult.PrintableResult(Result);PrintableResult.java;26;constructor;;public;;;;
org.junit.experimental.results.PrintableResult.PrintableResult(Class);PrintableResult.java;30;constructor;;public;;;;
org.junit.experimental.results.PrintableResult.toString();PrintableResult.java;34;method;other;default;4;;3;
org.junit.experimental.results.PrintableResult.getFailures();PrintableResult.java;41;method;getter/setter;public;1;;1;
org.junit.experimental.results.ResultMatchers.isSuccessful();ResultMatchers.java;9;method;static;public;4;;4;
org.junit.experimental.results.ResultMatchers.failureCountIs(int);ResultMatchers.java;13;method;static;public;1;;1;
org.junit.experimental.results.ResultMatchers.hasSingleFailureContaining(String);ResultMatchers.java;26;method;static;public;3;;3;
org.junit.experimental.results.ResultMatchers.hasFailureContaining(String);ResultMatchers.java;38;method;static;public;2;;2;
org.junit.experimental.runners.Enclosed.Enclosed(Class,RunnerBuilder);Enclosed.java;28;constructor;;public;;;;
org.junit.experimental.theories.ParameterSignature.signatures(Method);ParameterSignature.java;14;method;static;public;9;;8;1
org.junit.experimental.theories.ParameterSignature.signatures(Constructor);ParameterSignature.java;19;method;static;public;9;;8;1
org.junit.experimental.theories.ParameterSignature.signatures(Class[],Annotation[][]);ParameterSignature.java;24;method;static;private;9;;8;1
org.junit.experimental.theories.ParameterSignature.type;ParameterSignature.java;34;instance_variable;;private;10;2;;
org.junit.experimental.theories.ParameterSignature.annotations;ParameterSignature.java;36;instance_variable;;private;1;1;;
org.junit.experimental.theories.ParameterSignature.ParameterSignature(Class,Annotation[]);ParameterSignature.java;38;constructor;;private;;;;
org.junit.experimental.theories.ParameterSignature.canAcceptType(Class);ParameterSignature.java;43;method;other;public;3;;2;2
org.junit.experimental.theories.ParameterSignature.getType();ParameterSignature.java;47;method;getter/setter;public;7;;6;3
org.junit.experimental.theories.ParameterSignature.getAnnotations();ParameterSignature.java;51;method;getter/setter;public;6;;5;4
org.junit.experimental.theories.ParameterSignature.canAcceptArrayType(Class);ParameterSignature.java;55;method;other;public;2;;1;3
org.junit.experimental.theories.ParameterSignature.hasAnnotation(Class);ParameterSignature.java;59;method;other;public;8;;7;4
org.junit.experimental.theories.ParameterSignature.findDeepAnnotation(Class);ParameterSignature.java;63;method;other;public;4;;3;4
org.junit.experimental.theories.ParameterSignature.findDeepAnnotation(Annotation[],Class,int);ParameterSignature.java;68;method;other;private;4;;3;4
org.junit.experimental.theories.ParameterSignature.getAnnotation(Class);ParameterSignature.java;84;method;getter/setter;public;5;;4;4
org.junit.experimental.theories.ParameterSupplier.getValueSources(ParameterSignature);ParameterSupplier.java;7;method;getter/setter;public;1;;1;
org.junit.experimental.theories.PotentialAssignment.forValue(String,Object);PotentialAssignment.java;8;method;static;public;1;;1;
org.junit.experimental.theories.PotentialAssignment.getValue();PotentialAssignment.java;28;method;getter/setter;public;3;;3;
org.junit.experimental.theories.PotentialAssignment.getDescription();PotentialAssignment.java;30;method;getter/setter;public;2;;2;
org.junit.experimental.theories.Theories.Theories(Class);Theories.java;23;constructor;;public;;;;
org.junit.experimental.theories.Theories.collectInitializationErrors(List);Theories.java;27;method;other;default;1;;1;1
org.junit.experimental.theories.Theories.validateDataPointFields(List);Theories.java;33;method;other;private;4;;4;1
org.junit.experimental.theories.Theories.validateZeroArgConstructor(List);Theories.java;41;method;other;default;6;;6;2
org.junit.experimental.theories.Theories.validateTestMethods(List);Theories.java;46;method;other;default;5;;5;3
org.junit.experimental.theories.Theories.computeTestMethods();Theories.java;52;method;other;default;2;;2;4
org.junit.experimental.theories.Theories.methodBlock(FrameworkMethod);Theories.java;61;method;other;default;3;;3;4
org.junit.experimental.theories.internal.AllMembersSupplier.fClass;AllMembersSupplier.java;52;instance_variable;;private;5;1;;
org.junit.experimental.theories.internal.AllMembersSupplier.AllMembersSupplier(TestClass);AllMembersSupplier.java;54;constructor;;public;;;;
org.junit.experimental.theories.internal.AllMembersSupplier.getValueSources(ParameterSignature);AllMembersSupplier.java;58;method;getter/setter;default;7;;6;1
org.junit.experimental.theories.internal.AllMembersSupplier.addMultiPointMethods(List);AllMembersSupplier.java;69;method;other;private;3;;3;2
org.junit.experimental.theories.internal.AllMembersSupplier.addSinglePointMethods(ParameterSignature,List);AllMembersSupplier.java;79;method;other;private;4;;4;2
org.junit.experimental.theories.internal.AllMembersSupplier.addFields(ParameterSignature,List);AllMembersSupplier.java;89;method;other;private;2;;2;3
org.junit.experimental.theories.internal.AllMembersSupplier.addArrayValues(String,List,Object);AllMembersSupplier.java;105;method;other;private;1;;1;4
org.junit.experimental.theories.internal.AllMembersSupplier.getStaticFieldValue(Field);AllMembersSupplier.java;110;method;getter/setter;private;6;;5;3
org.junit.experimental.theories.internal.Assignments.fAssigned;Assignments.java;18;instance_variable;;private;3;1;;
org.junit.experimental.theories.internal.Assignments.fUnassigned;Assignments.java;20;instance_variable;;private;5;3;;
org.junit.experimental.theories.internal.Assignments.fClass;Assignments.java;22;instance_variable;;private;4;2;;
org.junit.experimental.theories.internal.Assignments.Assignments(List,List,TestClass);Assignments.java;24;constructor;;public;;;;
org.junit.experimental.theories.internal.Assignments.allUnassigned(Method,TestClass);Assignments.java;31;method;static;public;1;;1;1
org.junit.experimental.theories.internal.Assignments.isComplete();Assignments.java;40;method;getter/setter;public;14;;11;2
org.junit.experimental.theories.internal.Assignments.nextUnassigned();Assignments.java;44;method;other;public;15;;12;2
org.junit.experimental.theories.internal.Assignments.assignNext(PotentialAssignment);Assignments.java;48;method;other;public;2;;2;2
org.junit.experimental.theories.internal.Assignments.getActualValues(int,int,boolean);Assignments.java;57;method;getter/setter;public;6;;3;3
org.junit.experimental.theories.internal.Assignments.potentialsForNextUnassigned();Assignments.java;69;method;other;public;16;;13;2
org.junit.experimental.theories.internal.Assignments.getSupplier(ParameterSignature);Assignments.java;75;method;getter/setter;public;13;;10;4
org.junit.experimental.theories.internal.Assignments.getAnnotatedSupplier(ParameterSignature);Assignments.java;84;method;getter/setter;public;8;;5;4
org.junit.experimental.theories.internal.Assignments.getConstructorArguments(boolean);Assignments.java;93;method;getter/setter;public;10;;7;3
org.junit.experimental.theories.internal.Assignments.getMethodArguments(boolean);Assignments.java;98;method;getter/setter;public;12;;9;3
org.junit.experimental.theories.internal.Assignments.getAllArguments(boolean);Assignments.java;104;method;getter/setter;public;7;;4;3
org.junit.experimental.theories.internal.Assignments.getConstructorParameterCount();Assignments.java;109;method;getter/setter;private;11;;8;1
org.junit.experimental.theories.internal.Assignments.getArgumentStrings(boolean);Assignments.java;116;method;getter/setter;public;9;;6;3
org.junit.experimental.theories.internal.ParameterizedAssertionError.serialVersionUID;ParameterizedAssertionError.java;12;class_variable;;private;3;1;;
org.junit.experimental.theories.internal.ParameterizedAssertionError.ParameterizedAssertionError(Throwable,String,Object[]);ParameterizedAssertionError.java;14;constructor;;public;;;;
org.junit.experimental.theories.internal.ParameterizedAssertionError.equals(Object);ParameterizedAssertionError.java;20;method;other;default;1;;1;
org.junit.experimental.theories.internal.ParameterizedAssertionError.join(String,Object[]);ParameterizedAssertionError.java;24;method;static;public;2;;2;
org.junit.experimental.theories.internal.ParameterizedAssertionError.join(String,Collection);ParameterizedAssertionError.java;28;method;static;public;2;;2;
org.junit.experimental.theories.internal.ParameterizedAssertionError.stringValueOf(Object);ParameterizedAssertionError.java;42;method;static;private;4;;3;
org.junit.experimental.theories.suppliers.TestedOnSupplier.getValueSources(ParameterSignature);TestedOnSupplier.java;14;method;getter/setter;default;1;;1;
org.junit.internal.ArrayComparisonFailure.serialVersionUID;ArrayComparisonFailure.java;14;class_variable;;private;6;4;;
org.junit.internal.ArrayComparisonFailure.fIndices;ArrayComparisonFailure.java;16;instance_variable;;private;3;2;;
org.junit.internal.ArrayComparisonFailure.fMessage;ArrayComparisonFailure.java;17;instance_variable;;private;4;3;;
org.junit.internal.ArrayComparisonFailure.fCause;ArrayComparisonFailure.java;18;instance_variable;;private;2;1;;
org.junit.internal.ArrayComparisonFailure.ArrayComparisonFailure(String,AssertionError,int);ArrayComparisonFailure.java;27;constructor;;public;;;;
org.junit.internal.ArrayComparisonFailure.addDimension(int);ArrayComparisonFailure.java;33;method;other;public;1;;1;
org.junit.internal.ArrayComparisonFailure.getMessage();ArrayComparisonFailure.java;37;method;getter/setter;default;5;;2;
org.junit.internal.ArrayComparisonFailure.toString();ArrayComparisonFailure.java;56;method;other;default;7;;3;
org.junit.internal.AssumptionViolatedException.serialVersionUID;AssumptionViolatedException.java;9;class_variable;;private;5;3;;
org.junit.internal.AssumptionViolatedException.fValue;AssumptionViolatedException.java;11;instance_variable;;private;3;2;;
org.junit.internal.AssumptionViolatedException.fMatcher;AssumptionViolatedException.java;13;instance_variable;;private;2;1;;
org.junit.internal.AssumptionViolatedException.AssumptionViolatedException(Object,Matcher);AssumptionViolatedException.java;15;constructor;;public;;;;
org.junit.internal.AssumptionViolatedException.AssumptionViolatedException(String);AssumptionViolatedException.java;21;constructor;;public;;;;
org.junit.internal.AssumptionViolatedException.getMessage();AssumptionViolatedException.java;25;method;getter/setter;default;4;;2;
org.junit.internal.AssumptionViolatedException.describeTo(Description);AssumptionViolatedException.java;30;method;other;public;1;;1;
org.junit.internal.RealSystem.exit(int);RealSystem.java;7;method;other;public;1;;1;
org.junit.internal.RealSystem.out();RealSystem.java;11;method;other;public;2;;2;
org.junit.internal.TextListener.fWriter;TextListener.java;14;instance_variable;;private;2;1;;
org.junit.internal.TextListener.TextListener(JUnitSystem);TextListener.java;16;constructor;;public;;;;
org.junit.internal.TextListener.TextListener(PrintStream);TextListener.java;20;constructor;;public;;;;
org.junit.internal.TextListener.testRunFinished(Result);TextListener.java;24;method;other;default;10;;9;1
org.junit.internal.TextListener.testStarted(Description);TextListener.java;31;method;other;default;11;;10;2
org.junit.internal.TextListener.testFailure(Failure);TextListener.java;36;method;other;default;8;;7;3
org.junit.internal.TextListener.testIgnored(Description);TextListener.java;41;method;other;default;9;;8;2
org.junit.internal.TextListener.getWriter();TextListener.java;50;method;getter/setter;private;3;;2;1
org.junit.internal.TextListener.printHeader(long);TextListener.java;54;method;other;protected;7;;6;4
org.junit.internal.TextListener.printFailures(Result);TextListener.java;59;method;other;protected;5;;4;3
org.junit.internal.TextListener.printFailure(Failure,String);TextListener.java;72;method;other;protected;4;;3;1
org.junit.internal.TextListener.printFooter(Result);TextListener.java;77;method;other;protected;6;;5;1
org.junit.internal.TextListener.elapsedTimeAsString(long);TextListener.java;95;method;other;protected;1;;1;4
org.junit.internal.builders.AllDefaultPossibilitiesBuilder.fCanUseSuiteMethod;AllDefaultPossibilitiesBuilder.java;13;instance_variable;;private;2;1;;
org.junit.internal.builders.AllDefaultPossibilitiesBuilder.AllDefaultPossibilitiesBuilder(boolean);AllDefaultPossibilitiesBuilder.java;15;constructor;;public;;;;
org.junit.internal.builders.AllDefaultPossibilitiesBuilder.runnerForClass(Class);AllDefaultPossibilitiesBuilder.java;19;method;other;default;6;;5;1
org.junit.internal.builders.AllDefaultPossibilitiesBuilder.junit4Builder();AllDefaultPossibilitiesBuilder.java;36;method;other;protected;5;;4;2
org.junit.internal.builders.AllDefaultPossibilitiesBuilder.junit3Builder();AllDefaultPossibilitiesBuilder.java;40;method;other;protected;4;;3;2
org.junit.internal.builders.AllDefaultPossibilitiesBuilder.annotatedBuilder();AllDefaultPossibilitiesBuilder.java;44;method;other;protected;1;;1;3
org.junit.internal.builders.AllDefaultPossibilitiesBuilder.ignoredBuilder();AllDefaultPossibilitiesBuilder.java;48;method;other;protected;3;;2;4
org.junit.internal.builders.AllDefaultPossibilitiesBuilder.suiteMethodBuilder();AllDefaultPossibilitiesBuilder.java;52;method;other;protected;7;;6;1
org.junit.internal.builders.AnnotatedBuilder.CONSTRUCTOR_ERROR_FORMAT;AnnotatedBuilder.java;12;class_variable;;private;2;1;;
org.junit.internal.builders.AnnotatedBuilder.fSuiteBuilder;AnnotatedBuilder.java;14;instance_variable;;private;3;2;;
org.junit.internal.builders.AnnotatedBuilder.AnnotatedBuilder(RunnerBuilder);AnnotatedBuilder.java;16;constructor;;public;;;;
org.junit.internal.builders.AnnotatedBuilder.runnerForClass(Class);AnnotatedBuilder.java;20;method;other;default;4;;2;
org.junit.internal.builders.AnnotatedBuilder.buildRunner(Class,Class);AnnotatedBuilder.java;28;method;other;public;1;;1;
org.junit.internal.builders.IgnoredBuilder.runnerForClass(Class);IgnoredBuilder.java;11;method;other;default;1;;1;
org.junit.internal.builders.IgnoredClassRunner.fTestClass;IgnoredClassRunner.java;11;instance_variable;;private;1;1;;
org.junit.internal.builders.IgnoredClassRunner.IgnoredClassRunner(Class);IgnoredClassRunner.java;13;constructor;;public;;;;
org.junit.internal.builders.IgnoredClassRunner.run(RunNotifier);IgnoredClassRunner.java;17;method;other;default;3;;2;
org.junit.internal.builders.IgnoredClassRunner.getDescription();IgnoredClassRunner.java;22;method;getter/setter;default;2;;1;
org.junit.internal.builders.JUnit3Builder.runnerForClass(Class);JUnit3Builder.java;11;method;other;default;2;;2;
org.junit.internal.builders.JUnit3Builder.isPre4Test(Class);JUnit3Builder.java;18;method;getter/setter;default;1;;1;
org.junit.internal.builders.JUnit4Builder.runnerForClass(Class);JUnit4Builder.java;11;method;other;default;1;;1;
org.junit.internal.builders.NullBuilder.runnerForClass(Class);NullBuilder.java;10;method;other;default;1;;1;
org.junit.internal.builders.SuiteMethodBuilder.runnerForClass(Class);SuiteMethodBuilder.java;11;method;other;default;2;;2;
org.junit.internal.builders.SuiteMethodBuilder.hasSuiteMethod(Class);SuiteMethodBuilder.java;18;method;other;public;1;;1;
org.junit.internal.matchers.CombinableMatcher.fMatcher;CombinableMatcher.java;11;instance_variable;;private;3;1;;
org.junit.internal.matchers.CombinableMatcher.CombinableMatcher(Matcher);CombinableMatcher.java;13;constructor;;public;;;;
org.junit.internal.matchers.CombinableMatcher.matches(Object);CombinableMatcher.java;17;method;other;public;4;;3;
org.junit.internal.matchers.CombinableMatcher.describeTo(Description);CombinableMatcher.java;21;method;other;public;2;;2;
org.junit.internal.matchers.CombinableMatcher.and(Matcher);CombinableMatcher.java;25;method;other;default;1;;1;
org.junit.internal.matchers.CombinableMatcher.or(Matcher);CombinableMatcher.java;30;method;other;default;5;;4;
org.junit.internal.matchers.Each.each(Matcher);Each.java;10;method;static;public;1;;1;
org.junit.internal.matchers.IsCollectionContaining.elementMatcher;IsCollectionContaining.java;15;instance_variable;;private;2;1;;
org.junit.internal.matchers.IsCollectionContaining.IsCollectionContaining(Matcher);IsCollectionContaining.java;17;constructor;;public;;;;
org.junit.internal.matchers.IsCollectionContaining.matchesSafely(Iterable);IsCollectionContaining.java;21;method;other;default;5;;4;1
org.junit.internal.matchers.IsCollectionContaining.describeTo(Description);IsCollectionContaining.java;31;method;other;public;1;;1;2
org.junit.internal.matchers.IsCollectionContaining.hasItem(Matcher);IsCollectionContaining.java;37;method;static;default;3;;2;3
org.junit.internal.matchers.IsCollectionContaining.hasItem(T);IsCollectionContaining.java;42;method;static;default;3;;2;4
org.junit.internal.matchers.IsCollectionContaining.hasItems(Matcher[]);IsCollectionContaining.java;47;method;static;default;4;;3;3
org.junit.internal.matchers.IsCollectionContaining.hasItems(T[]);IsCollectionContaining.java;57;method;static;default;4;;3;4
org.junit.internal.matchers.StringContains.StringContains(String);StringContains.java;12;constructor;;public;;;;
org.junit.internal.matchers.StringContains.evalSubstringOf(String);StringContains.java;16;method;other;default;2;;2;
org.junit.internal.matchers.StringContains.relationship();StringContains.java;21;method;other;default;3;;3;
org.junit.internal.matchers.StringContains.containsString(String);StringContains.java;26;method;static;default;1;;1;
org.junit.internal.matchers.SubstringMatcher.substring;SubstringMatcher.java;7;instance_variable;;protected;5;1;;
org.junit.internal.matchers.SubstringMatcher.SubstringMatcher(String);SubstringMatcher.java;9;constructor;;protected;;;;
org.junit.internal.matchers.SubstringMatcher.matchesSafely(String);SubstringMatcher.java;13;method;other;default;3;;3;
org.junit.internal.matchers.SubstringMatcher.describeTo(Description);SubstringMatcher.java;18;method;other;public;1;;1;
org.junit.internal.matchers.SubstringMatcher.evalSubstringOf(String);SubstringMatcher.java;25;method;other;protected;2;;2;
org.junit.internal.matchers.SubstringMatcher.relationship();SubstringMatcher.java;27;method;other;protected;4;;4;
org.junit.internal.matchers.TypeSafeMatcher.expectedType;TypeSafeMatcher.java;15;instance_variable;;private;1;1;;
org.junit.internal.matchers.TypeSafeMatcher.matchesSafely(T);TypeSafeMatcher.java;21;method;other;public;5;;4;
org.junit.internal.matchers.TypeSafeMatcher.TypeSafeMatcher();TypeSafeMatcher.java;23;constructor;;protected;;;;
org.junit.internal.matchers.TypeSafeMatcher.findExpectedType(Class);TypeSafeMatcher.java;27;method;static;private;2;;1;
org.junit.internal.matchers.TypeSafeMatcher.isMatchesSafelyMethod(Method);TypeSafeMatcher.java;39;method;static;private;3;;2;
org.junit.internal.matchers.TypeSafeMatcher.TypeSafeMatcher(Class);TypeSafeMatcher.java;45;constructor;;protected;;;;
org.junit.internal.matchers.TypeSafeMatcher.matches(Object);TypeSafeMatcher.java;54;method;other;default;4;;3;
org.junit.internal.requests.ClassRequest.fTestClass;ClassRequest.java;9;instance_variable;;private;2;2;;
org.junit.internal.requests.ClassRequest.fCanUseSuiteMethod;ClassRequest.java;11;instance_variable;;private;1;1;;
org.junit.internal.requests.ClassRequest.ClassRequest(Class,boolean);ClassRequest.java;13;constructor;;public;;;;
org.junit.internal.requests.ClassRequest.ClassRequest(Class);ClassRequest.java;18;constructor;;public;;;;
org.junit.internal.requests.ClassRequest.getRunner();ClassRequest.java;22;method;getter/setter;default;3;;1;
org.junit.internal.requests.FilterRequest.fRequest;FilterRequest.java;16;instance_variable;;private;2;2;;
org.junit.internal.requests.FilterRequest.fFilter;FilterRequest.java;17;instance_variable;;private;1;1;;
org.junit.internal.requests.FilterRequest.FilterRequest(Request,Filter);FilterRequest.java;25;constructor;;public;;;;
org.junit.internal.requests.FilterRequest.getRunner();FilterRequest.java;31;method;getter/setter;default;3;;1;
org.junit.internal.requests.SortingRequest.fRequest;SortingRequest.java;11;instance_variable;;private;2;2;;
org.junit.internal.requests.SortingRequest.fComparator;SortingRequest.java;12;instance_variable;;private;1;1;;
org.junit.internal.requests.SortingRequest.SortingRequest(Request,Comparator);SortingRequest.java;14;constructor;;public;;;;
org.junit.internal.requests.SortingRequest.getRunner();SortingRequest.java;19;method;getter/setter;default;3;;1;
org.junit.internal.runners.ClassRoadie.fNotifier;ClassRoadie.java;20;instance_variable;;private;3;2;;
org.junit.internal.runners.ClassRoadie.fTestClass;ClassRoadie.java;21;instance_variable;;private;5;4;;
org.junit.internal.runners.ClassRoadie.fDescription;ClassRoadie.java;22;instance_variable;;private;2;1;;
org.junit.internal.runners.ClassRoadie.fRunnable;ClassRoadie.java;23;instance_variable;;private;4;3;;
org.junit.internal.runners.ClassRoadie.ClassRoadie(RunNotifier,TestClass,Description,Runnable);ClassRoadie.java;25;constructor;;public;;;;
org.junit.internal.runners.ClassRoadie.runUnprotected();ClassRoadie.java;33;method;other;protected;9;;5;1
org.junit.internal.runners.ClassRoadie.addFailure(Throwable);ClassRoadie.java;37;method;other;protected;1;;1;2
org.junit.internal.runners.ClassRoadie.runProtected();ClassRoadie.java;41;method;other;public;8;;4;3
org.junit.internal.runners.ClassRoadie.runBefores();ClassRoadie.java;51;method;other;private;7;;3;3
org.junit.internal.runners.ClassRoadie.runAfters();ClassRoadie.java;68;method;other;private;6;;2;4
org.junit.internal.runners.ErrorReportingRunner.fCauses;ErrorReportingRunner.java;16;instance_variable;;private;2;1;;
org.junit.internal.runners.ErrorReportingRunner.fTestClass;ErrorReportingRunner.java;18;instance_variable;;private;3;2;;
org.junit.internal.runners.ErrorReportingRunner.ErrorReportingRunner(Class,Throwable);ErrorReportingRunner.java;20;constructor;;public;;;;
org.junit.internal.runners.ErrorReportingRunner.getDescription();ErrorReportingRunner.java;25;method;getter/setter;default;5;;3;1
org.junit.internal.runners.ErrorReportingRunner.run(RunNotifier);ErrorReportingRunner.java;33;method;other;default;6;;4;2
org.junit.internal.runners.ErrorReportingRunner.getCauses(Throwable);ErrorReportingRunner.java;39;method;getter/setter;private;4;;2;3
org.junit.internal.runners.ErrorReportingRunner.describeCause(Throwable);ErrorReportingRunner.java;50;method;other;private;1;;1;1
org.junit.internal.runners.ErrorReportingRunner.runCause(Throwable,RunNotifier);ErrorReportingRunner.java;55;method;other;private;7;;5;4
org.junit.internal.runners.FailedBefore.serialVersionUID;FailedBefore.java;13;class_variable;;private;1;1;;
org.junit.internal.runners.InitializationError.serialVersionUID;InitializationError.java;11;class_variable;;private;3;2;;
org.junit.internal.runners.InitializationError.fErrors;InitializationError.java;12;instance_variable;;private;1;1;;
org.junit.internal.runners.InitializationError.InitializationError(List);InitializationError.java;14;constructor;;public;;;;
org.junit.internal.runners.InitializationError.InitializationError(Throwable[]);InitializationError.java;18;constructor;;public;;;;
org.junit.internal.runners.InitializationError.InitializationError(String);InitializationError.java;22;constructor;;public;;;;
org.junit.internal.runners.InitializationError.getCauses();InitializationError.java;26;method;getter/setter;public;2;;1;
org.junit.internal.runners.JUnit38ClassRunner.fTest;JUnit38ClassRunner.java;64;instance_variable;;private;3;1;;
org.junit.internal.runners.JUnit38ClassRunner.JUnit38ClassRunner(Class);JUnit38ClassRunner.java;66;constructor;;public;;;;
org.junit.internal.runners.JUnit38ClassRunner.JUnit38ClassRunner(Test);JUnit38ClassRunner.java;70;constructor;;public;;;;
org.junit.internal.runners.JUnit38ClassRunner.run(RunNotifier);JUnit38ClassRunner.java;75;method;other;default;6;;5;1
org.junit.internal.runners.JUnit38ClassRunner.createAdaptingListener(RunNotifier);JUnit38ClassRunner.java;82;method;static;public;1;;1;1
org.junit.internal.runners.JUnit38ClassRunner.getDescription();JUnit38ClassRunner.java;86;method;getter/setter;default;4;;3;2
org.junit.internal.runners.JUnit38ClassRunner.makeDescription(Test);JUnit38ClassRunner.java;91;method;other;private;5;;4;2
org.junit.internal.runners.JUnit38ClassRunner.filter(Filter);JUnit38ClassRunner.java;115;method;other;public;2;;2;3
org.junit.internal.runners.JUnit38ClassRunner.sort(Sorter);JUnit38ClassRunner.java;122;method;other;public;7;;6;4
org.junit.internal.runners.JUnit4ClassRunner.fTestMethods;JUnit4ClassRunner.java;29;instance_variable;;private;5;2;;
org.junit.internal.runners.JUnit4ClassRunner.fTestClass;JUnit4ClassRunner.java;30;instance_variable;;private;4;1;;
org.junit.internal.runners.JUnit4ClassRunner.JUnit4ClassRunner(Class);JUnit4ClassRunner.java;32;constructor;;public;;;;
org.junit.internal.runners.JUnit4ClassRunner.getTestMethods();JUnit4ClassRunner.java;38;method;getter/setter;protected;9;;7;1
org.junit.internal.runners.JUnit4ClassRunner.validate();JUnit4ClassRunner.java;42;method;other;protected;18;;16;1
org.junit.internal.runners.JUnit4ClassRunner.run(RunNotifier);JUnit4ClassRunner.java;48;method;other;default;12;;10;2
org.junit.internal.runners.JUnit4ClassRunner.runMethods(RunNotifier);JUnit4ClassRunner.java;57;method;other;protected;13;;11;2
org.junit.internal.runners.JUnit4ClassRunner.getDescription();JUnit4ClassRunner.java;62;method;getter/setter;default;6;;4;1
org.junit.internal.runners.JUnit4ClassRunner.classAnnotations();JUnit4ClassRunner.java;71;method;other;protected;1;;1;3
org.junit.internal.runners.JUnit4ClassRunner.getName();JUnit4ClassRunner.java;75;method;getter/setter;protected;7;;5;4
org.junit.internal.runners.JUnit4ClassRunner.createTest();JUnit4ClassRunner.java;79;method;other;protected;2;;2;3
org.junit.internal.runners.JUnit4ClassRunner.invokeTestMethod(Method,RunNotifier);JUnit4ClassRunner.java;83;method;other;protected;10;;8;2
org.junit.internal.runners.JUnit4ClassRunner.testAborted(RunNotifier,Description,Throwable);JUnit4ClassRunner.java;99;method;other;private;15;;13;2
org.junit.internal.runners.JUnit4ClassRunner.wrapMethod(Method);JUnit4ClassRunner.java;106;method;other;protected;19;;17;1
org.junit.internal.runners.JUnit4ClassRunner.testName(Method);JUnit4ClassRunner.java;110;method;other;protected;17;;15;4
org.junit.internal.runners.JUnit4ClassRunner.methodDescription(Method);JUnit4ClassRunner.java;114;method;other;protected;11;;9;1
org.junit.internal.runners.JUnit4ClassRunner.testAnnotations(Method);JUnit4ClassRunner.java;118;method;other;protected;16;;14;3
org.junit.internal.runners.JUnit4ClassRunner.filter(Filter);JUnit4ClassRunner.java;122;method;other;public;3;;3;1
org.junit.internal.runners.JUnit4ClassRunner.sort(Sorter);JUnit4ClassRunner.java;132;method;other;public;14;;12;1
org.junit.internal.runners.JUnit4ClassRunner.getTestClass();JUnit4ClassRunner.java;140;method;getter/setter;protected;8;;6;3
org.junit.internal.runners.MethodRoadie.fTest;MethodRoadie.java;26;instance_variable;;private;4;3;;
org.junit.internal.runners.MethodRoadie.fNotifier;MethodRoadie.java;27;instance_variable;;private;3;2;;
org.junit.internal.runners.MethodRoadie.fDescription;MethodRoadie.java;28;instance_variable;;private;2;1;;
org.junit.internal.runners.MethodRoadie.fTestMethod;MethodRoadie.java;29;instance_variable;;private;5;4;;
org.junit.internal.runners.MethodRoadie.MethodRoadie(Object,TestMethod,RunNotifier,Description);MethodRoadie.java;31;constructor;;public;;;;
org.junit.internal.runners.MethodRoadie.run();MethodRoadie.java;38;method;other;public;6;;2;1
org.junit.internal.runners.MethodRoadie.runWithTimeout(long);MethodRoadie.java;55;method;other;private;12;;8;1
org.junit.internal.runners.MethodRoadie.runTest();MethodRoadie.java;83;method;other;public;10;;6;2
org.junit.internal.runners.MethodRoadie.runBeforesThenTestThenAfters(Runnable);MethodRoadie.java;91;method;other;public;9;;5;2
org.junit.internal.runners.MethodRoadie.runTestMethod();MethodRoadie.java;103;method;other;protected;11;;7;3
org.junit.internal.runners.MethodRoadie.runBefores();MethodRoadie.java;124;method;other;private;8;;4;4
org.junit.internal.runners.MethodRoadie.runAfters();MethodRoadie.java;141;method;other;private;7;;3;3
org.junit.internal.runners.MethodRoadie.addFailure(Throwable);MethodRoadie.java;153;method;other;protected;1;;1;3
org.junit.internal.runners.MethodValidator.fErrors;MethodValidator.java;24;instance_variable;;private;2;1;;
org.junit.internal.runners.MethodValidator.fTestClass;MethodValidator.java;26;instance_variable;;private;3;2;;
org.junit.internal.runners.MethodValidator.MethodValidator(TestClass);MethodValidator.java;28;constructor;;public;;;;
org.junit.internal.runners.MethodValidator.validateInstanceMethods();MethodValidator.java;32;method;other;public;4;;2;1
org.junit.internal.runners.MethodValidator.validateStaticMethods();MethodValidator.java;42;method;other;public;7;;5;1
org.junit.internal.runners.MethodValidator.validateMethodsForDefaultRunner();MethodValidator.java;47;method;other;public;5;;3;1
org.junit.internal.runners.MethodValidator.assertValid();MethodValidator.java;54;method;other;public;1;;1;2
org.junit.internal.runners.MethodValidator.validateNoArgConstructor();MethodValidator.java;59;method;other;public;6;;4;3
org.junit.internal.runners.MethodValidator.validateTestMethods(Class,boolean);MethodValidator.java;67;method;other;private;8;;6;4
org.junit.internal.runners.SuiteMethod.SuiteMethod(Class);SuiteMethod.java;22;constructor;;public;;;;
org.junit.internal.runners.SuiteMethod.testFromSuiteMethod(Class);SuiteMethod.java;26;method;static;public;1;;1;
org.junit.internal.runners.TestClass.fClass;TestClass.java;23;instance_variable;;private;1;1;;
org.junit.internal.runners.TestClass.TestClass(Class);TestClass.java;25;constructor;;public;;;;
org.junit.internal.runners.TestClass.getTestMethods();TestClass.java;29;method;getter/setter;public;9;;8;1
org.junit.internal.runners.TestClass.getBefores();TestClass.java;33;method;getter/setter;default;4;;3;1
org.junit.internal.runners.TestClass.getAfters();TestClass.java;37;method;getter/setter;default;2;;1;1
org.junit.internal.runners.TestClass.getAnnotatedMethods(Class);TestClass.java;41;method;getter/setter;public;3;;2;2
org.junit.internal.runners.TestClass.runsTopToBottom(Class);TestClass.java;56;method;other;private;11;;10;2
org.junit.internal.runners.TestClass.isShadowed(Method,List);TestClass.java;60;method;getter/setter;private;10;;9;2
org.junit.internal.runners.TestClass.isShadowed(Method,Method);TestClass.java;68;method;getter/setter;private;10;;9;3
org.junit.internal.runners.TestClass.getSuperClasses(Class);TestClass.java;80;method;getter/setter;private;8;;7;3
org.junit.internal.runners.TestClass.getConstructor();TestClass.java;90;method;getter/setter;public;5;;4;4
org.junit.internal.runners.TestClass.getJavaClass();TestClass.java;94;method;getter/setter;public;6;;5;4
org.junit.internal.runners.TestClass.getName();TestClass.java;98;method;getter/setter;public;7;;6;4
org.junit.internal.runners.TestMethod.fMethod;TestMethod.java;21;instance_variable;;private;2;1;;
org.junit.internal.runners.TestMethod.fTestClass;TestMethod.java;22;instance_variable;;private;3;2;;
org.junit.internal.runners.TestMethod.TestMethod(Method,TestClass);TestMethod.java;24;constructor;;public;;;;
org.junit.internal.runners.TestMethod.isIgnored();TestMethod.java;29;method;getter/setter;public;9;;7;1
org.junit.internal.runners.TestMethod.getTimeout();TestMethod.java;33;method;getter/setter;public;7;;5;1
org.junit.internal.runners.TestMethod.getExpectedException();TestMethod.java;41;method;getter/setter;protected;6;;4;1
org.junit.internal.runners.TestMethod.isUnexpected(Throwable);TestMethod.java;49;method;getter/setter;default;10;;8;2
org.junit.internal.runners.TestMethod.expectsException();TestMethod.java;53;method;other;default;1;;1;2
org.junit.internal.runners.TestMethod.getBefores();TestMethod.java;57;method;getter/setter;default;5;;3;3
org.junit.internal.runners.TestMethod.getAfters();TestMethod.java;61;method;getter/setter;default;4;;2;3
org.junit.internal.runners.TestMethod.invoke(Object);TestMethod.java;65;method;other;public;8;;6;4
org.junit.internal.runners.model.EachTestNotifier.fNotifier;EachTestNotifier.java;13;instance_variable;;private;7;2;;
org.junit.internal.runners.model.EachTestNotifier.fDescription;EachTestNotifier.java;15;instance_variable;;private;3;1;;
org.junit.internal.runners.model.EachTestNotifier.EachTestNotifier(RunNotifier,Description);EachTestNotifier.java;17;constructor;;public;;;;
org.junit.internal.runners.model.EachTestNotifier.addFailure(Throwable);EachTestNotifier.java;22;method;other;public;2;;2;1
org.junit.internal.runners.model.EachTestNotifier.addFailedAssumption(AssumptionViolatedException);EachTestNotifier.java;32;method;other;public;1;;1;2
org.junit.internal.runners.model.EachTestNotifier.fireTestFinished();EachTestNotifier.java;36;method;other;public;4;;3;3
org.junit.internal.runners.model.EachTestNotifier.fireTestStarted();EachTestNotifier.java;40;method;other;public;6;;5;4
org.junit.internal.runners.model.EachTestNotifier.fireTestIgnored();EachTestNotifier.java;44;method;other;public;5;;4;4
org.junit.internal.runners.model.MultipleFailureException.serialVersionUID;MultipleFailureException.java;6;class_variable;;private;3;2;;
org.junit.internal.runners.model.MultipleFailureException.fErrors;MultipleFailureException.java;8;instance_variable;;private;1;1;;
org.junit.internal.runners.model.MultipleFailureException.MultipleFailureException(List);MultipleFailureException.java;10;constructor;;public;;;;
org.junit.internal.runners.model.MultipleFailureException.getFailures();MultipleFailureException.java;14;method;getter/setter;public;2;;1;
org.junit.internal.runners.model.ReflectiveCallable.run();ReflectiveCallable.java;13;method;other;public;1;;1;
org.junit.internal.runners.model.ReflectiveCallable.runReflectiveCall();ReflectiveCallable.java;21;method;other;protected;2;;2;
org.junit.internal.runners.statements.ExpectException.fNext;ExpectException.java;10;instance_variable;;private;3;2;;
org.junit.internal.runners.statements.ExpectException.fExpected;ExpectException.java;11;instance_variable;;private;2;1;;
org.junit.internal.runners.statements.ExpectException.ExpectException(Statement,Class);ExpectException.java;13;constructor;;public;;;;
org.junit.internal.runners.statements.ExpectException.evaluate();ExpectException.java;18;method;other;default;1;;1;
org.junit.internal.runners.statements.Fail.fError;Fail.java;7;instance_variable;;private;2;1;;
org.junit.internal.runners.statements.Fail.Fail(Throwable);Fail.java;9;constructor;;public;;;;
org.junit.internal.runners.statements.Fail.evaluate();Fail.java;13;method;other;default;1;;1;
org.junit.internal.runners.statements.FailOnTimeout.fNext;FailOnTimeout.java;18;instance_variable;;private;2;1;;
org.junit.internal.runners.statements.FailOnTimeout.fTimeout;FailOnTimeout.java;19;instance_variable;;private;3;2;;
org.junit.internal.runners.statements.FailOnTimeout.FailOnTimeout(Statement,long);FailOnTimeout.java;21;constructor;;public;;;;
org.junit.internal.runners.statements.FailOnTimeout.evaluate();FailOnTimeout.java;26;method;other;default;1;;1;
org.junit.internal.runners.statements.FailOnTimeout.unwrap(Throwable);FailOnTimeout.java;55;method;other;private;4;;2;
org.junit.internal.runners.statements.InvokeMethod.fTestMethod;InvokeMethod.java;10;instance_variable;;private;3;2;;
org.junit.internal.runners.statements.InvokeMethod.fTarget;InvokeMethod.java;11;instance_variable;;private;2;1;;
org.junit.internal.runners.statements.InvokeMethod.InvokeMethod(FrameworkMethod,Object);InvokeMethod.java;13;constructor;;public;;;;
org.junit.internal.runners.statements.InvokeMethod.evaluate();InvokeMethod.java;18;method;other;default;1;;1;
org.junit.internal.runners.statements.RunAfters.fNext;RunAfters.java;14;instance_variable;;private;3;2;;
org.junit.internal.runners.statements.RunAfters.fTarget;RunAfters.java;16;instance_variable;;private;4;3;;
org.junit.internal.runners.statements.RunAfters.fAfters;RunAfters.java;18;instance_variable;;private;2;1;;
org.junit.internal.runners.statements.RunAfters.RunAfters(Statement,List,Object);RunAfters.java;20;constructor;;public;;;;
org.junit.internal.runners.statements.RunAfters.evaluate();RunAfters.java;26;method;other;default;1;;1;
org.junit.internal.runners.statements.RunBefores.fNext;RunBefores.java;12;instance_variable;;private;3;2;;
org.junit.internal.runners.statements.RunBefores.fTarget;RunBefores.java;14;instance_variable;;private;4;3;;
org.junit.internal.runners.statements.RunBefores.fBefores;RunBefores.java;16;instance_variable;;private;2;1;;
org.junit.internal.runners.statements.RunBefores.RunBefores(Statement,List,Object);RunBefores.java;18;constructor;;public;;;;
org.junit.internal.runners.statements.RunBefores.evaluate();RunBefores.java;24;method;other;default;1;;1;
org.junit.matchers.JUnitMatchers.hasItem(T);JUnitMatchers.java;18;method;static;public;1;;1;1
org.junit.matchers.JUnitMatchers.hasItem(org.hamcrest.Matcher);JUnitMatchers.java;26;method;static;public;1;;1;2
org.junit.matchers.JUnitMatchers.hasItems(T[]);JUnitMatchers.java;34;method;static;public;1;;1;1
org.junit.matchers.JUnitMatchers.hasItems(org.hamcrest.Matcher[]);JUnitMatchers.java;44;method;static;public;1;;1;2
org.junit.matchers.JUnitMatchers.everyItem(Matcher);JUnitMatchers.java;52;method;static;public;1;;1;2
org.junit.matchers.JUnitMatchers.containsString(java.lang.String);JUnitMatchers.java;60;method;static;public;1;;1;3
org.junit.matchers.JUnitMatchers.both(Matcher);JUnitMatchers.java;70;method;static;public;1;;1;4
org.junit.matchers.JUnitMatchers.either(Matcher);JUnitMatchers.java;80;method;static;public;2;;2;4
org.junit.runner.Description.createSuiteDescription(String,Annotation[]);Description.java;34;method;static;public;3;;3;1
org.junit.runner.Description.createTestDescription(Class,String,Annotation[]);Description.java;46;method;static;public;4;;4;1
org.junit.runner.Description.createTestDescription(Class,String);Description.java;58;method;static;public;4;;4;1
org.junit.runner.Description.createSuiteDescription(Class);Description.java;67;method;static;public;3;;3;1
org.junit.runner.Description.EMPTY;Description.java;74;class_variable;;public;5;1;;
org.junit.runner.Description.TEST_MECHANISM;Description.java;81;class_variable;;public;18;5;;
org.junit.runner.Description.fChildren;Description.java;83;instance_variable;;private;8;3;;
org.junit.runner.Description.fDisplayName;Description.java;84;instance_variable;;private;9;4;;
org.junit.runner.Description.fAnnotations;Description.java;86;instance_variable;;private;7;2;;
org.junit.runner.Description.Description(String,Annotation[]);Description.java;88;constructor;;private;;;;
org.junit.runner.Description.getDisplayName();Description.java;96;method;getter/setter;public;13;;9;2
org.junit.runner.Description.addChild(Description);Description.java;104;method;other;public;1;;1;3
org.junit.runner.Description.getChildren();Description.java;111;method;getter/setter;public;12;;8;3
org.junit.runner.Description.isSuite();Description.java;118;method;getter/setter;public;16;;12;3
org.junit.runner.Description.isTest();Description.java;125;method;getter/setter;public;17;;13;3
org.junit.runner.Description.testCount();Description.java;132;method;other;public;19;;14;3
org.junit.runner.Description.hashCode();Description.java;141;method;other;default;14;;10;2
org.junit.runner.Description.equals(Object);Description.java;146;method;other;default;6;;5;3
org.junit.runner.Description.toString();Description.java;155;method;other;default;20;;15;2
org.junit.runner.Description.isEmpty();Description.java;163;method;getter/setter;public;15;;11;3
org.junit.runner.Description.childlessCopy();Description.java;171;method;other;public;2;;2;3
org.junit.runner.Description.getAnnotation(Class);Description.java;179;method;getter/setter;public;10;;6;4
org.junit.runner.Description.getAnnotations();Description.java;189;method;getter/setter;public;11;;7;4
org.junit.runner.JUnitCore.fNotifier;JUnitCore.java;29;instance_variable;;private;1;1;;
org.junit.runner.JUnitCore.JUnitCore();JUnitCore.java;34;constructor;;public;;;;
org.junit.runner.JUnitCore.main(String[]);JUnitCore.java;45;method;static;public;3;;2;1
org.junit.runner.JUnitCore.runMainAndExit(JUnitSystem,String[]);JUnitCore.java;53;method;static;public;7;;6;1
org.junit.runner.JUnitCore.runClasses(Class[]);JUnitCore.java;65;method;static;public;5;;4;2
org.junit.runner.JUnitCore.runMain(JUnitSystem,String[]);JUnitCore.java;73;method;other;public;6;;5;1
org.junit.runner.JUnitCore.getVersion();JUnitCore.java;97;method;getter/setter;public;2;;1;3
org.junit.runner.JUnitCore.run(Class[]);JUnitCore.java;106;method;other;public;4;;3;2
org.junit.runner.JUnitCore.run(Request);JUnitCore.java;115;method;other;public;4;;3;2
org.junit.runner.JUnitCore.run(junit.framework.Test);JUnitCore.java;124;method;other;public;1;;1;2
org.junit.runner.JUnitCore.run(Runner);JUnitCore.java;131;method;other;public;4;;4;4
org.junit.runner.JUnitCore.addFirstListener(RunListener);JUnitCore.java;145;method;other;private;1;;1;4
org.junit.runner.JUnitCore.addListener(RunListener);JUnitCore.java;155;method;other;public;2;;2;4
org.junit.runner.JUnitCore.removeListener(RunListener);JUnitCore.java;163;method;other;public;3;;3;4
org.junit.runner.Request.method(Class,String);Request.java;35;method;static;public;7;;7;1
org.junit.runner.Request.aClass(Class);Request.java;46;method;static;public;1;;1;1
org.junit.runner.Request.classWithoutSuiteMethod(Class);Request.java;56;method;static;public;3;;3;1
org.junit.runner.Request.classes(Class[]);Request.java;66;method;static;public;2;;2;1
org.junit.runner.Request.errorReport(Class,Throwable);Request.java;78;method;static;default;4;;4;2
org.junit.runner.Request.runner(Runner);Request.java;87;method;static;public;8;;8;3
org.junit.runner.Request.getRunner();Request.java;100;method;getter/setter;public;6;;6;3
org.junit.runner.Request.filterWith(Filter);Request.java;108;method;other;public;5;;5;4
org.junit.runner.Request.filterWith(Description);Request.java;118;method;other;public;5;;5;4
org.junit.runner.Request.sortWith(Comparator);Request.java;162;method;other;public;9;;9;4
org.junit.runner.Result.fCount;Result.java;15;instance_variable;;private;2;1;;
org.junit.runner.Result.fIgnoreCount;Result.java;16;instance_variable;;private;4;3;;
org.junit.runner.Result.fFailures;Result.java;17;instance_variable;;private;3;2;;
org.junit.runner.Result.fRunTime;Result.java;18;instance_variable;;private;5;4;;
org.junit.runner.Result.fStartTime;Result.java;19;instance_variable;;private;6;5;;
org.junit.runner.Result.getRunCount();Result.java;24;method;getter/setter;public;10;;5;1
org.junit.runner.Result.getFailureCount();Result.java;31;method;getter/setter;public;7;;2;2
org.junit.runner.Result.getRunTime();Result.java;38;method;getter/setter;public;11;;6;3
org.junit.runner.Result.getFailures();Result.java;45;method;getter/setter;public;8;;3;2
org.junit.runner.Result.getIgnoreCount();Result.java;52;method;getter/setter;public;9;;4;1
org.junit.runner.Result.wasSuccessful();Result.java;59;method;other;public;12;;7;2
org.junit.runner.Result.createListener();Result.java;104;method;other;public;1;;1;4
org.junit.runner.Runner.getDescription();Runner.java;25;method;getter/setter;public;1;;1;
org.junit.runner.Runner.run(RunNotifier);Runner.java;32;method;other;public;2;;2;
org.junit.runner.Runner.testCount();Runner.java;37;method;other;public;3;;3;
org.junit.runner.manipulation.Filter.ALL;Filter.java;19;class_variable;;public;1;1;;
org.junit.runner.manipulation.Filter.shouldRun(Description);Filter.java;35;method;other;public;4;;3;
org.junit.runner.manipulation.Filter.describe();Filter.java;41;method;other;public;3;;2;
org.junit.runner.manipulation.Filter.apply(Object);Filter.java;49;method;other;public;2;;1;
org.junit.runner.manipulation.NoTestsRemainException.serialVersionUID;NoTestsRemainException.java;7;class_variable;;private;1;1;;
org.junit.runner.manipulation.Sorter.NULL;Sorter.java;17;class_variable;;public;4;2;;
org.junit.runner.manipulation.Sorter.fComparator;Sorter.java;21;instance_variable;;private;3;1;;
org.junit.runner.manipulation.Sorter.Sorter(Comparator);Sorter.java;28;constructor;;public;;;;
org.junit.runner.manipulation.Sorter.apply(Object);Sorter.java;36;method;other;public;1;;1;
org.junit.runner.manipulation.Sorter.compare(Description,Description);Sorter.java;44;method;other;public;2;;2;
org.junit.runner.notification.Failure.fDescription;Failure.java;16;instance_variable;;private;1;1;;
org.junit.runner.notification.Failure.fThrownException;Failure.java;17;instance_variable;;private;2;2;;
org.junit.runner.notification.Failure.Failure(Description,Throwable);Failure.java;24;constructor;;public;;;;
org.junit.runner.notification.Failure.getTestHeader();Failure.java;32;method;getter/setter;public;6;;4;1
org.junit.runner.notification.Failure.getDescription();Failure.java;39;method;getter/setter;public;3;;1;2
org.junit.runner.notification.Failure.getException();Failure.java;47;method;getter/setter;public;4;;2;3
org.junit.runner.notification.Failure.toString();Failure.java;51;method;other;default;8;;6;4
org.junit.runner.notification.Failure.getTrace();Failure.java;62;method;getter/setter;public;7;;5;4
org.junit.runner.notification.Failure.getMessage();Failure.java;74;method;getter/setter;public;5;;3;3
org.junit.runner.notification.RunListener.testRunStarted(Description);RunListener.java;40;method;other;public;6;;6;1
org.junit.runner.notification.RunListener.testRunFinished(Result);RunListener.java;47;method;other;public;5;;5;2
org.junit.runner.notification.RunListener.testStarted(Description);RunListener.java;55;method;other;public;7;;7;1
org.junit.runner.notification.RunListener.testFinished(Description);RunListener.java;62;method;other;public;3;;3;2
org.junit.runner.notification.RunListener.testFailure(Failure);RunListener.java;69;method;other;public;2;;2;3
org.junit.runner.notification.RunListener.testAssumptionFailure(Failure);RunListener.java;80;method;other;public;1;;1;3
org.junit.runner.notification.RunListener.testIgnored(Description);RunListener.java;89;method;other;public;4;;4;4
org.junit.runner.notification.RunNotifier.fListeners;RunNotifier.java;19;instance_variable;;private;10;1;;
org.junit.runner.notification.RunNotifier.fPleaseStop;RunNotifier.java;20;instance_variable;;private;11;2;;
org.junit.runner.notification.RunNotifier.addListener(RunListener);RunNotifier.java;24;method;other;public;2;;2;1
org.junit.runner.notification.RunNotifier.removeListener(RunListener);RunNotifier.java;30;method;other;public;13;;11;1
org.junit.runner.notification.RunNotifier.fireTestRunStarted(Description);RunNotifier.java;51;method;other;public;8;;8;2
org.junit.runner.notification.RunNotifier.fireTestRunFinished(Result);RunNotifier.java;63;method;other;public;7;;7;2
org.junit.runner.notification.RunNotifier.fireTestStarted(Description);RunNotifier.java;77;method;other;public;9;;9;3
org.junit.runner.notification.RunNotifier.fireTestFailure(Failure);RunNotifier.java;92;method;other;public;4;;4;4
org.junit.runner.notification.RunNotifier.fireTestAssumptionFailed(Failure);RunNotifier.java;109;method;other;public;3;;3;4
org.junit.runner.notification.RunNotifier.fireTestIgnored(Description);RunNotifier.java;122;method;other;public;6;;6;2
org.junit.runner.notification.RunNotifier.fireTestFinished(Description);RunNotifier.java;137;method;other;public;5;;5;2
org.junit.runner.notification.RunNotifier.pleaseStop();RunNotifier.java;152;method;other;public;12;;10;3
org.junit.runner.notification.RunNotifier.addFirstListener(RunListener);RunNotifier.java;159;method;other;public;1;;1;1
org.junit.runner.notification.StoppedByUserException.serialVersionUID;StoppedByUserException.java;10;class_variable;;private;1;1;;
org.junit.runners.AllTests.AllTests(Class);AllTests.java;21;constructor;;public;;;;
org.junit.runners.BlockJUnit4ClassRunner.BlockJUnit4ClassRunner(Class);BlockJUnit4ClassRunner.java;55;constructor;;public;;;;
org.junit.runners.BlockJUnit4ClassRunner.runChild(FrameworkMethod,RunNotifier);BlockJUnit4ClassRunner.java;63;method;other;default;14;;14;1
org.junit.runners.BlockJUnit4ClassRunner.describeChild(FrameworkMethod);BlockJUnit4ClassRunner.java;83;method;other;default;4;;4;2
org.junit.runners.BlockJUnit4ClassRunner.getChildren();BlockJUnit4ClassRunner.java;89;method;getter/setter;default;6;;6;2
org.junit.runners.BlockJUnit4ClassRunner.computeTestMethods();BlockJUnit4ClassRunner.java;103;method;other;protected;2;;2;2
org.junit.runners.BlockJUnit4ClassRunner.collectInitializationErrors(List);BlockJUnit4ClassRunner.java;107;method;other;default;1;;1;3
org.junit.runners.BlockJUnit4ClassRunner.validateConstructor(List);BlockJUnit4ClassRunner.java;115;method;other;private;16;;16;3
org.junit.runners.BlockJUnit4ClassRunner.validateOnlyOneConstructor(List);BlockJUnit4ClassRunner.java;120;method;other;private;18;;18;3
org.junit.runners.BlockJUnit4ClassRunner.validateZeroArgConstructor(List);BlockJUnit4ClassRunner.java;131;method;other;protected;20;;20;3
org.junit.runners.BlockJUnit4ClassRunner.hasOneConstructor();BlockJUnit4ClassRunner.java;139;method;other;private;9;;9;3
org.junit.runners.BlockJUnit4ClassRunner.validateInstanceMethods(List);BlockJUnit4ClassRunner.java;148;method;other;protected;17;;17;3
org.junit.runners.BlockJUnit4ClassRunner.validateTestMethods(List);BlockJUnit4ClassRunner.java;161;method;other;protected;19;;19;3
org.junit.runners.BlockJUnit4ClassRunner.createTest();BlockJUnit4ClassRunner.java;170;method;other;protected;3;;3;3
org.junit.runners.BlockJUnit4ClassRunner.testName(FrameworkMethod);BlockJUnit4ClassRunner.java;178;method;other;protected;15;;15;2
org.junit.runners.BlockJUnit4ClassRunner.methodBlock(FrameworkMethod);BlockJUnit4ClassRunner.java;210;method;other;protected;11;;11;2
org.junit.runners.BlockJUnit4ClassRunner.methodInvoker(FrameworkMethod,Object);BlockJUnit4ClassRunner.java;238;method;other;protected;12;;12;2
org.junit.runners.BlockJUnit4ClassRunner.possiblyExpectingExceptions(FrameworkMethod,Object,Statement);BlockJUnit4ClassRunner.java;248;method;other;protected;13;;13;4
org.junit.runners.BlockJUnit4ClassRunner.withPotentialTimeout(FrameworkMethod,Object,Statement);BlockJUnit4ClassRunner.java;260;method;other;protected;23;;23;4
org.junit.runners.BlockJUnit4ClassRunner.withBefores(FrameworkMethod,Object,Statement);BlockJUnit4ClassRunner.java;271;method;other;protected;22;;22;2
org.junit.runners.BlockJUnit4ClassRunner.withAfters(FrameworkMethod,Object,Statement);BlockJUnit4ClassRunner.java;285;method;other;protected;21;;21;2
org.junit.runners.BlockJUnit4ClassRunner.makeNotifier(FrameworkMethod,RunNotifier);BlockJUnit4ClassRunner.java;292;method;other;private;10;;10;1
org.junit.runners.BlockJUnit4ClassRunner.getExpectedException(Test);BlockJUnit4ClassRunner.java;298;method;getter/setter;private;7;;7;4
org.junit.runners.BlockJUnit4ClassRunner.expectsException(Test);BlockJUnit4ClassRunner.java;305;method;other;private;5;;5;4
org.junit.runners.BlockJUnit4ClassRunner.getTimeout(Test);BlockJUnit4ClassRunner.java;309;method;getter/setter;private;8;;8;4
org.junit.runners.JUnit4.JUnit4(Class);JUnit4.java;19;constructor;;public;;;;
org.junit.runners.Parameterized.runners;Parameterized.java;127;instance_variable;;private;4;1;;
org.junit.runners.Parameterized.Parameterized(Class);Parameterized.java;132;constructor;;public;;;;
org.junit.runners.Parameterized.getChildren();Parameterized.java;140;method;getter/setter;default;1;;1;
org.junit.runners.Parameterized.getParametersList(TestClass);Parameterized.java;145;method;getter/setter;default;2;;2;
org.junit.runners.Parameterized.getParametersMethod(TestClass);Parameterized.java;152;method;getter/setter;private;3;;3;
org.junit.runners.ParentRunner.fTestClass;ParentRunner.java;43;instance_variable;;private;10;3;;
org.junit.runners.ParentRunner.fFilter;ParentRunner.java;45;instance_variable;;private;6;1;;
org.junit.runners.ParentRunner.fSorter;ParentRunner.java;47;instance_variable;;private;9;2;;
org.junit.runners.ParentRunner.ParentRunner(Class);ParentRunner.java;53;constructor;;protected;;;;
org.junit.runners.ParentRunner.getChildren();ParentRunner.java;65;method;getter/setter;protected;11;;8;1
org.junit.runners.ParentRunner.describeChild(T);ParentRunner.java;71;method;other;protected;5;;5;2
org.junit.runners.ParentRunner.runChild(T,RunNotifier);ParentRunner.java;79;method;other;protected;17;;14;2
org.junit.runners.ParentRunner.collectInitializationErrors(List);ParentRunner.java;91;method;other;protected;3;;3;1
org.junit.runners.ParentRunner.validatePublicVoidNoArgMethods(Class,boolean,List);ParentRunner.java;106;method;other;protected;23;;20;1
org.junit.runners.ParentRunner.classBlock(RunNotifier);ParentRunner.java;131;method;other;protected;2;;2;3
org.junit.runners.ParentRunner.withBeforeClasses(Statement);ParentRunner.java;143;method;other;protected;25;;22;3
org.junit.runners.ParentRunner.withAfterClasses(Statement);ParentRunner.java;157;method;other;protected;24;;21;3
org.junit.runners.ParentRunner.childrenInvoker(RunNotifier);ParentRunner.java;169;method;other;protected;1;;1;3
org.junit.runners.ParentRunner.runChildren(RunNotifier);ParentRunner.java;178;method;other;private;18;;15;3
org.junit.runners.ParentRunner.getName();ParentRunner.java;186;method;getter/setter;protected;14;;11;1
org.junit.runners.ParentRunner.getTestClass();ParentRunner.java;197;method;getter/setter;protected;15;;12;1
org.junit.runners.ParentRunner.getDescription();ParentRunner.java;205;method;getter/setter;default;12;;9;2
org.junit.runners.ParentRunner.run(RunNotifier);ParentRunner.java;214;method;other;default;16;;13;3
org.junit.runners.ParentRunner.filter(Filter);ParentRunner.java;234;method;other;public;7;;6;4
org.junit.runners.ParentRunner.sort(Sorter);ParentRunner.java;243;method;other;public;20;;17;2
org.junit.runners.ParentRunner.validate();ParentRunner.java;251;method;other;private;22;;19;1
org.junit.runners.ParentRunner.getFilteredChildren();ParentRunner.java;258;method;getter/setter;private;13;;10;4
org.junit.runners.ParentRunner.sortChild(T);ParentRunner.java;273;method;other;private;21;;18;2
org.junit.runners.ParentRunner.filterChild(T);ParentRunner.java;277;method;other;private;8;;7;4
org.junit.runners.ParentRunner.shouldRun(T);ParentRunner.java;282;method;other;private;19;;16;4
org.junit.runners.ParentRunner.comparator();ParentRunner.java;286;method;other;private;4;;4;2
org.junit.runners.Suite.getAnnotatedClasses(Class);Suite.java;37;method;static;private;3;;2;
org.junit.runners.Suite.fRunners;Suite.java;44;instance_variable;;private;2;1;;
org.junit.runners.Suite.Suite(Class,RunnerBuilder);Suite.java;53;constructor;;public;;;;
org.junit.runners.Suite.Suite(RunnerBuilder,Class[]);Suite.java;65;constructor;;public;;;;
org.junit.runners.Suite.Suite(Class,Class[]);Suite.java;75;constructor;;protected;;;;
org.junit.runners.Suite.Suite(RunnerBuilder,Class,Class[]);Suite.java;87;constructor;;protected;;;;
org.junit.runners.Suite.Suite(Class,List);Suite.java;98;constructor;;protected;;;;
org.junit.runners.Suite.getChildren();Suite.java;103;method;getter/setter;default;4;;3;
org.junit.runners.Suite.describeChild(Runner);Suite.java;108;method;other;default;1;;1;
org.junit.runners.Suite.runChild(Runner,RunNotifier);Suite.java;113;method;other;default;5;;4;
org.junit.runners.model.FrameworkMethod.fMethod;FrameworkMethod.java;18;instance_variable;;private;2;1;;
org.junit.runners.model.FrameworkMethod.FrameworkMethod(Method);FrameworkMethod.java;23;constructor;;public;;;;
org.junit.runners.model.FrameworkMethod.getMethod();FrameworkMethod.java;30;method;getter/setter;public;5;;4;1
org.junit.runners.model.FrameworkMethod.invokeExplosively(Object,Object[]);FrameworkMethod.java;39;method;other;public;9;;8;1
org.junit.runners.model.FrameworkMethod.getName();FrameworkMethod.java;52;method;getter/setter;public;6;;5;1
org.junit.runners.model.FrameworkMethod.validatePublicVoidNoArg(boolean,List);FrameworkMethod.java;65;method;other;public;13;;12;2
org.junit.runners.model.FrameworkMethod.validatePublicVoid(boolean,List);FrameworkMethod.java;80;method;other;public;12;;11;2
org.junit.runners.model.FrameworkMethod.isShadowedBy(List);FrameworkMethod.java;93;method;getter/setter;default;10;;9;1
org.junit.runners.model.FrameworkMethod.isShadowedBy(FrameworkMethod);FrameworkMethod.java;100;method;getter/setter;private;10;;9;3
org.junit.runners.model.FrameworkMethod.equals(Object);FrameworkMethod.java;111;method;other;default;1;;1;1
org.junit.runners.model.FrameworkMethod.hashCode();FrameworkMethod.java;118;method;other;default;8;;7;1
org.junit.runners.model.FrameworkMethod.producesType(Class);FrameworkMethod.java;127;method;other;public;11;;10;3
org.junit.runners.model.FrameworkMethod.getParameterTypes();FrameworkMethod.java;132;method;getter/setter;private;7;;6;3
org.junit.runners.model.FrameworkMethod.getAnnotations();FrameworkMethod.java;139;method;getter/setter;public;4;;3;4
org.junit.runners.model.FrameworkMethod.getAnnotation(Class);FrameworkMethod.java;147;method;getter/setter;public;3;;2;4
org.junit.runners.model.InitializationError.serialVersionUID;InitializationError.java;10;class_variable;;private;3;2;;
org.junit.runners.model.InitializationError.fErrors;InitializationError.java;11;instance_variable;;private;1;1;;
org.junit.runners.model.InitializationError.InitializationError(List);InitializationError.java;17;constructor;;public;;;;
org.junit.runners.model.InitializationError.InitializationError(String);InitializationError.java;25;constructor;;public;;;;
org.junit.runners.model.InitializationError.getCauses();InitializationError.java;32;method;getter/setter;public;2;;1;
org.junit.runners.model.RunnerBuilder.parents;RunnerBuilder.java;39;instance_variable;;private;2;1;;
org.junit.runners.model.RunnerBuilder.runnerForClass(Class);RunnerBuilder.java;48;method;other;public;4;;3;1
org.junit.runners.model.RunnerBuilder.safeRunnerForClass(Class);RunnerBuilder.java;55;method;other;public;6;;5;1
org.junit.runners.model.RunnerBuilder.addParent(Class);RunnerBuilder.java;63;method;other;default;1;;1;2
org.junit.runners.model.RunnerBuilder.removeParent(Class);RunnerBuilder.java;69;method;other;default;3;;2;3
org.junit.runners.model.RunnerBuilder.runners(Class,Class[]);RunnerBuilder.java;79;method;other;public;5;;4;2
org.junit.runners.model.RunnerBuilder.runners(Class[]);RunnerBuilder.java;90;method;other;private;5;;4;4
org.junit.runners.model.Statement.evaluate();Statement.java;15;method;other;public;1;;1;
org.junit.runners.model.TestClass.fClass;TestClass.java;19;instance_variable;;private;5;1;;
org.junit.runners.model.TestClass.fMethodsForAnnotations;TestClass.java;21;instance_variable;;private;6;2;;
org.junit.runners.model.TestClass.TestClass(Class);TestClass.java;29;constructor;;public;;;;
org.junit.runners.model.TestClass.addToAnnotationLists(FrameworkMethod);TestClass.java;40;method;other;private;2;;2;1
org.junit.runners.model.TestClass.computeAnnotations(FrameworkMethod);TestClass.java;48;method;other;protected;3;;3;1
org.junit.runners.model.TestClass.addToAnnotationList(Class,FrameworkMethod);TestClass.java;52;method;other;private;1;;1;1
org.junit.runners.model.TestClass.ensureKey(Class);TestClass.java;63;method;other;private;4;;4;1
org.junit.runners.model.TestClass.getAnnotatedMethods(Class);TestClass.java;73;method;getter/setter;public;7;;5;1
org.junit.runners.model.TestClass.runsTopToBottom(Class);TestClass.java;79;method;other;private;13;;11;1
org.junit.runners.model.TestClass.getSuperClasses(Class);TestClass.java;84;method;getter/setter;private;12;;10;2
org.junit.runners.model.TestClass.getJavaClass();TestClass.java;97;method;getter/setter;public;9;;7;3
org.junit.runners.model.TestClass.getName();TestClass.java;104;method;getter/setter;public;10;;8;3
org.junit.runners.model.TestClass.getOnlyConstructor();TestClass.java;115;method;getter/setter;public;11;;9;4
org.junit.runners.model.TestClass.getAnnotations();TestClass.java;124;method;getter/setter;public;8;;6;1
