file;entities;metric;metric_random
net.sourceforge.cruisecontrol.Modification;13;;
net.sourceforge.cruisecontrol.PluginType;28;1.0;0.9615384615384616
net.sourceforge.cruisecontrol.ProjectState;11;1.0;1.0
net.sourceforge.cruisecontrol.Schedule;8;1.0;1.0
net.sourceforge.cruisecontrol.labelincrementers.P4ChangelistLabelIncrementer;5;;
net.sourceforge.cruisecontrol.publishers.rss.RSS;13;;
net.sourceforge.cruisecontrol.sourcecontrols.AlienBrain;5;;
net.sourceforge.cruisecontrol.sourcecontrols.BuildStatus;5;1.0;1.0
net.sourceforge.cruisecontrol.sourcecontrols.CMSynergy;6;0.0;1.0
net.sourceforge.cruisecontrol.sourcecontrols.CMSynergyModification;21;;
net.sourceforge.cruisecontrol.sourcecontrols.Git;7;;
net.sourceforge.cruisecontrol.sourcecontrols.accurev.AccurevCommand;6;;
