file;entities;metric;metric_random
com.itextpdf.text.Annotation;24;;
com.itextpdf.text.BaseColor;14;1.0;1.0
com.itextpdf.text.DocWriter;8;;
com.itextpdf.text.Document;6;1.0;1.0
com.itextpdf.text.ElementTags;125;;
com.itextpdf.text.Font;8;;
com.itextpdf.text.FontFactory;18;0.9375;1.0
com.itextpdf.text.Jpeg;11;;
com.itextpdf.text.Jpeg2000;11;;
com.itextpdf.text.List;6;;
com.itextpdf.text.PageSize;52;;
com.itextpdf.text.Rectangle;7;;
com.itextpdf.text.html.HtmlTags;86;;
com.itextpdf.text.html.Markup;67;1.0;1.0
com.itextpdf.text.pdf.ArabicLigaturizer;39;0.9459459459459459;0.7297297297297297
com.itextpdf.text.pdf.AsianFontMapper;17;;
com.itextpdf.text.pdf.Barcode;12;;
com.itextpdf.text.pdf.Barcode128;21;0.9473684210526315;0.9473684210526315
com.itextpdf.text.pdf.BarcodeDatamatrix;16;1.0;1.0
com.itextpdf.text.pdf.BarcodeEAN;19;;
com.itextpdf.text.pdf.ByteBuffer;7;0.4;1.0
com.itextpdf.text.pdf.CJKFont;10;0.75;0.875
com.itextpdf.text.pdf.DocumentFont;5;;
com.itextpdf.text.pdf.ExtendedColor;7;1.0;1.0
com.itextpdf.text.pdf.PdfAction;19;;
com.itextpdf.text.pdf.PdfAnnotation;31;;
com.itextpdf.text.pdf.PdfBorderDictionary;5;;
com.itextpdf.text.pdf.PdfChunk;5;;
com.itextpdf.text.pdf.PdfContents;6;;
com.itextpdf.text.pdf.PdfDestination;8;;
com.itextpdf.text.pdf.PdfDictionary;5;;
com.itextpdf.text.pdf.PdfFormField;37;1.0;1.0
com.itextpdf.text.pdf.PdfGState;13;;
com.itextpdf.text.pdf.PdfName;650;;
com.itextpdf.text.pdf.PdfObject;12;;
com.itextpdf.text.pdf.PdfPage;6;1.0;1.0
com.itextpdf.text.pdf.PdfPageLabels;7;1.0;1.0
com.itextpdf.text.pdf.PdfTransition;16;;
com.itextpdf.text.pdf.PushbuttonField;11;;
com.itextpdf.text.pdf.RadioCheckField;7;1.0;1.0
com.itextpdf.text.pdf.SequenceList;12;1.0;0.9
com.itextpdf.text.pdf.TrueTypeFontSubSet;13;;
com.itextpdf.text.pdf.codec.Base64;19;1.0;0.7647058823529411
com.itextpdf.text.pdf.codec.BmpImage;23;;
com.itextpdf.text.pdf.codec.CCITTG4Encoder;10;;
com.itextpdf.text.pdf.codec.JBIG2SegmentReader;21;;
com.itextpdf.text.pdf.codec.LZWStringTable;7;;
com.itextpdf.text.pdf.codec.PngImage;18;1.0;0.75
com.itextpdf.text.pdf.codec.PngWriter;7;;
com.itextpdf.text.pdf.codec.TIFFConstants;210;;
com.itextpdf.text.pdf.codec.TIFFFaxDecoder;9;;
com.itextpdf.text.pdf.codec.TIFFFaxDecompressor;9;;
com.itextpdf.text.pdf.codec.TIFFField;13;1.0;1.0
com.itextpdf.text.pdf.codec.wmf.MetaBrush;11;;
com.itextpdf.text.pdf.codec.wmf.MetaDo;68;;
com.itextpdf.text.pdf.codec.wmf.MetaFont;20;;
com.itextpdf.text.pdf.codec.wmf.MetaPen;7;;
com.itextpdf.text.pdf.codec.wmf.MetaState;12;;
com.itextpdf.text.pdf.collection.PdfCollectionField;8;;
com.itextpdf.text.pdf.fonts.cmaps.CMapParser;5;;
com.itextpdf.text.pdf.internal.PdfXConformanceImp;7;;
com.itextpdf.text.pdf.parser.Matrix;9;;
com.itextpdf.text.pdf.qrcode.ErrorCorrectionLevel;5;1.0;1.0
com.itextpdf.text.pdf.qrcode.MatrixUtil;9;;
com.itextpdf.text.pdf.qrcode.Mode;9;;
com.itextpdf.text.xml.simpleparser.SimpleXMLParser;15;;
com.itextpdf.text.xml.xmp.DublinCoreSchema;18;1.0;1.0
com.itextpdf.text.xml.xmp.PdfA1Schema;5;1.0;1.0
com.itextpdf.text.xml.xmp.PdfSchema;6;1.0;1.0
com.itextpdf.text.xml.xmp.XmpBasicSchema;12;1.0;0.9
com.itextpdf.text.xml.xmp.XmpMMSchema;15;1.0;1.0
