file;entities;metric;metric_random
net.sf.ext.BrowserLauncher;40;0.9736842105263158;0.9736842105263158
net.sf.jabref.bst.BstLexer;32;;
net.sf.jabref.export.layout.LayoutHelper;9;1.0;1.0
net.sf.jabref.groups.AbstractGroup;5;1.0;1.0
net.sf.jabref.imports.CiteSeerFetcher;7;;
net.sf.jabref.imports.CsaImporter;9;;
net.sf.jabref.imports.JSTORFetcher;5;;
net.sf.jabref.imports.JSTORFetcher2;8;;
net.sf.jabref.imports.OAI2Fetcher;6;;
net.sf.jabref.imports.ScienceDirectFetcher;6;;
net.sf.jabref.util.CaseChanger;8;1.0;0.8333333333333334
net.sf.jabref.wizard.integrity.IntegrityMessage;5;1.0;1.0
tests.net.sf.jabref.gui.AutoCompleterTest;5;1.0;1.0
