file;entities;metric;metric_random
org.jfree.chart.ChartColor;24;;
org.jfree.chart.JFreeChart;7;1.0;1.0
org.jfree.chart.annotations.CategoryPointerAnnotation;6;1.0;1.0
org.jfree.chart.annotations.TextAnnotation;6;1.0;1.0
org.jfree.chart.annotations.XYPointerAnnotation;6;1.0;1.0
org.jfree.chart.annotations.XYTextAnnotation;6;1.0;1.0
org.jfree.chart.axis.Axis;16;1.0;1.0
org.jfree.chart.axis.AxisLocation;5;1.0;1.0
org.jfree.chart.axis.CategoryLabelPositions;6;1.0;1.0
org.jfree.chart.axis.CompassFormat;5;1.0;1.0
org.jfree.chart.axis.DateTickUnitType;7;;
org.jfree.chart.axis.NumberAxis;5;1.0;1.0
org.jfree.chart.axis.PeriodAxisLabelInfo;6;1.0;1.0
org.jfree.chart.axis.SegmentedTimeline;8;1.0;1.0
org.jfree.chart.axis.ValueAxis;9;1.0;1.0
org.jfree.chart.labels.ItemLabelAnchor;26;1.0;1.0
org.jfree.chart.plot.CategoryPlot;10;1.0;0.8571428571428571
org.jfree.chart.plot.DefaultDrawingSupplier;7;1.0;1.0
org.jfree.chart.plot.Plot;12;1.0;1.0
org.jfree.chart.plot.PolarPlot;7;1.0;0.75
org.jfree.chart.plot.SpiderWebPlot;13;1.0;1.0
org.jfree.chart.plot.WaferMapPlot;7;1.0;1.0
org.jfree.chart.plot.XYPlot;7;1.0;1.0
org.jfree.chart.renderer.xy.StandardXYItemRenderer;7;1.0;1.0
org.jfree.chart.renderer.xy.XYAreaRenderer;6;1.0;1.0
org.jfree.chart.text.TextAnchor;16;1.0;1.0
org.jfree.chart.text.TextBlockAnchor;10;1.0;1.0
org.jfree.chart.title.Title;5;1.0;1.0
org.jfree.chart.util.Align;20;;
org.jfree.chart.util.GradientPaintTransformType;5;1.0;1.0
org.jfree.chart.util.RectangleAnchor;10;1.0;1.0
org.jfree.chart.util.RectangleEdge;5;1.0;1.0
org.jfree.data.time.Day;5;1.0;1.0
org.jfree.data.time.Quarter;5;1.0;1.0
org.jfree.data.time.SerialDate;30;0.9629629629629629;0.8148148148148148
