file;entities;metric;metric_random
org.jhotdraw.app.AbstractApplicationModel;5;;
org.jhotdraw.draw.AttributeKeys;43;1.0;1.0
org.jhotdraw.draw.action.ButtonFactory;8;;
org.jhotdraw.draw.handle.HandleAttributeKeys;106;1.0;0.9711538461538461
org.jhotdraw.gui.plaf.palette.PaletteLabelUI;5;1.0;1.0
org.jhotdraw.gui.plaf.palette.PaletteSliderThumbIcon;6;;
org.jhotdraw.gui.plaf.palette.PaletteSliderUI;6;;
org.jhotdraw.gui.plaf.palette.PaletteToolBarBorder;7;;
org.jhotdraw.io.Base64;14;1.0;0.8333333333333334
org.jhotdraw.samples.odg.ODGConstants;7;;
org.jhotdraw.samples.svg.SVGAttributeKeys;16;1.0;1.0
org.jhotdraw.samples.svg.SVGConstants;10;;
org.jhotdraw.text.ColorFormatter;6;;
org.jhotdraw.xml.DefaultDOMFactory;6;;
