file;entities;metric;metric_random
org.lwjgl.LWJGLUtil;11;1.0;1.0
org.lwjgl.Sys;5;;
org.lwjgl.input.Controllers;5;;
org.lwjgl.input.Keyboard;142;1.0;0.8642857142857143
org.lwjgl.input.Mouse;31;1.0;1.0
org.lwjgl.openal.ALC10;21;1.0;0.9473684210526315
org.lwjgl.openal.ALC11;7;;
org.lwjgl.opencl.InfoUtilFactory;9;;
org.lwjgl.opengl.APIUtil;7;;
org.lwjgl.opengl.GLContext;6;;
org.lwjgl.opengl.LinuxContextAttribs;9;;
org.lwjgl.opengl.LinuxDisplay;29;1.0;0.8148148148148148
org.lwjgl.opengl.LinuxEvent;13;;
org.lwjgl.opengl.LinuxKeyboard;7;;
org.lwjgl.opengl.LinuxKeycodes;365;;
org.lwjgl.opengl.LinuxMouse;10;;
org.lwjgl.opengl.MacOSXContextAttribs;9;;
org.lwjgl.opengl.Pbuffer;17;;
org.lwjgl.opengl.RenderTexture;35;0.9375;0.59375
org.lwjgl.opengl.WindowsContextAttribs;9;;
org.lwjgl.opengl.WindowsKeycodes;196;;
org.lwjgl.test.openal.PositionTest;5;;
org.lwjgl.test.opengl.VBOIndexTest;10;;
org.lwjgl.test.opengl.VBOTest;6;;
org.lwjgl.test.opengl.shaders.ShadersTest;9;;
org.lwjgl.util.XPMFile;5;;
org.lwjgl.util.generator.Utils;13;1.0;1.0
org.lwjgl.util.generator.opencl.CLGeneratorProcessorFactory;7;1.0;0.8
org.lwjgl.util.generator.opengl.GLCapabilitiesGenerator;7;;
org.lwjgl.util.glu.GLU;116;1.0;0.9912280701754386
org.lwjgl.util.glu.Project;9;;
org.lwjgl.util.jinput.LWJGLMouse;5;;
