file;entities;metric;metric_random
blogthisplugin.BlogSettings;5;;
blogthisplugin.BlogThisPlugin;5;0.6666666666666666;1.0
calendarexportplugin.CalendarExportSettings;5;;
calendarexportplugin.exporter.GoogleExporter;11;0.7777777777777778;0.8888888888888888
calendarexportplugin.exporter.OutlookExporter;7;;
captureplugin.drivers.topfield.TopfieldChannelTableModel;7;;
captureplugin.drivers.topfield.TopfieldConfigurationDialog;43;;
captureplugin.drivers.topfield.TopfieldDevice;29;;
captureplugin.drivers.topfield.TopfieldDriver;5;;
captureplugin.drivers.topfield.TopfieldServiceInfo;6;;
captureplugin.drivers.topfield.connector.TopfieldConnector;16;;
devplugin.Channel;14;1.0;1.0
devplugin.ProgramFieldType;52;0.9387755102040817;0.8571428571428571
devplugin.ProgramInfoHelper;6;1.0;1.0
devplugin.SettingsItem;19;;
primarydatamanager.primarydataservice.AbstractPrimaryDataService;6;;
primarydatamanager.primarydataservice.Entry;7;;
printplugin.PrintPlugin;5;;
radiotimesdataservice.RadioTimesDataService;5;1.0;1.0
simplemarkerplugin.SimpleMarkerSettings;6;;
swedbtvdataservice.DataHydraChannelParser;5;0.6666666666666666;1.0
tvbrowser.TVBrowser;23;0.9523809523809523;1.0
tvbrowser.core.ChannelList;20;;
tvbrowser.core.PluginLoader;6;;
tvbrowser.core.plugin.PluginProxyManager;8;0.8333333333333334;1.0
tvbrowser.extras.common.LimitationConfiguration;10;;
tvbrowser.extras.programinfo.ProgramInfoSettings;29;;
tvbrowser.ui.finder.calendar.CalendarTableCellRenderer;6;;
tvbrowser.ui.mainframe.actions.TVBrowserActions;28;1.0;0.9615384615384616
tvbrowser.ui.mainframe.toolbar.ToolBar;15;0.75;0.5833333333333334
tvbrowser.ui.programtable.KeyboardAction;10;;
tvbrowser.ui.splashscreen.SplashScreen;6;;
tvbrowser.ui.waiting.dlgs.CopyWaitingDlg;5;;
tvraterplugin.TVRaterSettings;8;;
util.browserlauncher.BrowserLauncher;39;;
util.browserlauncher.Launch;5;1.0;1.0
util.exc.ErrorHandler;9;1.0;0.6666666666666666
util.misc.AbstractXmlTvDataHandler;6;;
util.misc.JavaVersion;9;;
util.settings.ProgramPanelSettings;7;;
util.ui.SearchForm;7;0.8;1.0
util.ui.table.TableSorter;6;0.75;1.0
