file;entities;metric;metric_random
wicket.Application;7;1.0;0.8
wicket.Component;29;1.0;0.5769230769230769
wicket.Page;7;0.8;1.0
wicket.RequestCycle;10;;
wicket.Session;7;0.75;1.0
wicket.ajax.AbstractDefaultAjaxBehavior;5;0.6666666666666666;1.0
wicket.feedback.FeedbackMessage;8;0.8333333333333334;0.8333333333333334
wicket.markup.html.form.Form;7;1.0;0.8
wicket.markup.html.link.PopupSettings;8;1.0;1.0
wicket.markup.parser.filter.HtmlProblemFinder;5;1.0;1.0
wicket.markup.resolver.AutoLinkResolver;5;;
wicket.protocol.http.ClientProperties;36;1.0;0.9705882352941176
wicket.protocol.http.WicketFilter;5;0.5;1.0
wicket.protocol.http.documentvalidation.HtmlDocumentParser;8;1.0;1.0
wicket.protocol.http.request.AbstractWebRequestCodingStrategy;6;1.0;1.0
wicket.util.crypt.Base64;12;1.0;1.0
wicket.util.crypt.Base64UrlSafe;9;1.0;1.0
wicket.util.lang.Objects;14;1.0;1.0
wicket.util.parse.metapattern.MetaPattern;52;1.0;0.86
wicket.util.parse.metapattern.parsers.VariableAssignmentParser;5;;
wicket.util.time.Duration;9;0.8571428571428571;1.0
wicket.util.upload.FileUploadBase;8;;
wicket.util.upload.MultipartFormInputStream;8;1.0;1.0
