file;entities;metric;metric_random
com.puppycrawl.tools.checkstyle.ConfigurationLoader;8;0.5714285714285714;0.8571428571428571
com.puppycrawl.tools.checkstyle.api.TokenTypes;161;0.5125;0.525
com.puppycrawl.tools.checkstyle.checks.annotation.MissingDeprecatedCheck;7;0.6666666666666666;0.8333333333333334
com.puppycrawl.tools.checkstyle.checks.imports.AccessResult;10;0.7777777777777778;0.6666666666666666
com.puppycrawl.tools.checkstyle.checks.javadoc.JavadocMethodCheck;10;0.5555555555555556;0.6666666666666666
