file;entities;metric;metric_random
net.sourceforge.cruisecontrol.Modification;13;0.5833333333333334;0.5833333333333334
net.sourceforge.cruisecontrol.PluginType;28;0.8148148148148148;0.5555555555555556
net.sourceforge.cruisecontrol.ProjectState;11;0.6;0.7
net.sourceforge.cruisecontrol.Schedule;8;0.2857142857142857;0.7142857142857143
net.sourceforge.cruisecontrol.labelincrementers.P4ChangelistLabelIncrementer;5;0.5;0.75
net.sourceforge.cruisecontrol.publishers.rss.RSS;13;0.4166666666666667;0.6666666666666666
net.sourceforge.cruisecontrol.sourcecontrols.AlienBrain;5;0.25;0.75
net.sourceforge.cruisecontrol.sourcecontrols.BuildStatus;5;0.75;0.75
net.sourceforge.cruisecontrol.sourcecontrols.CMSynergy;6;0.8;0.6
net.sourceforge.cruisecontrol.sourcecontrols.CMSynergyModification;21;0.6;0.6
net.sourceforge.cruisecontrol.sourcecontrols.Git;7;0.5;0.8333333333333334
net.sourceforge.cruisecontrol.sourcecontrols.accurev.AccurevCommand;6;0.4;0.8
