file;entities;metric;metric_random
com.itextpdf.text.Annotation;24;0.5217391304347826;0.6086956521739131
com.itextpdf.text.BaseColor;14;0.3076923076923077;0.6153846153846154
com.itextpdf.text.DocWriter;8;0.42857142857142855;0.7142857142857143
com.itextpdf.text.Document;6;0.6;0.8
com.itextpdf.text.ElementTags;125;0.47580645161290325;0.5403225806451613
com.itextpdf.text.Font;8;0.42857142857142855;0.7142857142857143
com.itextpdf.text.FontFactory;18;0.5882352941176471;0.5882352941176471
com.itextpdf.text.Jpeg;11;0.6;0.8
com.itextpdf.text.Jpeg2000;11;0.5;0.7
com.itextpdf.text.List;6;0.4;0.8
com.itextpdf.text.PageSize;52;0.6666666666666666;0.6078431372549019
com.itextpdf.text.Rectangle;7;0.3333333333333333;0.6666666666666666
com.itextpdf.text.html.HtmlTags;86;0.49411764705882355;0.5647058823529412
com.itextpdf.text.html.Markup;67;0.8181818181818182;0.5606060606060606
com.itextpdf.text.pdf.ArabicLigaturizer;39;0.5789473684210527;0.6052631578947368
com.itextpdf.text.pdf.AsianFontMapper;17;0.6875;0.6875
com.itextpdf.text.pdf.Barcode;12;0.45454545454545453;0.6363636363636364
com.itextpdf.text.pdf.Barcode128;21;0.7;0.65
com.itextpdf.text.pdf.BarcodeDatamatrix;16;0.4666666666666667;0.6
com.itextpdf.text.pdf.BarcodeEAN;19;0.7222222222222222;0.6111111111111112
com.itextpdf.text.pdf.ByteBuffer;7;0.3333333333333333;0.6666666666666666
com.itextpdf.text.pdf.CJKFont;10;0.5555555555555556;0.7777777777777778
com.itextpdf.text.pdf.DocumentFont;5;0.5;0.75
com.itextpdf.text.pdf.ExtendedColor;7;0.5;0.6666666666666666
com.itextpdf.text.pdf.PdfAction;19;0.4444444444444444;0.6111111111111112
com.itextpdf.text.pdf.PdfAnnotation;31;0.4666666666666667;0.5666666666666667
com.itextpdf.text.pdf.PdfBorderDictionary;5;0.5;0.75
com.itextpdf.text.pdf.PdfChunk;5;0.75;1.0
com.itextpdf.text.pdf.PdfContents;6;0.6;0.8
com.itextpdf.text.pdf.PdfDestination;8;0.5714285714285714;0.7142857142857143
com.itextpdf.text.pdf.PdfDictionary;5;0.75;0.75
com.itextpdf.text.pdf.PdfFormField;37;0.4722222222222222;0.5833333333333334
com.itextpdf.text.pdf.PdfGState;13;0.5;0.75
com.itextpdf.text.pdf.PdfName;650;0.9476117103235747;0.5100154083204931
com.itextpdf.text.pdf.PdfObject;12;0.6363636363636364;0.6363636363636364
com.itextpdf.text.pdf.PdfPage;6;0.4;0.8
com.itextpdf.text.pdf.PdfPageLabels;7;0.5;0.6666666666666666
com.itextpdf.text.pdf.PdfTransition;16;0.4666666666666667;0.7333333333333333
com.itextpdf.text.pdf.PushbuttonField;11;0.7;0.6
com.itextpdf.text.pdf.RadioCheckField;7;1.0;0.8333333333333334
com.itextpdf.text.pdf.SequenceList;12;0.6363636363636364;0.6363636363636364
com.itextpdf.text.pdf.TrueTypeFontSubSet;13;0.4166666666666667;0.6666666666666666
com.itextpdf.text.pdf.codec.Base64;19;0.5;0.6111111111111112
com.itextpdf.text.pdf.codec.BmpImage;23;0.6363636363636364;0.5454545454545454
com.itextpdf.text.pdf.codec.CCITTG4Encoder;10;0.4444444444444444;0.6666666666666666
com.itextpdf.text.pdf.codec.JBIG2SegmentReader;21;0.5;0.6
com.itextpdf.text.pdf.codec.LZWStringTable;7;0.5;0.6666666666666666
com.itextpdf.text.pdf.codec.PngImage;18;0.47058823529411764;0.6470588235294118
com.itextpdf.text.pdf.codec.PngWriter;7;0.3333333333333333;0.8333333333333334
com.itextpdf.text.pdf.codec.TIFFConstants;210;0.4784688995215311;0.5119617224880383
com.itextpdf.text.pdf.codec.TIFFFaxDecoder;9;0.625;0.75
com.itextpdf.text.pdf.codec.TIFFFaxDecompressor;9;0.625;0.625
com.itextpdf.text.pdf.codec.TIFFField;13;0.5;0.6666666666666666
com.itextpdf.text.pdf.codec.wmf.MetaBrush;11;0.5;0.6
com.itextpdf.text.pdf.codec.wmf.MetaDo;68;0.5671641791044776;0.5671641791044776
com.itextpdf.text.pdf.codec.wmf.MetaFont;20;0.5263157894736842;0.7368421052631579
com.itextpdf.text.pdf.codec.wmf.MetaPen;7;0.5;0.8333333333333334
com.itextpdf.text.pdf.codec.wmf.MetaState;12;0.45454545454545453;0.6363636363636364
com.itextpdf.text.pdf.collection.PdfCollectionField;8;0.42857142857142855;0.7142857142857143
com.itextpdf.text.pdf.fonts.cmaps.CMapParser;5;0.5;0.75
com.itextpdf.text.pdf.internal.PdfXConformanceImp;7;0.5;0.6666666666666666
com.itextpdf.text.pdf.parser.Matrix;9;1.0;0.625
com.itextpdf.text.pdf.qrcode.ErrorCorrectionLevel;5;0.5;0.75
com.itextpdf.text.pdf.qrcode.MatrixUtil;9;0.5;0.75
com.itextpdf.text.pdf.qrcode.Mode;9;0.5;0.75
com.itextpdf.text.xml.simpleparser.SimpleXMLParser;15;0.42857142857142855;0.6428571428571429
com.itextpdf.text.xml.xmp.DublinCoreSchema;18;0.8823529411764706;0.5882352941176471
com.itextpdf.text.xml.xmp.PdfA1Schema;5;0.5;0.75
com.itextpdf.text.xml.xmp.PdfSchema;6;0.6;0.8
com.itextpdf.text.xml.xmp.XmpBasicSchema;12;0.8181818181818182;0.6363636363636364
com.itextpdf.text.xml.xmp.XmpMMSchema;15;0.8571428571428571;0.5714285714285714
