file;entities;metric;metric_random
net.sf.ext.BrowserLauncher;40;0.5384615384615384;0.6153846153846154
net.sf.jabref.bst.BstLexer;32;0.5806451612903226;0.6129032258064516
net.sf.jabref.export.layout.LayoutHelper;9;0.25;0.625
net.sf.jabref.groups.AbstractGroup;5;0.75;0.75
net.sf.jabref.imports.CiteSeerFetcher;7;0.5;0.8333333333333334
net.sf.jabref.imports.CsaImporter;9;0.625;0.75
net.sf.jabref.imports.JSTORFetcher;5;0.5;0.75
net.sf.jabref.imports.JSTORFetcher2;8;0.7142857142857143;0.7142857142857143
net.sf.jabref.imports.OAI2Fetcher;6;0.4;0.8
net.sf.jabref.imports.ScienceDirectFetcher;6;0.4;0.8
net.sf.jabref.util.CaseChanger;8;0.42857142857142855;0.7142857142857143
net.sf.jabref.wizard.integrity.IntegrityMessage;5;0.75;0.75
tests.net.sf.jabref.gui.AutoCompleterTest;5;0.75;1.0
