file;entities;metric;metric_random
installer.CBZip2InputStream;7;0.6666666666666666;0.6666666666666666
installer.CBZip2OutputStream;9;0.625;0.75
installer.TarHeader;22;0.42857142857142855;0.5714285714285714
org.gjt.sp.jedit.Debug;22;0.47619047619047616;0.6190476190476191
org.gjt.sp.jedit.JARClassLoader;5;0.5;0.75
org.gjt.sp.jedit.Macros;7;0.3333333333333333;0.6666666666666666
org.gjt.sp.jedit.OperatingSystem;12;0.45454545454545453;0.7272727272727273
org.gjt.sp.jedit.Registers;5;0.5;0.75
org.gjt.sp.jedit.bsh.ClassGeneratorUtil;7;0.5;0.8333333333333334
org.gjt.sp.jedit.bsh.Interpreter;5;0.5;0.75
org.gjt.sp.jedit.bsh.Types;5;0.5;0.75
org.gjt.sp.jedit.bsh.org.objectweb.asm.Type;20;0.42105263157894735;0.631578947368421
org.gjt.sp.jedit.bufferio.BufferIORequest;14;0.6153846153846154;0.6923076923076923
org.gjt.sp.jedit.gui.DockableLayout;5;0.5;0.75
org.gjt.sp.jedit.msg.BufferUpdate;10;0.5555555555555556;0.6666666666666666
org.gjt.sp.jedit.msg.EditPaneUpdate;6;0.6;0.8
org.gjt.sp.jedit.options.GeneralOptionPane;5;0.5;0.75
org.gjt.sp.jedit.print.BufferPrintable;6;0.8;0.8
org.gjt.sp.jedit.search.SearchAndReplace;11;0.4;0.6
org.gjt.sp.jedit.syntax.ParserRule;18;0.5882352941176471;0.5882352941176471
org.gjt.sp.jedit.syntax.Token;22;0.8095238095238095;0.6666666666666666
org.gjt.sp.jedit.textarea.ScrollLayout;5;0.5;1.0
org.gjt.sp.jedit.textarea.TextAreaTransferHandler;5;0.25;0.75
