file;entities;metric;metric_random
org.jfree.chart.ChartColor;24;0.5217391304347826;0.6086956521739131
org.jfree.chart.JFreeChart;7;0.3333333333333333;0.8333333333333334
org.jfree.chart.annotations.CategoryPointerAnnotation;6;0.4;0.6
org.jfree.chart.annotations.TextAnnotation;6;0.6;0.8
org.jfree.chart.annotations.XYPointerAnnotation;6;0.4;0.8
org.jfree.chart.annotations.XYTextAnnotation;6;0.6;0.8
org.jfree.chart.axis.Axis;16;0.4666666666666667;0.6
org.jfree.chart.axis.AxisLocation;5;0.75;0.75
org.jfree.chart.axis.CategoryLabelPositions;6;0.6;0.8
org.jfree.chart.axis.CompassFormat;5;0.5;1.0
org.jfree.chart.axis.DateTickUnitType;7;0.5;0.6666666666666666
org.jfree.chart.axis.NumberAxis;5;0.75;0.75
org.jfree.chart.axis.PeriodAxisLabelInfo;6;0.2;0.8
org.jfree.chart.axis.SegmentedTimeline;8;0.42857142857142855;0.7142857142857143
org.jfree.chart.axis.ValueAxis;9;0.5;0.75
org.jfree.chart.labels.ItemLabelAnchor;26;0.88;0.6
org.jfree.chart.plot.CategoryPlot;10;0.3333333333333333;0.6666666666666666
org.jfree.chart.plot.DefaultDrawingSupplier;7;0.3333333333333333;0.8333333333333334
org.jfree.chart.plot.Plot;12;0.45454545454545453;0.7272727272727273
org.jfree.chart.plot.PolarPlot;7;0.5;0.6666666666666666
org.jfree.chart.plot.SpiderWebPlot;13;0.5833333333333334;0.5833333333333334
org.jfree.chart.plot.WaferMapPlot;7;0.16666666666666666;0.8333333333333334
org.jfree.chart.plot.XYPlot;7;0.16666666666666666;0.6666666666666666
org.jfree.chart.renderer.xy.StandardXYItemRenderer;7;0.5;0.6666666666666666
org.jfree.chart.renderer.xy.XYAreaRenderer;6;0.6;0.8
org.jfree.chart.text.TextAnchor;16;0.4666666666666667;0.6666666666666666
org.jfree.chart.text.TextBlockAnchor;10;0.4444444444444444;0.6666666666666666
org.jfree.chart.title.Title;5;0.25;0.75
org.jfree.chart.util.Align;20;0.6842105263157895;0.6842105263157895
org.jfree.chart.util.GradientPaintTransformType;5;0.25;0.75
org.jfree.chart.util.RectangleAnchor;10;0.7777777777777778;0.6666666666666666
org.jfree.chart.util.RectangleEdge;5;0.75;0.75
org.jfree.data.time.Day;5;0.25;0.75
org.jfree.data.time.Quarter;5;0.5;0.75
org.jfree.data.time.SerialDate;30;0.5172413793103449;0.6206896551724138
