file;entities;metric;metric_random
org.jhotdraw.app.AbstractApplicationModel;5;0.75;0.75
org.jhotdraw.draw.AttributeKeys;43;0.5714285714285714;0.6428571428571429
org.jhotdraw.draw.action.ButtonFactory;8;0.7142857142857143;0.5714285714285714
org.jhotdraw.draw.handle.HandleAttributeKeys;106;0.5904761904761905;0.5523809523809524
org.jhotdraw.gui.plaf.palette.PaletteLabelUI;5;0.5;0.75
org.jhotdraw.gui.plaf.palette.PaletteSliderThumbIcon;6;0.6;0.8
org.jhotdraw.gui.plaf.palette.PaletteSliderUI;6;0.2;0.8
org.jhotdraw.gui.plaf.palette.PaletteToolBarBorder;7;0.5;0.8333333333333334
org.jhotdraw.io.Base64;14;0.46153846153846156;0.6153846153846154
org.jhotdraw.samples.odg.ODGConstants;7;0.3333333333333333;0.6666666666666666
org.jhotdraw.samples.svg.SVGAttributeKeys;16;0.6;0.6666666666666666
org.jhotdraw.samples.svg.SVGConstants;10;0.5555555555555556;0.6666666666666666
org.jhotdraw.text.ColorFormatter;6;0.4;0.8
org.jhotdraw.xml.DefaultDOMFactory;6;0.6;0.8
