file;entities;metric;metric_random
org.lwjgl.LWJGLUtil;11;0.6;0.8
org.lwjgl.Sys;5;0.5;0.75
org.lwjgl.input.Controllers;5;0.25;0.75
org.lwjgl.input.Keyboard;142;0.5886524822695035;0.5319148936170213
org.lwjgl.input.Mouse;31;0.4666666666666667;0.6
org.lwjgl.openal.ALC10;21;0.6;0.6
org.lwjgl.openal.ALC11;7;0.6666666666666666;0.8333333333333334
org.lwjgl.opencl.InfoUtilFactory;9;1.0;0.75
org.lwjgl.opengl.APIUtil;7;0.5;0.6666666666666666
org.lwjgl.opengl.GLContext;6;0.6;0.8
org.lwjgl.opengl.LinuxContextAttribs;9;0.375;0.625
org.lwjgl.opengl.LinuxDisplay;29;0.5357142857142857;0.6428571428571429
org.lwjgl.opengl.LinuxEvent;13;0.5833333333333334;0.6666666666666666
org.lwjgl.opengl.LinuxKeyboard;7;0.5;0.6666666666666666
org.lwjgl.opengl.LinuxKeycodes;365;0.6181318681318682;0.532967032967033
org.lwjgl.opengl.LinuxMouse;10;0.8888888888888888;0.6666666666666666
org.lwjgl.opengl.MacOSXContextAttribs;9;0.375;0.875
org.lwjgl.opengl.Pbuffer;17;0.4375;0.625
org.lwjgl.opengl.RenderTexture;35;0.5588235294117647;0.6176470588235294
org.lwjgl.opengl.WindowsContextAttribs;9;0.375;0.625
org.lwjgl.opengl.WindowsKeycodes;196;0.7025641025641025;0.5282051282051282
org.lwjgl.test.openal.PositionTest;5;0.25;1.0
org.lwjgl.test.opengl.VBOIndexTest;10;0.6666666666666666;0.6666666666666666
org.lwjgl.test.opengl.VBOTest;6;0.6;0.8
org.lwjgl.test.opengl.shaders.ShadersTest;9;0.5;0.75
org.lwjgl.util.XPMFile;5;0.5;0.75
org.lwjgl.util.generator.Utils;13;0.5833333333333334;0.6666666666666666
org.lwjgl.util.generator.opencl.CLGeneratorProcessorFactory;7;0.6666666666666666;0.8333333333333334
org.lwjgl.util.generator.opengl.GLCapabilitiesGenerator;7;0.3333333333333333;0.8333333333333334
org.lwjgl.util.glu.GLU;116;0.6608695652173913;0.5478260869565217
org.lwjgl.util.glu.Project;9;0.625;0.625
org.lwjgl.util.jinput.LWJGLMouse;5;0.5;0.75
