file;entities;metric;metric_random
net.sourceforge.pmd.Language;5;0.25;0.75
net.sourceforge.pmd.SourceType;7;1.0;0.8333333333333334
net.sourceforge.pmd.cpd.GUI;6;0.4;0.6
net.sourceforge.pmd.cpd.LanguageFactory;5;0.25;0.75
net.sourceforge.pmd.cpd.cppast.SimpleCharStream;16;0.4666666666666667;0.6666666666666666
net.sourceforge.pmd.dcd.asm.TypeSignatureVisitor;5;0.25;0.75
net.sourceforge.pmd.rules.VariableNamingConventions;5;0.75;0.75
net.sourceforge.pmd.rules.basic.AvoidUsingHardCodedIP;6;0.6;0.6
net.sourceforge.pmd.util.Benchmark;17;0.5625;0.5625
