file;entities;metric;metric_random
com.eteks.sweethome3d.applet.AppletApplication;19;0.6666666666666666;0.6111111111111112
com.eteks.sweethome3d.applet.AppletUserPreferences;14;0.5384615384615384;0.6923076923076923
com.eteks.sweethome3d.io.FileUserPreferences;41;0.525;0.575
com.eteks.sweethome3d.j3d.ModelManager;8;0.42857142857142855;0.7142857142857143
com.eteks.sweethome3d.j3d.Object3DBranch;7;0.5;0.8333333333333334
com.eteks.sweethome3d.plugin.PluginManager;10;0.5555555555555556;0.6666666666666666
com.eteks.sweethome3d.swing.FileContentManager;12;0.8181818181818182;0.6363636363636364
com.eteks.sweethome3d.swing.HomePane;13;0.4166666666666667;0.5833333333333334
