file;entities;metric;metric_random
blogthisplugin.BlogSettings;5;0.25;1.0
blogthisplugin.BlogThisPlugin;5;0.25;0.75
calendarexportplugin.CalendarExportSettings;5;0.5;0.75
calendarexportplugin.exporter.GoogleExporter;11;0.5;0.7
calendarexportplugin.exporter.OutlookExporter;7;0.6666666666666666;0.8333333333333334
captureplugin.drivers.topfield.TopfieldChannelTableModel;7;0.5;0.6666666666666666
captureplugin.drivers.topfield.TopfieldConfigurationDialog;43;0.47619047619047616;0.6190476190476191
captureplugin.drivers.topfield.TopfieldDevice;29;0.5;0.6071428571428571
captureplugin.drivers.topfield.TopfieldDriver;5;0.25;0.75
captureplugin.drivers.topfield.TopfieldServiceInfo;6;0.4;0.8
captureplugin.drivers.topfield.connector.TopfieldConnector;16;0.5333333333333333;0.6666666666666666
devplugin.Channel;14;0.6153846153846154;0.6923076923076923
devplugin.ProgramFieldType;52;0.43137254901960786;0.5294117647058824
devplugin.ProgramInfoHelper;6;0.8;0.6
devplugin.SettingsItem;19;0.6111111111111112;0.6666666666666666
primarydatamanager.primarydataservice.AbstractPrimaryDataService;6;0.4;0.6
primarydatamanager.primarydataservice.Entry;7;0.5;0.6666666666666666
printplugin.PrintPlugin;5;0.5;0.75
radiotimesdataservice.RadioTimesDataService;5;0.75;0.75
simplemarkerplugin.SimpleMarkerSettings;6;0.4;0.8
swedbtvdataservice.DataHydraChannelParser;5;1.0;0.75
tvbrowser.TVBrowser;23;0.5909090909090909;0.6363636363636364
tvbrowser.core.ChannelList;20;0.47368421052631576;0.5789473684210527
tvbrowser.core.PluginLoader;6;0.4;0.8
tvbrowser.core.plugin.PluginProxyManager;8;0.5714285714285714;0.7142857142857143
tvbrowser.extras.common.LimitationConfiguration;10;0.4444444444444444;0.5555555555555556
tvbrowser.extras.programinfo.ProgramInfoSettings;29;0.4642857142857143;0.6071428571428571
tvbrowser.ui.finder.calendar.CalendarTableCellRenderer;6;0.2;0.6
tvbrowser.ui.mainframe.actions.TVBrowserActions;28;0.5555555555555556;0.6296296296296297
tvbrowser.ui.mainframe.toolbar.ToolBar;15;0.5714285714285714;0.6428571428571429
tvbrowser.ui.programtable.KeyboardAction;10;0.4444444444444444;0.6666666666666666
tvbrowser.ui.splashscreen.SplashScreen;6;0.4;0.6
tvbrowser.ui.waiting.dlgs.CopyWaitingDlg;5;0.5;0.75
tvraterplugin.TVRaterSettings;8;0.5714285714285714;0.7142857142857143
util.browserlauncher.BrowserLauncher;39;0.5526315789473685;0.5526315789473685
util.browserlauncher.Launch;5;0.5;0.75
util.exc.ErrorHandler;9;0.375;0.625
util.misc.AbstractXmlTvDataHandler;6;0.4;0.8
util.misc.JavaVersion;9;0.875;0.625
util.settings.ProgramPanelSettings;7;0.5;0.6666666666666666
util.ui.SearchForm;7;0.6666666666666666;0.6666666666666666
util.ui.table.TableSorter;6;0.6;0.8
