file;entities;metric;metric_random
wicket.Application;7;0.6666666666666666;0.8333333333333334
wicket.Component;29;0.8571428571428571;0.5714285714285714
wicket.Page;7;0.5;0.8333333333333334
wicket.RequestCycle;10;1.0;0.7777777777777778
wicket.Session;7;0.6666666666666666;0.6666666666666666
wicket.ajax.AbstractDefaultAjaxBehavior;5;0.5;1.0
wicket.feedback.FeedbackMessage;8;0.7142857142857143;0.5714285714285714
wicket.markup.html.form.Form;7;0.5;0.6666666666666666
wicket.markup.html.link.PopupSettings;8;0.8571428571428571;0.7142857142857143
wicket.markup.parser.filter.HtmlProblemFinder;5;0.5;1.0
wicket.markup.resolver.AutoLinkResolver;5;0.5;0.75
wicket.protocol.http.ClientProperties;36;0.9714285714285714;0.6285714285714286
wicket.protocol.http.WicketFilter;5;0.75;0.75
wicket.protocol.http.documentvalidation.HtmlDocumentParser;8;0.8571428571428571;0.7142857142857143
wicket.protocol.http.request.AbstractWebRequestCodingStrategy;6;0.4;0.8
wicket.util.crypt.Base64;12;0.45454545454545453;0.6363636363636364
wicket.util.crypt.Base64UrlSafe;9;0.625;0.75
wicket.util.lang.Objects;14;0.5384615384615384;0.6923076923076923
wicket.util.parse.metapattern.MetaPattern;52;0.5294117647058824;0.5686274509803921
wicket.util.parse.metapattern.parsers.VariableAssignmentParser;5;0.5;0.75
wicket.util.time.Duration;9;0.875;0.75
wicket.util.upload.FileUploadBase;8;0.5714285714285714;0.7142857142857143
wicket.util.upload.MultipartFormInputStream;8;0.5714285714285714;0.7142857142857143
