file;entities;metric;metric_random
com.puppycrawl.tools.checkstyle.CheckStyleTask;22;0.5;0.5555555555555556
com.puppycrawl.tools.checkstyle.Checker;25;0.7142857142857143;0.5238095238095238
com.puppycrawl.tools.checkstyle.DefaultConfiguration;9;0.6;0.8
com.puppycrawl.tools.checkstyle.DefaultLogger;7;1.0;1.0
com.puppycrawl.tools.checkstyle.Main;8;0.25;0.75
com.puppycrawl.tools.checkstyle.PackageNamesLoader;7;0.6666666666666666;0.6666666666666666
com.puppycrawl.tools.checkstyle.StringArrayReader;5;0.0;1.0
com.puppycrawl.tools.checkstyle.TreeWalker;20;0.6875;0.5
com.puppycrawl.tools.checkstyle.XMLLogger;9;0.8;0.8
com.puppycrawl.tools.checkstyle.api.AbstractFileSetCheck;14;0.4;0.7
com.puppycrawl.tools.checkstyle.api.AbstractLoader;5;1.0;1.0
com.puppycrawl.tools.checkstyle.api.AbstractViolationReporter;11;0.8571428571428571;0.5714285714285714
com.puppycrawl.tools.checkstyle.api.AnnotationUtility;6;0.5;1.0
com.puppycrawl.tools.checkstyle.api.AuditEvent;8;0.5;0.75
com.puppycrawl.tools.checkstyle.api.AutomaticBean;6;0.5;1.0
com.puppycrawl.tools.checkstyle.api.Check;21;0.8823529411764706;0.5882352941176471
com.puppycrawl.tools.checkstyle.api.Comment;7;0.6666666666666666;0.6666666666666666
com.puppycrawl.tools.checkstyle.api.DetailAST;20;0.5;0.4375
com.puppycrawl.tools.checkstyle.api.FastStack;10;0.6666666666666666;0.8333333333333334
com.puppycrawl.tools.checkstyle.api.FileContents;14;0.4;0.7
com.puppycrawl.tools.checkstyle.api.FilterSet;8;0.75;1.0
com.puppycrawl.tools.checkstyle.api.FullIdent;9;0.6;0.8
com.puppycrawl.tools.checkstyle.api.ScopeUtils;9;0.8;0.8
com.puppycrawl.tools.checkstyle.api.SeverityLevelCounter;7;1.0;1.0
com.puppycrawl.tools.checkstyle.api.Utils;12;0.5;0.5
com.puppycrawl.tools.checkstyle.checks.AbstractFormatCheck;5;0.0;1.0
com.puppycrawl.tools.checkstyle.checks.DeclarationCollector;5;1.0;1.0
com.puppycrawl.tools.checkstyle.checks.DescendantTokenCheck;12;0.5;0.75
com.puppycrawl.tools.checkstyle.checks.FinalParametersCheck;7;0.3333333333333333;0.6666666666666666
com.puppycrawl.tools.checkstyle.checks.RegexpCheck;10;0.6666666666666666;0.8333333333333334
com.puppycrawl.tools.checkstyle.checks.TranslationCheck;9;0.4;0.6
com.puppycrawl.tools.checkstyle.checks.UncommentedMainCheck;14;0.8;0.6
com.puppycrawl.tools.checkstyle.checks.annotation.AnnotationUseStyleCheck;15;0.6363636363636364;0.7272727272727273
com.puppycrawl.tools.checkstyle.checks.annotation.MissingOverrideCheck;6;1.0;1.0
com.puppycrawl.tools.checkstyle.checks.annotation.SuppressWarningsCheck;10;0.8333333333333334;0.6666666666666666
com.puppycrawl.tools.checkstyle.checks.blocks.LeftCurlyCheck;6;1.0;1.0
com.puppycrawl.tools.checkstyle.checks.coding.AbstractNestedDepthCheck;6;1.0;1.0
com.puppycrawl.tools.checkstyle.checks.coding.AbstractSuperCheck;7;0.3333333333333333;1.0
com.puppycrawl.tools.checkstyle.checks.coding.EqualsAvoidNullCheck;7;1.0;1.0
com.puppycrawl.tools.checkstyle.checks.coding.EqualsHashCodeCheck;5;0.0;1.0
com.puppycrawl.tools.checkstyle.checks.coding.ExplicitInitializationCheck;6;1.0;1.0
com.puppycrawl.tools.checkstyle.checks.coding.FallThroughCheck;14;0.4;0.6
com.puppycrawl.tools.checkstyle.checks.coding.FinalLocalVariableCheck;8;1.0;0.75
com.puppycrawl.tools.checkstyle.checks.coding.HiddenFieldCheck;16;0.8333333333333334;0.6666666666666666
com.puppycrawl.tools.checkstyle.checks.coding.IllegalInstantiationCheck;13;0.4444444444444444;0.6666666666666666
com.puppycrawl.tools.checkstyle.checks.coding.IllegalTokenTextCheck;7;1.0;1.0
com.puppycrawl.tools.checkstyle.checks.coding.IllegalTypeCheck;14;0.6;0.7
com.puppycrawl.tools.checkstyle.checks.coding.InnerAssignmentCheck;6;1.0;1.0
com.puppycrawl.tools.checkstyle.checks.coding.JUnitTestCaseCheck;11;1.0;0.7142857142857143
com.puppycrawl.tools.checkstyle.checks.coding.MagicNumberCheck;6;1.0;1.0
com.puppycrawl.tools.checkstyle.checks.coding.ModifiedControlVariableCheck;11;0.7142857142857143;0.7142857142857143
com.puppycrawl.tools.checkstyle.checks.coding.NestedIfDepthCheck;5;1.0;1.0
com.puppycrawl.tools.checkstyle.checks.coding.NestedTryDepthCheck;5;1.0;1.0
com.puppycrawl.tools.checkstyle.checks.coding.PackageDeclarationCheck;5;0.0;1.0
com.puppycrawl.tools.checkstyle.checks.coding.ParameterAssignmentCheck;11;0.7142857142857143;0.7142857142857143
com.puppycrawl.tools.checkstyle.checks.coding.RedundantThrowsCheck;6;0.5;1.0
com.puppycrawl.tools.checkstyle.checks.coding.ReturnCountCheck;9;0.8;0.6
com.puppycrawl.tools.checkstyle.checks.coding.SimplifyBooleanReturnCheck;5;1.0;1.0
com.puppycrawl.tools.checkstyle.checks.coding.UnnecessaryParenthesesCheck;7;0.6666666666666666;0.6666666666666666
com.puppycrawl.tools.checkstyle.checks.design.MutableExceptionCheck;8;0.25;1.0
com.puppycrawl.tools.checkstyle.checks.design.ThrowsCountCheck;6;1.0;1.0
com.puppycrawl.tools.checkstyle.checks.design.VisibilityModifierCheck;11;1.0;0.42857142857142855
com.puppycrawl.tools.checkstyle.checks.duplicates.StrictDuplicateCodeCheck;15;0.36363636363636365;0.36363636363636365
com.puppycrawl.tools.checkstyle.checks.header.AbstractHeaderCheck;9;0.6;0.8
com.puppycrawl.tools.checkstyle.checks.header.RegexpHeaderCheck;5;1.0;1.0
com.puppycrawl.tools.checkstyle.checks.imports.AccessResult;6;0.5;0.5
com.puppycrawl.tools.checkstyle.checks.imports.ImportControlCheck;5;1.0;1.0
com.puppycrawl.tools.checkstyle.checks.imports.ImportControlLoader;6;0.5;1.0
com.puppycrawl.tools.checkstyle.checks.imports.ImportOrderCheck;12;0.5;0.625
com.puppycrawl.tools.checkstyle.checks.imports.PkgControl;5;1.0;1.0
com.puppycrawl.tools.checkstyle.checks.imports.UnusedImportsCheck;8;0.75;0.75
com.puppycrawl.tools.checkstyle.checks.indentation.ArrayInitHandler;9;0.4;0.4
com.puppycrawl.tools.checkstyle.checks.indentation.ClassDefHandler;6;0.5;1.0
com.puppycrawl.tools.checkstyle.checks.indentation.ExpressionHandler;30;0.6538461538461539;0.38461538461538464
com.puppycrawl.tools.checkstyle.checks.indentation.IfHandler;6;1.0;1.0
com.puppycrawl.tools.checkstyle.checks.indentation.IndentLevel;6;0.5;1.0
com.puppycrawl.tools.checkstyle.checks.indentation.IndentationCheck;13;1.0;0.5555555555555556
com.puppycrawl.tools.checkstyle.checks.indentation.LineSet;7;0.6666666666666666;0.6666666666666666
com.puppycrawl.tools.checkstyle.checks.indentation.MethodCallHandler;5;0.0;1.0
com.puppycrawl.tools.checkstyle.checks.indentation.MethodDefHandler;6;0.5;1.0
com.puppycrawl.tools.checkstyle.checks.indentation.ObjectBlockHandler;6;1.0;1.0
com.puppycrawl.tools.checkstyle.checks.indentation.SlistHandler;8;0.75;0.75
com.puppycrawl.tools.checkstyle.checks.indentation.SwitchHandler;6;1.0;1.0
com.puppycrawl.tools.checkstyle.checks.javadoc.HtmlTag;7;1.0;1.0
com.puppycrawl.tools.checkstyle.checks.javadoc.JavadocMethodCheck;28;0.5416666666666666;0.4583333333333333
com.puppycrawl.tools.checkstyle.checks.javadoc.JavadocStyleCheck;21;0.8235294117647058;0.35294117647058826
com.puppycrawl.tools.checkstyle.checks.javadoc.JavadocTag;11;0.8571428571428571;0.8571428571428571
com.puppycrawl.tools.checkstyle.checks.javadoc.JavadocTypeCheck;13;0.7777777777777778;0.6666666666666666
com.puppycrawl.tools.checkstyle.checks.javadoc.JavadocVariableCheck;5;0.0;1.0
com.puppycrawl.tools.checkstyle.checks.javadoc.TagParser;10;0.8333333333333334;0.6666666666666666
com.puppycrawl.tools.checkstyle.checks.javadoc.WriteTagCheck;8;0.5;0.75
com.puppycrawl.tools.checkstyle.checks.metrics.AbstractClassCouplingCheck;10;0.6666666666666666;0.5
com.puppycrawl.tools.checkstyle.checks.metrics.AbstractComplexityCheck;15;0.9090909090909091;0.7272727272727273
com.puppycrawl.tools.checkstyle.checks.metrics.BooleanExpressionComplexityCheck;10;0.8333333333333334;1.0
com.puppycrawl.tools.checkstyle.checks.metrics.JavaNCSSCheck;12;1.0;0.625
com.puppycrawl.tools.checkstyle.checks.metrics.NPathComplexityCheck;8;0.5;0.75
com.puppycrawl.tools.checkstyle.checks.naming.AbstractAccessControlNameCheck;10;1.0;0.8333333333333334
com.puppycrawl.tools.checkstyle.checks.naming.AbstractClassNameCheck;6;0.5;1.0
com.puppycrawl.tools.checkstyle.checks.regexp.DetectorOptions;14;0.5;0.4
com.puppycrawl.tools.checkstyle.checks.regexp.RegexpMultilineCheck;7;0.6666666666666666;1.0
com.puppycrawl.tools.checkstyle.checks.regexp.RegexpSinglelineCheck;7;0.6666666666666666;0.6666666666666666
com.puppycrawl.tools.checkstyle.checks.regexp.RegexpSinglelineJavaCheck;9;1.0;0.6
com.puppycrawl.tools.checkstyle.checks.sizes.ExecutableStatementCountCheck;10;0.6666666666666666;0.6666666666666666
com.puppycrawl.tools.checkstyle.checks.sizes.OuterTypeNumberCheck;6;1.0;1.0
com.puppycrawl.tools.checkstyle.checks.whitespace.GenericWhitespaceCheck;5;1.0;1.0
com.puppycrawl.tools.checkstyle.checks.whitespace.WhitespaceAroundCheck;7;1.0;1.0
com.puppycrawl.tools.checkstyle.doclets.CheckDocsDoclet;9;0.8;0.4
com.puppycrawl.tools.checkstyle.filters.SuppressElement;8;0.25;0.75
com.puppycrawl.tools.checkstyle.filters.SuppressWithNearbyCommentFilter;13;0.7777777777777778;0.4444444444444444
com.puppycrawl.tools.checkstyle.filters.SuppressionCommentFilter;14;0.6;0.5
com.puppycrawl.tools.checkstyle.filters.SuppressionFilter;5;0.0;1.0
com.puppycrawl.tools.checkstyle.filters.SuppressionsLoader;5;1.0;1.0
com.puppycrawl.tools.checkstyle.gui.AbstractCellEditor;9;0.6;0.6
com.puppycrawl.tools.checkstyle.gui.AbstractTreeTableModel;13;0.8888888888888888;0.7777777777777778
com.puppycrawl.tools.checkstyle.gui.ParseTreeModel;9;1.0;0.6
com.puppycrawl.tools.checkstyle.gui.TreeTableModelAdapter;9;1.0;0.8
