file;entities;metric;metric_random
net.sourceforge.cobertura.ant.CheckTask;11;1.0;0.5714285714285714
net.sourceforge.cobertura.ant.CommonMatchingTask;16;0.75;0.4166666666666667
net.sourceforge.cobertura.ant.InstrumentTask;13;0.5555555555555556;0.5555555555555556
net.sourceforge.cobertura.ant.ReportTask;6;0.0;1.0
net.sourceforge.cobertura.check.PackageCoverage;8;1.0;1.0
net.sourceforge.cobertura.coveragedata.ClassData;31;0.48148148148148145;0.48148148148148145
net.sourceforge.cobertura.coveragedata.CoverageDataContainer;14;0.4;0.8
net.sourceforge.cobertura.coveragedata.CoverageDataFileHandler;5;0.0;1.0
net.sourceforge.cobertura.coveragedata.JumpData;14;0.2;0.7
net.sourceforge.cobertura.coveragedata.LineData;32;0.5;0.42857142857142855
net.sourceforge.cobertura.coveragedata.PackageData;9;0.4;0.8
net.sourceforge.cobertura.coveragedata.ProjectData;13;0.8888888888888888;0.4444444444444444
net.sourceforge.cobertura.coveragedata.SourceFileData;13;0.2222222222222222;0.5555555555555556
net.sourceforge.cobertura.coveragedata.SwitchData;14;0.4;0.6
net.sourceforge.cobertura.coveragedata.TouchCollector;6;1.0;1.0
net.sourceforge.cobertura.coveragedata.countermaps.AtomicCounterMap;5;1.0;1.0
net.sourceforge.cobertura.instrument.Archive;5;0.0;1.0
net.sourceforge.cobertura.instrument.ClassPattern;5;1.0;1.0
net.sourceforge.cobertura.instrument.CoberturaFile;5;0.0;1.0
net.sourceforge.cobertura.instrument.FirstPassMethodInstrumenter;16;0.4166666666666667;0.5
net.sourceforge.cobertura.instrument.Main;9;0.6;0.6
net.sourceforge.cobertura.instrument.NewLocalVariableMethodAdapter;5;1.0;1.0
net.sourceforge.cobertura.instrument.SecondPassMethodInstrumenter;25;0.42857142857142855;0.5238095238095238
net.sourceforge.cobertura.reporting.ComplexityCalculator;8;0.5;0.5
net.sourceforge.cobertura.reporting.Main;6;0.5;1.0
net.sourceforge.cobertura.reporting.html.HTMLReport;21;0.4117647058823529;0.5294117647058824
net.sourceforge.cobertura.reporting.xml.XMLReport;20;0.75;0.5
net.sourceforge.cobertura.util.CommandLineBuilder;6;1.0;1.0
net.sourceforge.cobertura.util.FileFinder;8;0.5;0.75
net.sourceforge.cobertura.util.IOUtil;6;1.0;1.0
