file;entities;metric;metric_random
net.sourceforge.cruisecontrol.BuildLoopInformation;6;0.0;1.0
net.sourceforge.cruisecontrol.BuildLoopInformationBuilder;5;0.0;1.0
net.sourceforge.cruisecontrol.BuildQueue;10;1.0;0.8333333333333334
net.sourceforge.cruisecontrol.Builder;15;0.7272727272727273;0.45454545454545453
net.sourceforge.cruisecontrol.GenericPluginDetail;7;0.3333333333333333;0.6666666666666666
net.sourceforge.cruisecontrol.Log;29;0.56;0.56
net.sourceforge.cruisecontrol.Modification;19;0.3333333333333333;0.6
net.sourceforge.cruisecontrol.ModificationSet;20;0.5625;0.4375
net.sourceforge.cruisecontrol.PauseBuilder;6;0.0;1.0
net.sourceforge.cruisecontrol.PluginType;7;0.6666666666666666;1.0
net.sourceforge.cruisecontrol.PluginXMLHelper;6;0.5;1.0
net.sourceforge.cruisecontrol.ProgressImpl;5;0.0;1.0
net.sourceforge.cruisecontrol.Project;77;0.684931506849315;0.4794520547945205
net.sourceforge.cruisecontrol.ProjectConfig;46;0.5714285714285714;0.5476190476190477
net.sourceforge.cruisecontrol.ProjectState;5;0.0;1.0
net.sourceforge.cruisecontrol.ProjectWrapper;5;1.0;1.0
net.sourceforge.cruisecontrol.ProjectXMLHelper;8;0.75;0.75
net.sourceforge.cruisecontrol.Schedule;30;0.46153846153846156;0.5
net.sourceforge.cruisecontrol.bootstrappers.AccurevBootstrapper;8;0.5;0.5
net.sourceforge.cruisecontrol.bootstrappers.AlienBrainBootstrapper;6;1.0;1.0
net.sourceforge.cruisecontrol.bootstrappers.CMSynergyBaselineBootstrapper;11;0.7142857142857143;0.7142857142857143
net.sourceforge.cruisecontrol.bootstrappers.CMSynergyBootstrapper;7;0.6666666666666666;1.0
net.sourceforge.cruisecontrol.bootstrappers.CVSBootstrapper;9;0.0;0.6
net.sourceforge.cruisecontrol.bootstrappers.ClearCaseBootstrapper;8;0.25;0.75
net.sourceforge.cruisecontrol.bootstrappers.ClearCaseViewstrapper;12;0.75;0.625
net.sourceforge.cruisecontrol.bootstrappers.DarcsBootstrapper;7;1.0;1.0
net.sourceforge.cruisecontrol.bootstrappers.ExecBootstrapper;7;0.3333333333333333;1.0
net.sourceforge.cruisecontrol.bootstrappers.P4Bootstrapper;9;0.2;0.8
net.sourceforge.cruisecontrol.bootstrappers.PlasticSCMBootstrapper;9;0.6;0.8
net.sourceforge.cruisecontrol.bootstrappers.SVNBootstrapper;8;0.25;0.75
net.sourceforge.cruisecontrol.bootstrappers.TFSBootstrapper;10;0.6666666666666666;0.6666666666666666
net.sourceforge.cruisecontrol.bootstrappers.VssBootstrapper;9;0.2;0.8
net.sourceforge.cruisecontrol.builders.AbstractAntBuilderDelegate;24;0.65;0.65
net.sourceforge.cruisecontrol.builders.AntBuilder;33;0.5172413793103449;0.3793103448275862
net.sourceforge.cruisecontrol.builders.CompositeBuilder;13;0.6666666666666666;0.6666666666666666
net.sourceforge.cruisecontrol.builders.ExecBuilder;17;0.46153846153846156;0.5384615384615384
net.sourceforge.cruisecontrol.builders.ExecScript;13;0.6666666666666666;0.6666666666666666
net.sourceforge.cruisecontrol.builders.Maven2Builder;26;0.6818181818181818;0.5454545454545454
net.sourceforge.cruisecontrol.builders.Maven2Script;11;0.7142857142857143;0.5714285714285714
net.sourceforge.cruisecontrol.builders.MavenBuilder;8;0.0;0.75
net.sourceforge.cruisecontrol.builders.MavenScript;10;0.6666666666666666;0.5
net.sourceforge.cruisecontrol.builders.NantBuilder;20;0.375;0.625
net.sourceforge.cruisecontrol.builders.NantScript;15;0.8181818181818182;0.7272727272727273
net.sourceforge.cruisecontrol.builders.PhingBuilder;21;0.5882352941176471;0.47058823529411764
net.sourceforge.cruisecontrol.builders.PhingScript;14;0.8;0.8
net.sourceforge.cruisecontrol.builders.PipedExecBuilder;11;0.2857142857142857;0.7142857142857143
net.sourceforge.cruisecontrol.builders.RakeBuilder;11;0.14285714285714285;0.7142857142857143
net.sourceforge.cruisecontrol.builders.RakeScript;10;0.3333333333333333;0.8333333333333334
net.sourceforge.cruisecontrol.builders.ScriptRunner;10;0.6666666666666666;0.6666666666666666
net.sourceforge.cruisecontrol.builders.XcodeBuilder;17;0.6153846153846154;0.6153846153846154
net.sourceforge.cruisecontrol.buildloggers.ClearCaseAuditLogger;5;0.0;1.0
net.sourceforge.cruisecontrol.buildloggers.MergeLogger;9;0.4;0.8
net.sourceforge.cruisecontrol.config.DashboardConfigurationPlugin;7;1.0;1.0
net.sourceforge.cruisecontrol.config.DefaultPropertiesPlugin;8;0.25;0.75
net.sourceforge.cruisecontrol.config.PluginPlugin;6;0.5;1.0
net.sourceforge.cruisecontrol.config.XMLConfigManager;7;1.0;1.0
net.sourceforge.cruisecontrol.gendoc.AttributeInfo;8;1.0;0.75
net.sourceforge.cruisecontrol.gendoc.ChildInfo;5;0.0;1.0
net.sourceforge.cruisecontrol.gendoc.MemberInfo;8;1.0;0.75
net.sourceforge.cruisecontrol.gendoc.PluginInfo;27;0.6956521739130435;0.5652173913043478
net.sourceforge.cruisecontrol.gendoc.PluginInfoParser;19;0.4666666666666667;0.6
net.sourceforge.cruisecontrol.gendoc.html.HtmlUtils;9;0.8;0.8
net.sourceforge.cruisecontrol.jmx.CruiseControlControllerAgent;7;1.0;0.6666666666666666
net.sourceforge.cruisecontrol.jmx.CruiseControlControllerJMXAdaptor;31;0.8148148148148148;0.5555555555555556
net.sourceforge.cruisecontrol.jmx.CruiseControlControllerJMXAdaptorMBeanDescription;5;1.0;1.0
net.sourceforge.cruisecontrol.jmx.ProjectController;33;0.7931034482758621;0.5862068965517241
net.sourceforge.cruisecontrol.jmx.ProjectControllerMBeanDescription;5;1.0;1.0
net.sourceforge.cruisecontrol.labelincrementers.DefaultLabelIncrementer;7;0.6666666666666666;0.6666666666666666
net.sourceforge.cruisecontrol.labelincrementers.FormattedLabelIncrementer;8;0.5;0.75
net.sourceforge.cruisecontrol.labelincrementers.P4ChangelistLabelIncrementer;24;0.65;0.55
net.sourceforge.cruisecontrol.labelincrementers.PropertyFileLabelIncrementer;9;0.4;0.6
net.sourceforge.cruisecontrol.labelincrementers.SVNLabelIncrementer;10;0.5;0.8333333333333334
net.sourceforge.cruisecontrol.launch.util.Locator;7;1.0;0.6666666666666666
net.sourceforge.cruisecontrol.listeners.CMSynergySessionMonitor;8;0.75;1.0
net.sourceforge.cruisecontrol.listeners.CurrentBuildStatusFTPListener;5;0.0;1.0
net.sourceforge.cruisecontrol.listeners.CurrentBuildStatusPageListener;7;1.0;1.0
net.sourceforge.cruisecontrol.listeners.LockFileListener;6;0.5;1.0
net.sourceforge.cruisecontrol.logmanipulators.BaseManipulator;6;1.0;1.0
net.sourceforge.cruisecontrol.publishers.ArtifactsPublisher;13;0.4444444444444444;0.8888888888888888
net.sourceforge.cruisecontrol.publishers.CMSynergyBaselinePublisher;10;1.0;0.8333333333333334
net.sourceforge.cruisecontrol.publishers.CMSynergyPublisher;13;0.8888888888888888;0.6666666666666666
net.sourceforge.cruisecontrol.publishers.CMSynergyTaskPublisher;5;0.0;1.0
net.sourceforge.cruisecontrol.publishers.ClearCaseBaselinePublisher;13;0.7777777777777778;0.6666666666666666
net.sourceforge.cruisecontrol.publishers.EmailPublisher;55;0.6470588235294118;0.49019607843137253
net.sourceforge.cruisecontrol.publishers.FTPPublisher;7;0.6666666666666666;1.0
net.sourceforge.cruisecontrol.publishers.HTMLEmailPublisher;26;0.7272727272727273;0.45454545454545453
net.sourceforge.cruisecontrol.publishers.HTTPPublisher;6;0.5;0.5
net.sourceforge.cruisecontrol.publishers.JabberPublisher;14;0.5;0.6
net.sourceforge.cruisecontrol.publishers.JnlpPublisher;10;0.16666666666666666;0.8333333333333334
net.sourceforge.cruisecontrol.publishers.OrigoPublisher;18;0.7142857142857143;0.6428571428571429
net.sourceforge.cruisecontrol.publishers.RSSPublisher;8;0.75;0.75
net.sourceforge.cruisecontrol.publishers.SCPPublisher;18;0.35714285714285715;0.42857142857142855
net.sourceforge.cruisecontrol.publishers.SocketPublisher;11;0.8571428571428571;0.5714285714285714
net.sourceforge.cruisecontrol.publishers.WeblogPublisher;40;0.6388888888888888;0.4444444444444444
net.sourceforge.cruisecontrol.publishers.X10Publisher;15;0.36363636363636365;0.5454545454545454
net.sourceforge.cruisecontrol.publishers.XSLTLogPublisher;7;0.0;1.0
net.sourceforge.cruisecontrol.publishers.email.EmailAddressMapper;5;0.0;1.0
net.sourceforge.cruisecontrol.publishers.email.LDAPMapper;18;0.8571428571428571;0.42857142857142855
net.sourceforge.cruisecontrol.publishers.email.PropertiesMapper;6;1.0;1.0
net.sourceforge.cruisecontrol.publishers.origo.OrigoApiClient;6;1.0;1.0
net.sourceforge.cruisecontrol.publishers.rss.CruiseControlFeed;7;1.0;1.0
net.sourceforge.cruisecontrol.publishers.rss.Feed;11;1.0;0.5714285714285714
net.sourceforge.cruisecontrol.publishers.rss.Item;10;0.6666666666666666;0.6666666666666666
net.sourceforge.cruisecontrol.publishers.sfee.SfeeDocumentManagerPublisher;16;0.5833333333333334;0.5833333333333334
net.sourceforge.cruisecontrol.publishers.sfee.SfeeFrsPublisher;7;0.0;0.6666666666666666
net.sourceforge.cruisecontrol.publishers.sfee.SfeePublisher;8;0.25;0.5
net.sourceforge.cruisecontrol.publishers.sfee.SfeeTrackerPublisher;9;0.6;0.6
net.sourceforge.cruisecontrol.report.BuildLoopMonitorRepository;5;0.0;1.0
net.sourceforge.cruisecontrol.sourcecontrols.Accurev;9;0.6;0.8
net.sourceforge.cruisecontrol.sourcecontrols.AlienBrain;10;0.8333333333333334;0.8333333333333334
net.sourceforge.cruisecontrol.sourcecontrols.AlienBrainCore;16;0.75;0.5833333333333334
net.sourceforge.cruisecontrol.sourcecontrols.BuildStatus;9;0.8;1.0
net.sourceforge.cruisecontrol.sourcecontrols.CMSynergy;32;0.6071428571428571;0.4642857142857143
net.sourceforge.cruisecontrol.sourcecontrols.CMSynergyModification;9;0.6;0.8
net.sourceforge.cruisecontrol.sourcecontrols.ClearCase;15;0.7272727272727273;0.5454545454545454
net.sourceforge.cruisecontrol.sourcecontrols.Compound;7;0.3333333333333333;1.0
net.sourceforge.cruisecontrol.sourcecontrols.ConcurrentVersionsSystem;34;0.7;0.6333333333333333
net.sourceforge.cruisecontrol.sourcecontrols.Darcs;12;0.625;0.375
net.sourceforge.cruisecontrol.sourcecontrols.FakeUserSourceControl;7;0.6666666666666666;0.6666666666666666
net.sourceforge.cruisecontrol.sourcecontrols.FileSystem;6;1.0;1.0
net.sourceforge.cruisecontrol.sourcecontrols.Git;8;1.0;0.75
net.sourceforge.cruisecontrol.sourcecontrols.HttpFile;5;1.0;1.0
net.sourceforge.cruisecontrol.sourcecontrols.IvySourceControl;10;0.5;0.6666666666666666
net.sourceforge.cruisecontrol.sourcecontrols.MKS;11;0.42857142857142855;0.5714285714285714
net.sourceforge.cruisecontrol.sourcecontrols.Maven2SnapshotDependency;19;0.7333333333333333;0.6
net.sourceforge.cruisecontrol.sourcecontrols.MavenSnapshotDependency;13;0.3333333333333333;0.5555555555555556
net.sourceforge.cruisecontrol.sourcecontrols.Mercurial;18;0.7142857142857143;0.5
net.sourceforge.cruisecontrol.sourcecontrols.P4;28;0.4166666666666667;0.4166666666666667
net.sourceforge.cruisecontrol.sourcecontrols.PVCS;19;0.4666666666666667;0.6666666666666666
net.sourceforge.cruisecontrol.sourcecontrols.PlasticSCM;9;0.8;0.8
net.sourceforge.cruisecontrol.sourcecontrols.SSCM;16;0.75;0.5
net.sourceforge.cruisecontrol.sourcecontrols.SVN;25;0.7619047619047619;0.5238095238095238
net.sourceforge.cruisecontrol.sourcecontrols.SnapshotCM;10;1.0;0.8333333333333334
net.sourceforge.cruisecontrol.sourcecontrols.SourceControlProperties;7;0.3333333333333333;1.0
net.sourceforge.cruisecontrol.sourcecontrols.Store;18;0.7142857142857143;0.5
net.sourceforge.cruisecontrol.sourcecontrols.TeamFoundationServer;17;0.5384615384615384;0.5384615384615384
net.sourceforge.cruisecontrol.sourcecontrols.TimeBuild;7;0.3333333333333333;1.0
net.sourceforge.cruisecontrol.sourcecontrols.UCM;33;0.7241379310344828;0.5517241379310345
net.sourceforge.cruisecontrol.sourcecontrols.Veto;8;1.0;0.75
net.sourceforge.cruisecontrol.sourcecontrols.Vss;26;0.6363636363636364;0.45454545454545453
net.sourceforge.cruisecontrol.sourcecontrols.VssJournal;20;0.6875;0.5
net.sourceforge.cruisecontrol.sourcecontrols.accurev.AccurevCommandline;25;0.7619047619047619;0.6666666666666666
net.sourceforge.cruisecontrol.util.AbstractFTPClass;19;0.6;0.6
net.sourceforge.cruisecontrol.util.BuildOutputLogger;15;0.6363636363636364;0.45454545454545453
net.sourceforge.cruisecontrol.util.Commandline;30;0.6538461538461539;0.4230769230769231
net.sourceforge.cruisecontrol.util.DateUtil;13;0.4444444444444444;0.4444444444444444
net.sourceforge.cruisecontrol.util.Directory;5;1.0;1.0
net.sourceforge.cruisecontrol.util.IO;13;0.8888888888888888;0.5555555555555556
net.sourceforge.cruisecontrol.util.MainArgs;5;0.0;1.0
net.sourceforge.cruisecontrol.util.ManagedCommandline;15;0.7272727272727273;0.5454545454545454
net.sourceforge.cruisecontrol.util.OSEnvironment;9;1.0;0.8
net.sourceforge.cruisecontrol.util.Processes;5;1.0;1.0
net.sourceforge.cruisecontrol.util.PruneElementFilter;5;1.0;1.0
net.sourceforge.cruisecontrol.util.StdoutBuffer;7;1.0;1.0
net.sourceforge.cruisecontrol.util.StreamLogger;8;0.25;0.75
net.sourceforge.cruisecontrol.util.Util;11;0.8571428571428571;0.5714285714285714
net.sourceforge.cruisecontrol.util.ValidationHelper;15;0.6363636363636364;0.6363636363636364
net.sourceforge.cruisecontrol.util.XMLLogHelper;14;0.6;0.7
net.sourceforge.cruisecontrol.util.XPathAwareChild;11;0.7142857142857143;0.7142857142857143
net.sourceforge.cruisecontrol.util.threadpool.ThreadQueue;18;0.42857142857142855;0.7857142857142857
