file;entities;metric;metric_random
com.itextpdf.text.Anchor;8;0.5;1.0
com.itextpdf.text.Annotation;18;0.8571428571428571;0.5714285714285714
com.itextpdf.text.BaseColor;10;0.8333333333333334;0.6666666666666666
com.itextpdf.text.DocWriter;24;0.7;0.5
com.itextpdf.text.Document;45;0.8048780487804879;0.3902439024390244
com.itextpdf.text.ExceptionConverter;9;1.0;0.6
com.itextpdf.text.Font;25;0.9047619047619048;0.5714285714285714
com.itextpdf.text.FontFactory;27;0.9565217391304348;0.5652173913043478
com.itextpdf.text.FontFactoryImp;24;0.9;0.65
com.itextpdf.text.List;37;0.6363636363636364;0.6060606060606061
com.itextpdf.text.MarkedObject;7;1.0;0.6666666666666666
com.itextpdf.text.MarkedSection;18;0.7142857142857143;0.42857142857142855
com.itextpdf.text.Meta;9;1.0;0.8
com.itextpdf.text.Paragraph;26;0.8181818181818182;0.4090909090909091
com.itextpdf.text.Rectangle;60;0.8035714285714286;0.4107142857142857
com.itextpdf.text.RectangleReadOnly;25;0.8571428571428571;0.5238095238095238
com.itextpdf.text.Section;49;0.8888888888888888;0.5777777777777777
com.itextpdf.text.Utilities;22;0.9444444444444444;0.4444444444444444
com.itextpdf.text.error_messages.MessageLocalization;12;1.0;0.625
com.itextpdf.text.factories.ElementFactory;11;0.42857142857142855;0.8571428571428571
com.itextpdf.text.factories.GreekAlphabetFactory;5;1.0;1.0
com.itextpdf.text.factories.RomanAlphabetFactory;5;0.0;1.0
com.itextpdf.text.factories.RomanNumberFactory;5;0.0;1.0
com.itextpdf.text.html.Markup;5;0.0;1.0
com.itextpdf.text.html.simpleparser.FactoryProperties;13;1.0;0.5555555555555556
com.itextpdf.text.html.simpleparser.HTMLWorker;23;0.7368421052631579;0.5263157894736842
com.itextpdf.text.html.simpleparser.IncCell;7;0.6666666666666666;0.6666666666666666
com.itextpdf.text.html.simpleparser.IncTable;10;1.0;1.0
com.itextpdf.text.html.simpleparser.StyleSheet;5;1.0;1.0
com.itextpdf.text.pdf.ArabicLigaturizer;11;0.5714285714285714;0.42857142857142855
com.itextpdf.text.pdf.Barcode128;10;0.6666666666666666;0.8333333333333334
com.itextpdf.text.pdf.Barcode39;6;0.0;1.0
com.itextpdf.text.pdf.BarcodeCodabar;5;1.0;1.0
com.itextpdf.text.pdf.BarcodeDatamatrix;25;0.5238095238095238;0.47619047619047616
com.itextpdf.text.pdf.BarcodeEAN;10;1.0;0.6666666666666666
com.itextpdf.text.pdf.BarcodeInter25;6;1.0;1.0
com.itextpdf.text.pdf.BarcodePDF417;54;0.68;0.42
com.itextpdf.text.pdf.BaseField;41;0.918918918918919;0.5675675675675675
com.itextpdf.text.pdf.BaseFont;70;0.7272727272727273;0.42424242424242425
com.itextpdf.text.pdf.BidiLine;22;0.8333333333333334;0.6666666666666666
com.itextpdf.text.pdf.BidiOrder;25;0.5714285714285714;0.5714285714285714
com.itextpdf.text.pdf.ByteBuffer;26;0.5;0.5454545454545454
com.itextpdf.text.pdf.CFFFontSubset;38;0.6470588235294118;0.38235294117647056
com.itextpdf.text.pdf.CMYKColor;6;0.0;1.0
com.itextpdf.text.pdf.CMapAwareDocumentFont;7;1.0;1.0
com.itextpdf.text.pdf.ColumnText;62;0.7758620689655172;0.5172413793103449
com.itextpdf.text.pdf.DefaultFontMapper;10;0.3333333333333333;0.6666666666666666
com.itextpdf.text.pdf.DocumentFont;29;0.56;0.48
com.itextpdf.text.pdf.FdfReader;8;1.0;0.75
com.itextpdf.text.pdf.FdfWriter;14;1.0;0.8
com.itextpdf.text.pdf.FontDetails;7;0.6666666666666666;1.0
com.itextpdf.text.pdf.ICC_Profile;5;0.0;1.0
com.itextpdf.text.pdf.IntHashtable;15;0.6363636363636364;0.6363636363636364
com.itextpdf.text.pdf.LZWDecoder;7;0.3333333333333333;1.0
com.itextpdf.text.pdf.MappedRandomAccessFile;10;0.8333333333333334;0.8333333333333334
com.itextpdf.text.pdf.MultiColumnText;26;0.5909090909090909;0.45454545454545453
com.itextpdf.text.pdf.OutputStreamCounter;7;1.0;1.0
com.itextpdf.text.pdf.OutputStreamEncryption;6;1.0;1.0
com.itextpdf.text.pdf.PRAcroForm;8;0.75;0.75
com.itextpdf.text.pdf.PRStream;12;0.625;0.625
com.itextpdf.text.pdf.PRTokeniser;27;0.7391304347826086;0.4782608695652174
com.itextpdf.text.pdf.PageResources;14;0.7;0.7
com.itextpdf.text.pdf.PdfAcroForm;34;0.7666666666666667;0.5333333333333333
com.itextpdf.text.pdf.PdfAction;19;0.8;0.7333333333333333
com.itextpdf.text.pdf.PdfAnnotation;55;0.7058823529411765;0.49019607843137253
com.itextpdf.text.pdf.PdfArray;24;0.75;0.5
com.itextpdf.text.pdf.PdfChunk;36;0.75;0.46875
com.itextpdf.text.pdf.PdfContentByte;174;0.9529411764705882;0.5235294117647059
com.itextpdf.text.pdf.PdfContentParser;7;0.6666666666666666;1.0
com.itextpdf.text.pdf.PdfCopy;21;0.5294117647058824;0.5882352941176471
com.itextpdf.text.pdf.PdfCopyFields;16;0.8333333333333334;0.6666666666666666
com.itextpdf.text.pdf.PdfCopyFieldsImp;25;0.5714285714285714;0.47619047619047616
com.itextpdf.text.pdf.PdfCopyForms;17;0.8461538461538461;0.46153846153846156
com.itextpdf.text.pdf.PdfDictionary;27;0.782608695652174;0.34782608695652173
com.itextpdf.text.pdf.PdfEncryption;26;0.6818181818181818;0.5
com.itextpdf.text.pdf.PdfEncryptor;15;0.5454545454545454;0.5454545454545454
com.itextpdf.text.pdf.PdfFileSpecification;13;0.6666666666666666;0.8888888888888888
com.itextpdf.text.pdf.PdfFont;9;0.4;0.8
com.itextpdf.text.pdf.PdfFormField;33;0.8275862068965517;0.41379310344827586
com.itextpdf.text.pdf.PdfFunction;5;1.0;1.0
com.itextpdf.text.pdf.PdfGState;9;1.0;0.6
com.itextpdf.text.pdf.PdfImportedPage;15;0.5454545454545454;0.5454545454545454
com.itextpdf.text.pdf.PdfLayerMembership;6;0.5;1.0
com.itextpdf.text.pdf.PdfLine;26;0.5;0.36363636363636365
com.itextpdf.text.pdf.PdfLister;5;0.0;1.0
com.itextpdf.text.pdf.PdfName;5;1.0;1.0
com.itextpdf.text.pdf.PdfObject;18;0.8571428571428571;0.5714285714285714
com.itextpdf.text.pdf.PdfOutline;23;0.631578947368421;0.47368421052631576
com.itextpdf.text.pdf.PdfPCell;68;0.90625;0.5
com.itextpdf.text.pdf.PdfPRow;15;0.5454545454545454;0.6363636363636364
com.itextpdf.text.pdf.PdfPTable;87;0.7349397590361446;0.3855421686746988
com.itextpdf.text.pdf.PdfPageEventHelper;11;0.8571428571428571;0.5714285714285714
com.itextpdf.text.pdf.PdfPageLabels;8;0.5;0.75
com.itextpdf.text.pdf.PdfPages;7;0.6666666666666666;1.0
com.itextpdf.text.pdf.PdfPatternPainter;36;0.875;0.53125
com.itextpdf.text.pdf.PdfPublicKeySecurityHandler;7;0.3333333333333333;1.0
com.itextpdf.text.pdf.PdfReaderInstance;8;0.25;0.75
com.itextpdf.text.pdf.PdfRectangle;16;0.9166666666666666;0.5833333333333334
com.itextpdf.text.pdf.PdfShading;22;0.7222222222222222;0.6666666666666666
com.itextpdf.text.pdf.PdfShadingPattern;10;0.3333333333333333;1.0
com.itextpdf.text.pdf.PdfSigGenericPKCS;5;1.0;1.0
com.itextpdf.text.pdf.PdfSignature;8;0.75;1.0
com.itextpdf.text.pdf.PdfStamper;44;0.7;0.55
com.itextpdf.text.pdf.PdfStamperImp;63;0.6610169491525424;0.4745762711864407
com.itextpdf.text.pdf.PdfStream;8;0.75;0.75
com.itextpdf.text.pdf.PdfString;10;0.8333333333333334;0.8333333333333334
com.itextpdf.text.pdf.PdfStructureTreeRoot;6;1.0;1.0
com.itextpdf.text.pdf.PdfTemplate;22;0.7777777777777778;0.5555555555555556
com.itextpdf.text.pdf.PdfTextArray;5;1.0;1.0
com.itextpdf.text.pdf.PdfVisibilityExpression;5;1.0;1.0
com.itextpdf.text.pdf.Pfm2afm;11;0.5714285714285714;0.5714285714285714
com.itextpdf.text.pdf.RadioCheckField;12;0.875;0.75
com.itextpdf.text.pdf.SequenceList;6;0.5;1.0
com.itextpdf.text.pdf.SimpleBookmark;19;0.8;0.6666666666666666
com.itextpdf.text.pdf.SimpleNamedDestination;15;0.8181818181818182;0.7272727272727273
com.itextpdf.text.pdf.TrueTypeFont;40;0.5;0.4166666666666667
com.itextpdf.text.pdf.TrueTypeFontSubSet;13;0.6666666666666666;0.6666666666666666
com.itextpdf.text.pdf.Type1Font;16;0.6666666666666666;0.6666666666666666
com.itextpdf.text.pdf.Type3Font;21;0.5294117647058824;0.5294117647058824
com.itextpdf.text.pdf.VerticalText;19;0.7333333333333333;0.4666666666666667
com.itextpdf.text.pdf.XfdfReader;10;0.8333333333333334;0.8333333333333334
com.itextpdf.text.pdf.codec.BmpImage;28;0.8333333333333334;0.4583333333333333
com.itextpdf.text.pdf.codec.CCITTG4Encoder;14;0.4;0.5
com.itextpdf.text.pdf.codec.GifImage;18;0.6428571428571429;0.6428571428571429
com.itextpdf.text.pdf.codec.JBIG2SegmentReader;11;0.5714285714285714;0.8571428571428571
com.itextpdf.text.pdf.codec.LZWStringTable;6;0.5;1.0
com.itextpdf.text.pdf.codec.PngImage;22;0.7777777777777778;0.5
com.itextpdf.text.pdf.codec.PngWriter;12;0.5;0.625
com.itextpdf.text.pdf.codec.TIFFFaxDecoder;14;0.4;0.6
com.itextpdf.text.pdf.codec.TIFFFaxDecompressor;14;0.6;0.7
com.itextpdf.text.pdf.codec.TIFFField;20;0.8125;0.5625
com.itextpdf.text.pdf.codec.TIFFLZWDecoder;7;0.3333333333333333;1.0
com.itextpdf.text.pdf.codec.TiffImage;9;0.2;0.6
com.itextpdf.text.pdf.codec.TiffWriter;6;0.5;1.0
com.itextpdf.text.pdf.codec.wmf.InputMeta;7;0.6666666666666666;1.0
com.itextpdf.text.pdf.codec.wmf.MetaDo;8;1.0;0.5
com.itextpdf.text.pdf.codec.wmf.MetaFont;6;1.0;1.0
com.itextpdf.text.pdf.codec.wmf.MetaState;34;0.9333333333333333;0.5333333333333333
com.itextpdf.text.pdf.collection.PdfCollectionField;5;1.0;1.0
com.itextpdf.text.pdf.collection.PdfCollectionItem;9;1.0;0.8
com.itextpdf.text.pdf.collection.PdfTargetDictionary;6;1.0;0.5
com.itextpdf.text.pdf.crypto.ARCFOUREncryption;6;1.0;1.0
com.itextpdf.text.pdf.draw.LineSeparator;10;0.8333333333333334;0.5
com.itextpdf.text.pdf.draw.VerticalPositionMark;10;0.8333333333333334;0.8333333333333334
com.itextpdf.text.pdf.events.PdfPageEventForwarder;12;0.875;0.625
com.itextpdf.text.pdf.fonts.cmaps.CMap;6;1.0;1.0
com.itextpdf.text.pdf.fonts.cmaps.CMapParser;9;0.8;0.6
com.itextpdf.text.pdf.hyphenation.ByteVector;7;1.0;1.0
com.itextpdf.text.pdf.hyphenation.CharVector;9;1.0;0.6
com.itextpdf.text.pdf.hyphenation.Hyphenation;5;1.0;1.0
com.itextpdf.text.pdf.hyphenation.HyphenationTree;13;0.4444444444444444;0.6666666666666666
com.itextpdf.text.pdf.hyphenation.Hyphenator;12;0.625;0.75
com.itextpdf.text.pdf.hyphenation.SimplePatternParser;14;0.6;0.6
com.itextpdf.text.pdf.hyphenation.TernaryTree;21;0.47058823529411764;0.47058823529411764
com.itextpdf.text.pdf.internal.PdfAnnotationsImp;11;0.5714285714285714;0.5714285714285714
com.itextpdf.text.pdf.internal.PdfVersionImp;9;0.8;0.8
com.itextpdf.text.pdf.internal.PdfViewerPreferencesImp;8;0.5;0.75
com.itextpdf.text.pdf.internal.PdfXConformanceImp;10;1.0;0.8333333333333334
com.itextpdf.text.pdf.internal.PolylineShape;11;0.8571428571428571;0.8571428571428571
com.itextpdf.text.pdf.internal.PolylineShapeIterator;5;1.0;1.0
com.itextpdf.text.pdf.parser.GraphicsState;10;0.6666666666666666;0.8333333333333334
com.itextpdf.text.pdf.parser.ImageRenderInfo;8;0.5;0.75
com.itextpdf.text.pdf.parser.InlineImageUtils;7;0.6666666666666666;1.0
com.itextpdf.text.pdf.parser.LineSegment;5;1.0;1.0
com.itextpdf.text.pdf.parser.LocationTextExtractionStrategy;6;1.0;1.0
com.itextpdf.text.pdf.parser.Matrix;7;0.6666666666666666;0.6666666666666666
com.itextpdf.text.pdf.parser.PdfContentReaderTool;7;1.0;1.0
com.itextpdf.text.pdf.parser.PdfContentStreamProcessor;16;0.5833333333333334;0.4166666666666667
com.itextpdf.text.pdf.parser.SimpleTextExtractionStrategy;5;1.0;1.0
com.itextpdf.text.pdf.parser.TaggedPdfReaderTool;7;1.0;0.6666666666666666
com.itextpdf.text.pdf.parser.TextMarginFinder;10;0.8333333333333334;0.6666666666666666
com.itextpdf.text.pdf.parser.TextRenderInfo;12;0.5;0.75
com.itextpdf.text.pdf.parser.Vector;11;1.0;0.8571428571428571
com.itextpdf.text.pdf.qrcode.BitArray;11;0.7142857142857143;0.8571428571428571
com.itextpdf.text.pdf.qrcode.BitMatrix;10;0.3333333333333333;0.5
com.itextpdf.text.pdf.qrcode.BitVector;10;1.0;0.8333333333333334
com.itextpdf.text.pdf.qrcode.ByteArray;7;1.0;1.0
com.itextpdf.text.pdf.qrcode.ByteMatrix;8;0.5;1.0
com.itextpdf.text.pdf.qrcode.Encoder;21;0.47058823529411764;0.47058823529411764
com.itextpdf.text.pdf.qrcode.ErrorCorrectionLevel;5;0.0;1.0
com.itextpdf.text.pdf.qrcode.FormatInformation;7;0.6666666666666666;1.0
com.itextpdf.text.pdf.qrcode.GF256;8;1.0;0.75
com.itextpdf.text.pdf.qrcode.GF256Poly;11;0.42857142857142855;0.5714285714285714
com.itextpdf.text.pdf.qrcode.MaskUtil;6;0.5;1.0
com.itextpdf.text.pdf.qrcode.MatrixUtil;20;0.625;0.5
com.itextpdf.text.pdf.qrcode.Mode;5;0.0;1.0
com.itextpdf.text.pdf.qrcode.QRCode;24;0.55;0.45
com.itextpdf.text.pdf.qrcode.Version;11;0.2857142857142857;0.7142857142857143
com.itextpdf.text.pdf.richmedia.RichMediaActivation;6;1.0;1.0
com.itextpdf.text.pdf.richmedia.RichMediaAnnotation;10;0.8333333333333334;0.5
com.itextpdf.text.pdf.richmedia.RichMediaParams;5;1.0;1.0
com.itextpdf.text.pdf.richmedia.RichMediaPresentation;6;0.5;1.0
com.itextpdf.text.xml.XmlDomWriter;7;0.6666666666666666;1.0
com.itextpdf.text.xml.simpleparser.SimpleXMLParser;14;0.7;0.4
com.itextpdf.text.xml.xmp.DublinCoreSchema;8;1.0;0.75
com.itextpdf.text.xml.xmp.XmpBasicSchema;6;1.0;1.0
com.itextpdf.text.xml.xmp.XmpReader;5;0.0;1.0
com.itextpdf.text.xml.xmp.XmpSchema;8;0.75;1.0
com.itextpdf.text.xml.xmp.XmpWriter;5;1.0;1.0
