file;entities;metric;metric_random
net.sf.ext.BrowserLauncher;6;1.0;0.5
net.sf.jabref.AuthorList;25;0.5714285714285714;0.5238095238095238
net.sf.jabref.BasePanel;88;0.7857142857142857;0.4880952380952381
net.sf.jabref.BibtexDatabase;34;0.8;0.6666666666666666
net.sf.jabref.BibtexEntry;29;0.8;0.56
net.sf.jabref.BibtexFields;17;0.8461538461538461;0.8461538461538461
net.sf.jabref.BibtexString;7;1.0;0.6666666666666666
net.sf.jabref.ContentSelectorDialog2;8;0.25;1.0
net.sf.jabref.CustomEntryType;8;0.5;1.0
net.sf.jabref.DuplicateCheck;5;0.0;1.0
net.sf.jabref.DuplicateResolverDialog;8;0.75;1.0
net.sf.jabref.EntryCustomizationDialog;7;0.0;1.0
net.sf.jabref.EntryEditor;32;0.8214285714285714;0.6428571428571429
net.sf.jabref.EntrySorter;6;0.5;1.0
net.sf.jabref.ExternalTab;5;1.0;1.0
net.sf.jabref.FieldTextArea;16;0.9166666666666666;0.5833333333333334
net.sf.jabref.FieldTextField;15;0.9090909090909091;0.45454545454545453
net.sf.jabref.FieldTextMenu;7;1.0;1.0
net.sf.jabref.FileHistory;6;0.5;1.0
net.sf.jabref.HelpContent;7;1.0;1.0
net.sf.jabref.MetaData;16;0.8333333333333334;0.5833333333333334
net.sf.jabref.OpenFileFilter;5;1.0;1.0
net.sf.jabref.PreviewPrefsTab;5;1.0;1.0
net.sf.jabref.ReplaceStringDialog;6;1.0;1.0
net.sf.jabref.RightClickMenu;7;0.6666666666666666;0.6666666666666666
net.sf.jabref.SearchManager2;19;0.8;0.6666666666666666
net.sf.jabref.SidePaneComponent;8;0.75;0.5
net.sf.jabref.SidePaneManager;16;0.6666666666666666;0.6666666666666666
net.sf.jabref.SimpleUrlDragDrop;5;1.0;1.0
net.sf.jabref.TabLabelPattern;7;0.0;1.0
net.sf.jabref.UnknownEntryType;7;0.6666666666666666;0.6666666666666666
net.sf.jabref.UrlDragDrop;5;1.0;1.0
net.sf.jabref.about.AboutPanel;9;0.8;0.8
net.sf.jabref.about.AboutTextLine;22;0.8333333333333334;0.6666666666666666
net.sf.jabref.about.TextBlock;6;1.0;0.5
net.sf.jabref.autocompleter.AbstractAutoCompleter;7;1.0;1.0
net.sf.jabref.autocompleter.NameFieldAutoCompleter;5;1.0;1.0
net.sf.jabref.bst.BibtexNameFormatter;5;0.0;1.0
net.sf.jabref.bst.BstLexer;29;0.84;0.68
net.sf.jabref.bst.BstParser;13;1.0;0.7777777777777778
net.sf.jabref.collab.Change;7;1.0;0.6666666666666666
net.sf.jabref.collab.ChangeScanner;12;0.375;0.5
net.sf.jabref.collab.FileUpdateMonitor;10;0.6666666666666666;0.6666666666666666
net.sf.jabref.collab.MetaDataChange;6;1.0;1.0
net.sf.jabref.export.AutoSaveManager;7;0.6666666666666666;1.0
net.sf.jabref.export.CustomExportDialog;8;1.0;0.75
net.sf.jabref.export.CustomExportList;10;0.6666666666666666;0.8333333333333334
net.sf.jabref.export.ExportFileFilter;5;1.0;1.0
net.sf.jabref.export.ExportFormat;10;0.3333333333333333;0.6666666666666666
net.sf.jabref.export.ExportFormats;7;0.3333333333333333;1.0
net.sf.jabref.export.FileActions;9;0.8;1.0
net.sf.jabref.export.LatexFieldFormatter;6;0.0;0.5
net.sf.jabref.export.OpenDocumentSpreadsheetCreator;6;0.0;1.0
net.sf.jabref.export.OpenOfficeDocumentCreator;6;0.0;0.5
net.sf.jabref.export.SaveDatabaseAction;9;0.8;0.8
net.sf.jabref.export.SaveSession;8;0.5;1.0
net.sf.jabref.export.layout.LayoutHelper;11;1.0;0.7142857142857143
net.sf.jabref.external.DownloadExternalFile;7;0.3333333333333333;1.0
net.sf.jabref.external.DroppedFileHandler;7;0.6666666666666666;1.0
net.sf.jabref.external.ExternalFilePanel;9;1.0;1.0
net.sf.jabref.external.ExternalFileType;20;0.4375;0.375
net.sf.jabref.external.ExternalFileTypeEditor;6;1.0;0.5
net.sf.jabref.external.ExternalFileTypeEntryEditor;6;0.5;1.0
net.sf.jabref.external.FileLinksUpgradeWarning;5;0.0;1.0
net.sf.jabref.external.FindFullText;5;1.0;1.0
net.sf.jabref.external.PushToApplicationButton;7;1.0;1.0
net.sf.jabref.external.PushToEmacs;11;1.0;0.7142857142857143
net.sf.jabref.external.PushToLatexEditor;11;0.5714285714285714;0.5714285714285714
net.sf.jabref.external.PushToLyx;11;0.5714285714285714;0.8571428571428571
net.sf.jabref.external.PushToVim;11;0.8571428571428571;0.8571428571428571
net.sf.jabref.external.PushToWinEdt;11;0.5714285714285714;1.0
net.sf.jabref.external.RegExpFileSearch;6;0.5;1.0
net.sf.jabref.groups.AllEntriesGroup;16;0.4166666666666667;0.5
net.sf.jabref.groups.AutoGroupDialog;7;0.3333333333333333;1.0
net.sf.jabref.groups.ExplicitGroup;23;0.7894736842105263;0.631578947368421
net.sf.jabref.groups.GroupDialog;11;0.2857142857142857;0.8571428571428571
net.sf.jabref.groups.GroupTreeCellRenderer;5;1.0;1.0
net.sf.jabref.groups.GroupTreeNode;30;0.8076923076923077;0.6923076923076923
net.sf.jabref.groups.GroupsTree;24;0.95;0.65
net.sf.jabref.groups.KeywordGroup;24;0.4;0.4
net.sf.jabref.groups.SearchGroup;21;0.6470588235294118;0.47058823529411764
net.sf.jabref.groups.TransferableEntrySelection;5;1.0;1.0
net.sf.jabref.groups.UndoableAddOrRemoveGroup;7;0.0;1.0
net.sf.jabref.groups.UndoableChangeAssignment;5;1.0;1.0
net.sf.jabref.groups.UndoableModifySubtree;5;1.0;1.0
net.sf.jabref.groups.UndoableResetGroups;5;1.0;1.0
net.sf.jabref.gui.DatabasePropertiesDialog;5;1.0;1.0
net.sf.jabref.gui.EntryCustomizationDialog2;8;0.75;0.75
net.sf.jabref.gui.EntryTypeList;7;0.3333333333333333;1.0
net.sf.jabref.gui.FieldSetComponent;17;0.23076923076923078;0.6153846153846154
net.sf.jabref.gui.FileDialogs;9;0.6;0.8
net.sf.jabref.gui.FileListEditor;31;0.8888888888888888;0.5185185185185185
net.sf.jabref.gui.FileListEntry;7;1.0;1.0
net.sf.jabref.gui.FileListEntryEditor;12;0.625;0.625
net.sf.jabref.gui.FileListTableModel;19;0.8;0.5333333333333333
net.sf.jabref.gui.MainTableFormat;9;0.4;0.8
net.sf.jabref.gui.MainTableSelectionListener;23;0.6842105263157895;0.47368421052631576
net.sf.jabref.gui.PersistenceTableColumnListener;6;0.5;1.0
net.sf.jabref.gui.PreventDraggingJTableHeader;5;1.0;1.0
net.sf.jabref.gui.SearchResultsDialog;8;0.5;0.5
net.sf.jabref.gui.VerticalLabelUI;11;0.7142857142857143;0.7142857142857143
net.sf.jabref.imports.BibTeXMLHandler;7;0.6666666666666666;1.0
net.sf.jabref.imports.BibtexParser;30;0.7307692307692307;0.5384615384615384
net.sf.jabref.imports.CiteSeerEntryFetcher;7;0.0;0.6666666666666666
net.sf.jabref.imports.CiteSeerFetcher;17;0.8461538461538461;0.5384615384615384
net.sf.jabref.imports.CsaImporter;7;0.3333333333333333;1.0
net.sf.jabref.imports.CustomImportList;5;1.0;1.0
net.sf.jabref.imports.EndnoteImporter;5;1.0;1.0
net.sf.jabref.imports.ImportFormat;12;0.5;0.625
net.sf.jabref.imports.ImportFormatReader;19;0.8;0.7333333333333333
net.sf.jabref.imports.JSTORFetcher;11;0.42857142857142855;0.8571428571428571
net.sf.jabref.imports.JSTORFetcher2;10;0.6666666666666666;0.8333333333333334
net.sf.jabref.imports.MedlineFetcher;9;0.2;1.0
net.sf.jabref.imports.MedlineImporter;5;1.0;1.0
net.sf.jabref.imports.OAI2Handler;5;0.0;1.0
net.sf.jabref.imports.OpenDatabaseAction;6;1.0;1.0
net.sf.jabref.imports.ParserResult;24;0.9;0.6
net.sf.jabref.imports.RepecNepImporter;14;0.8;0.7
net.sf.jabref.imports.SPIRESFetcher;13;0.4444444444444444;0.4444444444444444
net.sf.jabref.imports.ScienceDirectFetcher;9;0.4;1.0
net.sf.jabref.journals.JournalAbbreviations;14;0.3;0.7
net.sf.jabref.journals.ManageJournalsPanel;7;0.6666666666666666;1.0
net.sf.jabref.labelPattern.LabelPattern;7;1.0;1.0
net.sf.jabref.labelPattern.LabelPatternUtil;24;0.8;0.45
net.sf.jabref.mods.MODSEntry;9;0.6;0.8
net.sf.jabref.mods.PersonName;10;0.5;0.6666666666666666
net.sf.jabref.msbib.MSBibEntry;24;0.55;0.6
net.sf.jabref.net.Cookie;5;1.0;1.0
net.sf.jabref.net.URLDownload;10;0.6666666666666666;0.6666666666666666
net.sf.jabref.plugin.ManagePluginsDialog;7;0.3333333333333333;1.0
net.sf.jabref.sql.DBConnectDialog;6;1.0;1.0
net.sf.jabref.sql.DBStrings;17;0.6923076923076923;0.46153846153846156
net.sf.jabref.sql.SQLutil;34;0.5666666666666667;0.5
net.sf.jabref.undo.CountingUndoManager;5;1.0;1.0
net.sf.jabref.undo.NamedCompound;5;1.0;1.0
net.sf.jabref.undo.UndoableKeyChange;5;0.0;1.0
net.sf.jabref.util.CaseChanger;6;1.0;0.5
net.sf.jabref.util.Pair;17;0.7692307692307693;0.6153846153846154
net.sf.jabref.util.TXMLReader;8;0.75;0.75
net.sf.jabref.util.XMPUtil;20;0.4375;0.625
net.sf.jabref.wizard.auximport.AuxSubGenerator;13;0.6666666666666666;0.7777777777777778
net.sf.jabref.wizard.integrity.IntegrityCheck;6;1.0;1.0
net.sf.jabref.wizard.integrity.gui.IntegrityMessagePanel;7;0.3333333333333333;1.0
tests.net.sf.jabref.AuthorListTest;18;0.5;0.7142857142857143
tests.net.sf.jabref.UtilFindFileTest;6;0.0;1.0
tests.net.sf.jabref.bst.BibtexCaseChangerTest;5;1.0;1.0
tests.net.sf.jabref.bst.BibtexNameFormatterTest;8;1.0;0.75
tests.net.sf.jabref.bst.TestVM;33;0.5862068965517241;0.5517241379310345
tests.net.sf.jabref.export.layout.LayoutTest;9;0.6;0.8
tests.net.sf.jabref.export.layout.format.AuthorLastFirstAbbreviatorTester;6;1.0;1.0
tests.net.sf.jabref.gui.AutoCompleterTest;8;0.75;0.75
tests.net.sf.jabref.imports.BibtexParserTest;14;0.7;0.4
tests.net.sf.jabref.imports.CopacImporterTest;5;0.0;1.0
tests.net.sf.jabref.imports.IsiImporterTest;14;0.5;0.6
tests.net.sf.jabref.imports.OAI2ImportTest;8;1.0;0.75
tests.net.sf.jabref.imports.RISImporterTest;5;0.0;1.0
tests.net.sf.jabref.labelPattern.LabelPatternUtilTest;7;1.0;1.0
tests.net.sf.jabref.util.XMPSchemaBibtexTest;12;0.375;0.625
