file;entities;metric;metric_random
doclet.GenerateTocXML;6;1.0;1.0
installer.CBZip2InputStream;29;0.84;0.4
installer.CBZip2OutputStream;32;0.42857142857142855;0.42857142857142855
installer.ConsoleProgress;5;1.0;1.0
installer.TarBuffer;15;0.5454545454545454;0.6363636363636364
installer.TarEntry;30;0.8846153846153846;0.6153846153846154
installer.TarHeader;8;0.75;1.0
installer.TarInputStream;15;0.9090909090909091;0.8181818181818182
installer.TarOutputStream;11;0.8571428571428571;0.5714285714285714
macosx.MacOSXPlugin;12;0.625;0.625
macosx.OSXAdapter;10;0.5;0.5
QuickNotepad;10;0.3333333333333333;0.8333333333333334
org.gjt.sp.jedit.BeanShell;19;0.7333333333333333;0.5333333333333333
org.gjt.sp.jedit.BeanShellAction;6;1.0;1.0
org.gjt.sp.jedit.BeanShellFacade;14;0.6;0.5
org.gjt.sp.jedit.EditAction;10;0.8333333333333334;0.6666666666666666
org.gjt.sp.jedit.EditPlugin;21;0.9411764705882353;0.7058823529411765
org.gjt.sp.jedit.JEditAbstractEditAction;5;1.0;1.0
org.gjt.sp.jedit.JEditActionContext;7;0.6666666666666666;1.0
org.gjt.sp.jedit.JEditBeanShellAction;6;1.0;1.0
org.gjt.sp.jedit.Mode;20;0.75;0.4375
org.gjt.sp.jedit.OperatingSystem;17;0.7692307692307693;0.5384615384615384
org.gjt.sp.jedit.OptionGroup;11;0.8571428571428571;0.5714285714285714
org.gjt.sp.jedit.PerspectiveManager;6;1.0;1.0
org.gjt.sp.jedit.ServiceManager.loadServices(PluginJAR,URL,PluginJAR;10;0.8333333333333334;0.6666666666666666
org.gjt.sp.jedit.SettingsXML;5;0.0;1.0
org.gjt.sp.jedit.bsh.BSHAllocationExpression;9;0.6;1.0
org.gjt.sp.jedit.bsh.BSHAmbiguousName;7;0.6666666666666666;0.6666666666666666
org.gjt.sp.jedit.bsh.BSHMethodDeclaration;7;0.6666666666666666;1.0
org.gjt.sp.jedit.bsh.BSHPrimarySuffix;5;0.0;1.0
org.gjt.sp.jedit.bsh.BSHType;8;0.25;1.0
org.gjt.sp.jedit.bsh.BSHTypedVariableDeclaration;5;0.0;1.0
org.gjt.sp.jedit.bsh.BlockNameSpace;9;1.0;0.8
org.gjt.sp.jedit.bsh.BshClassManager;32;0.6428571428571429;0.5357142857142857
org.gjt.sp.jedit.bsh.BshMethod;11;0.42857142857142855;0.5714285714285714
org.gjt.sp.jedit.bsh.CallStack;11;0.42857142857142855;0.5714285714285714
org.gjt.sp.jedit.bsh.ClassGeneratorImpl;7;0.3333333333333333;1.0
org.gjt.sp.jedit.bsh.ClassGeneratorUtil;21;0.7058823529411765;0.47058823529411764
org.gjt.sp.jedit.bsh.CollectionManager;6;1.0;1.0
org.gjt.sp.jedit.bsh.EvalError;11;0.8571428571428571;0.7142857142857143
org.gjt.sp.jedit.bsh.ExternalNameSpace;13;0.5555555555555556;0.6666666666666666
org.gjt.sp.jedit.bsh.Interpreter;52;0.7083333333333334;0.4375
org.gjt.sp.jedit.bsh.JJTParserState;11;0.5714285714285714;0.7142857142857143
org.gjt.sp.jedit.bsh.JThis;85;0.9135802469135802;0.6049382716049383
org.gjt.sp.jedit.bsh.Modifiers;7;0.6666666666666666;1.0
org.gjt.sp.jedit.bsh.Primitive;35;0.8709677419354839;0.4838709677419355
org.gjt.sp.jedit.bsh.Reflect;40;0.8333333333333334;0.3888888888888889
org.gjt.sp.jedit.bsh.Remote;6;1.0;1.0
org.gjt.sp.jedit.bsh.SimpleNode;17;0.6153846153846154;0.38461538461538464
org.gjt.sp.jedit.bsh.StringUtil;5;1.0;1.0
org.gjt.sp.jedit.bsh.TargetError;8;1.0;0.75
org.gjt.sp.jedit.bsh.Types;11;0.8571428571428571;0.5714285714285714
org.gjt.sp.jedit.bsh.Variable;8;0.25;0.75
org.gjt.sp.jedit.bsh.classpath.ClassManagerImpl;21;0.5882352941176471;0.5294117647058824
org.gjt.sp.jedit.bsh.org.objectweb.asm.ByteVector;9;1.0;0.8
org.gjt.sp.jedit.bsh.org.objectweb.asm.ClassWriter;21;0.7647058823529411;0.5294117647058824
org.gjt.sp.jedit.bsh.org.objectweb.asm.CodeWriter;30;0.46153846153846156;0.4230769230769231
org.gjt.sp.jedit.bsh.org.objectweb.asm.Item;6;0.5;1.0
org.gjt.sp.jedit.bsh.org.objectweb.asm.Type;21;0.4117647058823529;0.6470588235294118
org.gjt.sp.jedit.buffer.BufferAdapter;8;1.0;1.0
org.gjt.sp.jedit.buffer.BufferChangeAdapter;7;1.0;1.0
org.gjt.sp.jedit.buffer.BufferSegment;6;0.5;1.0
org.gjt.sp.jedit.bufferio.BufferIORequest;8;0.75;0.75
org.gjt.sp.jedit.bufferio.BufferLoadRequest;6;0.0;1.0
org.gjt.sp.jedit.bufferset.BufferSet;16;0.5833333333333334;0.5833333333333334
org.gjt.sp.jedit.bufferset.BufferSetManager;16;0.6666666666666666;0.9166666666666666
org.gjt.sp.jedit.gui.AbbrevEditor;7;0.6666666666666666;1.0
org.gjt.sp.jedit.gui.AnimatedIcon;8;0.25;0.5
org.gjt.sp.jedit.gui.DefaultInputHandler;5;1.0;1.0
org.gjt.sp.jedit.gui.DockableLayout;14;0.8;0.5
org.gjt.sp.jedit.gui.DockablePanel;5;1.0;1.0
org.gjt.sp.jedit.gui.DockableWindowManager;45;0.5365853658536586;0.5121951219512195
org.gjt.sp.jedit.gui.EnhancedDialog;5;1.0;1.0
org.gjt.sp.jedit.gui.ExtendedGridLayout;15;0.7272727272727273;0.5454545454545454
org.gjt.sp.jedit.gui.ExtendedGridLayoutConstraints;15;0.36363636363636365;0.6363636363636364
org.gjt.sp.jedit.gui.FilteredListModel;16;0.75;0.5833333333333334
org.gjt.sp.jedit.gui.FilteredTableModel;19;0.7333333333333333;0.5333333333333333
org.gjt.sp.jedit.gui.FontSelector;5;1.0;1.0
org.gjt.sp.jedit.gui.HistoryModel;15;0.6363636363636364;0.5454545454545454
org.gjt.sp.jedit.gui.HistoryText;18;0.6428571428571429;0.5
org.gjt.sp.jedit.gui.HistoryTextArea;8;0.75;0.75
org.gjt.sp.jedit.gui.HistoryTextField;13;0.7777777777777778;0.6666666666666666
org.gjt.sp.jedit.gui.KeyEventWorkaround;6;0.5;1.0
org.gjt.sp.jedit.gui.OptionsDialog;15;0.5454545454545454;0.6363636363636364
org.gjt.sp.jedit.gui.PingPongList;12;0.5;0.375
org.gjt.sp.jedit.gui.RolloverButton;5;1.0;1.0
org.gjt.sp.jedit.gui.ShortcutPrefixActiveEvent;5;1.0;1.0
org.gjt.sp.jedit.gui.SplashScreen;6;1.0;1.0
org.gjt.sp.jedit.gui.TaskMonitor;8;0.5;1.0
org.gjt.sp.jedit.gui.VariableGridLayout;14;0.8;0.6
org.gjt.sp.jedit.help.HelpHistoryModel;13;0.3333333333333333;0.7777777777777778
org.gjt.sp.jedit.indent.IndentRuleFactory;8;0.5;0.75
org.gjt.sp.jedit.input.AbstractInputHandler;20;0.6875;0.4375
org.gjt.sp.jedit.input.TextAreaInputHandler;9;0.8;0.6
org.gjt.sp.jedit.io.AutoDetection;5;0.0;1.0
org.gjt.sp.jedit.io.EncodingServer;6;0.5;1.0
org.gjt.sp.jedit.io.FavoritesVFS;8;1.0;1.0
org.gjt.sp.jedit.io.FileVFS;19;0.6666666666666666;0.5333333333333333
org.gjt.sp.jedit.io.GlobVFSFileFilter;6;1.0;1.0
org.gjt.sp.jedit.io.VFSManager;20;0.6875;0.5625
org.gjt.sp.jedit.msg.PluginUpdate;5;1.0;1.0
org.gjt.sp.jedit.options.GutterOptionPane;9;0.4;0.8
org.gjt.sp.jedit.pluginmgr.PluginList;7;1.0;1.0
org.gjt.sp.jedit.pluginmgr.PluginManagerProgress;5;1.0;1.0
org.gjt.sp.jedit.print.BufferPrinter1_4;5;1.0;1.0
org.gjt.sp.jedit.search.BufferListSet;7;1.0;1.0
org.gjt.sp.jedit.search.CurrentBufferSet;5;0.0;1.0
org.gjt.sp.jedit.search.DirectoryListSet;8;0.75;0.75
org.gjt.sp.jedit.search.HyperSearchFileNode;6;1.0;1.0
org.gjt.sp.jedit.search.HyperSearchOperationNode;9;0.8;0.8
org.gjt.sp.jedit.syntax.ModeProvider;8;0.75;1.0
org.gjt.sp.jedit.syntax.ParserRule;15;0.7272727272727273;0.5454545454545454
org.gjt.sp.jedit.textarea.Anchor;5;1.0;1.0
org.gjt.sp.jedit.textarea.BufferHandler;11;0.8571428571428571;0.8571428571428571
org.gjt.sp.jedit.textarea.FirstLine;8;0.75;1.0
org.gjt.sp.jedit.textarea.InputMethodSupport;11;0.5714285714285714;0.5714285714285714
org.gjt.sp.jedit.textarea.RangeMap;15;0.5454545454545454;0.5454545454545454
org.gjt.sp.jedit.textarea.ScreenLineManager;7;1.0;1.0
org.gjt.sp.jedit.textarea.SelectionManager;13;0.5555555555555556;0.5555555555555556
org.gjt.sp.jedit.textarea.StandaloneTextArea;18;0.6428571428571429;0.5714285714285714
org.gjt.sp.jedit.textarea.TextAreaTransferHandler;8;0.5;0.75
org.gjt.sp.util.HtmlUtilities;5;1.0;1.0
org.gjt.sp.util.IOUtilities;9;0.8;0.8
org.gjt.sp.util.IntegerArray;6;0.5;1.0
org.gjt.sp.util.PropertiesBean;6;1.0;1.0
org.gjt.sp.util.ReadWriteLock;5;0.0;1.0
org.gjt.sp.util.ReverseCharSequence;5;0.0;1.0
org.gjt.sp.util.StringList;8;0.5;1.0
org.gjt.sp.util.SyntaxUtilities;6;1.0;1.0
org.gjt.sp.util.Task;10;0.3333333333333333;0.6666666666666666
org.gjt.sp.util.TaskManager;6;1.0;1.0
org.gjt.sp.util.WorkRequest;6;0.0;1.0
