file;entities;metric;metric_random
org.jfree.chart.ChartFactory;40;0.9722222222222222;0.6944444444444444
org.jfree.chart.ChartRenderingInfo;10;1.0;0.6666666666666666
org.jfree.chart.ChartUtilities;27;0.9130434782608695;0.43478260869565216
org.jfree.chart.LegendItem;38;0.7058823529411765;0.5
org.jfree.chart.LegendItemCollection;7;0.3333333333333333;0.6666666666666666
org.jfree.chart.PaintMap;8;0.75;1.0
org.jfree.chart.PolarChartPanel;5;0.0;1.0
org.jfree.chart.StrokeMap;8;0.75;1.0
org.jfree.chart.annotations.AbstractXYAnnotation;8;0.75;0.75
org.jfree.chart.annotations.CategoryLineAnnotation;18;0.7142857142857143;0.5714285714285714
org.jfree.chart.annotations.CategoryPointerAnnotation;22;0.9444444444444444;0.5555555555555556
org.jfree.chart.annotations.CategoryTextAnnotation;10;0.6666666666666666;0.6666666666666666
org.jfree.chart.annotations.TextAnnotation;16;0.75;0.5833333333333334
org.jfree.chart.annotations.XYBoxAnnotation;6;1.0;1.0
org.jfree.chart.annotations.XYDataImageAnnotation;14;0.5;0.5
org.jfree.chart.annotations.XYImageAnnotation;10;0.6666666666666666;0.6666666666666666
org.jfree.chart.annotations.XYLineAnnotation;6;1.0;1.0
org.jfree.chart.annotations.XYPointerAnnotation;22;0.9444444444444444;0.5
org.jfree.chart.annotations.XYPolygonAnnotation;10;0.6666666666666666;0.8333333333333334
org.jfree.chart.annotations.XYShapeAnnotation;6;1.0;1.0
org.jfree.chart.annotations.XYTextAnnotation;30;0.7692307692307693;0.4230769230769231
org.jfree.chart.annotations.XYTitleAnnotation;13;0.8888888888888888;0.5555555555555556
org.jfree.chart.axis.Axis;68;0.78125;0.46875
org.jfree.chart.axis.AxisCollection;5;1.0;1.0
org.jfree.chart.axis.AxisLocation;5;1.0;1.0
org.jfree.chart.axis.AxisSpace;18;0.7142857142857143;0.5714285714285714
org.jfree.chart.axis.AxisState;11;1.0;0.5714285714285714
org.jfree.chart.axis.CategoryAxis;47;0.9767441860465116;0.5116279069767442
org.jfree.chart.axis.CategoryLabelPosition;8;1.0;1.0
org.jfree.chart.axis.CategoryTick;5;1.0;1.0
org.jfree.chart.axis.CyclicNumberAxis;30;0.8076923076923077;0.46153846153846156
org.jfree.chart.axis.DateAxis;47;0.5813953488372093;0.3953488372093023
org.jfree.chart.axis.DateTickUnit;15;0.5454545454545454;0.5454545454545454
org.jfree.chart.axis.ExtendedCategoryAxis;10;1.0;0.5
org.jfree.chart.axis.LogAxis;31;0.5555555555555556;0.4444444444444444
org.jfree.chart.axis.LogarithmicAxis;27;0.8260869565217391;0.5652173913043478
org.jfree.chart.axis.MarkerAxisBand;6;0.0;1.0
org.jfree.chart.axis.ModuloAxis;16;0.5833333333333334;0.6666666666666666
org.jfree.chart.axis.NumberAxis;36;0.6875;0.5
org.jfree.chart.axis.PeriodAxis;44;0.75;0.45
org.jfree.chart.axis.PeriodAxisLabelInfo;14;0.6;0.6
org.jfree.chart.axis.SegmentedTimeline;44;0.625;0.625
org.jfree.chart.axis.StandardTickUnitSource;5;1.0;1.0
org.jfree.chart.axis.SubCategoryAxis;12;0.75;0.5
org.jfree.chart.axis.SymbolAxis;20;0.6875;0.5
org.jfree.chart.axis.Tick;7;0.3333333333333333;0.6666666666666666
org.jfree.chart.axis.TickUnit;6;0.0;1.0
org.jfree.chart.axis.TickUnits;8;0.25;1.0
org.jfree.chart.axis.ValueAxis;71;0.8805970149253731;0.34328358208955223
org.jfree.chart.block.AbstractBlock;35;0.7419354838709677;0.45161290322580644
org.jfree.chart.block.BlockBorder;6;0.5;1.0
org.jfree.chart.block.BlockContainer;12;0.75;0.625
org.jfree.chart.block.BlockParams;6;1.0;1.0
org.jfree.chart.block.BorderArrangement;9;0.4;1.0
org.jfree.chart.block.CenterArrangement;12;1.0;0.875
org.jfree.chart.block.ColorBlock;7;0.6666666666666666;1.0
org.jfree.chart.block.ColumnArrangement;9;0.4;1.0
org.jfree.chart.block.FlowArrangement;12;0.5;0.875
org.jfree.chart.block.GridArrangement;13;1.0;0.8888888888888888
org.jfree.chart.block.LabelBlock;19;0.7333333333333333;0.4666666666666667
org.jfree.chart.block.LineBorder;7;0.6666666666666666;1.0
org.jfree.chart.block.RectangleConstraint;14;0.6;0.8
org.jfree.chart.editor.DefaultChartEditor;7;0.3333333333333333;0.6666666666666666
org.jfree.chart.editor.DefaultNumberAxisEditor;12;0.75;0.5
org.jfree.chart.editor.DefaultPlotEditor;14;0.8;0.6
org.jfree.chart.editor.DefaultTitleEditor;9;0.4;0.8
org.jfree.chart.encoders.EncoderUtil;8;0.5;0.75
org.jfree.chart.encoders.ImageEncoderFactory;6;1.0;1.0
org.jfree.chart.encoders.SunJPEGEncoderAdapter;6;1.0;1.0
org.jfree.chart.encoders.SunPNGEncoderAdapter;6;1.0;1.0
org.jfree.chart.entity.AxisEntity;7;0.3333333333333333;0.6666666666666666
org.jfree.chart.entity.CategoryItemEntity;8;1.0;0.75
org.jfree.chart.entity.ChartEntity;17;0.8461538461538461;0.5384615384615384
org.jfree.chart.entity.JFreeChartEntity;7;1.0;1.0
org.jfree.chart.entity.LegendItemEntity;7;0.6666666666666666;0.6666666666666666
org.jfree.chart.entity.PieSectionEntity;11;0.8571428571428571;0.7142857142857143
org.jfree.chart.entity.PlotEntity;7;1.0;1.0
org.jfree.chart.entity.StandardEntityCollection;10;0.16666666666666666;0.6666666666666666
org.jfree.chart.entity.TitleEntity;7;0.3333333333333333;0.6666666666666666
org.jfree.chart.entity.XYItemEntity;8;1.0;0.75
org.jfree.chart.event.ChartProgressEvent;6;1.0;1.0
org.jfree.chart.imagemap.ImageMapUtilities;7;1.0;0.6666666666666666
org.jfree.chart.labels.AbstractCategoryItemLabelGenerator;10;0.5;0.8333333333333334
org.jfree.chart.labels.AbstractPieItemLabelGenerator;8;0.5;0.75
org.jfree.chart.labels.AbstractXYItemLabelGenerator;11;0.5714285714285714;0.7142857142857143
org.jfree.chart.labels.BubbleXYItemLabelGenerator;7;0.6666666666666666;0.6666666666666666
org.jfree.chart.labels.CustomXYToolTipGenerator;7;0.3333333333333333;0.6666666666666666
org.jfree.chart.labels.HighLowItemLabelGenerator;5;1.0;1.0
org.jfree.chart.labels.ItemLabelPosition;5;0.0;1.0
org.jfree.chart.labels.MultipleXYSeriesLabelGenerator;7;1.0;1.0
org.jfree.chart.labels.StandardCategorySeriesLabelGenerator;5;1.0;1.0
org.jfree.chart.labels.StandardPieSectionLabelGenerator;6;0.5;1.0
org.jfree.chart.labels.StandardXYSeriesLabelGenerator;5;1.0;1.0
org.jfree.chart.labels.StandardXYZToolTipGenerator;6;1.0;1.0
org.jfree.chart.labels.SymbolicXYItemLabelGenerator;6;0.5;1.0
org.jfree.chart.needle.MeterNeedle;24;0.7;0.55
org.jfree.chart.plot.AbstractPieLabelDistributor;5;1.0;1.0
org.jfree.chart.plot.CategoryCrosshairState;6;1.0;1.0
org.jfree.chart.plot.CategoryMarker;5;1.0;1.0
org.jfree.chart.plot.CategoryPlot;211;0.9371980676328503;0.43478260869565216
org.jfree.chart.plot.CombinedDomainCategoryPlot;22;0.7777777777777778;0.5555555555555556
org.jfree.chart.plot.CombinedDomainXYPlot;23;0.5789473684210527;0.42105263157894735
org.jfree.chart.plot.CombinedRangeCategoryPlot;17;0.5384615384615384;0.46153846153846156
org.jfree.chart.plot.CombinedRangeXYPlot;22;0.6666666666666666;0.5555555555555556
org.jfree.chart.plot.CompassPlot;32;0.7142857142857143;0.4642857142857143
org.jfree.chart.plot.CrosshairState;22;0.9444444444444444;0.5555555555555556
org.jfree.chart.plot.DefaultDrawingSupplier;14;0.6;0.5
org.jfree.chart.plot.FastScatterPlot;47;0.8837209302325582;0.46511627906976744
org.jfree.chart.plot.IntervalMarker;8;0.75;0.75
org.jfree.chart.plot.Marker;32;0.7857142857142857;0.4642857142857143
org.jfree.chart.plot.MeterInterval;8;1.0;1.0
org.jfree.chart.plot.MeterPlot;53;0.6938775510204082;0.4489795918367347
org.jfree.chart.plot.MultiplePiePlot;22;0.7222222222222222;0.5555555555555556
org.jfree.chart.plot.PieLabelDistributor;8;1.0;0.75
org.jfree.chart.plot.PieLabelRecord;15;0.6363636363636364;0.5454545454545454
org.jfree.chart.plot.PiePlot;124;0.7916666666666666;0.39166666666666666
org.jfree.chart.plot.PiePlot3D;10;0.8333333333333334;0.6666666666666666
org.jfree.chart.plot.PiePlotState;20;0.9375;0.4375
org.jfree.chart.plot.Plot;65;0.7704918032786885;0.4918032786885246
org.jfree.chart.plot.PlotRenderingInfo;13;1.0;0.7777777777777778
org.jfree.chart.plot.PolarPlot;57;0.7924528301886793;0.5283018867924528
org.jfree.chart.plot.RingPlot;19;0.8;0.6
org.jfree.chart.plot.SpiderWebPlot;65;0.9180327868852459;0.45901639344262296
org.jfree.chart.plot.ThermometerPlot;70;0.8333333333333334;0.45454545454545453
org.jfree.chart.plot.WaferMapPlot;10;0.8333333333333334;0.6666666666666666
org.jfree.chart.plot.XYPlot;220;0.9537037037037037;0.4583333333333333
org.jfree.chart.plot.dial.AbstractDialLayer;10;0.6666666666666666;0.6666666666666666
org.jfree.chart.plot.dial.ArcDialFrame;23;0.7368421052631579;0.5263157894736842
org.jfree.chart.plot.dial.DialBackground;11;0.7142857142857143;0.42857142857142855
org.jfree.chart.plot.dial.DialCap;15;0.8181818181818182;0.6363636363636364
org.jfree.chart.plot.dial.DialPlot;39;0.8;0.4857142857142857
org.jfree.chart.plot.dial.DialPointer;8;0.5;0.75
org.jfree.chart.plot.dial.DialTextAnnotation;19;0.8666666666666667;0.6
org.jfree.chart.plot.dial.DialValueIndicator;35;0.8387096774193549;0.5806451612903226
org.jfree.chart.plot.dial.StandardDialFrame;16;0.8333333333333334;0.5833333333333334
org.jfree.chart.plot.dial.StandardDialRange;20;0.8125;0.5625
org.jfree.chart.plot.dial.StandardDialScale;47;0.8604651162790697;0.5348837209302325
org.jfree.chart.renderer.DefaultPolarItemRenderer;11;0.7142857142857143;0.8571428571428571
org.jfree.chart.renderer.GrayPaintScale;7;0.3333333333333333;0.6666666666666666
org.jfree.chart.renderer.LookupPaintScale;9;0.8;1.0
org.jfree.chart.renderer.Outlier;10;0.6666666666666666;0.6666666666666666
org.jfree.chart.renderer.OutlierList;8;0.75;0.75
org.jfree.chart.renderer.OutlierListCollection;7;0.6666666666666666;1.0
org.jfree.chart.renderer.WaferMapRenderer;12;1.0;0.625
org.jfree.chart.renderer.category.AbstractCategoryItemRenderer;62;0.8448275862068966;0.5172413793103449
org.jfree.chart.renderer.category.AreaRenderer;6;0.5;1.0
org.jfree.chart.renderer.category.BarRenderer3D;15;0.8181818181818182;0.6363636363636364
org.jfree.chart.renderer.category.BoxAndWhiskerRenderer;24;0.85;0.5
org.jfree.chart.renderer.category.CategoryItemRendererState;10;1.0;0.8333333333333334
org.jfree.chart.renderer.category.CategoryStepRenderer;7;0.6666666666666666;1.0
org.jfree.chart.renderer.category.GanttRenderer;15;0.9090909090909091;0.6363636363636364
org.jfree.chart.renderer.category.GradientBarPainter;7;0.6666666666666666;1.0
org.jfree.chart.renderer.category.GroupedStackedBarRenderer;6;0.5;1.0
org.jfree.chart.renderer.category.LayeredBarRenderer;6;1.0;1.0
org.jfree.chart.renderer.category.LevelRenderer;12;0.875;0.5
org.jfree.chart.renderer.category.LineAndShapeRenderer;33;0.9310344827586207;0.41379310344827586
org.jfree.chart.renderer.category.LineRenderer3D;15;0.9090909090909091;0.5454545454545454
org.jfree.chart.renderer.category.MinMaxCategoryRenderer;18;0.8571428571428571;0.5
org.jfree.chart.renderer.category.ScatterRenderer;22;0.8333333333333334;0.5
org.jfree.chart.renderer.category.StackedAreaRenderer;10;0.5;0.6666666666666666
org.jfree.chart.renderer.category.StackedBarRenderer;7;0.6666666666666666;1.0
org.jfree.chart.renderer.category.StackedBarRenderer3D;13;0.3333333333333333;0.5555555555555556
org.jfree.chart.renderer.category.StandardBarPainter;5;1.0;1.0
org.jfree.chart.renderer.category.StatisticalBarRenderer;10;0.8333333333333334;0.5
org.jfree.chart.renderer.category.StatisticalLineAndShapeRenderer;10;0.8333333333333334;1.0
org.jfree.chart.renderer.category.WaterfallBarRenderer;13;0.8888888888888888;0.7777777777777778
org.jfree.chart.renderer.xy.AbstractXYItemRenderer;59;0.8909090909090909;0.43636363636363634
org.jfree.chart.renderer.xy.CandlestickRenderer;27;0.9130434782608695;0.5217391304347826
org.jfree.chart.renderer.xy.ClusteredXYBarRenderer;6;0.0;1.0
org.jfree.chart.renderer.xy.DeviationRenderer;10;0.6666666666666666;0.6666666666666666
org.jfree.chart.renderer.xy.GradientXYBarPainter;7;0.6666666666666666;1.0
org.jfree.chart.renderer.xy.HighLowRenderer;16;0.6666666666666666;0.5833333333333334
org.jfree.chart.renderer.xy.SamplingXYLineRenderer;10;0.8333333333333334;0.6666666666666666
org.jfree.chart.renderer.xy.StackedXYAreaRenderer;13;0.5555555555555556;0.6666666666666666
org.jfree.chart.renderer.xy.StackedXYAreaRenderer2;10;0.3333333333333333;0.6666666666666666
org.jfree.chart.renderer.xy.StackedXYBarRenderer;8;0.5;0.75
org.jfree.chart.renderer.xy.StandardXYBarPainter;5;1.0;1.0
org.jfree.chart.renderer.xy.StandardXYItemRenderer;30;0.8076923076923077;0.5
org.jfree.chart.renderer.xy.VectorRenderer;5;1.0;1.0
org.jfree.chart.renderer.xy.XYAreaRenderer;14;0.9;0.8
org.jfree.chart.renderer.xy.XYAreaRenderer2;10;0.8333333333333334;0.5
org.jfree.chart.renderer.xy.XYBlockRenderer;14;0.7;0.6
org.jfree.chart.renderer.xy.XYBoxAndWhiskerRenderer;21;0.7058823529411765;0.5882352941176471
org.jfree.chart.renderer.xy.XYBubbleRenderer;5;0.0;1.0
org.jfree.chart.renderer.xy.XYDifferenceRenderer;23;0.7894736842105263;0.5263157894736842
org.jfree.chart.renderer.xy.XYDotRenderer;12;0.75;0.5
org.jfree.chart.renderer.xy.XYErrorRenderer;16;0.6666666666666666;0.5833333333333334
org.jfree.chart.renderer.xy.XYItemRendererState;6;1.0;1.0
org.jfree.chart.renderer.xy.XYLine3DRenderer;14;0.9;0.7
org.jfree.chart.renderer.xy.XYLineAndShapeRenderer;42;0.8947368421052632;0.3684210526315789
org.jfree.chart.renderer.xy.XYShapeRenderer;23;0.7894736842105263;0.47368421052631576
org.jfree.chart.renderer.xy.XYSplineRenderer;6;0.5;1.0
org.jfree.chart.renderer.xy.XYStepAreaRenderer;15;0.9090909090909091;0.5454545454545454
org.jfree.chart.renderer.xy.XYStepRenderer;7;0.6666666666666666;1.0
org.jfree.chart.renderer.xy.YIntervalRenderer;7;0.6666666666666666;1.0
org.jfree.chart.servlet.ServletUtilities;14;0.8;0.6
org.jfree.chart.text.TextBlock;13;0.7777777777777778;0.5555555555555556
org.jfree.chart.text.TextBox;22;0.8333333333333334;0.5
org.jfree.chart.text.TextFragment;11;0.2857142857142857;0.8571428571428571
org.jfree.chart.text.TextLine;9;0.6;0.8
org.jfree.chart.text.TextUtilities;19;0.8;0.5333333333333333
org.jfree.chart.title.CompositeTitle;10;0.8333333333333334;0.6666666666666666
org.jfree.chart.title.ImageTitle;8;0.5;1.0
org.jfree.chart.title.LegendGraphic;37;0.7575757575757576;0.5151515151515151
org.jfree.chart.title.LegendItemBlockContainer;7;1.0;0.6666666666666666
org.jfree.chart.title.LegendTitle;29;0.72;0.44
org.jfree.chart.title.PaintScaleLegend;27;0.782608695652174;0.43478260869565216
org.jfree.chart.title.ShortTextTitle;6;1.0;1.0
org.jfree.chart.title.TextTitle;32;0.7857142857142857;0.5
org.jfree.chart.title.Title;19;0.8666666666666667;0.6
org.jfree.chart.ui.BasicProjectInfo;11;0.8571428571428571;0.5714285714285714
org.jfree.chart.ui.FontChooserPanel;5;0.0;1.0
org.jfree.chart.ui.LCBLayout;7;1.0;1.0
org.jfree.chart.ui.Library;10;0.3333333333333333;0.6666666666666666
org.jfree.chart.ui.ProjectInfo;7;1.0;0.6666666666666666
org.jfree.chart.ui.StrokeSample;5;1.0;1.0
org.jfree.chart.urls.CustomCategoryURLGenerator;7;0.6666666666666666;1.0
org.jfree.chart.urls.CustomPieURLGenerator;7;0.6666666666666666;1.0
org.jfree.chart.urls.CustomXYURLGenerator;7;0.6666666666666666;1.0
org.jfree.chart.urls.TimeSeriesURLGenerator;6;0.5;1.0
org.jfree.chart.util.AbstractObjectList;10;0.6666666666666666;0.6666666666666666
org.jfree.chart.util.ApplicationFrame;7;1.0;0.6666666666666666
org.jfree.chart.util.ArrayUtilities;5;1.0;1.0
org.jfree.chart.util.HashUtilities;10;1.0;0.8333333333333334
org.jfree.chart.util.HexNumberFormat;5;1.0;1.0
org.jfree.chart.util.LogFormat;8;0.75;0.75
org.jfree.chart.util.ObjectUtilities;18;0.8571428571428571;0.5
org.jfree.chart.util.PaintList;6;1.0;1.0
org.jfree.chart.util.RectangleAnchor;6;1.0;1.0
org.jfree.chart.util.RectangleEdge;8;1.0;1.0
org.jfree.chart.util.RectangleInsets;26;0.7272727272727273;0.4090909090909091
org.jfree.chart.util.RefineryUtilities;11;1.0;0.7142857142857143
org.jfree.chart.util.RelativeDateFormat;26;0.5909090909090909;0.45454545454545453
org.jfree.chart.util.Rotation;5;1.0;1.0
org.jfree.chart.util.SerialUtilities;13;0.2222222222222222;0.7777777777777778
org.jfree.chart.util.ShapeList;7;0.6666666666666666;1.0
org.jfree.chart.util.Size2D;7;1.0;0.6666666666666666
org.jfree.chart.util.StandardGradientPaintTransformer;5;0.0;1.0
org.jfree.chart.util.StrokeList;7;1.0;1.0
org.jfree.data.ComparableObjectItem;7;0.3333333333333333;1.0
org.jfree.data.ComparableObjectSeries;18;0.6428571428571429;0.5714285714285714
org.jfree.data.DataUtilities;9;0.8;0.8
org.jfree.data.DefaultKeyedValue;7;0.3333333333333333;1.0
org.jfree.data.DefaultKeyedValues;21;0.7647058823529411;0.5294117647058824
org.jfree.data.DefaultKeyedValues2D;21;0.6470588235294118;0.5294117647058824
org.jfree.data.KeyToGroupMap;10;1.0;0.8333333333333334
org.jfree.data.KeyedObject;5;1.0;1.0
org.jfree.data.KeyedObjects;15;0.45454545454545453;0.6363636363636364
org.jfree.data.KeyedObjects2D;21;0.7647058823529411;0.5882352941176471
org.jfree.data.Range;18;0.35714285714285715;0.5714285714285714
org.jfree.data.category.CategoryToPieDataset;11;0.8571428571428571;0.7142857142857143
org.jfree.data.category.DefaultCategoryDataset;24;0.8;0.5
org.jfree.data.category.DefaultIntervalCategoryDataset;28;0.4583333333333333;0.4583333333333333
org.jfree.data.category.SlidingCategoryDataset;18;0.7142857142857143;0.5
org.jfree.data.gantt.SlidingGanttCategoryDataset;32;0.5714285714285714;0.42857142857142855
org.jfree.data.gantt.Task;13;1.0;0.6666666666666666
org.jfree.data.gantt.TaskSeries;9;0.8;1.0
org.jfree.data.gantt.TaskSeriesCollection;36;0.375;0.53125
org.jfree.data.gantt.XYTaskDataset;29;0.6;0.44
org.jfree.data.general.AbstractDataset;11;1.0;0.5714285714285714
org.jfree.data.general.DatasetUtilities;51;0.7872340425531915;0.574468085106383
org.jfree.data.general.DefaultHeatMapDataset;14;0.9;0.8
org.jfree.data.general.DefaultKeyedValueDataset;7;0.6666666666666666;1.0
org.jfree.data.general.DefaultPieDataset;17;0.6153846153846154;0.6153846153846154
org.jfree.data.general.Series;18;0.7142857142857143;0.5714285714285714
org.jfree.data.general.WaferMapDataset;17;0.7692307692307693;0.46153846153846156
org.jfree.data.jdbc.JDBCXYDataset;14;0.9;0.6
org.jfree.data.statistics.BoxAndWhiskerItem;11;0.7142857142857143;0.5714285714285714
org.jfree.data.statistics.DefaultBoxAndWhiskerCategoryDataset;43;0.8205128205128205;0.5897435897435898
org.jfree.data.statistics.DefaultBoxAndWhiskerXYDataset;26;0.7727272727272727;0.5454545454545454
org.jfree.data.statistics.DefaultMultiValueCategoryDataset;18;0.8571428571428571;0.42857142857142855
org.jfree.data.statistics.DefaultStatisticalCategoryDataset;28;0.75;0.4583333333333333
org.jfree.data.statistics.HistogramBin;7;1.0;1.0
org.jfree.data.statistics.HistogramDataset;20;0.5625;0.4375
org.jfree.data.statistics.MeanAndStandardDeviation;6;1.0;1.0
org.jfree.data.statistics.SimpleHistogramBin;9;0.8;0.6
org.jfree.data.statistics.SimpleHistogramDataset;26;0.2727272727272727;0.5909090909090909
org.jfree.data.statistics.Statistics;13;0.7777777777777778;0.6666666666666666
org.jfree.data.time.DateRange;5;1.0;1.0
org.jfree.data.time.Day;17;0.6153846153846154;0.5384615384615384
org.jfree.data.time.DynamicTimeSeriesCollection;38;0.6176470588235294;0.47058823529411764
org.jfree.data.time.FixedMillisecond;14;0.4;0.6
org.jfree.data.time.Hour;18;0.5714285714285714;0.5
org.jfree.data.time.Millisecond;13;0.4444444444444444;0.6666666666666666
org.jfree.data.time.Minute;16;0.5;0.5833333333333334
org.jfree.data.time.Month;18;0.5714285714285714;0.5
org.jfree.data.time.MovingAverage;6;0.5;1.0
org.jfree.data.time.Quarter;16;0.6666666666666666;0.6666666666666666
org.jfree.data.time.RegularTimePeriod;15;0.2727272727272727;0.5454545454545454
org.jfree.data.time.Second;14;0.5;0.6
org.jfree.data.time.SerialDate;46;0.5714285714285714;0.42857142857142855
org.jfree.data.time.SimpleTimePeriod;7;1.0;1.0
org.jfree.data.time.SpreadsheetDate;18;0.6428571428571429;0.6428571428571429
org.jfree.data.time.TimePeriodValue;7;0.3333333333333333;1.0
org.jfree.data.time.TimePeriodValues;25;0.7619047619047619;0.42857142857142855
org.jfree.data.time.TimePeriodValuesCollection;20;0.75;0.5
org.jfree.data.time.TimeSeries;41;0.6486486486486487;0.40540540540540543
org.jfree.data.time.TimeSeriesCollection;28;0.7916666666666666;0.4583333333333333
org.jfree.data.time.TimeSeriesDataItem;7;0.3333333333333333;0.6666666666666666
org.jfree.data.time.TimeSeriesTableModel;8;0.75;0.75
org.jfree.data.time.TimeTableXYDataset;29;0.6;0.48
org.jfree.data.time.Week;19;0.5333333333333333;0.6
org.jfree.data.time.Year;14;0.6;0.7
org.jfree.data.time.ohlc.OHLC;5;0.0;1.0
org.jfree.data.time.ohlc.OHLCItem;6;1.0;1.0
org.jfree.data.time.ohlc.OHLCSeriesCollection;23;0.9473684210526315;0.47368421052631576
org.jfree.data.xml.ItemHandler;6;1.0;1.0
org.jfree.data.xml.KeyHandler;5;1.0;1.0
org.jfree.data.xml.RootHandler;5;0.0;1.0
org.jfree.data.xml.ValueHandler;5;1.0;1.0
org.jfree.data.xy.CategoryTableXYDataset;25;0.9047619047619048;0.5238095238095238
org.jfree.data.xy.DefaultHighLowDataset;18;0.7857142857142857;0.6428571428571429
org.jfree.data.xy.DefaultIntervalXYDataset;19;0.9333333333333333;0.7333333333333333
org.jfree.data.xy.DefaultOHLCDataset;19;0.8;0.6666666666666666
org.jfree.data.xy.DefaultTableXYDataset;34;0.8;0.43333333333333335
org.jfree.data.xy.DefaultXYDataset;14;0.8;0.9
org.jfree.data.xy.DefaultXYZDataset;16;0.6666666666666666;0.5
org.jfree.data.xy.IntervalXYDelegate;20;0.6875;0.5625
org.jfree.data.xy.MatrixSeries;10;0.5;0.8333333333333334
org.jfree.data.xy.MatrixSeriesCollection;14;0.7;0.7
org.jfree.data.xy.NormalizedMatrixSeries;5;1.0;1.0
org.jfree.data.xy.OHLCDataItem;8;0.5;0.75
org.jfree.data.xy.Vector;6;1.0;1.0
org.jfree.data.xy.VectorDataItem;5;1.0;1.0
org.jfree.data.xy.VectorSeries;7;1.0;1.0
org.jfree.data.xy.VectorSeriesCollection;17;0.7692307692307693;0.6923076923076923
org.jfree.data.xy.XIntervalSeries;6;0.5;1.0
org.jfree.data.xy.XIntervalSeriesCollection;19;0.9333333333333333;0.5333333333333333
org.jfree.data.xy.XYBarDataset;21;0.6470588235294118;0.6470588235294118
org.jfree.data.xy.XYCoordinate;6;0.0;1.0
org.jfree.data.xy.XYDataItem;11;0.7142857142857143;0.7142857142857143
org.jfree.data.xy.XYDatasetTableModel;8;1.0;0.75
org.jfree.data.xy.XYInterval;6;0.0;1.0
org.jfree.data.xy.XYIntervalDataItem;6;0.0;1.0
org.jfree.data.xy.XYIntervalSeries;8;0.0;0.75
org.jfree.data.xy.XYIntervalSeriesCollection;21;0.9411764705882353;0.47058823529411764
org.jfree.data.xy.XYSeries;40;0.6944444444444444;0.4166666666666667
org.jfree.data.xy.XYSeriesCollection;33;0.8275862068965517;0.3448275862068966
org.jfree.data.xy.YIntervalSeries;6;0.5;1.0
org.jfree.data.xy.YIntervalSeriesCollection;19;0.8666666666666667;0.5333333333333333
