file;entities;metric;metric_random
net.sf.jftp.JFtp;39;0.9428571428571428;0.45714285714285713
net.sf.jftp.event.FtpEventHandler;8;0.25;1.0
net.sf.jftp.gui.DirEntry;17;0.7692307692307693;0.5384615384615384
net.sf.jftp.gui.DirLister;7;0.3333333333333333;0.6666666666666666
net.sf.jftp.gui.DirPanel;11;0.5714285714285714;0.7142857142857143
net.sf.jftp.gui.DownloadList;12;0.25;0.5
net.sf.jftp.gui.HostChooser;14;0.9;0.7
net.sf.jftp.gui.HostList;17;0.5384615384615384;0.5384615384615384
net.sf.jftp.gui.LocalDir;24;0.6;0.5
net.sf.jftp.gui.RemoteDir;22;0.5555555555555556;0.5
net.sf.jftp.gui.SmbHostChooser;12;1.0;0.75
net.sf.jftp.gui.StatusPanel;5;1.0;1.0
net.sf.jftp.gui.framework.HImageButton;8;1.0;0.75
net.sf.jftp.gui.framework.HTextField;6;1.0;1.0
net.sf.jftp.net.DataConnection;8;0.5;0.75
net.sf.jftp.net.FilesystemConnection;28;0.7916666666666666;0.5416666666666666
net.sf.jftp.net.FtpClient;8;0.5;0.75
net.sf.jftp.net.FtpServerSocket;32;0.6428571428571429;0.4642857142857143
net.sf.jftp.net.FtpURLConnection;11;0.7142857142857143;0.7142857142857143
net.sf.jftp.net.JConnection;8;0.5;0.75
net.sf.jftp.net.SmbConnection;30;0.5384615384615384;0.5384615384615384
net.sf.jftp.net.Transfer;6;1.0;1.0
net.sf.jftp.util.Log;5;1.0;1.0
net.sf.jftp.util.Log4JLogger;12;0.875;0.75
net.sf.jftp.util.StringUtils;10;0.8333333333333334;0.6666666666666666
net.sf.jftp.util.SystemLogger;13;0.1111111111111111;0.7777777777777778
