file;entities;metric;metric_random
junit.extensions.TestDecorator;5;0.0;1.0
junit.framework.Assert;38;0.9117647058823529;0.5
junit.framework.ComparisonCompactor;7;0.0;1.0
junit.framework.JUnit4TestAdapter;10;0.6666666666666666;0.6666666666666666
junit.framework.JUnit4TestAdapterCache;5;1.0;1.0
junit.framework.TestCase;11;0.8571428571428571;0.8571428571428571
junit.framework.TestFailure;6;0.5;1.0
junit.framework.TestResult;17;0.5384615384615384;0.5384615384615384
junit.runner.BaseTestRunner;29;0.52;0.4
junit.textui.ResultPrinter;16;0.6666666666666666;0.75
junit.textui.TestRunner;15;0.5454545454545454;0.5454545454545454
org.junit.Assert;46;0.8809523809523809;0.47619047619047616
org.junit.experimental.theories.Theories;6;1.0;1.0
org.junit.experimental.theories.internal.AllMembersSupplier;6;0.5;1.0
org.junit.experimental.theories.internal.Assignments;13;0.5555555555555556;0.5555555555555556
org.junit.internal.TextListener;10;0.16666666666666666;0.6666666666666666
org.junit.internal.builders.AllDefaultPossibilitiesBuilder;6;0.5;1.0
org.junit.internal.matchers.IsCollectionContaining;6;0.0;1.0
org.junit.internal.runners.ClassRoadie;5;1.0;1.0
org.junit.internal.runners.ErrorReportingRunner;5;0.0;1.0
org.junit.internal.runners.JUnit38ClassRunner;6;1.0;1.0
org.junit.internal.runners.JUnit4ClassRunner;17;0.3076923076923077;0.5384615384615384
org.junit.internal.runners.MethodRoadie;8;0.75;0.75
org.junit.internal.runners.MethodValidator;6;1.0;1.0
org.junit.internal.runners.TestClass;11;1.0;0.5714285714285714
org.junit.internal.runners.TestMethod;8;1.0;0.75
org.junit.internal.runners.model.EachTestNotifier;5;1.0;1.0
org.junit.matchers.JUnitMatchers;8;0.5;0.75
org.junit.runner.JUnitCore;12;0.75;0.5
org.junit.runner.Request;10;1.0;0.6666666666666666
org.junit.runner.Result;7;0.0;0.6666666666666666
org.junit.runner.notification.Failure;6;0.5;1.0
org.junit.runner.notification.RunListener;7;0.3333333333333333;0.6666666666666666
org.junit.runner.notification.RunNotifier;11;0.5714285714285714;0.7142857142857143
org.junit.runners.BlockJUnit4ClassRunner;23;0.7894736842105263;0.5789473684210527
org.junit.runners.ParentRunner;22;0.4444444444444444;0.3333333333333333
org.junit.runners.model.FrameworkMethod;13;0.6666666666666666;0.5555555555555556
org.junit.runners.model.RunnerBuilder;6;0.5;1.0
org.junit.runners.model.TestClass;11;0.8571428571428571;1.0
