file;entities;metric;metric_random
org.lwjgl.BufferChecks;30;0.8846153846153846;0.4230769230769231
org.lwjgl.BufferUtils;18;1.0;0.6428571428571429
org.lwjgl.DefaultSysImplementation;8;0.25;1.0
org.lwjgl.LWJGLUtil;13;0.7777777777777778;0.6666666666666666
org.lwjgl.NondirectBufferWrapper;49;0.7111111111111111;0.5111111111111111
org.lwjgl.PointerBuffer;43;0.6923076923076923;0.48717948717948717
org.lwjgl.PointerWrapperAbstract;6;1.0;0.5
org.lwjgl.WindowsSysImplementation;12;0.75;0.625
org.lwjgl.examples.Game;6;0.0;1.0
org.lwjgl.examples.spaceinvaders.Entity;11;0.42857142857142855;0.5714285714285714
org.lwjgl.examples.spaceinvaders.Game;18;0.2857142857142857;0.42857142857142855
org.lwjgl.examples.spaceinvaders.GameApplet;6;1.0;1.0
org.lwjgl.examples.spaceinvaders.SoundManager;6;1.0;1.0
org.lwjgl.examples.spaceinvaders.Texture;11;0.14285714285714285;0.7142857142857143
org.lwjgl.examples.spaceinvaders.TextureLoader;6;0.5;1.0
org.lwjgl.input.ControllerEvent;10;1.0;0.6666666666666666
org.lwjgl.input.Controllers;19;0.7333333333333333;0.6666666666666666
org.lwjgl.input.Cursor;12;0.875;0.5
org.lwjgl.input.JInputController;31;0.7037037037037037;0.48148148148148145
org.lwjgl.input.Keyboard;22;0.5555555555555556;0.5
org.lwjgl.input.Mouse;36;0.75;0.40625
org.lwjgl.openal.AL;12;0.5;0.75
org.lwjgl.openal.ALC10;31;0.6666666666666666;0.48148148148148145
org.lwjgl.openal.ALC11;12;1.0;0.875
org.lwjgl.openal.ALCdevice;5;1.0;1.0
org.lwjgl.opencl.APIUtil;33;0.896551724137931;0.3793103448275862
org.lwjgl.opencl.CL;10;0.6666666666666666;0.6666666666666666
org.lwjgl.opencl.CLChecks;7;1.0;0.6666666666666666
org.lwjgl.opencl.CLCommandQueue;6;0.5;1.0
org.lwjgl.opencl.CLContext;22;0.6666666666666666;0.4444444444444444
org.lwjgl.opencl.CLDevice;14;0.8;0.5
org.lwjgl.opencl.CLKernel;14;1.0;0.8
org.lwjgl.opencl.CLMem;16;0.5833333333333334;0.5833333333333334
org.lwjgl.opencl.CLObjectRegistry;7;0.6666666666666666;0.6666666666666666
org.lwjgl.opencl.CLPlatform;15;0.5454545454545454;0.5454545454545454
org.lwjgl.opencl.CLProgram;13;0.7777777777777778;0.5555555555555556
org.lwjgl.opencl.CallbackUtil;14;0.8;0.5
org.lwjgl.opencl.FastLongMap;12;0.875;0.625
org.lwjgl.opencl.InfoUtilAbstract;9;0.4;0.8
org.lwjgl.opengl.APIUtil;19;0.8;0.6
org.lwjgl.opengl.AWTSurfaceLock;6;0.5;1.0
org.lwjgl.opengl.AWTUtil;11;0.8571428571428571;0.7142857142857143
org.lwjgl.opengl.AbstractDrawable;8;0.5;1.0
org.lwjgl.opengl.CallbackUtil;9;0.4;0.8
org.lwjgl.opengl.ContextAttribs;18;0.5714285714285714;0.7142857142857143
org.lwjgl.opengl.DisplayMode;8;0.5;1.0
org.lwjgl.opengl.FastIntMap;12;0.875;0.625
org.lwjgl.opengl.GLChecks;23;1.0;0.631578947368421
org.lwjgl.opengl.GLContext;15;0.8181818181818182;0.5454545454545454
org.lwjgl.opengl.KeyboardEventQueue;12;0.75;0.625
org.lwjgl.opengl.LinuxCanvasImplementation;6;0.5;1.0
org.lwjgl.opengl.LinuxContextAttribs;9;0.6;1.0
org.lwjgl.opengl.LinuxContextImplementation;18;0.21428571428571427;0.5
org.lwjgl.opengl.LinuxDisplay;140;0.7058823529411765;0.4485294117647059
org.lwjgl.opengl.LinuxDisplayPeerInfo;5;0.0;1.0
org.lwjgl.opengl.LinuxEvent;53;0.9387755102040817;0.42857142857142855
org.lwjgl.opengl.LinuxKeyboard;34;0.8666666666666667;0.5
org.lwjgl.opengl.LinuxMouse;24;0.5;0.45
org.lwjgl.opengl.LinuxPbufferPeerInfo;5;1.0;1.0
org.lwjgl.opengl.LinuxPeerInfo;5;1.0;1.0
org.lwjgl.opengl.MacOSXCanvasListener;10;0.8333333333333334;0.5
org.lwjgl.opengl.MacOSXContextAttribs;9;0.6;0.6
org.lwjgl.opengl.MacOSXContextImplementation;20;0.5625;0.5
org.lwjgl.opengl.MacOSXFrame;21;0.7058823529411765;0.47058823529411764
org.lwjgl.opengl.MacOSXMouseEventQueue;8;0.5;0.75
org.lwjgl.opengl.MacOSXPbufferPeerInfo;5;1.0;1.0
org.lwjgl.opengl.MacOSXPeerInfo;5;1.0;1.0
org.lwjgl.opengl.MouseEventQueue;25;0.6666666666666666;0.5714285714285714
org.lwjgl.opengl.Pbuffer;8;0.5;0.5
org.lwjgl.opengl.PeerInfo;7;0.0;1.0
org.lwjgl.opengl.PixelFormat;25;0.7619047619047619;0.5238095238095238
org.lwjgl.opengl.StateTracker;13;0.7777777777777778;0.6666666666666666
org.lwjgl.opengl.WindowsContextAttribs;9;0.6;1.0
org.lwjgl.opengl.WindowsContextImplementation;18;0.5714285714285714;0.5714285714285714
org.lwjgl.opengl.WindowsDisplay;111;0.7850467289719626;0.5981308411214953
org.lwjgl.opengl.WindowsDisplayPeerInfo;6;1.0;1.0
org.lwjgl.opengl.WindowsKeyboard;18;0.5;0.5
org.lwjgl.opengl.WindowsMouse;16;0.25;0.5833333333333334
org.lwjgl.opengl.WindowsPbufferPeerInfo;13;0.7777777777777778;0.7777777777777778
org.lwjgl.opengl.WindowsPeerInfo;8;1.0;0.75
org.lwjgl.test.DisplayTest;8;0.75;0.75
org.lwjgl.test.SysTest;9;0.4;0.8
org.lwjgl.test.WaveDataTest;7;1.0;0.6666666666666666
org.lwjgl.test.WindowCreationTest;10;0.5;0.8333333333333334
org.lwjgl.test.applet.GearsApplet;10;0.6666666666666666;0.6666666666666666
org.lwjgl.test.applet.OpenAL;5;0.0;1.0
org.lwjgl.test.glu.tessellation.TessellationTest;13;0.5555555555555556;0.5555555555555556
org.lwjgl.test.input.HWCursorTest;12;0.375;0.625
org.lwjgl.test.input.KeyboardTest;9;0.0;0.6
org.lwjgl.test.input.MouseCreationTest;7;0.6666666666666666;0.6666666666666666
org.lwjgl.test.input.MouseTest;17;0.5384615384615384;0.46153846153846156
org.lwjgl.test.openal.BasicTest;5;0.0;1.0
org.lwjgl.test.openal.EFX10Test;5;1.0;1.0
org.lwjgl.test.openal.OpenALCreationTest;7;0.0;0.6666666666666666
org.lwjgl.test.openal.OpenALInfo;8;0.25;0.75
org.lwjgl.test.openal.PositionTest;9;0.2;0.8
org.lwjgl.test.openal.StressTest;7;1.0;0.6666666666666666
org.lwjgl.test.opencl.HelloOpenCL;5;0.0;1.0
org.lwjgl.test.opencl.gl.DemoFractal;16;0.4166666666666667;0.5
org.lwjgl.test.opengl.FullScreenWindowedTest;11;0.0;0.5714285714285714
org.lwjgl.test.opengl.Gears;6;1.0;1.0
org.lwjgl.test.opengl.PbufferTest;13;0.3333333333333333;0.6666666666666666
org.lwjgl.test.opengl.SyncTest;6;0.0;1.0
org.lwjgl.test.opengl.VBOIndexTest;5;1.0;1.0
org.lwjgl.test.opengl.VBOTest;5;1.0;1.0
org.lwjgl.test.opengl.VersionTest;6;0.0;1.0
org.lwjgl.test.opengl.awt.AWTGearsCanvas;5;1.0;1.0
org.lwjgl.test.opengl.awt.DemoBox;5;1.0;1.0
org.lwjgl.test.opengl.multithread.BackgroundLoadTest;9;0.6;0.8
org.lwjgl.test.opengl.multithread.BackgroundLoader;7;1.0;0.6666666666666666
org.lwjgl.test.opengl.pbuffers.PbufferTest;11;0.42857142857142855;0.42857142857142855
org.lwjgl.test.opengl.shaders.Shader;7;1.0;1.0
org.lwjgl.test.opengl.shaders.ShadersTest;13;0.4444444444444444;0.4444444444444444
org.lwjgl.util.Color;38;0.7647058823529411;0.5294117647058824
org.lwjgl.util.Dimension;10;1.0;0.5
org.lwjgl.util.Point;13;0.4444444444444444;0.4444444444444444
org.lwjgl.util.Rectangle;35;0.6129032258064516;0.3870967741935484
org.lwjgl.util.Timer;8;0.25;0.75
org.lwjgl.util.WaveData;8;1.0;0.75
org.lwjgl.util.XPMFile;11;0.8571428571428571;0.42857142857142855
org.lwjgl.util.applet.AppletLoader;43;0.5641025641025641;0.46153846153846156
org.lwjgl.util.generator.GeneratorVisitor;10;1.0;0.6666666666666666
org.lwjgl.util.generator.JNITypeTranslator;13;0.7777777777777778;1.0
org.lwjgl.util.generator.JavaMethodsGenerator;22;0.6111111111111112;0.4444444444444444
org.lwjgl.util.generator.JavaTypeTranslator;15;0.5454545454545454;0.5454545454545454
org.lwjgl.util.generator.NativeTypeTranslator;21;0.5882352941176471;0.5882352941176471
org.lwjgl.util.generator.PostfixTranslator;17;0.7692307692307693;0.7692307692307693
org.lwjgl.util.generator.SignatureTranslator;14;0.5;0.7
org.lwjgl.util.generator.TypeInfo;11;0.5714285714285714;0.8571428571428571
org.lwjgl.util.generator.Utils;34;0.5333333333333333;0.5
org.lwjgl.util.generator.openal.ALTypeMap;20;0.6875;0.5
org.lwjgl.util.generator.opencl.CLCapabilitiesGenerator;6;0.0;1.0
org.lwjgl.util.generator.opencl.CLGeneratorProcessorFactory;5;1.0;1.0
org.lwjgl.util.generator.opencl.CLPDCapabilitiesGenerator;5;0.0;1.0
org.lwjgl.util.generator.opencl.CLTypeMap;20;0.5625;0.5
org.lwjgl.util.generator.opengl.GLCapabilitiesGenerator;14;0.5;0.6
org.lwjgl.util.generator.opengl.GLTypeMap;20;0.5625;0.375
org.lwjgl.util.glu.GLU;12;0.75;0.75
org.lwjgl.util.glu.GLUtessellatorCallbackAdapter;12;0.25;0.625
org.lwjgl.util.glu.Project;9;1.0;0.8
org.lwjgl.util.glu.Quadric;12;0.25;0.375
org.lwjgl.util.glu.Util;7;0.3333333333333333;1.0
org.lwjgl.util.glu.tessellation.Dict;11;0.5714285714285714;0.7142857142857143
org.lwjgl.util.glu.tessellation.GLUtessellatorImpl;26;0.6818181818181818;0.5454545454545454
org.lwjgl.util.glu.tessellation.Geom;13;0.7777777777777778;0.5555555555555556
org.lwjgl.util.glu.tessellation.Mesh;19;0.6666666666666666;0.6
org.lwjgl.util.glu.tessellation.Normal;6;1.0;1.0
org.lwjgl.util.glu.tessellation.PriorityQ;9;0.8;0.8
org.lwjgl.util.glu.tessellation.PriorityQHeap;9;0.4;1.0
org.lwjgl.util.glu.tessellation.PriorityQSort;10;0.6666666666666666;0.6666666666666666
org.lwjgl.util.input.ControllerAdapter;31;0.5185185185185185;0.5185185185185185
org.lwjgl.util.jinput.LWJGLMouse;5;1.0;1.0
org.lwjgl.util.vector.Matrix;10;0.5;0.5
org.lwjgl.util.vector.Matrix2f;24;0.45;0.5
org.lwjgl.util.vector.Matrix3f;24;0.45;0.65
org.lwjgl.util.vector.Matrix4f;36;0.40625;0.53125
org.lwjgl.util.vector.Quaternion;34;0.7;0.4666666666666667
org.lwjgl.util.vector.Vector;7;0.3333333333333333;0.6666666666666666
org.lwjgl.util.vector.Vector2f;19;0.8;0.6
org.lwjgl.util.vector.Vector3f;23;0.6842105263157895;0.5263157894736842
org.lwjgl.util.vector.Vector4f;25;0.5238095238095238;0.42857142857142855
