file;entities;metric;metric_random
net.sourceforge.pmd.AbstractDelegateRule;43;0.9230769230769231;0.41025641025641024
net.sourceforge.pmd.AbstractJavaRule;117;0.8584070796460177;0.5486725663716814
net.sourceforge.pmd.AbstractRuleChainVisitor;7;0.6666666666666666;1.0
net.sourceforge.pmd.CommandLineOptions;19;0.6666666666666666;0.6666666666666666
net.sourceforge.pmd.CommonAbstractRule;61;0.9298245614035088;0.49122807017543857
net.sourceforge.pmd.Report;22;0.5;0.5555555555555556
net.sourceforge.pmd.RuleContext;12;0.875;0.5
net.sourceforge.pmd.RuleReference;19;0.8;0.6
net.sourceforge.pmd.RuleSet;31;0.8148148148148148;0.4444444444444444
net.sourceforge.pmd.RuleSetFactory;18;1.0;0.6428571428571429
net.sourceforge.pmd.RuleSetReference;7;1.0;0.6666666666666666
net.sourceforge.pmd.RuleSetWriter;16;0.6666666666666666;0.6666666666666666
net.sourceforge.pmd.RuleSets;12;0.375;0.625
net.sourceforge.pmd.RuleViolation;14;0.6;0.6
net.sourceforge.pmd.SourceFileSelector;6;1.0;1.0
net.sourceforge.pmd.SourceType;6;0.5;1.0
net.sourceforge.pmd.SourceTypeDiscoverer;5;1.0;1.0
net.sourceforge.pmd.ant.PMDTask;29;0.68;0.48
net.sourceforge.pmd.cpd.AbstractTokenizer;8;0.75;1.0
net.sourceforge.pmd.cpd.CPDTask;15;0.2727272727272727;0.5454545454545454
net.sourceforge.pmd.cpd.LanguageFactory;5;0.0;1.0
net.sourceforge.pmd.cpd.Match;17;0.38461538461538464;0.5384615384615384
net.sourceforge.pmd.cpd.MatchAlgorithm;6;0.0;1.0
net.sourceforge.pmd.cpd.MatchCollector;6;1.0;1.0
net.sourceforge.pmd.cpd.TokenEntry;10;0.6666666666666666;0.5
net.sourceforge.pmd.cpd.Tokens;6;0.0;1.0
net.sourceforge.pmd.dcd.ClassLoaderUtil;11;0.7142857142857143;0.7142857142857143
net.sourceforge.pmd.dcd.DumpNodeVisitor;13;0.8888888888888888;0.5555555555555556
net.sourceforge.pmd.dcd.UsageNodeVisitor;8;0.75;0.75
net.sourceforge.pmd.dcd.asm.TypeSignatureVisitor;23;0.7368421052631579;0.5263157894736842
net.sourceforge.pmd.dcd.graph.ClassNode;12;0.5;0.75
net.sourceforge.pmd.dcd.graph.ConstructorNode;6;0.5;0.5
net.sourceforge.pmd.dcd.graph.MemberNode;15;0.5454545454545454;0.5454545454545454
net.sourceforge.pmd.dcd.graph.NodeVisitorAdapter;12;0.875;0.5
net.sourceforge.pmd.dcd.graph.UsageGraph;10;0.8333333333333334;0.8333333333333334
net.sourceforge.pmd.dcd.graph.UsageGraphBuilder;8;1.0;0.75
net.sourceforge.pmd.dfa.DaaRule;8;0.5;0.75
net.sourceforge.pmd.dfa.DataFlowNode;15;0.6363636363636364;0.6363636363636364
net.sourceforge.pmd.dfa.Linker;8;0.75;0.75
net.sourceforge.pmd.dfa.StatementAndBraceFinder;15;0.5454545454545454;0.8181818181818182
net.sourceforge.pmd.dfa.Structure;8;0.75;1.0
net.sourceforge.pmd.dfa.pathfinder.CurrentPath;12;0.375;0.625
net.sourceforge.pmd.dfa.pathfinder.DAAPathFinder;19;0.6666666666666666;0.6
net.sourceforge.pmd.dfa.report.AbstractReportNode;14;0.8;0.6
net.sourceforge.pmd.dfa.report.ReportTree;6;1.0;1.0
net.sourceforge.pmd.dfa.variableaccess.VariableAccess;7;0.3333333333333333;1.0
net.sourceforge.pmd.dfa.variableaccess.VariableAccessVisitor;7;0.6666666666666666;1.0
net.sourceforge.pmd.jaxen.AttributeAxisIterator;5;1.0;1.0
net.sourceforge.pmd.jaxen.DocumentNavigator;29;0.64;0.44
net.sourceforge.pmd.jaxen.NodeIterator;10;0.8333333333333334;0.5
net.sourceforge.pmd.jsp.ast.JJTJspParserState;11;0.42857142857142855;0.5714285714285714
net.sourceforge.pmd.jsp.ast.JspParserVisitorAdapter;22;0.7777777777777778;0.6111111111111112
net.sourceforge.pmd.jsp.ast.SimpleNode;5;1.0;1.0
net.sourceforge.pmd.jsp.ast.StartAndEndTagMismatchException;5;0.0;1.0
net.sourceforge.pmd.jsp.rules.AbstractJspRule;29;1.0;0.76
net.sourceforge.pmd.properties.AbstractPMDProperty;20;0.625;0.4375
net.sourceforge.pmd.properties.EnumeratedProperty;6;0.5;1.0
net.sourceforge.pmd.properties.MethodProperty;5;1.0;1.0
net.sourceforge.pmd.properties.StringProperty;6;0.5;1.0
net.sourceforge.pmd.properties.TypeProperty;5;1.0;1.0
net.sourceforge.pmd.renderers.AbstractRenderer;8;0.75;1.0
net.sourceforge.pmd.renderers.CSVRenderer;5;1.0;1.0
net.sourceforge.pmd.renderers.HTMLRenderer;8;1.0;0.75
net.sourceforge.pmd.renderers.IDEAJRenderer;7;0.3333333333333333;1.0
net.sourceforge.pmd.renderers.OnTheFlyRenderer;5;0.0;1.0
net.sourceforge.pmd.renderers.PapariTextRenderer;5;1.0;1.0
net.sourceforge.pmd.renderers.VBHTMLRenderer;5;1.0;1.0
net.sourceforge.pmd.renderers.XMLRenderer;7;1.0;1.0
net.sourceforge.pmd.renderers.XSLTRenderer;5;0.0;1.0
net.sourceforge.pmd.rules.AbstractInefficientZeroCheck;5;1.0;1.0
net.sourceforge.pmd.rules.AbstractPoorMethodCall;6;1.0;1.0
net.sourceforge.pmd.rules.AccessorClassGeneration;10;0.8333333333333334;0.6666666666666666
net.sourceforge.pmd.rules.BeanMembersShouldSerializeRule;6;0.0;1.0
net.sourceforge.pmd.rules.CouplingBetweenObjects;11;0.5714285714285714;0.42857142857142855
net.sourceforge.pmd.rules.CyclomaticComplexity;12;0.25;0.625
net.sourceforge.pmd.rules.DoubleCheckedLocking;5;1.0;1.0
net.sourceforge.pmd.rules.ImportWrapper;5;0.0;1.0
net.sourceforge.pmd.rules.SimplifyBooleanReturns;10;0.6666666666666666;0.5
net.sourceforge.pmd.rules.UselessOverridingMethod;8;1.0;0.5
net.sourceforge.pmd.rules.VariableNamingConventions;9;0.6;0.6
net.sourceforge.pmd.rules.XPathRule;6;0.5;1.0
net.sourceforge.pmd.rules.basic.BrokenNullCheck;6;0.5;1.0
net.sourceforge.pmd.rules.codesize.AbstractNcssCount;18;0.35714285714285715;0.7142857142857143
net.sourceforge.pmd.rules.codesize.NcssTypeCount;8;0.5;1.0
net.sourceforge.pmd.rules.design.ConfusingTernary;7;0.6666666666666666;1.0
net.sourceforge.pmd.rules.design.GenericClassCounterRule;9;0.2;0.8
net.sourceforge.pmd.rules.design.ImmutableField;6;0.5;1.0
net.sourceforge.pmd.rules.design.NpathComplexity;14;0.5;0.7
net.sourceforge.pmd.rules.design.PositionalIteratorRule;5;1.0;1.0
net.sourceforge.pmd.rules.design.UseSingleton;5;0.0;1.0
net.sourceforge.pmd.rules.imports.UnusedImportsRule;6;1.0;0.5
net.sourceforge.pmd.rules.junit.AbstractJUnitRule;7;0.0;1.0
net.sourceforge.pmd.rules.strictexception.ExceptionSignatureDeclaration;7;1.0;1.0
net.sourceforge.pmd.rules.strings.ConsecutiveLiteralAppends;10;0.5;0.8333333333333334
net.sourceforge.pmd.rules.strings.InsufficientStringBufferDeclaration;11;0.7142857142857143;0.5714285714285714
net.sourceforge.pmd.rules.sunsecure.ArrayIsStoredDirectly;6;1.0;1.0
net.sourceforge.pmd.stat.DataPoint;7;1.0;0.6666666666666666
net.sourceforge.pmd.stat.Metric;7;1.0;1.0
net.sourceforge.pmd.stat.StatisticalRule;8;0.5;1.0
net.sourceforge.pmd.symboltable.AbstractScope;11;0.7142857142857143;0.5714285714285714
net.sourceforge.pmd.symboltable.ClassScope;12;0.5;0.5
net.sourceforge.pmd.symboltable.DummyScope;12;0.875;0.625
net.sourceforge.pmd.symboltable.LocalScope;5;0.0;1.0
net.sourceforge.pmd.symboltable.MethodNameDeclaration;7;0.3333333333333333;0.6666666666666666
net.sourceforge.pmd.symboltable.MethodScope;7;0.3333333333333333;1.0
net.sourceforge.pmd.symboltable.NameOccurrence;20;0.6875;0.5
net.sourceforge.pmd.symboltable.ScopeAndDeclarationFinder;21;0.7058823529411765;0.5294117647058824
net.sourceforge.pmd.symboltable.SourceFileScope;12;0.5;0.75
net.sourceforge.pmd.symboltable.TypeSet;6;1.0;1.0
net.sourceforge.pmd.symboltable.VariableNameDeclaration;12;0.75;0.5
net.sourceforge.pmd.typeresolution.ClassTypeResolver;50;0.717391304347826;0.45652173913043476
net.sourceforge.pmd.typeresolution.rules.SignatureDeclareThrowsException;11;0.8571428571428571;0.7142857142857143
net.sourceforge.pmd.typeresolution.visitors.PMDASMVisitor;17;0.38461538461538464;0.5384615384615384
net.sourceforge.pmd.util.CollectionUtil;9;0.6;0.8
net.sourceforge.pmd.util.StringUtil;13;0.6666666666666666;0.7777777777777778
net.sourceforge.pmd.util.TypeMap;5;1.0;1.0
net.sourceforge.pmd.util.designer.CodeEditorTextPane;5;1.0;1.0
net.sourceforge.pmd.util.filter.AbstractCompoundFilter;5;1.0;1.0
net.sourceforge.pmd.util.filter.Filters;10;0.6666666666666666;1.0
net.sourceforge.pmd.util.viewer.gui.MainFrame;5;1.0;1.0
net.sourceforge.pmd.util.viewer.model.ASTModel;9;0.8;0.6
net.sourceforge.pmd.util.viewer.model.SimpleNodeTreeNodeAdapter;10;1.0;1.0
net.sourceforge.pmd.util.viewer.model.ViewerModel;10;0.6666666666666666;0.6666666666666666
