file;entities;metric;metric_random
net.sourceforge.stripes.action.ActionBeanContext;16;0.8333333333333334;0.6666666666666666
net.sourceforge.stripes.action.ErrorResolution;5;1.0;1.0
net.sourceforge.stripes.action.FileBean;10;0.5;0.6666666666666666
net.sourceforge.stripes.action.OnwardResolution;9;0.8;0.6
net.sourceforge.stripes.action.RedirectResolution;6;1.0;1.0
net.sourceforge.stripes.action.SimpleMessage;6;1.0;1.0
net.sourceforge.stripes.action.StreamingResolution;10;0.8333333333333334;0.8333333333333334
net.sourceforge.stripes.ajax.JavaScriptBuilder;15;0.8181818181818182;0.6363636363636364
net.sourceforge.stripes.config.BootstrapPropertyResolver;10;1.0;0.5
net.sourceforge.stripes.config.DefaultConfiguration;38;0.7352941176470589;0.5
net.sourceforge.stripes.config.RuntimeConfiguration;19;0.4666666666666667;0.4666666666666667
net.sourceforge.stripes.controller.AnnotatedClassActionResolver;24;0.7;0.5
net.sourceforge.stripes.controller.DefaultActionBeanPropertyBinder;18;0.5714285714285714;0.6428571428571429
net.sourceforge.stripes.controller.DefaultObjectFactory;11;0.7142857142857143;0.7142857142857143
net.sourceforge.stripes.controller.DispatcherHelper;13;0.6666666666666666;0.6666666666666666
net.sourceforge.stripes.controller.DispatcherServlet;14;0.9;0.6
net.sourceforge.stripes.controller.DynamicMappingFilter;12;0.5;0.625
net.sourceforge.stripes.controller.FlashScope;15;0.6363636363636364;0.5454545454545454
net.sourceforge.stripes.controller.NameBasedActionResolver;11;0.5714285714285714;0.7142857142857143
net.sourceforge.stripes.controller.ParameterName;7;1.0;1.0
net.sourceforge.stripes.controller.StripesFilter;8;1.0;1.0
net.sourceforge.stripes.controller.UrlBinding;8;0.0;0.75
net.sourceforge.stripes.controller.UrlBindingFactory;17;0.8461538461538461;0.5384615384615384
net.sourceforge.stripes.controller.UrlBindingParameter;7;0.3333333333333333;1.0
net.sourceforge.stripes.controller.multipart.CommonsMultipartWrapper;5;0.0;1.0
net.sourceforge.stripes.controller.multipart.CosMultipartWrapper;5;1.0;1.0
net.sourceforge.stripes.exception.DefaultExceptionHandler;9;0.6;0.6
net.sourceforge.stripes.format.DateFormatter;10;0.8333333333333334;0.6666666666666666
net.sourceforge.stripes.format.DefaultFormatterFactory;6;1.0;1.0
net.sourceforge.stripes.format.EnumFormatter;5;1.0;1.0
net.sourceforge.stripes.format.NumberFormatter;8;0.75;0.75
net.sourceforge.stripes.format.ObjectFormatter;5;1.0;1.0
net.sourceforge.stripes.integration.spring.SpringHelper;7;0.6666666666666666;0.6666666666666666
net.sourceforge.stripes.localization.DefaultLocalizationBundleFactory;5;1.0;1.0
net.sourceforge.stripes.mock.MockBaseConfig;6;1.0;1.0
net.sourceforge.stripes.mock.MockHttpServletRequest;72;0.8676470588235294;0.5735294117647058
net.sourceforge.stripes.mock.MockHttpServletResponse;40;0.8888888888888888;0.5
net.sourceforge.stripes.mock.MockHttpSession;18;0.8571428571428571;0.6428571428571429
net.sourceforge.stripes.mock.MockRoundtrip;22;0.8888888888888888;0.4444444444444444
net.sourceforge.stripes.mock.MockServletContext;32;0.8214285714285714;0.6071428571428571
net.sourceforge.stripes.tag.DefaultPopulationStrategy;7;0.6666666666666666;1.0
net.sourceforge.stripes.tag.ErrorsTag;15;0.9090909090909091;0.6363636363636364
net.sourceforge.stripes.tag.FormTag;45;0.7317073170731707;0.4878048780487805
net.sourceforge.stripes.tag.FormatTag;10;1.0;0.8333333333333334
net.sourceforge.stripes.tag.HtmlTagSupport;60;0.9285714285714286;0.6607142857142857
net.sourceforge.stripes.tag.InputButtonSupportTag;6;0.0;1.0
net.sourceforge.stripes.tag.InputCheckBoxTag;9;0.8;0.8
net.sourceforge.stripes.tag.InputHiddenTag;6;0.5;1.0
net.sourceforge.stripes.tag.InputImageTag;10;0.6666666666666666;0.6666666666666666
net.sourceforge.stripes.tag.InputLabelTag;9;1.0;0.6
net.sourceforge.stripes.tag.InputOptionTag;11;0.7142857142857143;0.5714285714285714
net.sourceforge.stripes.tag.InputOptionsCollectionTag;17;0.7692307692307693;0.46153846153846156
net.sourceforge.stripes.tag.InputRadioButtonTag;9;0.4;0.6
net.sourceforge.stripes.tag.InputSelectTag;11;0.7142857142857143;0.7142857142857143
net.sourceforge.stripes.tag.InputTagSupport;35;0.7096774193548387;0.41935483870967744
net.sourceforge.stripes.tag.InputTextAreaTag;10;0.8333333333333334;0.6666666666666666
net.sourceforge.stripes.tag.InputTextTag;9;0.8;0.6
net.sourceforge.stripes.tag.LinkTag;24;0.95;0.55
net.sourceforge.stripes.tag.LinkTagSupport;17;0.7692307692307693;0.5384615384615384
net.sourceforge.stripes.tag.MessagesTag;5;1.0;1.0
net.sourceforge.stripes.tag.ParamTag;14;0.4;0.6
net.sourceforge.stripes.tag.StripesTagSupport;13;0.6666666666666666;0.5555555555555556
net.sourceforge.stripes.tag.UrlTag;10;1.0;0.5
net.sourceforge.stripes.tag.UseActionBeanTag;17;0.8461538461538461;0.5384615384615384
net.sourceforge.stripes.tag.VarTagSupport;5;1.0;1.0
net.sourceforge.stripes.tag.WizardFieldsTag;10;0.6666666666666666;0.6666666666666666
net.sourceforge.stripes.tag.layout.LayoutComponentRenderer;6;0.5;1.0
net.sourceforge.stripes.tag.layout.LayoutComponentTag;8;0.75;0.75
net.sourceforge.stripes.tag.layout.LayoutRenderTag;8;0.75;0.5
net.sourceforge.stripes.tag.layout.LayoutTag;7;1.0;1.0
net.sourceforge.stripes.tag.layout.LayoutWriter;10;0.5;0.6666666666666666
net.sourceforge.stripes.util.CollectionUtil;6;1.0;1.0
net.sourceforge.stripes.util.ConcurrentHashSet;13;0.5555555555555556;0.6666666666666666
net.sourceforge.stripes.util.CryptoUtil;9;1.0;0.6
net.sourceforge.stripes.util.Literal;12;1.0;0.875
net.sourceforge.stripes.util.Log4JLogger;19;1.0;0.6666666666666666
net.sourceforge.stripes.util.Range;9;0.8;0.8
net.sourceforge.stripes.util.ReflectUtil;14;0.6;0.6
net.sourceforge.stripes.util.ResolverUtil;8;1.0;0.75
net.sourceforge.stripes.util.StringUtil;5;1.0;1.0
net.sourceforge.stripes.util.TypeHandlerCache;14;0.9;0.7
net.sourceforge.stripes.util.UrlBuilder;14;0.9;0.6
net.sourceforge.stripes.util.bean.BeanUtil;5;1.0;1.0
net.sourceforge.stripes.util.bean.Node;8;0.5;0.5
net.sourceforge.stripes.util.bean.NodeEvaluation;14;0.9;0.5
net.sourceforge.stripes.util.bean.PropertyExpression;6;0.5;1.0
net.sourceforge.stripes.util.bean.PropertyExpressionEvaluation;17;0.5384615384615384;0.5384615384615384
net.sourceforge.stripes.validation.CreditCardTypeConverter;5;0.0;1.0
net.sourceforge.stripes.validation.DefaultTypeConverterFactory;6;1.0;1.0
net.sourceforge.stripes.validation.DefaultValidationMetadataProvider;9;0.8;0.8
net.sourceforge.stripes.validation.NumberTypeConverterSupport;5;1.0;1.0
net.sourceforge.stripes.validation.OneToManyTypeConverter;5;0.0;1.0
net.sourceforge.stripes.validation.ScopedLocalizableError;5;0.0;1.0
net.sourceforge.stripes.validation.SimpleError;13;0.7777777777777778;0.5555555555555556
net.sourceforge.stripes.validation.ValidationErrors;7;0.6666666666666666;0.6666666666666666
net.sourceforge.stripes.validation.ValidationMetadata;29;0.72;0.52
net.sourceforge.stripes.vfs.DefaultVFS;7;0.6666666666666666;1.0
net.sourceforge.stripes.vfs.JBoss6VFS;6;0.0;1.0
net.sourceforge.stripes.vfs.VFS;9;0.6;0.6
