file;entities;metric;metric_random
com.eteks.sweethome3d.HomeFramePane;5;1.0;1.0
com.eteks.sweethome3d.SweetHome3D;21;0.5882352941176471;0.5294117647058824
com.eteks.sweethome3d.applet.AppletApplication;19;0.7333333333333333;0.8
com.eteks.sweethome3d.applet.AppletContentManager;5;1.0;1.0
com.eteks.sweethome3d.applet.AppletUserPreferences;14;1.0;0.6
com.eteks.sweethome3d.applet.HomeAppletController;5;1.0;1.0
com.eteks.sweethome3d.applet.SweetHome3DApplet;9;0.4;0.8
com.eteks.sweethome3d.applet.SweetHome3DViewer;6;0.0;1.0
com.eteks.sweethome3d.applet.ViewerHelper;6;0.5;1.0
com.eteks.sweethome3d.io.AutoRecoveryManager;8;0.5;0.5
com.eteks.sweethome3d.io.DefaultFurnitureCatalog;13;0.7777777777777778;0.6666666666666666
com.eteks.sweethome3d.io.DefaultHomeOutputStream;7;0.0;1.0
com.eteks.sweethome3d.io.DefaultTexturesCatalog;6;0.5;0.5
com.eteks.sweethome3d.io.DefaultUserPreferences;7;1.0;0.6666666666666666
com.eteks.sweethome3d.io.FileUserPreferences;35;0.8387096774193549;0.41935483870967744
com.eteks.sweethome3d.j3d.Component3DManager;9;0.8;0.8
com.eteks.sweethome3d.j3d.DAELoader;5;1.0;1.0
com.eteks.sweethome3d.j3d.HomePieceOfFurniture3D;22;0.6666666666666666;0.6111111111111112
com.eteks.sweethome3d.j3d.ModelManager;25;0.47619047619047616;0.5714285714285714
com.eteks.sweethome3d.j3d.OBJLoader;15;0.6363636363636364;0.6363636363636364
com.eteks.sweethome3d.j3d.OBJMaterial;10;1.0;0.8333333333333334
com.eteks.sweethome3d.j3d.OBJWriter;25;0.6666666666666666;0.5238095238095238
com.eteks.sweethome3d.j3d.PhotoRenderer;18;0.5714285714285714;0.5
com.eteks.sweethome3d.j3d.Room3D;9;0.8;1.0
com.eteks.sweethome3d.j3d.TextureManager;10;0.5;0.6666666666666666
com.eteks.sweethome3d.j3d.Wall3D;16;0.8333333333333334;0.5
com.eteks.sweethome3d.model.BackgroundImage;11;1.0;1.0
com.eteks.sweethome3d.model.Camera;26;0.8181818181818182;0.4090909090909091
com.eteks.sweethome3d.model.CatalogPieceOfFurniture;30;0.8461538461538461;0.7307692307692307
com.eteks.sweethome3d.model.CatalogTexture;12;0.5;0.5
com.eteks.sweethome3d.model.Compass;30;0.8461538461538461;0.38461538461538464
com.eteks.sweethome3d.model.DimensionLine;26;0.8181818181818182;0.4090909090909091
com.eteks.sweethome3d.model.FurnitureCatalog;9;0.6;1.0
com.eteks.sweethome3d.model.FurnitureCategory;10;0.5;0.5
com.eteks.sweethome3d.model.Home;79;0.8666666666666667;0.4
com.eteks.sweethome3d.model.HomeApplication;11;0.7142857142857143;0.8571428571428571
com.eteks.sweethome3d.model.HomeDoorOrWindow;11;0.8571428571428571;0.7142857142857143
com.eteks.sweethome3d.model.HomeEnvironment;40;0.8611111111111112;0.4722222222222222
com.eteks.sweethome3d.model.HomeFurnitureGroup;35;0.8064516129032258;0.6451612903225806
com.eteks.sweethome3d.model.HomeLight;7;0.6666666666666666;1.0
com.eteks.sweethome3d.model.HomePrint;13;1.0;0.6666666666666666
com.eteks.sweethome3d.model.HomeTexture;6;0.5;1.0
com.eteks.sweethome3d.model.Label;16;0.8333333333333334;0.6666666666666666
com.eteks.sweethome3d.model.LightSource;5;1.0;1.0
com.eteks.sweethome3d.model.ObserverCamera;14;0.9;0.6
com.eteks.sweethome3d.model.Room;59;0.8181818181818182;0.41818181818181815
com.eteks.sweethome3d.model.Sash;5;1.0;1.0
com.eteks.sweethome3d.model.TextStyle;10;0.3333333333333333;0.6666666666666666
com.eteks.sweethome3d.model.TexturesCatalog;9;0.6;1.0
com.eteks.sweethome3d.model.TexturesCategory;10;0.6666666666666666;0.8333333333333334
com.eteks.sweethome3d.model.UserPreferences;57;0.9056603773584906;0.5471698113207547
com.eteks.sweethome3d.model.Wall;58;0.8703703703703703;0.4444444444444444
com.eteks.sweethome3d.plugin.Plugin;20;0.75;0.625
com.eteks.sweethome3d.plugin.PluginAction;9;1.0;0.8
com.eteks.sweethome3d.plugin.PluginManager;8;0.75;0.75
com.eteks.sweethome3d.swing.BackgroundImageWizardStepsPanel;11;0.7142857142857143;0.7142857142857143
com.eteks.sweethome3d.swing.FileContentManager;11;0.5714285714285714;0.7142857142857143
com.eteks.sweethome3d.swing.FurnitureCatalogListPanel;11;1.0;0.42857142857142855
com.eteks.sweethome3d.swing.FurnitureCatalogTransferHandler;5;1.0;1.0
com.eteks.sweethome3d.swing.FurnitureCatalogTree;6;0.5;1.0
com.eteks.sweethome3d.swing.FurnitureTable;13;0.6666666666666666;0.7777777777777778
com.eteks.sweethome3d.swing.FurnitureTransferHandler;5;0.0;1.0
com.eteks.sweethome3d.swing.HelpPane;14;0.7;0.5
com.eteks.sweethome3d.swing.Home3DAttributesPanel;6;1.0;1.0
com.eteks.sweethome3d.swing.HomeComponent3D;41;0.6216216216216216;0.4864864864864865
com.eteks.sweethome3d.swing.HomeFurniturePanel;7;0.6666666666666666;1.0
com.eteks.sweethome3d.swing.HomePrintableComponent;8;1.0;1.0
com.eteks.sweethome3d.swing.IconManager;11;0.8571428571428571;0.7142857142857143
com.eteks.sweethome3d.swing.ImportedFurnitureWizardStepsPanel;19;0.5333333333333333;0.6
com.eteks.sweethome3d.swing.ImportedTextureWizardStepsPanel;13;0.6666666666666666;0.6666666666666666
com.eteks.sweethome3d.swing.LocatedTransferHandler;8;0.75;1.0
com.eteks.sweethome3d.swing.ModelPreviewComponent;31;0.8148148148148148;0.4074074074074074
com.eteks.sweethome3d.swing.NullableCheckBox;14;0.9;0.6
com.eteks.sweethome3d.swing.PageSetupPanel;8;0.5;1.0
com.eteks.sweethome3d.swing.PhotoPanel;15;0.5454545454545454;0.45454545454545453
com.eteks.sweethome3d.swing.PlanComponent;119;0.7739130434782608;0.43478260869565216
com.eteks.sweethome3d.swing.PlanTransferHandler;11;0.5714285714285714;0.5714285714285714
com.eteks.sweethome3d.swing.PrintPreviewPanel;7;0.6666666666666666;1.0
com.eteks.sweethome3d.swing.ProportionalLayout;10;1.0;0.6666666666666666
com.eteks.sweethome3d.swing.RoomPanel;9;1.0;1.0
com.eteks.sweethome3d.swing.ScaledImageComponent;8;0.75;1.0
com.eteks.sweethome3d.swing.SwingViewFactory;23;0.6842105263157895;0.47368421052631576
com.eteks.sweethome3d.swing.ThreadedTaskPanel;6;0.5;1.0
com.eteks.sweethome3d.swing.UserPreferencesPanel;5;0.0;1.0
com.eteks.sweethome3d.swing.VideoPanel;27;0.7391304347826086;0.34782608695652173
com.eteks.sweethome3d.swing.WallPanel;10;0.8333333333333334;0.8333333333333334
com.eteks.sweethome3d.swing.WizardPane;5;1.0;1.0
com.eteks.sweethome3d.tools.ExtensionsClassLoader;5;0.0;1.0
com.eteks.sweethome3d.tools.OperatingSystem;8;1.0;1.0
com.eteks.sweethome3d.tools.URLContent;7;0.6666666666666666;1.0
com.eteks.sweethome3d.viewcontroller.BackgroundImageWizardController;20;0.9375;0.5
com.eteks.sweethome3d.viewcontroller.CompassController;23;0.7368421052631579;0.7368421052631579
com.eteks.sweethome3d.viewcontroller.FurnitureCatalogController;11;0.2857142857142857;0.7142857142857143
com.eteks.sweethome3d.viewcontroller.FurnitureController;40;0.8611111111111112;0.4166666666666667
com.eteks.sweethome3d.viewcontroller.HelpController;23;0.6842105263157895;0.5263157894736842
com.eteks.sweethome3d.viewcontroller.Home3DAttributesController;25;0.7619047619047619;0.42857142857142855
com.eteks.sweethome3d.viewcontroller.HomeController;86;0.8170731707317073;0.47560975609756095
com.eteks.sweethome3d.viewcontroller.HomeController3D;13;0.5555555555555556;0.5555555555555556
com.eteks.sweethome3d.viewcontroller.HomeFurnitureController;56;0.9038461538461539;0.7307692307692307
com.eteks.sweethome3d.viewcontroller.ImportedFurnitureWizardController;43;0.8717948717948718;0.5897435897435898
com.eteks.sweethome3d.viewcontroller.ImportedTextureWizardController;21;0.7647058823529411;0.6470588235294118
com.eteks.sweethome3d.viewcontroller.LabelController;14;0.9;0.7
com.eteks.sweethome3d.viewcontroller.PageSetupController;7;1.0;0.6666666666666666
com.eteks.sweethome3d.viewcontroller.PhotoController;27;0.6086956521739131;0.43478260869565216
com.eteks.sweethome3d.viewcontroller.PlanController;183;0.8044692737430168;0.5921787709497207
com.eteks.sweethome3d.viewcontroller.RoomController;30;0.8461538461538461;0.5384615384615384
com.eteks.sweethome3d.viewcontroller.TextureChoiceController;10;0.6666666666666666;0.6666666666666666
com.eteks.sweethome3d.viewcontroller.UserPreferencesController;36;0.78125;0.5
com.eteks.sweethome3d.viewcontroller.VideoController;26;0.8636363636363636;0.5909090909090909
com.eteks.sweethome3d.viewcontroller.WallController;53;0.8367346938775511;0.42857142857142855
com.eteks.sweethome3d.viewcontroller.WizardController;23;0.8421052631578947;0.5789473684210527
