file;entities;metric;metric_random
blogthisplugin.BlogSettings;5;1.0;1.0
blogthisplugin.BlogSettingsTab;5;0.0;1.0
blogthisplugin.BlogThisPlugin;19;0.6;0.4666666666666667
calendarexportplugin.CalendarExportPlugin;30;0.38461538461538464;0.38461538461538464
calendarexportplugin.CalendarExportSettings;30;0.8076923076923077;0.5
calendarexportplugin.CalendarSettingsTab;5;0.0;1.0
calendarexportplugin.exporter.AppleSettingsDialog;5;1.0;1.0
calendarexportplugin.exporter.AppleiCalExporter;5;1.0;1.0
calendarexportplugin.exporter.CalExporter;5;1.0;1.0
calendarexportplugin.exporter.ExporterFactory;6;1.0;1.0
calendarexportplugin.exporter.GoogleExporter;9;0.4;0.6
calendarexportplugin.exporter.GoogleSettingsDialog;8;0.5;1.0
calendarexportplugin.exporter.OutlookExporter;5;0.0;1.0
calendarexportplugin.utils.AbstractCalFile;7;0.6666666666666666;1.0
calendarexportplugin.utils.ICalFile;6;0.5;1.0
calendarexportplugin.utils.VCalFile;6;1.0;1.0
captureplugin.CapturePlugin;26;0.5;0.45454545454545453
captureplugin.CapturePluginData;7;1.0;0.6666666666666666
captureplugin.drivers.DeviceCreatorDialog;5;0.0;1.0
captureplugin.drivers.defaultdriver.AdditionalParams;13;0.5555555555555556;0.5555555555555556
captureplugin.drivers.defaultdriver.CaptureExecute;8;0.25;0.75
captureplugin.drivers.defaultdriver.CaptureParamLibrary;12;0.875;0.625
captureplugin.drivers.defaultdriver.DefaultDevice;22;0.7777777777777778;0.5
captureplugin.drivers.defaultdriver.DefaultKonfigurator;5;0.0;1.0
captureplugin.drivers.defaultdriver.DeviceConfig;56;0.9423076923076923;0.7692307692307693
captureplugin.drivers.defaultdriver.ParamEntry;9;0.8;0.4
captureplugin.drivers.defaultdriver.ProgramTimeList;10;0.3333333333333333;0.8333333333333334
captureplugin.drivers.defaultdriver.Variable;6;0.0;1.0
captureplugin.drivers.defaultdriver.configpanels.ChannelTableModel;8;0.5;0.75
captureplugin.drivers.defaultdriver.configpanels.VariableTableModel;6;1.0;1.0
captureplugin.drivers.dreambox.DreamboxConfig;35;0.8064516129032258;0.4838709677419355
captureplugin.drivers.dreambox.DreamboxConfigDialog;9;0.4;0.6
captureplugin.drivers.dreambox.DreamboxDevice;21;0.5882352941176471;0.4117647058823529
captureplugin.drivers.dreambox.connector.DreamboxChannel;5;1.0;1.0
captureplugin.drivers.dreambox.connector.DreamboxConnector;13;0.4444444444444444;0.6666666666666666
captureplugin.drivers.dreambox.connector.DreamboxStateHandler;5;0.0;1.0
captureplugin.drivers.elgatodriver.ElgatoConnection;6;0.5;1.0
captureplugin.drivers.simpledevice.SimpleChannel;9;0.8;0.6
captureplugin.drivers.simpledevice.SimpleConfig;11;0.8571428571428571;0.8571428571428571
captureplugin.drivers.simpledevice.SimpleDevice;23;0.5263157894736842;0.47368421052631576
captureplugin.drivers.thetubedriver.TheTubeConnection;5;1.0;1.0
captureplugin.drivers.topfield.TopfieldChannelTableModel;7;0.3333333333333333;1.0
captureplugin.drivers.topfield.TopfieldConfiguration;38;0.9117647058823529;0.5588235294117647
captureplugin.drivers.topfield.TopfieldConfigurationDialog;38;0.5294117647058824;0.4411764705882353
captureplugin.drivers.topfield.TopfieldDevice;20;0.3125;0.5
captureplugin.drivers.topfield.TopfieldServiceInfo;16;0.75;0.75
captureplugin.drivers.topfield.TopfieldTimerEntry;7;1.0;0.6666666666666666
captureplugin.drivers.topfield.connector.TopfieldConnector;11;0.5714285714285714;0.8571428571428571
captureplugin.drivers.utils.ProgramTime;19;0.7333333333333333;0.4666666666666667
captureplugin.tabs.DevicePanel;7;1.0;0.6666666666666666
captureplugin.tabs.DeviceTableModel;7;0.3333333333333333;1.0
captureplugin.utils.ConfigTableModel;7;0.6666666666666666;1.0
captureplugin.utils.ExternalChannelTableCellEditor;5;1.0;1.0
clipboardplugin.ClipboardPlugin;21;0.5294117647058824;0.47058823529411764
devplugin.AbstractTvDataService;30;0.7692307692307693;0.5384615384615384
devplugin.ActionMenu;5;1.0;1.0
devplugin.ButtonAction;6;1.0;1.0
devplugin.Channel;49;0.6444444444444445;0.37777777777777777
devplugin.ChannelGroupImpl;6;0.0;1.0
devplugin.ContextMenuSeparatorAction;7;1.0;1.0
devplugin.Date;31;0.6666666666666666;0.48148148148148145
devplugin.Plugin;56;0.8461538461538461;0.5769230769230769
devplugin.PluginInfo;7;0.3333333333333333;1.0
devplugin.PluginsFilterComponent;8;0.25;0.5
devplugin.ProgramFieldType;13;0.6666666666666666;0.5555555555555556
devplugin.ProgramInfoHelper;6;1.0;1.0
devplugin.ProgramItem;10;0.6666666666666666;0.6666666666666666
devplugin.ThemeIcon;5;0.0;1.0
devplugin.Version;9;0.6;0.8
dreamboxdataservice.DreamboxChannelHandler;6;0.0;0.5
dreamboxdataservice.DreamboxDataService;18;0.7142857142857143;0.5
emailplugin.EMailPlugin;20;0.8125;0.5
emailplugin.EMailSettings;8;0.25;0.75
emailplugin.EMailSettingsTab;6;0.5;1.0
emailplugin.MailCreator;7;0.6666666666666666;1.0
genreplugin.GenrePlugin;22;0.2777777777777778;0.4444444444444444
genreplugin.GenreSettings;6;1.0;1.0
genreplugin.GenreSettingsTab;5;0.0;1.0
growlplugin.GrowlPlugin;13;0.6666666666666666;0.6666666666666666
i18nplugin.AbstractHierarchicalNode;9;1.0;1.0
i18nplugin.I18NPlugin;9;0.2;0.6
i18nplugin.PropertiesEntryNode;9;0.8;0.8
i18nplugin.PropertiesNode;12;0.625;0.625
i18nplugin.TranslationDialog;9;0.4;0.8
i18nplugin.TranslationNode;5;1.0;1.0
i18nplugin.TranslatorEditor;6;0.5;1.0
knotifyplugin.KNotifyPlugin;12;0.5;0.625
listviewplugin.ListTable;7;0.3333333333333333;1.0
listviewplugin.ListTableModel;12;0.375;0.75
listviewplugin.ListViewDialog;14;0.6;0.5
listviewplugin.ListViewPlugin;11;0.42857142857142855;0.42857142857142855
newsplugin.News;7;1.0;1.0
newsplugin.NewsDialog;6;0.0;1.0
newsplugin.NewsPlugin;10;0.6666666666666666;1.0
primarydatamanager.DayProgramFileTranslator;6;0.5;1.0
primarydatamanager.DayProgramMapper;6;1.0;1.0
primarydatamanager.PDSRunner;6;0.5;1.0
primarydatamanager.PrimaryDataManager;14;0.3;0.6
primarydatamanager.RawDataProcessor;15;0.2727272727272727;0.7272727272727273
primarydatamanager.mirrorupdater.MirrorUpdater;12;0.75;0.75
primarydatamanager.mirrorupdater.config.PropertiesConfiguration;7;1.0;1.0
primarydatamanager.mirrorupdater.data.FtpDataTarget;6;0.5;1.0
primarydatamanager.primarydataservice.AbstractPrimaryDataService;10;0.8333333333333334;0.6666666666666666
primarydatamanager.primarydataservice.HTMLFilterReader;9;1.0;0.8
primarydatamanager.primarydataservice.MeasuringInputStream;10;0.5;0.8333333333333334
primarydatamanager.primarydataservice.ProgramFrameDispatcher;7;0.6666666666666666;1.0
primarydatamanager.primarydataservice.util.RtfFilterReader;8;0.5;0.75
primarydatamanager.primarydataservice.util.html2txt.Html2TxtConverter;7;0.6666666666666666;1.0
primarydatamanager.primarydataservice.util.htmlparser.HTMLParser;8;0.5;1.0
primarydatamanager.primarydataservice.util.htmlparser.Tag;20;0.6875;0.625
primarydatamanager.primarydataservice.util.httpsession.HttpSession;9;0.8;0.8
primarydatamanager.tvlistingstool.HtmlMirrorVisualizer;6;0.5;1.0
printplugin.PrintPlugin;29;0.64;0.52
printplugin.dlgs.SettingsDialog;5;0.0;1.0
printplugin.dlgs.components.DateRangePanel;5;0.0;1.0
printplugin.dlgs.components.FontsDialog;5;0.0;1.0
printplugin.dlgs.components.ProgramPreviewPanel;8;0.25;1.0
printplugin.dlgs.printdayprogramsdialog.LayoutTab;6;1.0;1.0
printplugin.dlgs.printdayprogramsdialog.ListingsTab;10;0.8333333333333334;0.6666666666666666
printplugin.dlgs.printdayprogramsdialog.PrintDayProgramsDialogContent;7;0.3333333333333333;0.6666666666666666
printplugin.dlgs.printfromqueuedialog.PrintFromQueueDialogContent;7;0.3333333333333333;1.0
printplugin.printer.AbstractPrintJob;5;1.0;1.0
printplugin.printer.JobFactory;6;0.0;1.0
printplugin.printer.ProgramItem;8;0.75;0.75
printplugin.printer.singleprogramprinter.DocumentRenderer;9;0.8;0.8
printplugin.settings.DayProgramPrinterSettings;9;0.6;0.8
printplugin.settings.MutableProgramIconSettings;18;0.7142857142857143;0.5714285714285714
printplugin.settings.PrinterProgramIconSettings;11;0.8571428571428571;0.7142857142857143
printplugin.settings.ProgramInfoPrintSettings;12;0.5;0.5
printplugin.settings.Scheme;7;0.6666666666666666;1.0
programlistplugin.ProgramListPlugin;14;0.7;0.7
programlistplugin.ProgramListSettings;6;1.0;0.5
radiotimesdataservice.RadioTimesDataService;14;0.6;0.7
radiotimesdataservice.RadioTimesFileParser;8;0.75;0.75
schedulesdirectdataservice.SchedulesDirectDataService;21;0.6470588235294118;0.5294117647058824
simplemarkerplugin.ManagePanel;6;1.0;0.5
simplemarkerplugin.MarkList;28;0.5416666666666666;0.5
simplemarkerplugin.MarkListFilterComponent;7;0.6666666666666666;0.6666666666666666
simplemarkerplugin.MarkListsVector;9;0.6;0.8
simplemarkerplugin.SimpleMarkerPlugin;42;0.5526315789473685;0.4473684210526316
simplemarkerplugin.SimpleMarkerPluginSettingsTab;16;0.75;0.5833333333333334
simplemarkerplugin.SimpleMarkerSettings;12;0.5;0.625
simplemarkerplugin.table.MarkListTableModel;8;0.75;1.0
swedbtvdataservice.DataHydraChannelContainer;13;0.7777777777777778;0.8888888888888888
swedbtvdataservice.DataHydraChannelGroup;7;1.0;0.6666666666666666
swedbtvdataservice.DataHydraDayParser;15;0.7272727272727273;0.45454545454545453
swedbtvdataservice.SweDBTvDataService;22;0.5555555555555556;0.6111111111111112
tvbrowser.core.ChannelList;40;0.5277777777777778;0.4444444444444444
tvbrowser.core.PluginLoader;22;0.5;0.5
tvbrowser.core.TvDataBase;40;0.5;0.4166666666666667
tvbrowser.core.TvDataInventory;7;1.0;1.0
tvbrowser.core.TvDataUpdater;14;0.4;0.6
tvbrowser.core.contextmenu.ContextMenuManager;15;0.36363636363636365;0.6363636363636364
tvbrowser.core.data.OnDemandDayProgramFile;13;0.5555555555555556;0.6666666666666666
tvbrowser.core.filters.AudioDescriptionFilter;5;0.0;1.0
tvbrowser.core.filters.FilterComponentList;10;0.6666666666666666;0.6666666666666666
tvbrowser.core.filters.FilterList;16;0.6666666666666666;0.8333333333333334
tvbrowser.core.filters.FilterManagerImpl;9;0.8;0.8
tvbrowser.core.filters.PluginFilter;5;1.0;1.0
tvbrowser.core.filters.SubtitleFilter;5;0.0;1.0
tvbrowser.core.filters.filtercomponents.AgeLimitFilterComponent;7;0.0;1.0
tvbrowser.core.filters.filtercomponents.BeanShellFilterComponent;9;0.4;0.8
tvbrowser.core.filters.filtercomponents.ChannelFilterComponent;8;0.5;0.75
tvbrowser.core.filters.filtercomponents.DateFilterComponent;7;0.0;1.0
tvbrowser.core.filters.filtercomponents.DayFilterComponent;7;1.0;1.0
tvbrowser.core.filters.filtercomponents.FavoritesFilterComponent;7;0.3333333333333333;1.0
tvbrowser.core.filters.filtercomponents.KeywordFilterComponent;8;0.75;1.0
tvbrowser.core.filters.filtercomponents.MassFilterComponent;9;0.4;0.6
tvbrowser.core.filters.filtercomponents.PluginFilterComponent;8;0.75;1.0
tvbrowser.core.filters.filtercomponents.PluginIconFilterComponent;7;0.3333333333333333;1.0
tvbrowser.core.filters.filtercomponents.ProgramInfoFilterComponent;8;0.5;0.5
tvbrowser.core.filters.filtercomponents.ProgramLengthFilterComponent;7;0.6666666666666666;0.6666666666666666
tvbrowser.core.filters.filtercomponents.ProgramMarkingPriorityFilterComponent;7;0.3333333333333333;1.0
tvbrowser.core.filters.filtercomponents.ProgramRunningFilterComponent;8;0.5;0.75
tvbrowser.core.filters.filtercomponents.ProgramTypeFilterComponent;7;0.3333333333333333;1.0
tvbrowser.core.filters.filtercomponents.ReminderFilterComponent;7;0.3333333333333333;0.6666666666666666
tvbrowser.core.filters.filtercomponents.TimeFilterComponent;9;0.4;0.8
tvbrowser.core.icontheme.Directory;14;0.9;0.6
tvbrowser.core.icontheme.IconLoader;11;0.5714285714285714;0.7142857142857143
tvbrowser.core.icontheme.IconTheme;14;0.5;0.4
tvbrowser.core.plugin.AbstractPluginProxy;70;0.8939393939393939;0.5303030303030303
tvbrowser.core.plugin.ActionProxy;7;1.0;0.6666666666666666
tvbrowser.core.plugin.BeanShellPluginProxy;37;0.6666666666666666;0.3939393939393939
tvbrowser.core.plugin.JavaPluginProxy;38;0.6470588235294118;0.5294117647058824
tvbrowser.core.plugin.PluginManagerImpl;45;0.7560975609756098;0.4634146341463415
tvbrowser.core.plugin.PluginProxyManager;44;0.85;0.6
tvbrowser.core.plugin.SettingsTabProxy;5;0.0;1.0
tvbrowser.core.plugin.programformating.GlobalPluginProgramFormating;12;0.5;0.875
tvbrowser.core.plugin.programformating.GlobalPluginProgramFormatingManager;8;0.5;0.5
tvbrowser.core.search.AbstractSearcher;7;1.0;1.0
tvbrowser.core.tvdataservice.AbstractTvDataServiceProxy;7;1.0;1.0
tvbrowser.core.tvdataservice.ChannelGroupManager;10;0.3333333333333333;0.6666666666666666
tvbrowser.core.tvdataservice.DefaultTvDataServiceProxy;23;0.7368421052631579;0.6842105263157895
tvbrowser.core.tvdataservice.TvDataServiceProxyManager;14;0.7;0.7
tvbrowser.extras.common.AbstractInternalPluginProxy;5;1.0;1.0
tvbrowser.extras.common.ChannelItem;5;0.0;1.0
tvbrowser.extras.common.LimitationConfiguration;12;0.875;0.75
tvbrowser.extras.favoritesplugin.ContextMenuProvider;11;0.5714285714285714;0.5714285714285714
tvbrowser.extras.favoritesplugin.FavoritesPlugin;58;0.5370370370370371;0.46296296296296297
tvbrowser.extras.favoritesplugin.FavoritesPluginProxy;20;0.5;0.5625
tvbrowser.extras.favoritesplugin.FavoritesSettingTab;5;0.0;1.0
tvbrowser.extras.favoritesplugin.core.ActorsFavorite;7;0.3333333333333333;0.6666666666666666
tvbrowser.extras.favoritesplugin.core.AdvancedFavorite;10;0.3333333333333333;0.6666666666666666
tvbrowser.extras.favoritesplugin.core.Exclusion;10;0.8333333333333334;0.8333333333333334
tvbrowser.extras.favoritesplugin.core.Favorite;53;0.7142857142857143;0.5510204081632653
tvbrowser.extras.favoritesplugin.dlgs.EditFavoriteDialog;15;0.5454545454545454;0.7272727272727273
tvbrowser.extras.favoritesplugin.dlgs.ExclusionPanel;5;1.0;1.0
tvbrowser.extras.favoritesplugin.dlgs.FavoriteNode;11;0.7142857142857143;0.5714285714285714
tvbrowser.extras.favoritesplugin.dlgs.FavoriteTree;24;0.6;0.6
tvbrowser.extras.favoritesplugin.dlgs.FavoriteTreeModel;28;0.4583333333333333;0.4583333333333333
tvbrowser.extras.favoritesplugin.dlgs.ManageFavoritesDialog;25;0.47619047619047616;0.6190476190476191
tvbrowser.extras.favoritesplugin.wizards.ExcludeWizardStep;11;0.7142857142857143;0.7142857142857143
tvbrowser.extras.favoritesplugin.wizards.FinishWizardStep;7;1.0;0.6666666666666666
tvbrowser.extras.favoritesplugin.wizards.LimitationsWizardStep;8;0.75;0.5
tvbrowser.extras.favoritesplugin.wizards.NotificationWizardStep;7;0.6666666666666666;1.0
tvbrowser.extras.favoritesplugin.wizards.RenameWizardStep;7;0.3333333333333333;1.0
tvbrowser.extras.favoritesplugin.wizards.TypeWizardStep;12;0.5;0.75
tvbrowser.extras.favoritesplugin.wizards.WizardDlg;13;0.6666666666666666;0.7777777777777778
tvbrowser.extras.favoritesplugin.wizards.WizardHandler;8;0.5;0.75
tvbrowser.extras.programinfo.ProgramInfo;26;0.7272727272727273;0.5454545454545454
tvbrowser.extras.programinfo.ProgramInfoDialog;16;0.4166666666666667;0.5833333333333334
tvbrowser.extras.programinfo.ProgramInfoProxy;10;0.5;0.6666666666666666
tvbrowser.extras.programinfo.ProgramInfoSettings;57;0.7169811320754716;0.4339622641509434
tvbrowser.extras.programinfo.ProgramInfoSettingsTab;6;0.5;1.0
tvbrowser.extras.reminderplugin.MinutesCellEditor;7;0.3333333333333333;1.0
tvbrowser.extras.reminderplugin.ReminderDialog;6;1.0;1.0
tvbrowser.extras.reminderplugin.ReminderFrame;10;0.5;0.6666666666666666
tvbrowser.extras.reminderplugin.ReminderList;26;0.8636363636363636;0.6818181818181818
tvbrowser.extras.reminderplugin.ReminderListDialog;8;0.75;1.0
tvbrowser.extras.reminderplugin.ReminderListItem;12;0.625;0.375
tvbrowser.extras.reminderplugin.ReminderPlugin;39;0.6;0.4857142857142857
tvbrowser.extras.reminderplugin.ReminderPluginProxy;19;0.6666666666666666;0.5333333333333333
tvbrowser.extras.reminderplugin.ReminderSettingsTab;6;0.5;1.0
tvbrowser.extras.reminderplugin.ReminderTableModel;10;0.6666666666666666;0.6666666666666666
tvbrowser.extras.searchplugin.SearchDialog;6;0.5;1.0
tvbrowser.extras.searchplugin.SearchPlugin;18;0.7857142857142857;0.5714285714285714
tvbrowser.extras.searchplugin.SearchPluginProxy;11;0.2857142857142857;0.5714285714285714
tvbrowser.ui.SkinPanel;6;0.5;1.0
tvbrowser.ui.aboutbox.AboutBox;5;0.0;1.0
tvbrowser.ui.configassistant.AbstractCardPanel;10;0.16666666666666666;0.8333333333333334
tvbrowser.ui.configassistant.ConfigAssistant;8;0.25;0.75
tvbrowser.ui.configassistant.TvBrowserPictureSettingsUpdateDialog;5;0.0;1.0
tvbrowser.ui.filter.dlgs.EditFilterComponentDlg;8;0.75;1.0
tvbrowser.ui.filter.dlgs.EditFilterDlg;8;1.0;0.75
tvbrowser.ui.filter.dlgs.SelectFilterDlg;5;0.0;1.0
tvbrowser.ui.finder.AbstractDateSelector;17;0.6923076923076923;0.6153846153846154
tvbrowser.ui.finder.FinderItem;10;1.0;0.6666666666666666
tvbrowser.ui.finder.calendar.AbstractCalendarPanel;8;1.0;0.75
tvbrowser.ui.finder.calendar.CalendarTableModel;8;1.0;0.5
tvbrowser.ui.mainframe.ChannelChooserPanel;6;0.0;1.0
tvbrowser.ui.mainframe.MainFrame;111;0.719626168224299;0.48598130841121495
tvbrowser.ui.mainframe.MenuBar;41;0.5405405405405406;0.4864864864864865
tvbrowser.ui.mainframe.PeriodItem;5;1.0;1.0
tvbrowser.ui.mainframe.SoftwareUpdater;5;1.0;1.0
tvbrowser.ui.mainframe.TimeChooserPanel;9;0.8;0.8
tvbrowser.ui.mainframe.searchfield.SearchField;10;0.3333333333333333;0.6666666666666666
tvbrowser.ui.mainframe.searchfield.SearchFilter;7;0.3333333333333333;1.0
tvbrowser.ui.mainframe.toolbar.ContextMenu;6;1.0;1.0
tvbrowser.ui.mainframe.toolbar.DefaultToolBarModel;27;0.6521739130434783;0.5217391304347826
tvbrowser.ui.mainframe.toolbar.ToolBar;24;0.8;0.55
tvbrowser.ui.pluginview.Node;18;0.7142857142857143;0.35714285714285715
tvbrowser.ui.pluginview.PluginTree;20;0.5625;0.5625
tvbrowser.ui.pluginview.PluginTreeModel;11;0.7142857142857143;0.8571428571428571
tvbrowser.ui.pluginview.PluginView;13;0.6666666666666666;0.6666666666666666
tvbrowser.ui.pluginview.contextmenu.AbstractContextMenu;7;1.0;0.6666666666666666
tvbrowser.ui.pluginview.contextmenu.PluginContextMenu;6;1.0;1.0
tvbrowser.ui.programtable.DefaultProgramTableModel;31;0.5185185185185185;0.5185185185185185
tvbrowser.ui.programtable.ProgramTable;67;0.746031746031746;0.38095238095238093
tvbrowser.ui.programtable.ProgramTableScrollPane;31;0.7407407407407407;0.5925925925925926
tvbrowser.ui.settings.BlockedPlugin;9;0.6;0.8
tvbrowser.ui.settings.BlockedPluginArrayProperty;10;0.6666666666666666;0.8333333333333334
tvbrowser.ui.settings.ChannelsSettingsTab;26;0.7727272727272727;0.6818181818181818
tvbrowser.ui.settings.ConfigDataServiceSettingsTab;5;1.0;1.0
tvbrowser.ui.settings.ConfigPluginSettingsTab;7;0.3333333333333333;0.6666666666666666
tvbrowser.ui.settings.ContextmenuSettingsTab;6;0.5;1.0
tvbrowser.ui.settings.FontsSettingsTab;5;0.0;1.0
tvbrowser.ui.settings.GlobalPluginProgramFormatingSettings;5;1.0;1.0
tvbrowser.ui.settings.LookAndFeelSettingsTab;8;0.5;0.75
tvbrowser.ui.settings.MausSettingsTab;5;0.0;1.0
tvbrowser.ui.settings.PictureSettingsTab;9;0.4;1.0
tvbrowser.ui.settings.PluginSettingsTab;18;0.42857142857142855;0.5
tvbrowser.ui.settings.ProgramPanelSettingsTab;9;0.8;0.6
tvbrowser.ui.settings.ProgramTableSettingsTab;10;0.5;0.5
tvbrowser.ui.settings.SettingsDialog;20;0.375;0.5
tvbrowser.ui.settings.StartupSettingsTab;7;0.6666666666666666;0.6666666666666666
tvbrowser.ui.settings.ToolBarDragAndDropSettings;26;0.5909090909090909;0.4090909090909091
tvbrowser.ui.settings.TrayBaseSettingsTab;5;1.0;1.0
tvbrowser.ui.settings.TrayImportantSettingsTab;6;0.0;1.0
tvbrowser.ui.settings.TrayNowSettingsTab;6;0.0;1.0
tvbrowser.ui.settings.TrayOnTimeSettingsTab;7;0.3333333333333333;1.0
tvbrowser.ui.settings.TrayProgramsChannelsSettingsTab;10;0.5;0.6666666666666666
tvbrowser.ui.settings.TraySoonSettingsTab;6;0.0;1.0
tvbrowser.ui.settings.WebbrowserSettingsTab;5;0.0;1.0
tvbrowser.ui.settings.channel.AvailableChannelsTableModel;7;0.6666666666666666;1.0
tvbrowser.ui.settings.channel.ChannelConfigDlg;9;0.4;0.6
tvbrowser.ui.settings.channel.ChannelListModel;6;0.0;1.0
tvbrowser.ui.settings.channel.MultiChannelConfigDlg;5;0.0;1.0
tvbrowser.ui.settings.looksSettings.SkinLNFSettings;6;0.0;1.0
tvbrowser.ui.settings.tablebackgroundstyles.DayTimeBackgroundStyle;6;0.5;1.0
tvbrowser.ui.settings.tablebackgroundstyles.SingleColorBackgroundStyle;6;0.5;1.0
tvbrowser.ui.settings.tablebackgroundstyles.SingleImageBackgroundStyle;6;0.5;1.0
tvbrowser.ui.settings.tablebackgroundstyles.TimeBlockBackgroundStyle;7;0.6666666666666666;0.6666666666666666
tvbrowser.ui.settings.util.ColorLabel;5;1.0;1.0
tvbrowser.ui.tray.Java6Tray;11;0.7142857142857143;0.5714285714285714
tvbrowser.ui.tray.ProgramMenuItem;12;0.375;0.75
tvbrowser.ui.tray.SystemTray;26;0.5;0.4090909090909091
tvbrowser.ui.update.SoftwareUpdateDlg;5;0.0;1.0
tvbrowser.ui.update.SoftwareUpdateItem;19;0.7333333333333333;0.6
tvbrowserdataservice.TvBrowserDataService;35;0.7096774193548387;0.5161290322580645
tvbrowserdataservice.TvBrowserDataServiceChannelGroup;21;0.5294117647058824;0.5294117647058824
tvbrowserdataservice.TvBrowserDataServiceSettings;9;0.8;0.8
tvbrowserdataservice.TvBrowserDataServiceSettingsPanel;9;0.8;0.8
tvbrowserdataservice.TvDataBaseUpdater;5;1.0;1.0
tvbrowserdataservice.file.ChannelList;10;0.6666666666666666;0.8333333333333334
tvbrowserdataservice.file.DayProgramFile;34;0.7;0.4
tvbrowserdataservice.file.ProgramField;26;0.5;0.5909090909090909
tvbrowserdataservice.file.ProgramFrame;15;0.7272727272727273;0.6363636363636364
tvbrowserdataservice.file.SummaryFile;9;0.6;0.6
tvdataservice.MarkedProgramsList;10;0.5;0.6666666666666666
tvdataservice.MutableChannelDayProgram;14;0.8;0.7
tvdataservice.MutableProgram;65;0.7377049180327869;0.39344262295081966
tvraterplugin.Database;13;0.8888888888888888;0.6666666666666666
tvraterplugin.DialogOverview;6;1.0;1.0
tvraterplugin.DialogRating;8;1.0;1.0
tvraterplugin.Rating;25;0.7142857142857143;0.5714285714285714
tvraterplugin.TVRaterFilter;7;0.3333333333333333;0.6666666666666666
tvraterplugin.TVRaterFilterAllCategories;7;0.3333333333333333;1.0
tvraterplugin.TVRaterPlugin;39;0.8571428571428571;0.5142857142857142
tvraterplugin.TVRaterSettings;8;0.25;1.0
tvraterplugin.Updater;12;0.625;0.5
util.browserlauncher.BrowserLauncher;8;1.0;0.75
util.exc.ErrorWindow;8;0.25;1.0
util.i18n.WritingConversion;5;0.0;1.0
util.io.BufferedRandomAccessFile;7;0.6666666666666666;1.0
util.io.CheckNetworkConnection;5;1.0;1.0
util.io.DownloadManager;6;0.5;1.0
util.io.ExecutionHandler;12;0.875;0.875
util.io.IOUtilities;35;0.8064516129032258;0.41935483870967744
util.io.Mirror;15;0.6363636363636364;0.6363636363636364
util.io.NtpMessage;7;0.6666666666666666;1.0
util.io.XMLWriter;5;0.0;1.0
util.io.stream.StreamUtilities;24;0.6;0.5
util.misc.AbstractXmlTvDataHandler;19;0.7333333333333333;0.6666666666666666
util.misc.OperatingSystem;6;0.5;1.0
util.misc.SoftReferenceCache;6;1.0;1.0
util.misc.TextLineBreakerStringWidth;11;0.5714285714285714;0.5714285714285714
util.paramhandler.ParamInputField;5;1.0;1.0
util.paramhandler.ParamLibrary;17;0.7692307692307693;0.46153846153846156
util.paramhandler.ParamParser;11;0.5714285714285714;0.8571428571428571
util.program.AbstractPluginProgramFormating;16;0.5833333333333334;0.5833333333333334
util.program.CompoundedProgramFieldType;5;1.0;1.0
util.program.LocalPluginProgramFormating;5;1.0;1.0
util.program.ProgramTextCreator;22;0.5555555555555556;0.5
util.settings.ChoiceProperty;5;0.0;1.0
util.settings.ProgramPanelSettings;16;0.5;0.4166666666666667
util.settings.Property;7;1.0;1.0
util.settings.PropertyBasedSettings;13;0.2222222222222222;0.6666666666666666
util.settings.PropertyManager;10;1.0;0.6666666666666666
util.settings.StringArrayProperty;12;0.75;0.5
util.settings.StringProperty;7;0.0;1.0
util.tvdataservice.IconLoader;5;1.0;1.0
util.ui.AlphaColorChooser;10;0.3333333333333333;0.6666666666666666
util.ui.AutoCompletion;7;0.3333333333333333;0.6666666666666666
util.ui.CaretPositionCorrector;7;0.3333333333333333;1.0
util.ui.ChannelLabel;9;0.6;0.8
util.ui.ColorButton;6;1.0;1.0
util.ui.CreditsScrollerPanel;5;0.0;1.0
util.ui.DefaultMarkingPrioritySelectionPanel;9;0.8;0.8
util.ui.DefaultProgramImportanceSelectionPanel;5;1.0;1.0
util.ui.DisclosureTriangle;13;0.4444444444444444;0.3333333333333333
util.ui.DontShowAgainMessageBox;5;1.0;1.0
util.ui.DontShowAgainOptionBox;6;1.0;1.0
util.ui.EnhancedPanelBuilder;5;0.0;1.0
util.ui.ExecuteSettingsDialog;7;0.6666666666666666;1.0
util.ui.FileCheckBox;11;0.42857142857142855;0.42857142857142855
util.ui.GridFlowLayout;6;0.5;1.0
util.ui.HelpDialog;10;0.5;0.8333333333333334
util.ui.ImageUtilities;6;1.0;1.0
util.ui.LineNumberHeader;6;0.5;1.0
util.ui.LinkButton;5;1.0;1.0
util.ui.ListDragAndDropHandler;7;0.3333333333333333;1.0
util.ui.Localizer;23;0.5789473684210527;0.5263157894736842
util.ui.MultipleFieldReader;6;1.0;1.0
util.ui.OrderChooser;21;0.5882352941176471;0.5882352941176471
util.ui.PluginChooserDlg;5;0.0;1.0
util.ui.PooledLocalizer;8;1.0;1.0
util.ui.PopupButton;6;0.5;1.0
util.ui.ProgramPanel;44;0.925;0.625
util.ui.ScrollableJPanel;5;0.0;1.0
util.ui.SearchForm;17;0.6923076923076923;0.5384615384615384
util.ui.SearchFormSettings;19;0.7333333333333333;0.5333333333333333
util.ui.SearchHelper;7;1.0;1.0
util.ui.SingleAndDoubleClickTreeUI;7;0.6666666666666666;1.0
util.ui.TVBrowserIcons;30;0.8846153846153846;0.7307692307692307
util.ui.TabLayout;8;0.5;0.75
util.ui.TextAreaIcon;9;0.4;0.6
util.ui.TimePeriodChooser;7;1.0;0.6666666666666666
util.ui.UiUtilities;27;0.8695652173913043;0.4782608695652174
util.ui.beanshell.SyntaxDocument;24;0.65;0.55
util.ui.customizableitems.CustomizableItemsPanel;30;0.38461538461538464;0.38461538461538464
util.ui.customizableitems.SelectableItemList;21;0.5294117647058824;0.47058823529411764
util.ui.customizableitems.SelectableItemRenderer;5;0.0;1.0
util.ui.customizableitems.SortableItemList;18;0.7142857142857143;0.5
util.ui.findasyoutype.TextComponentFindAction;19;0.7333333333333333;0.4666666666666667
util.ui.html.ExtendedHTMLDocument;5;0.0;1.0
util.ui.login.LoginDialog;6;0.5;1.0
util.ui.progress.ProgressInputStream;6;1.0;0.5
util.ui.table.TableSorter;26;0.7727272727272727;0.4090909090909091
util.ui.view.Node;11;0.7142857142857143;0.8571428571428571
util.ui.view.SplitView;5;0.0;1.0
util.ui.view.SplitViewProperty;11;0.7142857142857143;0.5714285714285714
webplugin.WebAddress;15;0.5454545454545454;0.5454545454545454
webplugin.WebAddressEditDialog;5;1.0;1.0
webplugin.WebPlugin;23;0.7894736842105263;0.42105263157894735
webplugin.WebSettingsTab;12;0.5;0.625
