file;entities;metric;metric_random
wicket.AccessStackPageMap;12;0.625;0.875
wicket.AttributeModifier;10;0.6666666666666666;0.8333333333333334
wicket.Localizer;9;0.8;1.0
wicket.MarkupContainer;42;0.6052631578947368;0.3684210526315789
wicket.Page;51;0.5957446808510638;0.48936170212765956
wicket.Request;11;0.42857142857142855;0.5714285714285714
wicket.Resource;10;0.16666666666666666;0.5
wicket.ResourceReference;12;0.125;0.75
wicket.Response;16;0.5833333333333334;0.5833333333333334
wicket.ajax.AbstractAjaxTimerBehavior;5;1.0;1.0
wicket.ajax.AbstractDefaultAjaxBehavior;10;0.8333333333333334;0.8333333333333334
wicket.ajax.AjaxEventBehavior;8;0.75;0.75
wicket.ajax.calldecorator.AjaxPostprocessingCallDecorator;6;0.0;1.0
wicket.ajax.calldecorator.AjaxPreprocessingCallDecorator;6;0.0;1.0
wicket.ajax.form.AjaxFormComponentUpdatingBehavior;7;1.0;1.0
wicket.ajax.markup.html.form.AjaxSubmitButton;6;0.5;1.0
wicket.ajax.markup.html.form.AjaxSubmitLink;5;1.0;1.0
wicket.behavior.AbstractAjaxBehavior;11;0.2857142857142857;0.7142857142857143
wicket.behavior.AbstractBehavior;9;1.0;0.8
wicket.feedback.FeedbackMessage;14;0.8;0.7
wicket.feedback.FeedbackMessages;20;0.5625;0.5625
wicket.feedback.FeedbackMessagesModel;9;0.6;0.6
wicket.markup.ComponentTag;66;0.6612903225806451;0.46774193548387094
wicket.markup.ContainerInfo;6;0.0;1.0
wicket.markup.Markup;21;0.8235294117647058;0.47058823529411764
wicket.markup.MarkupCache;14;0.6;0.6
wicket.markup.MarkupFragment;12;0.25;0.75
wicket.markup.MarkupParser;13;0.7777777777777778;0.6666666666666666
wicket.markup.MarkupResourceStream;12;0.5;0.75
wicket.markup.MarkupStream;31;0.5185185185185185;0.48148148148148145
wicket.markup.RawMarkup;5;0.0;1.0
wicket.markup.html.BodyContainer;5;1.0;1.0
wicket.markup.html.PackageResourceGuard;5;1.0;1.0
wicket.markup.html.PackageResourceReference;6;0.5;1.0
wicket.markup.html.WebMarkupContainerWithAssociatedMarkup;5;0.0;1.0
wicket.markup.html.WebPage;12;0.25;0.5
wicket.markup.html.border.Border;9;0.6;1.0
wicket.markup.html.form.AbstractChoice;12;0.875;0.75
wicket.markup.html.form.AbstractSingleSelectChoice;6;0.5;1.0
wicket.markup.html.form.AbstractTextComponent;5;0.0;1.0
wicket.markup.html.form.Button;10;0.3333333333333333;0.5
wicket.markup.html.form.CheckBox;7;0.6666666666666666;1.0
wicket.markup.html.form.CheckBoxMultipleChoice;5;1.0;1.0
wicket.markup.html.form.CheckGroup;7;1.0;1.0
wicket.markup.html.form.DropDownChoice;5;0.0;1.0
wicket.markup.html.form.Form;50;0.5434782608695652;0.45652173913043476
wicket.markup.html.form.FormComponent;51;0.46808510638297873;0.46808510638297873
wicket.markup.html.form.PasswordTextField;6;0.0;0.5
wicket.markup.html.form.RadioChoice;9;0.8;0.6
wicket.markup.html.form.RadioGroup;6;1.0;1.0
wicket.markup.html.form.persistence.CookieValuePersister;12;0.75;0.75
wicket.markup.html.form.persistence.CookieValuePersisterSettings;10;1.0;0.6666666666666666
wicket.markup.html.form.upload.FileUpload;8;0.25;0.75
wicket.markup.html.form.upload.FileUploadField;7;0.3333333333333333;0.6666666666666666
wicket.markup.html.form.validation.AbstractValidator;6;0.5;1.0
wicket.markup.html.form.validation.DateValidator;5;1.0;1.0
wicket.markup.html.form.validation.NumberValidator;8;0.25;0.75
wicket.markup.html.form.validation.PatternValidator;5;0.0;1.0
wicket.markup.html.form.validation.StringValidator;6;1.0;1.0
wicket.markup.html.image.Image;10;0.3333333333333333;1.0
wicket.markup.html.image.resource.DynamicImageResource;6;0.5;1.0
wicket.markup.html.image.resource.LocalizedImageResource;10;0.8333333333333334;0.5
wicket.markup.html.image.resource.RenderedDynamicImageResource;10;0.3333333333333333;0.6666666666666666
wicket.markup.html.include.Include;6;0.5;1.0
wicket.markup.html.internal.HeaderResponse;7;0.6666666666666666;1.0
wicket.markup.html.internal.HtmlHeaderContainer;6;0.5;1.0
wicket.markup.html.link.BookmarkablePageLink;10;0.6666666666666666;0.6666666666666666
wicket.markup.html.link.Link;21;0.23529411764705882;0.5882352941176471
wicket.markup.html.link.PopupSettings;10;0.6666666666666666;0.8333333333333334
wicket.markup.html.list.ListItemModel;5;1.0;1.0
wicket.markup.html.list.ListView;19;0.6;0.6
wicket.markup.html.list.Loop;6;0.0;1.0
wicket.markup.html.list.PageableListView;8;0.5;0.75
wicket.markup.html.navigation.paging.PagingNavigation;13;0.7777777777777778;0.7777777777777778
wicket.markup.html.navigation.paging.PagingNavigationIncrementLink;5;1.0;1.0
wicket.markup.html.navigation.paging.PagingNavigationLink;5;1.0;1.0
wicket.markup.html.pages.BrowserInfoPage;5;1.0;1.0
wicket.markup.html.panel.FeedbackPanel;16;0.5;0.5833333333333334
wicket.markup.html.panel.Fragment;7;1.0;0.6666666666666666
wicket.markup.html.tree.DefaultAbstractTree;17;0.7692307692307693;0.5384615384615384
wicket.markup.html.tree.DefaultTreeState;12;0.25;0.75
wicket.markup.html.tree.table.AbstractColumn;6;0.5;1.0
wicket.markup.html.tree.table.AbstractRenderableColumn;7;0.0;1.0
wicket.markup.html.tree.table.PropertyRenderableColumn;6;0.0;0.5
wicket.markup.html.tree.table.PropertyTreeColumn;5;0.0;1.0
wicket.markup.html.tree.table.SideColumnsView;6;0.5;1.0
wicket.markup.loader.InheritedMarkupMarkupLoader;7;0.6666666666666666;0.6666666666666666
wicket.markup.markupFinder.DefaultMarkupFinder;5;1.0;1.0
wicket.markup.parser.XmlPullParser;15;0.7272727272727273;0.6363636363636364
wicket.markup.parser.XmlTag;35;0.4838709677419355;0.5161290322580645
wicket.markup.transformer.AbstractOutputTransformerContainer;7;0.3333333333333333;1.0
wicket.markup.transformer.AbstractTransformerBehavior;6;0.5;1.0
wicket.model.AbstractDetachableAssignmentAwareModel;14;0.6;0.7
wicket.model.AbstractDetachableInheritableModel;14;0.6;0.5
wicket.model.AbstractDetachableModel;13;0.4444444444444444;0.5555555555555556
wicket.model.AbstractModel;5;1.0;1.0
wicket.model.AbstractPropertyAssignmentAwareModel;9;0.6;0.8
wicket.model.AbstractPropertyInheritableModel;9;0.6;1.0
wicket.model.BoundCompoundPropertyModel;8;0.25;0.75
wicket.model.LoadableDetachableModel;7;0.3333333333333333;0.6666666666666666
wicket.model.Model;7;1.0;1.0
wicket.model.StringResourceModel;10;0.16666666666666666;0.6666666666666666
wicket.protocol.http.AbstractHttpSessionStore;11;0.5714285714285714;1.0
wicket.protocol.http.BufferedHttpServletResponse;42;0.7368421052631579;0.5
wicket.protocol.http.BufferedWebResponse;6;1.0;1.0
wicket.protocol.http.ClientPageSavingSessionStore;8;0.5;0.75
wicket.protocol.http.ClientProperties;9;0.4;1.0
wicket.protocol.http.FilePageStore;5;0.0;1.0
wicket.protocol.http.HttpSessionStore;6;0.0;1.0
wicket.protocol.http.MockHttpServletRequest;65;0.6557377049180327;0.5081967213114754
wicket.protocol.http.MockHttpServletResponse;43;0.717948717948718;0.5641025641025641
wicket.protocol.http.MockHttpSession;18;0.5;0.7142857142857143
wicket.protocol.http.MockServletContext;26;0.8181818181818182;0.5909090909090909
wicket.protocol.http.MockWebApplication;21;0.5882352941176471;0.5882352941176471
wicket.protocol.http.RequestLogger;13;0.7777777777777778;0.4444444444444444
wicket.protocol.http.WebRequest;11;0.7142857142857143;0.5714285714285714
wicket.protocol.http.WebResponse;19;0.7333333333333333;0.6666666666666666
wicket.protocol.http.WebSession;8;0.25;0.75
wicket.protocol.http.WicketFilter;10;0.3333333333333333;0.8333333333333334
wicket.protocol.http.WicketServlet;5;1.0;1.0
wicket.protocol.http.documentvalidation.HtmlDocumentParser;8;0.25;1.0
wicket.protocol.http.documentvalidation.HtmlDocumentValidator;10;0.3333333333333333;0.8333333333333334
wicket.protocol.http.documentvalidation.Tag;8;0.25;0.75
wicket.protocol.http.portlet.PortletApplication;18;0.5714285714285714;0.6428571428571429
wicket.protocol.http.portlet.PortletPage;8;0.0;0.75
wicket.protocol.http.portlet.PortletRequestCodingStrategy;21;0.6470588235294118;0.5294117647058824
wicket.protocol.http.portlet.PortletRequestCycle;5;1.0;1.0
wicket.protocol.http.portlet.PortletSessionStore;18;0.42857142857142855;0.5
wicket.protocol.http.portlet.WicketPortlet;5;1.0;1.0
wicket.protocol.http.portlet.WicketPortletRequest;9;0.8;1.0
wicket.protocol.http.portlet.WicketPortletResponse;6;0.5;1.0
wicket.protocol.http.request.AbstractWebRequestCodingStrategy;12;0.625;0.625
wicket.protocol.http.request.CryptedUrlWebRequestCodingStrategy;11;0.7142857142857143;0.7142857142857143
wicket.protocol.http.request.WebClientInfo;6;0.5;1.0
wicket.protocol.http.request.WebErrorCodeResponseTarget;8;0.75;1.0
wicket.protocol.http.request.WebExternalResourceRequestTarget;7;0.3333333333333333;1.0
wicket.protocol.http.request.WebRequestCodingStrategy;7;0.3333333333333333;0.6666666666666666
wicket.protocol.http.request.urlcompressing.URLCompressor;5;1.0;1.0
wicket.protocol.http.servlet.MultipartServletWebRequest;10;0.8333333333333334;0.6666666666666666
wicket.protocol.http.servlet.ServletWebRequest;12;0.75;0.75
wicket.request.RequestParameters;22;0.7777777777777778;0.5555555555555556
wicket.request.compound.AbstractCompoundRequestCycleProcessor;8;0.5;0.75
wicket.request.compound.CompoundRequestCycleProcessor;10;0.0;0.6666666666666666
wicket.request.target.basic.EmptyRequestTarget;7;0.6666666666666666;0.6666666666666666
wicket.request.target.basic.StringRequestTarget;7;1.0;0.6666666666666666
wicket.request.target.coding.AbstractRequestTargetUrlCodingStrategy;5;0.0;1.0
wicket.request.target.component.BookmarkablePageRequestTarget;13;0.5555555555555556;0.5555555555555556
wicket.request.target.component.ComponentRequestTarget;7;1.0;0.6666666666666666
wicket.request.target.component.PageRequestTarget;7;0.0;1.0
wicket.request.target.component.listener.AbstractListenerInterfaceRequestTarget;7;1.0;1.0
wicket.request.target.resource.ComponentResourceRequestTarget;6;0.5;1.0
wicket.request.target.resource.ResourceStreamRequestTarget;9;0.2;1.0
wicket.request.target.resource.SharedResourceRequestTarget;8;0.25;0.75
wicket.resource.PropertiesFactory;7;0.3333333333333333;0.3333333333333333
wicket.response.StringResponse;5;0.0;1.0
wicket.settings.Settings;97;0.4946236559139785;0.4946236559139785
wicket.util.collections.ArrayListStack;5;1.0;1.0
wicket.util.collections.MicroMap;13;0.6666666666666666;0.5555555555555556
wicket.util.collections.MiniMap;19;0.6;0.5333333333333333
wicket.util.convert.ConversionException;10;0.16666666666666666;0.8333333333333334
wicket.util.convert.converters.DateConverter;5;1.0;1.0
wicket.util.crypt.AbstractCrypt;9;0.6;0.6
wicket.util.crypt.Base64;12;0.625;0.5
wicket.util.crypt.Base64UrlSafe;10;0.6666666666666666;0.6666666666666666
wicket.util.crypt.NoCrypt;5;1.0;1.0
wicket.util.diff.AddDelta;5;1.0;1.0
wicket.util.diff.ChangeDelta;5;1.0;1.0
wicket.util.diff.Chunk;17;0.7692307692307693;0.46153846153846156
wicket.util.diff.DeleteDelta;5;1.0;1.0
wicket.util.diff.Diff;13;0.7777777777777778;0.5555555555555556
wicket.util.diff.Revision;12;1.0;0.625
wicket.util.diff.ToString;5;1.0;1.0
wicket.util.file.File;5;1.0;1.0
wicket.util.file.Files;5;1.0;1.0
wicket.util.file.Folder;8;0.25;0.75
wicket.util.file.Path;6;0.5;1.0
wicket.util.io.ByteArrayOutputStream;11;0.5714285714285714;0.5714285714285714
wicket.util.io.DeferredFileOutputStream;5;0.0;1.0
wicket.util.io.FullyBufferedReader;15;0.6363636363636364;0.5454545454545454
wicket.util.io.IOUtils;33;0.9310344827586207;0.5172413793103449
wicket.util.io.StringBufferWriter;10;0.6666666666666666;0.6666666666666666
wicket.util.io.ThresholdingOutputStream;11;0.5714285714285714;0.7142857142857143
wicket.util.io.XmlReader;8;0.25;0.75
wicket.util.lang.Bytes;20;0.5625;0.5625
wicket.util.lang.Objects;22;0.3888888888888889;0.5
wicket.util.lang.Packages;6;1.0;1.0
wicket.util.lang.PropertyResolver;7;1.0;1.0
wicket.util.parse.metapattern.MetaPattern;7;0.6666666666666666;1.0
wicket.util.resource.AbstractResourceStream;5;0.0;1.0
wicket.util.resource.AbstractStringResourceStream;6;0.5;0.5
wicket.util.resource.FileResourceStream;7;0.3333333333333333;1.0
wicket.util.resource.StringBufferResourceStream;6;1.0;1.0
wicket.util.resource.TextTemplateDecorator;17;0.6153846153846154;0.5384615384615384
wicket.util.resource.UrlResourceStream;8;0.25;0.75
wicket.util.resource.locator.CompoundResourceStreamLocator;6;1.0;1.0
wicket.util.string.AbstractStringList;10;0.6666666666666666;0.6666666666666666
wicket.util.string.AppendingStringBuffer;56;0.9230769230769231;0.46153846153846156
wicket.util.string.JavascriptUtils;11;0.8571428571428571;0.5714285714285714
wicket.util.string.PrependingStringBuffer;5;1.0;1.0
wicket.util.string.Strings;31;0.7407407407407407;0.6666666666666666
wicket.util.tester.ExternalPageViewer;7;0.3333333333333333;1.0
wicket.util.tester.FormTester;9;0.4;0.6
wicket.util.tester.TagTester;10;0.8333333333333334;1.0
wicket.util.tester.WicketTester;35;0.7741935483870968;0.5161290322580645
wicket.util.thread.Task;7;0.0;1.0
wicket.util.time.AbstractTime;5;1.0;1.0
wicket.util.upload.DiskFileItem;21;0.7058823529411765;0.5882352941176471
wicket.util.upload.DiskFileItemFactory;5;1.0;1.0
wicket.util.upload.MultipartFormInputStream;13;0.5555555555555556;0.6666666666666666
wicket.util.upload.ParameterParser;10;1.0;0.5
wicket.util.value.CopyOnWriteValueMap;30;0.6923076923076923;0.46153846153846156
wicket.util.value.IntValue;8;0.75;1.0
wicket.util.value.LongValue;8;0.75;0.75
wicket.util.value.ValueMap;23;0.631578947368421;0.47368421052631576
wicket.version.undo.ChangeList;6;0.5;1.0
wicket.version.undo.UndoPageVersionManager;11;0.7142857142857143;0.7142857142857143
