file;entities;metric;metric_random
com.puppycrawl.tools.checkstyle.CheckStyleTask;36;0.90625;0.59375
com.puppycrawl.tools.checkstyle.Checker;39;0.8857142857142857;0.6
com.puppycrawl.tools.checkstyle.ConfigurationLoader;23;0.8;0.75
com.puppycrawl.tools.checkstyle.DefaultConfiguration;14;1.0;0.75
com.puppycrawl.tools.checkstyle.DefaultLogger;14;1.0;0.9090909090909091
com.puppycrawl.tools.checkstyle.PackageNamesLoader;13;0.7;0.9
com.puppycrawl.tools.checkstyle.PropertyCacheFile;13;0.7272727272727273;0.8181818181818182
com.puppycrawl.tools.checkstyle.StringArrayReader;12;0.7;1.0
com.puppycrawl.tools.checkstyle.TreeWalker;31;0.8571428571428571;0.6785714285714286
com.puppycrawl.tools.checkstyle.XMLLogger;15;0.8461538461538461;0.7692307692307693
com.puppycrawl.tools.checkstyle.api.AbstractFileSetCheck;17;0.6153846153846154;0.6153846153846154
com.puppycrawl.tools.checkstyle.api.AbstractViolationReporter;13;0.8888888888888888;0.6666666666666666
com.puppycrawl.tools.checkstyle.api.AuditEvent;14;1.0;0.8333333333333334
com.puppycrawl.tools.checkstyle.api.Check;27;0.9565217391304348;0.7391304347826086
com.puppycrawl.tools.checkstyle.api.Comment;13;1.0;0.8
com.puppycrawl.tools.checkstyle.api.DetailAST;27;0.7916666666666666;0.5
com.puppycrawl.tools.checkstyle.api.FastStack;11;1.0;1.0
com.puppycrawl.tools.checkstyle.api.FileContents;22;0.9;0.7
com.puppycrawl.tools.checkstyle.api.FullIdent;13;0.7;0.7
com.puppycrawl.tools.checkstyle.api.LocalizedMessage;30;0.9259259259259259;0.5185185185185185
com.puppycrawl.tools.checkstyle.api.ScopeUtils;10;1.0;1.0
com.puppycrawl.tools.checkstyle.api.SeverityLevelCounter;10;1.0;0.875
com.puppycrawl.tools.checkstyle.api.TokenTypes;165;0.9877300613496932;0.9693251533742331
com.puppycrawl.tools.checkstyle.api.Utils;15;1.0;0.9230769230769231
com.puppycrawl.tools.checkstyle.checks.AbstractFormatCheck;10;0.875;0.875
com.puppycrawl.tools.checkstyle.checks.AbstractTypeAwareCheck;29;0.72;0.56
com.puppycrawl.tools.checkstyle.checks.CheckUtils;17;0.7333333333333333;0.7333333333333333
com.puppycrawl.tools.checkstyle.checks.DescendantTokenCheck;21;0.8888888888888888;0.7222222222222222
com.puppycrawl.tools.checkstyle.checks.RegexpCheck;24;0.9523809523809523;0.6666666666666666
com.puppycrawl.tools.checkstyle.checks.TranslationCheck;11;0.875;0.75
com.puppycrawl.tools.checkstyle.checks.UncommentedMainCheck;19;0.9375;0.6875
com.puppycrawl.tools.checkstyle.checks.annotation.AnnotationUseStyleCheck;19;0.875;0.6875
com.puppycrawl.tools.checkstyle.checks.annotation.MissingDeprecatedCheck;11;0.8888888888888888;0.8888888888888888
com.puppycrawl.tools.checkstyle.checks.annotation.MissingOverrideCheck;10;0.8571428571428571;0.7142857142857143
com.puppycrawl.tools.checkstyle.checks.annotation.SuppressWarningsCheck;13;0.9;0.8
com.puppycrawl.tools.checkstyle.checks.coding.FallThroughCheck;18;0.8;0.6
com.puppycrawl.tools.checkstyle.checks.coding.HiddenFieldCheck;21;0.9444444444444444;0.5555555555555556
com.puppycrawl.tools.checkstyle.checks.coding.IllegalInstantiationCheck;18;0.9333333333333333;0.6666666666666666
com.puppycrawl.tools.checkstyle.checks.coding.IllegalTypeCheck;22;0.8947368421052632;0.631578947368421
com.puppycrawl.tools.checkstyle.checks.coding.InnerAssignmentCheck;10;0.875;0.875
com.puppycrawl.tools.checkstyle.checks.coding.JUnitTestCaseCheck;14;0.9166666666666666;1.0
com.puppycrawl.tools.checkstyle.checks.coding.ModifiedControlVariableCheck;13;0.9090909090909091;0.6363636363636364
com.puppycrawl.tools.checkstyle.checks.coding.MultipleStringLiteralsCheck;13;0.6;0.7
com.puppycrawl.tools.checkstyle.checks.coding.ParameterAssignmentCheck;13;0.9090909090909091;0.8181818181818182
com.puppycrawl.tools.checkstyle.checks.coding.RequireThisCheck;11;0.875;0.75
com.puppycrawl.tools.checkstyle.checks.coding.ReturnCountCheck;14;0.7272727272727273;0.6363636363636364
com.puppycrawl.tools.checkstyle.checks.coding.UnnecessaryParenthesesCheck;13;0.9090909090909091;0.9090909090909091
com.puppycrawl.tools.checkstyle.checks.design.MutableExceptionCheck;12;0.8888888888888888;0.7777777777777778
com.puppycrawl.tools.checkstyle.checks.design.VisibilityModifierCheck;16;0.8461538461538461;0.7692307692307693
com.puppycrawl.tools.checkstyle.checks.duplicates.StrictDuplicateCodeCheck;28;0.88;0.76
com.puppycrawl.tools.checkstyle.checks.header.AbstractHeaderCheck;12;0.5;0.625
com.puppycrawl.tools.checkstyle.checks.imports.AccessResult;19;0.8125;0.625
com.puppycrawl.tools.checkstyle.checks.imports.Guard;11;0.8888888888888888;0.7777777777777778
com.puppycrawl.tools.checkstyle.checks.imports.ImportControlLoader;13;0.9090909090909091;0.9090909090909091
com.puppycrawl.tools.checkstyle.checks.imports.ImportOrderCheck;24;0.9523809523809523;0.7142857142857143
com.puppycrawl.tools.checkstyle.checks.imports.PkgControl;11;0.8888888888888888;0.7777777777777778
com.puppycrawl.tools.checkstyle.checks.imports.UnusedImportsCheck;12;0.8888888888888888;0.8888888888888888
com.puppycrawl.tools.checkstyle.checks.indentation.ArrayInitHandler;10;1.0;1.0
com.puppycrawl.tools.checkstyle.checks.indentation.BlockParentHandler;22;0.6111111111111112;0.8333333333333334
com.puppycrawl.tools.checkstyle.checks.indentation.ExpressionHandler;36;0.71875;0.5625
com.puppycrawl.tools.checkstyle.checks.indentation.HandlerFactory;10;0.8571428571428571;0.5714285714285714
com.puppycrawl.tools.checkstyle.checks.indentation.IndentationCheck;20;1.0;0.6470588235294118
com.puppycrawl.tools.checkstyle.checks.javadoc.HtmlTag;15;0.9166666666666666;0.5833333333333334
com.puppycrawl.tools.checkstyle.checks.javadoc.JavadocMethodCheck;47;0.9767441860465116;0.7441860465116279
com.puppycrawl.tools.checkstyle.checks.javadoc.JavadocStyleCheck;32;0.896551724137931;0.7586206896551724
com.puppycrawl.tools.checkstyle.checks.javadoc.JavadocTag;17;1.0;0.8
com.puppycrawl.tools.checkstyle.checks.javadoc.JavadocTypeCheck;21;0.9444444444444444;0.6111111111111112
com.puppycrawl.tools.checkstyle.checks.javadoc.TagParser;12;0.9;0.9
com.puppycrawl.tools.checkstyle.checks.javadoc.WriteTagCheck;13;0.8888888888888888;0.5555555555555556
com.puppycrawl.tools.checkstyle.checks.metrics.AbstractClassCouplingCheck;16;0.6666666666666666;0.6666666666666666
com.puppycrawl.tools.checkstyle.checks.metrics.AbstractComplexityCheck;20;0.75;0.5
com.puppycrawl.tools.checkstyle.checks.metrics.BooleanExpressionComplexityCheck;15;0.75;0.75
com.puppycrawl.tools.checkstyle.checks.metrics.JavaNCSSCheck;19;0.9375;0.5625
com.puppycrawl.tools.checkstyle.checks.metrics.NPathComplexityCheck;10;0.8571428571428571;0.7142857142857143
com.puppycrawl.tools.checkstyle.checks.naming.AbstractAccessControlNameCheck;15;0.9090909090909091;0.7272727272727273
com.puppycrawl.tools.checkstyle.checks.regexp.DetectorOptions;23;1.0;0.7142857142857143
com.puppycrawl.tools.checkstyle.checks.regexp.RegexpSinglelineJavaCheck;12;1.0;0.6666666666666666
com.puppycrawl.tools.checkstyle.checks.sizes.ExecutableStatementCountCheck;15;0.75;0.6666666666666666
com.puppycrawl.tools.checkstyle.doclets.CheckDocsDoclet;10;0.75;0.75
com.puppycrawl.tools.checkstyle.filters.SuppressElement;19;1.0;0.5625
com.puppycrawl.tools.checkstyle.filters.SuppressWithNearbyCommentFilter;27;0.96;0.72
com.puppycrawl.tools.checkstyle.filters.SuppressionCommentFilter;27;0.96;0.72
com.puppycrawl.tools.checkstyle.filters.SuppressionsLoader;11;0.75;0.875
com.puppycrawl.tools.checkstyle.gui.AbstractCellEditor;10;1.0;0.8571428571428571
com.puppycrawl.tools.checkstyle.gui.AbstractTreeTableModel;16;0.9230769230769231;0.6923076923076923
com.puppycrawl.tools.checkstyle.gui.ParseTreeInfoPanel;10;0.875;0.75
com.puppycrawl.tools.checkstyle.gui.ParseTreeModel;11;0.25;0.625
com.puppycrawl.tools.checkstyle.gui.TreeTableModelAdapter;12;0.5;0.75
