file;entities;metric;metric_random
net.sourceforge.cobertura.ant.CheckTask;22;0.9473684210526315;0.6842105263157895
net.sourceforge.cobertura.ant.CommonMatchingTask;22;0.7222222222222222;0.5
net.sourceforge.cobertura.ant.InstrumentTask;23;0.85;0.55
net.sourceforge.cobertura.ant.ReportTask;12;1.0;0.8
net.sourceforge.cobertura.check.Main;16;0.8461538461538461;0.6153846153846154
net.sourceforge.cobertura.check.PackageCoverage;12;1.0;0.8
net.sourceforge.cobertura.coveragedata.ClassData;38;0.9444444444444444;0.8055555555555556
net.sourceforge.cobertura.coveragedata.CoverageDataContainer;18;0.7142857142857143;0.7857142857142857
net.sourceforge.cobertura.coveragedata.JumpData;20;0.6875;0.625
net.sourceforge.cobertura.coveragedata.LineData;42;0.8717948717948718;0.5128205128205128
net.sourceforge.cobertura.coveragedata.PackageData;12;1.0;0.9
net.sourceforge.cobertura.coveragedata.ProjectData;15;0.9230769230769231;0.9230769230769231
net.sourceforge.cobertura.coveragedata.SourceFileData;16;1.0;0.9285714285714286
net.sourceforge.cobertura.coveragedata.SwitchData;23;0.8;0.65
net.sourceforge.cobertura.coveragedata.TouchCollector;12;0.9;0.8
net.sourceforge.cobertura.instrument.ClassInstrumenter;16;0.8571428571428571;0.7857142857142857
net.sourceforge.cobertura.instrument.FirstPassMethodInstrumenter;32;1.0;0.5517241379310345
net.sourceforge.cobertura.instrument.Main;15;1.0;1.0
net.sourceforge.cobertura.instrument.SecondPassMethodInstrumenter;37;0.9428571428571428;0.6
net.sourceforge.cobertura.reporting.ComplexityCalculator;14;0.3333333333333333;0.6666666666666666
net.sourceforge.cobertura.reporting.Main;11;1.0;1.0
net.sourceforge.cobertura.reporting.html.HTMLReport;28;0.9615384615384616;1.0
net.sourceforge.cobertura.reporting.xml.XMLReport;27;0.9130434782608695;0.8260869565217391
net.sourceforge.cobertura.util.CommandLineBuilder;11;1.0;1.0
net.sourceforge.cobertura.util.FileFinder;11;0.5555555555555556;0.8888888888888888
