file;entities;metric;metric_random
net.sourceforge.cruisecontrol.BuildLoopInformation;12;1.0;0.8
net.sourceforge.cruisecontrol.BuildQueue;15;0.6666666666666666;0.75
net.sourceforge.cruisecontrol.Builder;22;0.9473684210526315;0.8421052631578947
net.sourceforge.cruisecontrol.CruiseControlConfig;42;0.8;0.7
net.sourceforge.cruisecontrol.CruiseControlController;36;0.6764705882352942;0.7352941176470589
net.sourceforge.cruisecontrol.GenericPluginDetail;11;0.8888888888888888;0.8888888888888888
net.sourceforge.cruisecontrol.Log;42;0.7105263157894737;0.5526315789473685
net.sourceforge.cruisecontrol.Main;44;0.6097560975609756;0.4634146341463415
net.sourceforge.cruisecontrol.Modification;42;0.95;0.725
net.sourceforge.cruisecontrol.ModificationSet;29;0.72;0.48
net.sourceforge.cruisecontrol.PluginRegistry;25;0.5454545454545454;0.6363636363636364
net.sourceforge.cruisecontrol.PluginType;38;0.9444444444444444;0.8888888888888888
net.sourceforge.cruisecontrol.PluginXMLHelper;11;0.625;0.75
net.sourceforge.cruisecontrol.ProgressImpl;10;0.8571428571428571;0.8571428571428571
net.sourceforge.cruisecontrol.Project;106;0.7254901960784313;0.43137254901960786
net.sourceforge.cruisecontrol.ProjectConfig;61;0.9310344827586207;0.6896551724137931
net.sourceforge.cruisecontrol.ProjectState;20;0.7777777777777778;0.7222222222222222
net.sourceforge.cruisecontrol.ProjectWrapper;10;0.75;0.875
net.sourceforge.cruisecontrol.ProjectXMLHelper;16;0.8571428571428571;0.7857142857142857
net.sourceforge.cruisecontrol.Schedule;44;0.65;0.425
net.sourceforge.cruisecontrol.bootstrappers.AccurevBootstrapper;13;0.8181818181818182;0.7272727272727273
net.sourceforge.cruisecontrol.bootstrappers.CMSynergyBaselineBootstrapper;21;1.0;0.7368421052631579
net.sourceforge.cruisecontrol.bootstrappers.CMSynergyBootstrapper;13;1.0;0.8181818181818182
net.sourceforge.cruisecontrol.bootstrappers.CVSBootstrapper;16;0.9230769230769231;0.6153846153846154
net.sourceforge.cruisecontrol.bootstrappers.ClearCaseBootstrapper;11;0.75;0.75
net.sourceforge.cruisecontrol.bootstrappers.ClearCaseViewstrapper;15;0.6666666666666666;0.8333333333333334
net.sourceforge.cruisecontrol.bootstrappers.DarcsBootstrapper;12;1.0;0.6666666666666666
net.sourceforge.cruisecontrol.bootstrappers.P4Bootstrapper;15;0.9230769230769231;0.8461538461538461
net.sourceforge.cruisecontrol.bootstrappers.PlasticSCMBootstrapper;15;1.0;0.6666666666666666
net.sourceforge.cruisecontrol.bootstrappers.SSCMBootstrapper;24;1.0;0.6666666666666666
net.sourceforge.cruisecontrol.bootstrappers.SVNBootstrapper;15;1.0;0.6666666666666666
net.sourceforge.cruisecontrol.bootstrappers.TFSBootstrapper;18;0.9333333333333333;0.7333333333333333
net.sourceforge.cruisecontrol.bootstrappers.VssBootstrapper;15;0.8333333333333334;0.75
net.sourceforge.cruisecontrol.builders.AbstractAntBuilderDelegate;26;0.9565217391304348;1.0
net.sourceforge.cruisecontrol.builders.AntBuilder;56;0.7884615384615384;0.4230769230769231
net.sourceforge.cruisecontrol.builders.AntScript;67;0.8125;0.546875
net.sourceforge.cruisecontrol.builders.CompositeBuilder;19;0.8823529411764706;0.7647058823529411
net.sourceforge.cruisecontrol.builders.ExecBuilder;25;0.7727272727272727;0.5454545454545454
net.sourceforge.cruisecontrol.builders.ExecScript;22;0.8947368421052632;0.6842105263157895
net.sourceforge.cruisecontrol.builders.Maven2Builder;38;0.47058823529411764;0.5588235294117647
net.sourceforge.cruisecontrol.builders.Maven2Script;27;0.9166666666666666;0.8333333333333334
net.sourceforge.cruisecontrol.builders.MavenBuilder;13;0.9;0.9
net.sourceforge.cruisecontrol.builders.MavenScript;20;0.8823529411764706;0.5882352941176471
net.sourceforge.cruisecontrol.builders.NantBuilder;34;0.7666666666666667;0.5333333333333333
net.sourceforge.cruisecontrol.builders.NantScript;26;0.9565217391304348;0.782608695652174
net.sourceforge.cruisecontrol.builders.PhingBuilder;37;0.7878787878787878;0.5454545454545454
net.sourceforge.cruisecontrol.builders.PhingScript;25;1.0;0.6956521739130435
net.sourceforge.cruisecontrol.builders.PipedExecBuilder;16;0.8461538461538461;0.6153846153846154
net.sourceforge.cruisecontrol.builders.RakeBuilder;19;0.9333333333333333;0.6
net.sourceforge.cruisecontrol.builders.RakeScript;20;0.8888888888888888;0.7777777777777778
net.sourceforge.cruisecontrol.builders.ScriptRunner;12;0.9;0.8
net.sourceforge.cruisecontrol.builders.XcodeBuilder;26;0.7391304347826086;0.4782608695652174
net.sourceforge.cruisecontrol.buildloggers.MergeLogger;15;0.6666666666666666;0.75
net.sourceforge.cruisecontrol.config.DashboardConfigurationPlugin;10;1.0;0.875
net.sourceforge.cruisecontrol.config.DefaultPropertiesPlugin;14;0.9090909090909091;0.45454545454545453
net.sourceforge.cruisecontrol.config.XMLConfigManager;15;0.7692307692307693;0.6923076923076923
net.sourceforge.cruisecontrol.gendoc.AttributeInfo;13;0.4444444444444444;0.7777777777777778
net.sourceforge.cruisecontrol.gendoc.MemberInfo;14;0.45454545454545453;0.5454545454545454
net.sourceforge.cruisecontrol.gendoc.PluginInfo;39;0.5714285714285714;0.5142857142857142
net.sourceforge.cruisecontrol.gendoc.PluginInfoParser;26;0.9583333333333334;0.875
net.sourceforge.cruisecontrol.gendoc.html.HtmlUtils;13;0.7;0.8
net.sourceforge.cruisecontrol.jmx.CruiseControlControllerAgent;19;0.7647058823529411;0.9411764705882353
net.sourceforge.cruisecontrol.jmx.CruiseControlControllerJMXAdaptor;39;0.8055555555555556;0.75
net.sourceforge.cruisecontrol.jmx.ProjectController;39;0.8108108108108109;0.7837837837837838
net.sourceforge.cruisecontrol.labelincrementers.DefaultLabelIncrementer;13;1.0;0.7272727272727273
net.sourceforge.cruisecontrol.labelincrementers.FormattedLabelIncrementer;16;1.0;0.7142857142857143
net.sourceforge.cruisecontrol.labelincrementers.P4ChangelistLabelIncrementer;38;1.0;0.5142857142857142
net.sourceforge.cruisecontrol.labelincrementers.PropertyFileLabelIncrementer;14;0.8333333333333334;0.75
net.sourceforge.cruisecontrol.labelincrementers.SVNLabelIncrementer;14;0.9090909090909091;0.8181818181818182
net.sourceforge.cruisecontrol.launch.Launcher;20;0.5882352941176471;0.7647058823529411
net.sourceforge.cruisecontrol.listeners.CMSynergySessionMonitor;13;0.8;0.8
net.sourceforge.cruisecontrol.listeners.CurrentBuildStatusPageListener;21;0.8947368421052632;0.7894736842105263
net.sourceforge.cruisecontrol.logmanipulators.BaseManipulator;10;0.6666666666666666;0.8333333333333334
net.sourceforge.cruisecontrol.publishers.ArtifactsPublisher;19;0.8666666666666667;0.5333333333333333
net.sourceforge.cruisecontrol.publishers.CMSynergyBaselinePublisher;19;0.875;0.6875
net.sourceforge.cruisecontrol.publishers.CMSynergyPublisher;18;0.35714285714285715;0.5714285714285714
net.sourceforge.cruisecontrol.publishers.ClearCaseBaselinePublisher;18;1.0;0.875
net.sourceforge.cruisecontrol.publishers.EmailPublisher;83;0.8481012658227848;0.46835443037974683
net.sourceforge.cruisecontrol.publishers.FTPPublisher;11;0.8888888888888888;0.8888888888888888
net.sourceforge.cruisecontrol.publishers.HTMLEmailPublisher;35;0.8387096774193549;0.4838709677419355
net.sourceforge.cruisecontrol.publishers.HTTPPublisher;12;0.8888888888888888;0.7777777777777778
net.sourceforge.cruisecontrol.publishers.JabberPublisher;26;0.782608695652174;0.6521739130434783
net.sourceforge.cruisecontrol.publishers.JnlpPublisher;16;0.9230769230769231;0.6923076923076923
net.sourceforge.cruisecontrol.publishers.OrigoPublisher;30;1.0;0.7142857142857143
net.sourceforge.cruisecontrol.publishers.RSSPublisher;15;0.9166666666666666;0.8333333333333334
net.sourceforge.cruisecontrol.publishers.SCPPublisher;31;0.9642857142857143;0.6071428571428571
net.sourceforge.cruisecontrol.publishers.SocketPublisher;19;0.8666666666666667;0.6666666666666666
net.sourceforge.cruisecontrol.publishers.WeblogPublisher;62;0.9655172413793104;0.4482758620689655
net.sourceforge.cruisecontrol.publishers.X10Publisher;21;0.7777777777777778;0.6111111111111112
net.sourceforge.cruisecontrol.publishers.XSLTLogPublisher;12;1.0;0.8888888888888888
net.sourceforge.cruisecontrol.publishers.email.LDAPMapper;28;1.0;0.7307692307692307
net.sourceforge.cruisecontrol.publishers.email.MavenMapperHelper;11;0.8888888888888888;0.8888888888888888
net.sourceforge.cruisecontrol.publishers.rss.CruiseControlFeed;10;0.875;1.0
net.sourceforge.cruisecontrol.publishers.rss.Feed;19;1.0;0.7058823529411765
net.sourceforge.cruisecontrol.publishers.rss.Item;17;1.0;0.8
net.sourceforge.cruisecontrol.publishers.rss.RSS;14;1.0;1.0
net.sourceforge.cruisecontrol.publishers.sfee.SfeeDocumentManagerPublisher;25;0.6818181818181818;0.5
net.sourceforge.cruisecontrol.publishers.sfee.SfeeFrsPublisher;10;0.7142857142857143;0.7142857142857143
net.sourceforge.cruisecontrol.publishers.sfee.SfeePublisher;11;1.0;0.8888888888888888
net.sourceforge.cruisecontrol.publishers.sfee.SfeeTrackerPublisher;15;0.75;0.75
net.sourceforge.cruisecontrol.report.BuildLoopStatusReportTask;12;1.0;0.8
net.sourceforge.cruisecontrol.sourcecontrols.Accurev;15;0.8461538461538461;0.9230769230769231
net.sourceforge.cruisecontrol.sourcecontrols.AlienBrain;16;1.0;0.6153846153846154
net.sourceforge.cruisecontrol.sourcecontrols.AlienBrainCore;24;0.9047619047619048;0.6666666666666666
net.sourceforge.cruisecontrol.sourcecontrols.BuildStatus;17;0.7333333333333333;0.7333333333333333
net.sourceforge.cruisecontrol.sourcecontrols.CMSynergy;61;0.8813559322033898;0.5932203389830508
net.sourceforge.cruisecontrol.sourcecontrols.CMSynergyModification;33;0.8666666666666667;0.7
net.sourceforge.cruisecontrol.sourcecontrols.ClearCase;28;0.88;0.56
net.sourceforge.cruisecontrol.sourcecontrols.ClearCaseModification;11;1.0;0.8888888888888888
net.sourceforge.cruisecontrol.sourcecontrols.Compound;11;1.0;0.7777777777777778
net.sourceforge.cruisecontrol.sourcecontrols.ConcurrentVersionsSystem;60;0.6607142857142857;0.44642857142857145
net.sourceforge.cruisecontrol.sourcecontrols.Darcs;18;0.8666666666666667;0.6666666666666666
net.sourceforge.cruisecontrol.sourcecontrols.Git;17;1.0;0.5714285714285714
net.sourceforge.cruisecontrol.sourcecontrols.IvySourceControl;13;0.7777777777777778;0.6666666666666666
net.sourceforge.cruisecontrol.sourcecontrols.MKS;18;0.9333333333333333;0.6666666666666666
net.sourceforge.cruisecontrol.sourcecontrols.Maven2SnapshotDependency;27;0.7916666666666666;0.6666666666666666
net.sourceforge.cruisecontrol.sourcecontrols.MavenSnapshotDependency;20;0.8823529411764706;0.6470588235294118
net.sourceforge.cruisecontrol.sourcecontrols.Mercurial;26;0.6086956521739131;0.4782608695652174
net.sourceforge.cruisecontrol.sourcecontrols.P4;40;0.8333333333333334;0.5833333333333334
net.sourceforge.cruisecontrol.sourcecontrols.PVCS;31;0.9259259259259259;0.5925925925925926
net.sourceforge.cruisecontrol.sourcecontrols.PlasticSCM;18;0.8666666666666667;0.7333333333333333
net.sourceforge.cruisecontrol.sourcecontrols.SSCM;26;1.0;0.6086956521739131
net.sourceforge.cruisecontrol.sourcecontrols.SVN;37;0.8529411764705882;0.5294117647058824
net.sourceforge.cruisecontrol.sourcecontrols.SnapshotCM;20;0.8235294117647058;0.7058823529411765
net.sourceforge.cruisecontrol.sourcecontrols.SourceControlProperties;11;1.0;0.7777777777777778
net.sourceforge.cruisecontrol.sourcecontrols.Store;28;0.88;0.6
net.sourceforge.cruisecontrol.sourcecontrols.TeamFoundationServer;28;0.88;0.6
net.sourceforge.cruisecontrol.sourcecontrols.UCM;45;0.7317073170731707;0.5121951219512195
net.sourceforge.cruisecontrol.sourcecontrols.Veto;11;0.75;0.875
net.sourceforge.cruisecontrol.sourcecontrols.Vss;36;0.6875;0.59375
net.sourceforge.cruisecontrol.sourcecontrols.VssJournal;31;0.7857142857142857;0.5
net.sourceforge.cruisecontrol.sourcecontrols.accurev.AccurevCommand;11;0.8888888888888888;1.0
net.sourceforge.cruisecontrol.sourcecontrols.accurev.AccurevCommandline;35;0.96875;0.71875
net.sourceforge.cruisecontrol.util.AbstractFTPClass;27;0.9166666666666666;0.5
net.sourceforge.cruisecontrol.util.BuildOutputLogger;21;0.6842105263157895;0.7368421052631579
net.sourceforge.cruisecontrol.util.CommandExecutor;10;1.0;0.875
net.sourceforge.cruisecontrol.util.Commandline;40;0.8648648648648649;0.7297297297297297
net.sourceforge.cruisecontrol.util.DateUtil;20;0.7647058823529411;0.7058823529411765
net.sourceforge.cruisecontrol.util.EmptyElementFilter;12;0.9;0.9
net.sourceforge.cruisecontrol.util.IO;14;0.8333333333333334;0.9166666666666666
net.sourceforge.cruisecontrol.util.ManagedCommandline;23;1.0;0.7619047619047619
net.sourceforge.cruisecontrol.util.OSEnvironment;12;0.8;0.8
net.sourceforge.cruisecontrol.util.PruneElementFilter;10;0.875;0.875
net.sourceforge.cruisecontrol.util.StdoutBuffer;13;0.8;0.6
net.sourceforge.cruisecontrol.util.StreamLogger;11;1.0;0.8888888888888888
net.sourceforge.cruisecontrol.util.Util;12;1.0;1.0
net.sourceforge.cruisecontrol.util.ValidationHelper;16;0.8571428571428571;1.0
net.sourceforge.cruisecontrol.util.XMLLogHelper;16;0.6153846153846154;0.8461538461538461
net.sourceforge.cruisecontrol.util.XPathAwareChild;17;0.7857142857142857;0.7142857142857143
net.sourceforge.cruisecontrol.util.threadpool.ThreadQueue;27;0.7083333333333334;0.75
