file;entities;metric;metric_random
com.itextpdf.text.Anchor;20;0.9375;0.75
com.itextpdf.text.Annotation;59;0.9821428571428571;0.8571428571428571
com.itextpdf.text.BaseColor;31;0.9310344827586207;0.9310344827586207
com.itextpdf.text.Chunk;81;0.961038961038961;0.948051948051948
com.itextpdf.text.DocWriter;40;0.9210526315789473;0.6842105263157895
com.itextpdf.text.Document;69;0.9696969696969697;0.696969696969697
com.itextpdf.text.ElementTags;127;;
com.itextpdf.text.ExceptionConverter;13;1.0;0.9090909090909091
com.itextpdf.text.Font;48;0.9782608695652174;0.9347826086956522
com.itextpdf.text.FontFactory;46;0.9318181818181818;0.9545454545454546
com.itextpdf.text.FontFactoryImp;30;1.0;0.8928571428571429
com.itextpdf.text.Image;170;0.7469879518072289;0.6686746987951807
com.itextpdf.text.Jpeg;19;0.875;0.875
com.itextpdf.text.Jpeg2000;21;0.8333333333333334;0.7222222222222222
com.itextpdf.text.List;62;0.9833333333333333;0.75
com.itextpdf.text.ListItem;15;1.0;1.0
com.itextpdf.text.MarkedObject;11;1.0;0.7777777777777778
com.itextpdf.text.MarkedSection;20;0.9411764705882353;1.0
com.itextpdf.text.Meta;13;1.0;0.9
com.itextpdf.text.PageSize;53;;
com.itextpdf.text.Paragraph;45;0.8048780487804879;0.6097560975609756
com.itextpdf.text.Phrase;37;0.7575757575757576;0.696969696969697
com.itextpdf.text.Rectangle;88;0.9761904761904762;0.6785714285714286
com.itextpdf.text.RectangleReadOnly;28;0.9615384615384616;1.0
com.itextpdf.text.Section;68;0.90625;0.609375
com.itextpdf.text.Utilities;22;0.95;1.0
com.itextpdf.text.error_messages.MessageLocalization;16;0.9285714285714286;0.8571428571428571
com.itextpdf.text.factories.ElementFactory;11;0.8888888888888888;1.0
com.itextpdf.text.html.HtmlTags;86;;
com.itextpdf.text.html.Markup;72;0.9857142857142858;1.0
com.itextpdf.text.html.simpleparser.FactoryProperties;16;0.8571428571428571;0.9285714285714286
com.itextpdf.text.html.simpleparser.HTMLWorker;40;0.9722222222222222;0.6388888888888888
com.itextpdf.text.html.simpleparser.IncCell;10;1.0;0.875
com.itextpdf.text.html.simpleparser.IncTable;14;1.0;0.8333333333333334
com.itextpdf.text.pdf.AcroFields;91;0.7613636363636364;0.5795454545454546
com.itextpdf.text.pdf.ArabicLigaturizer;50;0.9574468085106383;0.5106382978723404
com.itextpdf.text.pdf.AsianFontMapper;21;0.9473684210526315;0.9473684210526315
com.itextpdf.text.pdf.Barcode;65;0.9523809523809523;0.6825396825396826
com.itextpdf.text.pdf.Barcode128;32;0.896551724137931;0.8275862068965517
com.itextpdf.text.pdf.Barcode39;10;0.8571428571428571;0.7142857142857143
com.itextpdf.text.pdf.BarcodeDatamatrix;49;0.9361702127659575;0.6382978723404256
com.itextpdf.text.pdf.BarcodeEAN;30;0.9629629629629629;0.7407407407407407
com.itextpdf.text.pdf.BarcodePDF417;114;0.8545454545454545;0.39090909090909093
com.itextpdf.text.pdf.BaseField;76;0.9452054794520548;0.6575342465753424
com.itextpdf.text.pdf.BaseFont;148;0.9097222222222222;0.7222222222222222
com.itextpdf.text.pdf.BidiLine;47;1.0;0.6666666666666666
com.itextpdf.text.pdf.BidiOrder;57;0.9090909090909091;0.6
com.itextpdf.text.pdf.ByteBuffer;37;0.8235294117647058;0.7647058823529411
com.itextpdf.text.pdf.CFFFont;34;0.8;0.5
com.itextpdf.text.pdf.CFFFontSubset;59;0.8571428571428571;0.5535714285714286
com.itextpdf.text.pdf.CJKFont;52;0.8367346938775511;0.673469387755102
com.itextpdf.text.pdf.CMYKColor;13;1.0;0.9
com.itextpdf.text.pdf.CMapAwareDocumentFont;12;0.6;0.9
com.itextpdf.text.pdf.ColumnText;118;0.8782608695652174;0.5652173913043478
com.itextpdf.text.pdf.DefaultFontMapper;12;1.0;0.9
com.itextpdf.text.pdf.DocumentFont;51;0.9591836734693877;0.6326530612244898
com.itextpdf.text.pdf.ExtendedColor;14;0.9;0.9
com.itextpdf.text.pdf.FdfReader;15;0.8333333333333334;0.5833333333333334
com.itextpdf.text.pdf.FdfWriter;18;0.6666666666666666;0.6666666666666666
com.itextpdf.text.pdf.FontDetails;19;0.9375;0.9375
com.itextpdf.text.pdf.IntHashtable;22;0.9444444444444444;0.8333333333333334
com.itextpdf.text.pdf.LZWDecoder;16;1.0;0.8571428571428571
com.itextpdf.text.pdf.MappedRandomAccessFile;13;0.7;0.9
com.itextpdf.text.pdf.MultiColumnText;41;0.8717948717948718;0.6923076923076923
com.itextpdf.text.pdf.OutputStreamCounter;10;1.0;0.875
com.itextpdf.text.pdf.OutputStreamEncryption;15;1.0;0.75
com.itextpdf.text.pdf.PRAcroForm;13;0.8;0.6
com.itextpdf.text.pdf.PRStream;22;0.9473684210526315;0.7368421052631579
com.itextpdf.text.pdf.PRTokeniser;38;0.9714285714285714;0.8285714285714286
com.itextpdf.text.pdf.PageResources;26;1.0;0.8333333333333334
com.itextpdf.text.pdf.PdfAcroForm;40;1.0;0.868421052631579
com.itextpdf.text.pdf.PdfAction;48;0.8913043478260869;0.9347826086956522
com.itextpdf.text.pdf.PdfAnnotation;96;0.9565217391304348;0.8695652173913043
com.itextpdf.text.pdf.PdfArray;31;0.8928571428571429;0.8571428571428571
com.itextpdf.text.pdf.PdfChunk;55;0.8627450980392157;0.5098039215686274
com.itextpdf.text.pdf.PdfContentByte;203;0.8341708542713567;0.7688442211055276
com.itextpdf.text.pdf.PdfContentParser;10;0.875;1.0
com.itextpdf.text.pdf.PdfCopy;31;0.6666666666666666;0.48148148148148145
com.itextpdf.text.pdf.PdfCopyFields;19;1.0;0.9411764705882353
com.itextpdf.text.pdf.PdfCopyFieldsImp;48;0.6590909090909091;0.5681818181818182
com.itextpdf.text.pdf.PdfCopyForms;19;1.0;0.9411764705882353
com.itextpdf.text.pdf.PdfDestination;16;0.9285714285714286;1.0
com.itextpdf.text.pdf.PdfDictionary;36;0.9375;0.90625
com.itextpdf.text.pdf.PdfDocument;125;0.48760330578512395;0.48760330578512395
com.itextpdf.text.pdf.PdfEncodings;25;0.8636363636363636;0.6818181818181818
com.itextpdf.text.pdf.PdfEncryption;51;0.8085106382978723;0.5106382978723404
com.itextpdf.text.pdf.PdfEncryptor;16;1.0;1.0
com.itextpdf.text.pdf.PdfFileSpecification;16;1.0;0.9285714285714286
com.itextpdf.text.pdf.PdfFont;14;0.9;0.8
com.itextpdf.text.pdf.PdfFormField;74;0.8450704225352113;0.8309859154929577
com.itextpdf.text.pdf.PdfGState;22;;
com.itextpdf.text.pdf.PdfGraphics2D;132;0.921875;0.53125
com.itextpdf.text.pdf.PdfImportedPage;19;0.5625;0.8125
com.itextpdf.text.pdf.PdfIndirectObject;12;0.8888888888888888;1.0
com.itextpdf.text.pdf.PdfLayer;30;0.7692307692307693;0.6153846153846154
com.itextpdf.text.pdf.PdfLayerMembership;14;0.9166666666666666;0.9166666666666666
com.itextpdf.text.pdf.PdfLine;38;0.7647058823529411;0.47058823529411764
com.itextpdf.text.pdf.PdfName;659;0.9969512195121951;0.9939024390243902
com.itextpdf.text.pdf.PdfObject;36;0.9117647058823529;0.7941176470588235
com.itextpdf.text.pdf.PdfOutline;47;0.8372093023255814;0.5813953488372093
com.itextpdf.text.pdf.PdfPCell;93;0.9325842696629213;0.6853932584269663
com.itextpdf.text.pdf.PdfPKCS7;88;0.8470588235294118;0.6
com.itextpdf.text.pdf.PdfPRow;25;0.8095238095238095;0.6666666666666666
com.itextpdf.text.pdf.PdfPTable;122;0.847457627118644;0.6016949152542372
com.itextpdf.text.pdf.PdfPage;13;0.8;0.8
com.itextpdf.text.pdf.PdfPageEventHelper;11;;
com.itextpdf.text.pdf.PdfPageLabels;17;0.7857142857142857;0.9285714285714286
com.itextpdf.text.pdf.PdfPages;13;1.0;1.0
com.itextpdf.text.pdf.PdfPatternPainter;42;0.8974358974358975;0.7948717948717948
com.itextpdf.text.pdf.PdfPublicKeySecurityHandler;11;0.7142857142857143;0.8571428571428571
com.itextpdf.text.pdf.PdfReader;186;0.7307692307692307;0.45054945054945056
com.itextpdf.text.pdf.PdfReaderInstance;18;;
com.itextpdf.text.pdf.PdfRectangle;26;1.0;0.8333333333333334
com.itextpdf.text.pdf.PdfShading;32;0.9285714285714286;0.5
com.itextpdf.text.pdf.PdfShadingPattern;16;0.8461538461538461;0.6923076923076923
com.itextpdf.text.pdf.PdfSigGenericPKCS;13;1.0;0.5
com.itextpdf.text.pdf.PdfSignatureAppearance;122;0.8823529411764706;0.5294117647058824
com.itextpdf.text.pdf.PdfStamper;51;1.0;0.9166666666666666
com.itextpdf.text.pdf.PdfStamperImp;86;0.8170731707317073;0.5975609756097561
com.itextpdf.text.pdf.PdfStream;26;0.782608695652174;0.5217391304347826
com.itextpdf.text.pdf.PdfString;20;0.9411764705882353;0.7058823529411765
com.itextpdf.text.pdf.PdfStructureTreeRoot;10;0.5714285714285714;0.5714285714285714
com.itextpdf.text.pdf.PdfTemplate;34;0.7096774193548387;0.5806451612903226
com.itextpdf.text.pdf.PdfTextArray;10;0.7142857142857143;0.7142857142857143
com.itextpdf.text.pdf.PdfTransition;24;0.9545454545454546;0.9545454545454546
com.itextpdf.text.pdf.PdfWriter;286;0.6347517730496454;0.4858156028368794
com.itextpdf.text.pdf.Pfm2afm;58;0.9821428571428571;0.9821428571428571
com.itextpdf.text.pdf.PushbuttonField;43;0.8780487804878049;0.7317073170731707
com.itextpdf.text.pdf.RadioCheckField;23;0.95;0.8
com.itextpdf.text.pdf.RandomAccessFileOrArray;57;0.9433962264150944;0.7735849056603774
com.itextpdf.text.pdf.SequenceList;28;0.88;0.76
com.itextpdf.text.pdf.SimpleBookmark;22;0.8421052631578947;0.631578947368421
com.itextpdf.text.pdf.SimpleNamedDestination;18;0.9333333333333333;0.8666666666666667
com.itextpdf.text.pdf.StandardDecryption;11;1.0;0.75
com.itextpdf.text.pdf.TSAClientBouncyCastle;11;0.8888888888888888;0.7777777777777778
com.itextpdf.text.pdf.TextField;40;0.6666666666666666;0.6111111111111112
com.itextpdf.text.pdf.TrueTypeFont;70;0.8484848484848485;0.6060606060606061
com.itextpdf.text.pdf.TrueTypeFontSubSet;45;0.9534883720930233;0.7209302325581395
com.itextpdf.text.pdf.TrueTypeFontUnicode;19;0.75;0.8125
com.itextpdf.text.pdf.Type1Font;44;0.9;0.7
com.itextpdf.text.pdf.Type3Font;30;1.0;0.7407407407407407
com.itextpdf.text.pdf.VerticalText;33;0.8666666666666667;0.7
com.itextpdf.text.pdf.XfaForm;42;0.9;0.725
com.itextpdf.text.pdf.XfdfReader;19;0.9333333333333333;0.8
com.itextpdf.text.pdf.codec.Base64;43;0.8780487804878049;0.7073170731707317
com.itextpdf.text.pdf.codec.BmpImage;68;0.953125;0.828125
com.itextpdf.text.pdf.codec.CCITTG4Encoder;40;0.9210526315789473;0.868421052631579
com.itextpdf.text.pdf.codec.GifImage;54;0.9411764705882353;0.803921568627451
com.itextpdf.text.pdf.codec.JBIG2SegmentReader;41;0.9210526315789473;0.631578947368421
com.itextpdf.text.pdf.codec.LZWCompressor;12;1.0;0.9
com.itextpdf.text.pdf.codec.LZWStringTable;19;0.875;0.4375
com.itextpdf.text.pdf.codec.PngImage;71;0.9411764705882353;0.5147058823529411
com.itextpdf.text.pdf.codec.PngWriter;21;0.8947368421052632;0.6842105263157895
com.itextpdf.text.pdf.codec.TIFFConstants;210;;
com.itextpdf.text.pdf.codec.TIFFDirectory;39;0.8611111111111112;0.5833333333333334
com.itextpdf.text.pdf.codec.TIFFFaxDecoder;36;0.9696969696969697;0.6363636363636364
com.itextpdf.text.pdf.codec.TIFFFaxDecompressor;41;0.8918918918918919;0.43243243243243246
com.itextpdf.text.pdf.codec.TIFFField;39;0.9722222222222222;0.8333333333333334
com.itextpdf.text.pdf.codec.TIFFLZWDecoder;18;1.0;0.8125
com.itextpdf.text.pdf.codec.wmf.InputMeta;10;1.0;1.0
com.itextpdf.text.pdf.codec.wmf.MetaBrush;19;0.9411764705882353;0.9411764705882353
com.itextpdf.text.pdf.codec.wmf.MetaDo;85;0.963855421686747;0.891566265060241
com.itextpdf.text.pdf.codec.wmf.MetaFont;37;1.0;0.8
com.itextpdf.text.pdf.codec.wmf.MetaPen;15;0.9230769230769231;0.9230769230769231
com.itextpdf.text.pdf.codec.wmf.MetaState;66;;
com.itextpdf.text.pdf.collection.PdfCollectionField;15;0.9230769230769231;1.0
com.itextpdf.text.pdf.collection.PdfCollectionItem;11;1.0;1.0
com.itextpdf.text.pdf.crypto.ARCFOUREncryption;10;1.0;0.875
com.itextpdf.text.pdf.draw.LineSeparator;16;1.0;0.8571428571428571
com.itextpdf.text.pdf.draw.VerticalPositionMark;14;1.0;1.0
com.itextpdf.text.pdf.events.FieldPositioningEvents;15;0.9166666666666666;0.9166666666666666
com.itextpdf.text.pdf.events.IndexEvents;13;0.7;0.8
com.itextpdf.text.pdf.events.PdfPageEventForwarder;13;1.0;1.0
com.itextpdf.text.pdf.fonts.cmaps.CMap;10;1.0;0.875
com.itextpdf.text.pdf.fonts.cmaps.CMapParser;16;0.8461538461538461;0.9230769230769231
com.itextpdf.text.pdf.hyphenation.ByteVector;16;1.0;0.7857142857142857
com.itextpdf.text.pdf.hyphenation.CharVector;18;1.0;0.8125
com.itextpdf.text.pdf.hyphenation.HyphenationTree;19;0.6666666666666666;0.6666666666666666
com.itextpdf.text.pdf.hyphenation.Hyphenator;19;1.0;0.8235294117647058
com.itextpdf.text.pdf.hyphenation.SimplePatternParser;25;0.7727272727272727;0.6363636363636364
com.itextpdf.text.pdf.hyphenation.TernaryTree;32;0.6428571428571429;0.5357142857142857
com.itextpdf.text.pdf.internal.PdfAnnotationsImp;15;0.9166666666666666;0.8333333333333334
com.itextpdf.text.pdf.internal.PdfVersionImp;15;0.9230769230769231;0.8461538461538461
com.itextpdf.text.pdf.internal.PdfViewerPreferencesImp;17;0.8;0.8666666666666667
com.itextpdf.text.pdf.internal.PdfXConformanceImp;18;0.9375;1.0
com.itextpdf.text.pdf.internal.PolylineShape;15;0.9166666666666666;0.8333333333333334
com.itextpdf.text.pdf.parser.GraphicsState;22;1.0;0.7
com.itextpdf.text.pdf.parser.ImageRenderInfo;12;0.6666666666666666;0.7777777777777778
com.itextpdf.text.pdf.parser.InlineImageUtils;11;0.8888888888888888;1.0
com.itextpdf.text.pdf.parser.Matrix;20;0.9444444444444444;1.0
com.itextpdf.text.pdf.parser.PdfContentStreamProcessor;26;0.6086956521739131;0.6086956521739131
com.itextpdf.text.pdf.parser.PdfImageObject;25;0.7727272727272727;0.6363636363636364
com.itextpdf.text.pdf.parser.TextMarginFinder;11;1.0;1.0
com.itextpdf.text.pdf.parser.TextRenderInfo;17;0.6428571428571429;0.5714285714285714
com.itextpdf.text.pdf.parser.Vector;16;0.9285714285714286;1.0
com.itextpdf.text.pdf.qrcode.BitArray;14;0.9166666666666666;1.0
com.itextpdf.text.pdf.qrcode.BitMatrix;16;;
com.itextpdf.text.pdf.qrcode.BitVector;14;0.9166666666666666;0.8333333333333334
com.itextpdf.text.pdf.qrcode.ByteArray;13;1.0;0.9090909090909091
com.itextpdf.text.pdf.qrcode.ByteMatrix;12;1.0;0.9
com.itextpdf.text.pdf.qrcode.CharacterSetECI;10;0.75;0.875
com.itextpdf.text.pdf.qrcode.Encoder;24;0.7142857142857143;0.5714285714285714
com.itextpdf.text.pdf.qrcode.ErrorCorrectionLevel;14;0.9166666666666666;0.6666666666666666
com.itextpdf.text.pdf.qrcode.FormatInformation;13;0.8;0.7
com.itextpdf.text.pdf.qrcode.GF256;15;1.0;0.5833333333333334
com.itextpdf.text.pdf.qrcode.GF256Poly;14;1.0;0.9090909090909091
com.itextpdf.text.pdf.qrcode.MatrixUtil;30;0.9642857142857143;0.6785714285714286
com.itextpdf.text.pdf.qrcode.Mode;18;0.9375;0.9375
com.itextpdf.text.pdf.qrcode.QRCode;36;0.9705882352941176;0.7352941176470589
com.itextpdf.text.pdf.qrcode.Version;18;0.8666666666666667;0.6
com.itextpdf.text.pdf.richmedia.RichMediaAnnotation;20;1.0;0.6111111111111112
com.itextpdf.text.xml.XmlDomWriter;12;0.9;0.8
com.itextpdf.text.xml.simpleparser.SimpleXMLParser;49;0.9130434782608695;0.6086956521739131
com.itextpdf.text.xml.xmp.DublinCoreSchema;27;1.0;1.0
com.itextpdf.text.xml.xmp.PdfSchema;10;1.0;1.0
com.itextpdf.text.xml.xmp.XmpBasicSchema;19;1.0;1.0
com.itextpdf.text.xml.xmp.XmpMMSchema;16;1.0;1.0
com.itextpdf.text.xml.xmp.XmpSchema;11;0.42857142857142855;0.7142857142857143
com.itextpdf.text.xml.xmp.XmpWriter;21;0.8421052631578947;0.8947368421052632
