file;entities;metric;metric_random
net.sf.ext.BrowserLauncher;47;0.9545454545454546;0.9545454545454546
net.sf.jabref.AdvancedTab;18;1.0;0.75
net.sf.jabref.AppearancePrefsTab;14;1.0;0.7272727272727273
net.sf.jabref.AuthorList;47;0.9069767441860465;0.5813953488372093
net.sf.jabref.BasePanel;129;0.7777777777777778;0.6190476190476191
net.sf.jabref.BibtexDatabase;41;0.8947368421052632;0.7105263157894737
net.sf.jabref.BibtexEntry;38;0.8235294117647058;0.7647058823529411
net.sf.jabref.BibtexEntryType;38;;
net.sf.jabref.BibtexFields;24;0.8636363636363636;0.7727272727272727
net.sf.jabref.CompressedEntryEditorTab;25;0.6666666666666666;0.5714285714285714
net.sf.jabref.ContentSelectorDialog;50;0.8723404255319149;0.7446808510638298
net.sf.jabref.ContentSelectorDialog2;27;1.0;0.7083333333333334
net.sf.jabref.CustomEntryType;12;1.0;0.9
net.sf.jabref.DatabaseSearch;11;1.0;0.8888888888888888
net.sf.jabref.DuplicateResolverDialog;22;0.8947368421052632;0.6842105263157895
net.sf.jabref.EntryCustomizationDialog;24;0.8095238095238095;0.6666666666666666
net.sf.jabref.EntryEditor;73;0.7571428571428571;0.4714285714285714
net.sf.jabref.EntryEditorTab;26;0.6363636363636364;0.5909090909090909
net.sf.jabref.EntrySorter;13;1.0;0.7
net.sf.jabref.ExternalTab;14;0.9090909090909091;0.7272727272727273
net.sf.jabref.FieldContentSelector;11;0.625;0.875
net.sf.jabref.FieldTextArea;24;1.0;0.8095238095238095
net.sf.jabref.FieldTextField;19;1.0;0.875
net.sf.jabref.FieldTextMenu;12;0.8;0.9
net.sf.jabref.FileHistory;10;0.8571428571428571;0.7142857142857143
net.sf.jabref.FileTab;13;1.0;0.8
net.sf.jabref.FontSelector;32;0.8620689655172413;0.5517241379310345
net.sf.jabref.GUIGlobals;37;0.8235294117647058;0.9411764705882353
net.sf.jabref.GeneralTab;11;0.875;0.75
net.sf.jabref.Globals;58;0.8928571428571429;0.9107142857142857
net.sf.jabref.HelpAction;11;1.0;0.7777777777777778
net.sf.jabref.HelpContent;12;0.6666666666666666;0.7777777777777778
net.sf.jabref.JabRef;19;0.6;0.8
net.sf.jabref.JabRefFrame;89;0.6941176470588235;0.4235294117647059
net.sf.jabref.JabRefPreferences;77;0.8378378378378378;0.7702702702702703
net.sf.jabref.KeyBindingsDialog;14;0.9166666666666666;1.0
net.sf.jabref.MergeDialog;29;0.7692307692307693;0.6923076923076923
net.sf.jabref.MetaData;23;0.8095238095238095;0.8571428571428571
net.sf.jabref.NameFormatterTab;12;0.9;0.8
net.sf.jabref.OpenFileFilter;10;1.0;0.875
net.sf.jabref.PreambleEditor;19;0.8125;0.875
net.sf.jabref.PreviewPanel;26;0.6666666666666666;0.6666666666666666
net.sf.jabref.PreviewPrefsTab;16;1.0;0.6923076923076923
net.sf.jabref.ReplaceStringDialog;20;0.9411764705882353;0.6470588235294118
net.sf.jabref.RightClickMenu;12;0.8888888888888888;0.7777777777777778
net.sf.jabref.SearchManager2;37;0.7272727272727273;0.5454545454545454
net.sf.jabref.SidePaneComponent;13;0.9;0.7
net.sf.jabref.SidePaneManager;22;0.9473684210526315;0.6842105263157895
net.sf.jabref.StringDialog;25;0.9047619047619048;0.8095238095238095
net.sf.jabref.TabLabelPattern;21;0.8947368421052632;0.7894736842105263
net.sf.jabref.TableColumnsTab;11;1.0;0.75
net.sf.jabref.TablePrefsTab;10;1.0;0.7142857142857143
net.sf.jabref.UnknownEntryType;10;1.0;1.0
net.sf.jabref.UrlDragDrop;10;1.0;1.0
net.sf.jabref.Util;103;0.7878787878787878;0.7878787878787878
net.sf.jabref.XmpPrefsTab;10;1.0;0.75
net.sf.jabref.about.AboutPanel;26;0.7391304347826086;0.782608695652174
net.sf.jabref.about.AboutTextLine;32;1.0;0.7666666666666667
net.sf.jabref.about.ExtendedInfoPanel;12;1.0;0.9
net.sf.jabref.about.TextBlock;10;1.0;1.0
net.sf.jabref.autocompleter.AbstractAutoCompleter;10;0.5714285714285714;0.7142857142857143
net.sf.jabref.bst.BibtexCaseChanger;20;0.7058823529411765;0.8235294117647058
net.sf.jabref.bst.BstLexer;63;;
net.sf.jabref.bst.BstParser;95;0.989247311827957;1.0
net.sf.jabref.bst.VM;44;0.7;0.5
net.sf.jabref.collab.Change;11;0.8888888888888888;0.7777777777777778
net.sf.jabref.collab.ChangeDisplayDialog;14;0.7272727272727273;0.6363636363636364
net.sf.jabref.collab.ChangeScanner;21;0.9444444444444444;0.5
net.sf.jabref.collab.FileUpdateMonitor;16;0.9285714285714286;0.7142857142857143
net.sf.jabref.collab.FileUpdatePanel;12;0.9;0.8
net.sf.jabref.collab.MetaDataChange;13;0.7;0.6
net.sf.jabref.export.AutoSaveManager;11;1.0;0.8888888888888888
net.sf.jabref.export.CustomExportDialog;20;0.9411764705882353;0.5294117647058824
net.sf.jabref.export.CustomExportList;15;0.7692307692307693;0.7692307692307693
net.sf.jabref.export.ExportFormat;20;0.6875;0.5625
net.sf.jabref.export.FileActions;10;0.5714285714285714;1.0
net.sf.jabref.export.LatexFieldFormatter;10;0.8571428571428571;0.8571428571428571
net.sf.jabref.export.SaveDatabaseAction;13;0.8181818181818182;0.9090909090909091
net.sf.jabref.export.SaveException;10;0.875;0.875
net.sf.jabref.export.SaveSession;17;0.7857142857142857;0.6428571428571429
net.sf.jabref.export.layout.LayoutEntry;18;0.9333333333333333;0.8
net.sf.jabref.export.layout.LayoutHelper;25;0.9130434782608695;0.6521739130434783
net.sf.jabref.external.AutoSetExternalFileForEntries;11;0.875;0.75
net.sf.jabref.external.DownloadExternalFile;14;0.8333333333333334;0.8333333333333334
net.sf.jabref.external.DroppedFileHandler;15;0.7692307692307693;0.8461538461538461
net.sf.jabref.external.ExternalFileMenuItem;10;0.8571428571428571;0.5714285714285714
net.sf.jabref.external.ExternalFilePanel;19;0.9375;0.8125
net.sf.jabref.external.ExternalFileType;25;1.0;0.8695652173913043
net.sf.jabref.external.ExternalFileTypeEditor;17;0.8666666666666667;0.8
net.sf.jabref.external.ExternalFileTypeEntryEditor;20;0.8823529411764706;0.5882352941176471
net.sf.jabref.external.IconSelection;12;0.8888888888888888;0.5555555555555556
net.sf.jabref.external.PushToApplicationButton;21;0.8421052631578947;0.7894736842105263
net.sf.jabref.external.PushToEmacs;14;0.8333333333333334;1.0
net.sf.jabref.external.PushToLatexEditor;15;0.8461538461538461;0.7692307692307693
net.sf.jabref.external.PushToLyx;16;0.9285714285714286;0.8571428571428571
net.sf.jabref.external.PushToVim;14;0.8333333333333334;0.8333333333333334
net.sf.jabref.external.PushToWinEdt;15;0.8461538461538461;0.7692307692307693
net.sf.jabref.external.SynchronizeFileField;11;0.875;1.0
net.sf.jabref.external.WriteXMPAction;10;1.0;1.0
net.sf.jabref.groups.AbstractGroup;28;0.9230769230769231;0.9230769230769231
net.sf.jabref.groups.AllEntriesGroup;18;;
net.sf.jabref.groups.AutoGroupDialog;22;0.9444444444444444;0.5555555555555556
net.sf.jabref.groups.EntryTableTransferHandler;21;0.5294117647058824;0.5294117647058824
net.sf.jabref.groups.ExplicitGroup;26;0.9130434782608695;0.9565217391304348
net.sf.jabref.groups.GroupDialog;41;0.9210526315789473;0.7368421052631579
net.sf.jabref.groups.GroupSelector;76;0.9027777777777778;0.6666666666666666
net.sf.jabref.groups.GroupTreeCellRenderer;11;0.875;0.5
net.sf.jabref.groups.GroupTreeNode;33;0.9666666666666667;0.8666666666666667
net.sf.jabref.groups.GroupsPrefsTab;13;1.0;0.7272727272727273
net.sf.jabref.groups.GroupsTree;36;0.9696969696969697;0.696969696969697
net.sf.jabref.groups.KeywordGroup;31;0.8571428571428571;0.7857142857142857
net.sf.jabref.groups.SearchGroup;29;0.9230769230769231;0.8461538461538461
net.sf.jabref.groups.TransferableEntrySelection;12;0.9;1.0
net.sf.jabref.groups.UndoableAddOrRemoveGroup;18;0.875;0.8125
net.sf.jabref.groups.UndoableChangeAssignment;11;1.0;0.7777777777777778
net.sf.jabref.groups.UndoableModifyGroup;10;1.0;1.0
net.sf.jabref.groups.UndoableModifySubtree;12;1.0;0.8
net.sf.jabref.groups.UndoableMoveGroup;11;1.0;1.0
net.sf.jabref.groups.UndoableResetGroups;10;1.0;0.875
net.sf.jabref.gui.AttachFileDialog;13;0.9;0.7
net.sf.jabref.gui.AutoCompleteListener;18;0.6428571428571429;0.5714285714285714
net.sf.jabref.gui.DatabasePropertiesDialog;14;1.0;0.6666666666666666
net.sf.jabref.gui.EntryCustomizationDialog2;19;0.75;0.8125
net.sf.jabref.gui.FieldSetComponent;32;0.896551724137931;0.6206896551724138
net.sf.jabref.gui.FileListEditor;46;0.8604651162790697;0.627906976744186
net.sf.jabref.gui.FileListEntry;11;1.0;0.8888888888888888
net.sf.jabref.gui.FileListEntryEditor;25;0.9090909090909091;0.5454545454545454
net.sf.jabref.gui.FileListTableModel;21;0.6842105263157895;0.7368421052631579
net.sf.jabref.gui.GenFieldsCustomizer;32;0.7931034482758621;0.896551724137931
net.sf.jabref.gui.ImportInspectionDialog;51;0.875;0.7083333333333334
net.sf.jabref.gui.MainTable;49;0.8043478260869565;0.6521739130434783
net.sf.jabref.gui.MainTableFormat;18;0.7333333333333333;0.8
net.sf.jabref.gui.MainTableSelectionListener;37;0.8181818181818182;0.45454545454545453
net.sf.jabref.gui.PersistenceTableColumnListener;11;0.6666666666666666;1.0
net.sf.jabref.gui.SearchResultsDialog;22;0.5;0.5555555555555556
net.sf.jabref.gui.VerticalLabelUI;19;0.8;0.6
net.sf.jabref.imports.ACMPortalFetcher;39;0.8055555555555556;0.5555555555555556
net.sf.jabref.imports.BibTeXMLHandler;11;1.0;1.0
net.sf.jabref.imports.BibtexParser;40;0.8157894736842105;0.7105263157894737
net.sf.jabref.imports.CiteSeerEntryFetcher;10;1.0;0.8571428571428571
net.sf.jabref.imports.CiteSeerFetcher;34;0.8;0.5333333333333333
net.sf.jabref.imports.CiteSeerUndoHandler;18;0.8;0.6
net.sf.jabref.imports.CsaImporter;17;0.8666666666666667;0.8
net.sf.jabref.imports.GeneralFetcher;14;1.0;0.8333333333333334
net.sf.jabref.imports.IEEEXploreFetcher;47;0.8409090909090909;0.5
net.sf.jabref.imports.ImportCustomizationDialog;16;0.8461538461538461;0.9230769230769231
net.sf.jabref.imports.ImportFormat;14;1.0;1.0
net.sf.jabref.imports.ImportFormatReader;22;0.8947368421052632;0.9473684210526315
net.sf.jabref.imports.IsiImporter;13;0.7272727272727273;0.8181818181818182
net.sf.jabref.imports.JSTORFetcher;16;0.8571428571428571;0.7857142857142857
net.sf.jabref.imports.JSTORFetcher2;20;0.9444444444444444;0.7777777777777778
net.sf.jabref.imports.MedlineFetcher;13;0.9090909090909091;0.8181818181818182
net.sf.jabref.imports.MedlineHandler;17;0.8571428571428571;0.7857142857142857
net.sf.jabref.imports.OAI2Fetcher;31;0.9655172413793104;0.6896551724137931
net.sf.jabref.imports.OAI2Handler;11;1.0;0.8888888888888888
net.sf.jabref.imports.OpenDatabaseAction;10;0.8571428571428571;0.7142857142857143
net.sf.jabref.imports.OvidImporter;11;0.875;0.875
net.sf.jabref.imports.ParserResult;40;0.9736842105263158;0.6842105263157895
net.sf.jabref.imports.RepecNepImporter;20;0.8888888888888888;0.7777777777777778
net.sf.jabref.imports.SPIRESFetcher;15;0.8461538461538461;0.9230769230769231
net.sf.jabref.imports.ScienceDirectFetcher;17;0.9333333333333333;0.8
net.sf.jabref.journals.JournalAbbreviations;23;1.0;0.8095238095238095
net.sf.jabref.journals.ManageJournalsPanel;18;0.9333333333333333;0.6666666666666666
net.sf.jabref.labelPattern.LabelPattern;10;1.0;1.0
net.sf.jabref.labelPattern.LabelPatternUtil;27;0.75;0.6666666666666666
net.sf.jabref.mods.MODSEntry;29;0.88;0.68
net.sf.jabref.mods.PersonName;16;0.8571428571428571;0.8571428571428571
net.sf.jabref.msbib.MSBibEntry;102;0.9393939393939394;0.7575757575757576
net.sf.jabref.net.Cookie;14;1.0;0.6363636363636364
net.sf.jabref.net.URLDownload;19;0.8125;0.625
net.sf.jabref.plugin.ManagePluginsDialog;14;0.8333333333333334;0.75
net.sf.jabref.plugin.PluginInstaller;19;0.9411764705882353;0.9411764705882353
net.sf.jabref.plugin.core.generated._JabRefPlugin;10;0.875;0.875
net.sf.jabref.search.SearchExpressionLexer;19;0.75;0.9375
net.sf.jabref.search.SearchExpressionParser;23;0.55;0.8
net.sf.jabref.search.SearchExpressionTreeParser;13;1.0;1.0
net.sf.jabref.sql.DBConnectDialog;23;0.9;0.8
net.sf.jabref.sql.DBStrings;26;1.0;0.75
net.sf.jabref.sql.DbImportAction;11;1.0;0.625
net.sf.jabref.sql.SQLutil;36;0.7058823529411765;0.7058823529411765
net.sf.jabref.util.CaseChanger;14;0.9166666666666666;0.75
net.sf.jabref.util.MassSetFieldAction;12;0.5555555555555556;0.8888888888888888
net.sf.jabref.util.Pair;20;0.9444444444444444;1.0
net.sf.jabref.util.TXMLReader;13;0.8181818181818182;0.7272727272727273
net.sf.jabref.util.XMPSchemaBibtex;25;0.7272727272727273;0.8636363636363636
net.sf.jabref.util.XMPUtil;20;0.47058823529411764;0.7647058823529411
net.sf.jabref.wizard.auximport.AuxSubGenerator;20;0.8888888888888888;0.7222222222222222
net.sf.jabref.wizard.auximport.gui.FromAuxDialog;32;0.7241379310344828;0.4827586206896552
net.sf.jabref.wizard.integrity.IntegrityMessage;21;0.9473684210526315;0.7368421052631579
net.sf.jabref.wizard.integrity.gui.IntegrityMessagePanel;15;1.0;0.8461538461538461
net.sf.jabref.wizard.text.gui.TextInputDialog;41;0.7631578947368421;0.6842105263157895
tests.net.sf.jabref.AuthorListTest;18;;
tests.net.sf.jabref.FileBasedTestCase;13;0.9;0.7
tests.net.sf.jabref.UtilTest;22;0.95;0.95
tests.net.sf.jabref.bst.TestVM;33;;
tests.net.sf.jabref.gui.AutoCompleterTest;13;0.9090909090909091;1.0
tests.net.sf.jabref.imports.BibtexParserTest;14;;
tests.net.sf.jabref.imports.IsiImporterTest;14;1.0;1.0
tests.net.sf.jabref.imports.OAI2ImportTest;12;1.0;0.6666666666666666
tests.net.sf.jabref.util.XMPSchemaBibtexTest;12;1.0;0.9
tests.net.sf.jabref.util.XMPUtilTest;47;0.8;0.8
