file;entities;metric;metric_random
installer.CBZip2InputStream;74;0.9583333333333334;0.9583333333333334
installer.CBZip2OutputStream;75;0.958904109589041;0.9178082191780822
installer.SwingInstall;17;0.8571428571428571;0.8571428571428571
installer.TarBuffer;32;0.7666666666666667;0.7333333333333333
installer.TarEntry;35;0.96875;0.9375
installer.TarHeader;45;;
installer.TarInputStream;27;1.0;0.72
installer.TarOutputStream;22;1.0;0.7368421052631579
macosx.MacOSXPlugin;14;0.9166666666666666;0.8333333333333334
macosx.OSXAdapter;15;0.8333333333333334;0.75
QuickNotepad;18;0.8125;0.75
org.gjt.sp.jedit.Abbrevs;25;1.0;0.5909090909090909
org.gjt.sp.jedit.AbstractOptionPane;21;0.8235294117647058;0.5882352941176471
org.gjt.sp.jedit.ActionListHandler;19;0.9375;0.75
org.gjt.sp.jedit.ActionSet;17;0.46153846153846156;0.6153846153846154
org.gjt.sp.jedit.BeanShell;21;0.8888888888888888;0.6666666666666666
org.gjt.sp.jedit.BeanShellAction;12;1.0;0.9
org.gjt.sp.jedit.BeanShellFacade;19;0.9333333333333333;0.5333333333333333
org.gjt.sp.jedit.Buffer;120;0.8879310344827587;0.4482758620689655
org.gjt.sp.jedit.BufferHistory;15;1.0;0.8461538461538461
org.gjt.sp.jedit.Debug;22;;
org.gjt.sp.jedit.EditAction;12;0.9;1.0
org.gjt.sp.jedit.EditBus;11;0.875;0.75
org.gjt.sp.jedit.EditPane;43;0.85;0.525
org.gjt.sp.jedit.EditPlugin;22;0.631578947368421;0.6842105263157895
org.gjt.sp.jedit.EditServer;13;0.7;0.7
org.gjt.sp.jedit.GUIUtilities;83;0.875;0.625
org.gjt.sp.jedit.JARClassLoader;27;0.9130434782608695;0.5217391304347826
org.gjt.sp.jedit.JEditActionContext;11;1.0;0.875
org.gjt.sp.jedit.JEditActionSet;23;0.75;0.65
org.gjt.sp.jedit.JEditBeanShellAction;16;1.0;0.7857142857142857
org.gjt.sp.jedit.Macros;33;1.0;0.7419354838709677
org.gjt.sp.jedit.Marker;11;1.0;0.625
org.gjt.sp.jedit.MiscUtilities;77;0.7297297297297297;0.581081081081081
org.gjt.sp.jedit.Mode;29;0.8846153846153846;0.6153846153846154
org.gjt.sp.jedit.OperatingSystem;29;0.9615384615384616;0.6538461538461539
org.gjt.sp.jedit.OptionGroup;17;0.9285714285714286;0.7857142857142857
org.gjt.sp.jedit.PluginJAR;55;0.7307692307692307;0.4807692307692308
org.gjt.sp.jedit.PropertyManager;19;0.875;0.625
org.gjt.sp.jedit.Registers;32;0.8620689655172413;0.6551724137931034
org.gjt.sp.jedit.ServiceListHandler;17;1.0;0.7857142857142857
org.gjt.sp.jedit.ServiceManager.loadServices(PluginJAR,URL,PluginJAR;11;1.0;1.0
org.gjt.sp.jedit.TextUtilities;35;0.9696969696969697;0.9696969696969697
org.gjt.sp.jedit.View;136;0.8421052631578947;0.5413533834586466
org.gjt.sp.jedit.jEdit;172;0.9349112426035503;0.5325443786982249
org.gjt.sp.jedit.browser.BrowserIORequest;18;0.9333333333333333;0.6666666666666666
org.gjt.sp.jedit.browser.BrowserView;23;0.9;0.7
org.gjt.sp.jedit.browser.FileCellRenderer;20;0.8823529411764706;0.5882352941176471
org.gjt.sp.jedit.browser.VFSBrowser;96;0.9354838709677419;0.4838709677419355
org.gjt.sp.jedit.browser.VFSDirectoryEntryTable;23;0.85;0.5
org.gjt.sp.jedit.browser.VFSDirectoryEntryTableModel;23;1.0;0.8
org.gjt.sp.jedit.browser.VFSFileChooserDialog;20;0.9411764705882353;0.7647058823529411
org.gjt.sp.jedit.bsh.BSHAllocationExpression;11;0.875;1.0
org.gjt.sp.jedit.bsh.BSHForStatement;10;0.8571428571428571;0.8571428571428571
org.gjt.sp.jedit.bsh.BSHMethodDeclaration;16;0.6923076923076923;0.8461538461538461
org.gjt.sp.jedit.bsh.BSHPrimarySuffix;10;0.2857142857142857;0.5714285714285714
org.gjt.sp.jedit.bsh.BSHType;13;0.8;0.7
org.gjt.sp.jedit.bsh.BlockNameSpace;10;0.8571428571428571;1.0
org.gjt.sp.jedit.bsh.BshClassManager;41;0.7631578947368421;0.6052631578947368
org.gjt.sp.jedit.bsh.BshMethod;24;0.7142857142857143;0.5238095238095238
org.gjt.sp.jedit.bsh.CallStack;14;1.0;1.0
org.gjt.sp.jedit.bsh.ClassGeneratorUtil;41;0.868421052631579;0.7631578947368421
org.gjt.sp.jedit.bsh.DelayedEvalBshMethod;11;1.0;1.0
org.gjt.sp.jedit.bsh.EvalError;15;0.8333333333333334;0.9166666666666666
org.gjt.sp.jedit.bsh.ExternalNameSpace;16;0.5833333333333334;0.9166666666666666
org.gjt.sp.jedit.bsh.Interpreter;75;0.7323943661971831;0.5774647887323944
org.gjt.sp.jedit.bsh.JJTParserState;17;1.0;0.7333333333333333
org.gjt.sp.jedit.bsh.JThis;86;0.9761904761904762;0.9642857142857143
org.gjt.sp.jedit.bsh.JavaCharStream;48;0.8888888888888888;0.6444444444444445
org.gjt.sp.jedit.bsh.LHS;18;1.0;0.875
org.gjt.sp.jedit.bsh.Name;28;0.52;0.52
org.gjt.sp.jedit.bsh.NameSpace;95;0.6373626373626373;0.4835164835164835
org.gjt.sp.jedit.bsh.ParseException;17;0.7857142857142857;0.7857142857142857
org.gjt.sp.jedit.bsh.Parser;362;0.9608938547486033;0.9217877094972067
org.gjt.sp.jedit.bsh.ParserTokenManager;75;0.8169014084507042;0.5070422535211268
org.gjt.sp.jedit.bsh.Primitive;48;0.8444444444444444;0.6666666666666666
org.gjt.sp.jedit.bsh.Reflect;40;0.6944444444444444;0.4444444444444444
org.gjt.sp.jedit.bsh.SimpleNode;24;0.9523809523809523;0.8095238095238095
org.gjt.sp.jedit.bsh.TargetError;12;1.0;0.9
org.gjt.sp.jedit.bsh.This;13;0.8;1.0
org.gjt.sp.jedit.bsh.TokenMgrError;11;1.0;0.625
org.gjt.sp.jedit.bsh.Types;16;0.6153846153846154;0.7692307692307693
org.gjt.sp.jedit.bsh.Variable;19;0.8823529411764706;0.7058823529411765
org.gjt.sp.jedit.bsh.classpath.BshClassPath;63;0.576271186440678;0.4745762711864407
org.gjt.sp.jedit.bsh.classpath.ClassManagerImpl;30;0.7307692307692307;0.6153846153846154
org.gjt.sp.jedit.bsh.org.objectweb.asm.ByteVector;13;1.0;0.9
org.gjt.sp.jedit.bsh.org.objectweb.asm.ClassWriter;71;0.9264705882352942;0.6029411764705882
org.gjt.sp.jedit.bsh.org.objectweb.asm.CodeWriter;58;0.9074074074074074;0.46296296296296297
org.gjt.sp.jedit.bsh.org.objectweb.asm.Item;19;;
org.gjt.sp.jedit.bsh.org.objectweb.asm.Label;14;0.6363636363636364;0.8181818181818182
org.gjt.sp.jedit.bsh.org.objectweb.asm.Type;47;0.8444444444444444;0.7777777777777778
org.gjt.sp.jedit.buffer.BufferSegment;12;1.0;0.7
org.gjt.sp.jedit.buffer.ContentManager;16;1.0;0.7857142857142857
org.gjt.sp.jedit.buffer.FoldHandler;12;0.875;0.875
org.gjt.sp.jedit.buffer.JEditBuffer;141;0.9635036496350365;0.5547445255474452
org.gjt.sp.jedit.buffer.KillRing;20;0.9375;0.625
org.gjt.sp.jedit.buffer.LineManager;25;1.0;0.7391304347826086
org.gjt.sp.jedit.buffer.UndoManager;28;1.0;0.6923076923076923
org.gjt.sp.jedit.bufferio.BufferIORequest;29;0.92;0.44
org.gjt.sp.jedit.bufferio.MarkersSaveRequest;10;1.0;0.7142857142857143
org.gjt.sp.jedit.bufferset.BufferSet;22;0.8947368421052632;0.6842105263157895
org.gjt.sp.jedit.bufferset.BufferSetManager;18;0.6;0.6
org.gjt.sp.jedit.gui.AbbrevEditor;10;1.0;1.0
org.gjt.sp.jedit.gui.AbstractContextOptionPane;16;1.0;0.8571428571428571
org.gjt.sp.jedit.gui.ActionBar;13;1.0;0.9090909090909091
org.gjt.sp.jedit.gui.AnimatedIcon;15;1.0;0.8461538461538461
org.gjt.sp.jedit.gui.CloseDialog;15;0.8333333333333334;0.6666666666666666
org.gjt.sp.jedit.gui.CompleteWord;16;1.0;0.7692307692307693
org.gjt.sp.jedit.gui.CompletionPopup;18;1.0;0.6
org.gjt.sp.jedit.gui.ContextAddDialog;10;1.0;0.75
org.gjt.sp.jedit.gui.DockableLayout;26;0.8695652173913043;0.6086956521739131
org.gjt.sp.jedit.gui.DockableWindowFactory;12;1.0;0.8888888888888888
org.gjt.sp.jedit.gui.DockableWindowManager;60;0.9107142857142857;0.5535714285714286
org.gjt.sp.jedit.gui.DockableWindowManagerImpl;39;0.8857142857142857;0.5142857142857142
org.gjt.sp.jedit.gui.DockingLayoutManager;28;0.5769230769230769;0.7307692307692307
org.gjt.sp.jedit.gui.EditAbbrevDialog;12;1.0;0.9
org.gjt.sp.jedit.gui.ExtendedGridLayout;21;0.7894736842105263;0.8421052631578947
org.gjt.sp.jedit.gui.ExtendedGridLayoutConstraints;29;0.5769230769230769;0.5
org.gjt.sp.jedit.gui.FilePropertiesDialog;20;0.9411764705882353;0.7647058823529411
org.gjt.sp.jedit.gui.FilesChangedDialog;15;1.0;0.9230769230769231
org.gjt.sp.jedit.gui.FilteredListModel;22;0.7368421052631579;0.6842105263157895
org.gjt.sp.jedit.gui.FilteredTableModel;25;0.7727272727272727;0.7272727272727273
org.gjt.sp.jedit.gui.FloatingWindowContainer;15;0.6666666666666666;0.75
org.gjt.sp.jedit.gui.FontSelectorDialog;23;0.95;0.7
org.gjt.sp.jedit.gui.GrabKeyDialog;21;0.8333333333333334;0.6666666666666666
org.gjt.sp.jedit.gui.HistoryModel;22;0.8421052631578947;0.5789473684210527
org.gjt.sp.jedit.gui.HistoryText;25;1.0;0.782608695652174
org.gjt.sp.jedit.gui.HistoryTextArea;10;1.0;0.8571428571428571
org.gjt.sp.jedit.gui.HistoryTextField;20;1.0;0.7647058823529411
org.gjt.sp.jedit.gui.InputHandler;16;0.6666666666666666;0.5833333333333334
org.gjt.sp.jedit.gui.JCheckBoxList;22;0.5789473684210527;0.5789473684210527
org.gjt.sp.jedit.gui.KeyEventTranslator;14;0.7;0.8
org.gjt.sp.jedit.gui.KeyEventWorkaround;10;1.0;0.75
org.gjt.sp.jedit.gui.LogViewer;17;0.9285714285714286;0.7857142857142857
org.gjt.sp.jedit.gui.MarkerViewer;16;0.9230769230769231;0.6153846153846154
org.gjt.sp.jedit.gui.OptionsDialog;26;0.7391304347826086;0.4782608695652174
org.gjt.sp.jedit.gui.PanelWindowContainer;32;0.9655172413793104;0.5517241379310345
org.gjt.sp.jedit.gui.PasteFromListDialog;12;1.0;0.9
org.gjt.sp.jedit.gui.PingPongList;22;1.0;0.65
org.gjt.sp.jedit.gui.RegisterViewer;17;0.9285714285714286;0.7142857142857143
org.gjt.sp.jedit.gui.SelectLineRange;10;1.0;0.75
org.gjt.sp.jedit.gui.SplashScreen;20;0.9411764705882353;0.8235294117647058
org.gjt.sp.jedit.gui.StatusBar;36;0.8484848484848485;0.6060606060606061
org.gjt.sp.jedit.gui.StyleEditor;17;0.8666666666666667;0.7333333333333333
org.gjt.sp.jedit.gui.TaskMonitor;10;0.8571428571428571;1.0
org.gjt.sp.jedit.gui.VariableGridLayout;35;1.0;0.6363636363636364
org.gjt.sp.jedit.help.HelpHistoryModel;17;0.6428571428571429;0.5714285714285714
org.gjt.sp.jedit.help.HelpIndex;13;1.0;0.8181818181818182
org.gjt.sp.jedit.help.HelpTOCPanel;11;1.0;0.8888888888888888
org.gjt.sp.jedit.help.HelpViewer;25;0.8181818181818182;0.6363636363636364
org.gjt.sp.jedit.help.HistoryButton;13;0.8181818181818182;0.8181818181818182
org.gjt.sp.jedit.input.AbstractInputHandler;31;0.8275862068965517;0.7586206896551724
org.gjt.sp.jedit.input.TextAreaInputHandler;11;0.5;0.75
org.gjt.sp.jedit.io.FavoritesVFS;13;1.0;0.8181818181818182
org.gjt.sp.jedit.io.FileVFS;22;0.8421052631578947;0.6842105263157895
org.gjt.sp.jedit.io.VFS;58;0.8703703703703703;0.7407407407407407
org.gjt.sp.jedit.io.VFSFile;48;0.9318181818181818;0.6363636363636364
org.gjt.sp.jedit.io.VFSManager;32;0.8275862068965517;0.5172413793103449
org.gjt.sp.jedit.menu.EnhancedMenu;13;1.0;0.8181818181818182
org.gjt.sp.jedit.msg.BufferUpdate;17;1.0;1.0
org.gjt.sp.jedit.msg.EditPaneUpdate;11;1.0;1.0
org.gjt.sp.jedit.msg.PluginUpdate;13;1.0;0.9090909090909091
org.gjt.sp.jedit.options.AbbrevsOptionPane;14;1.0;0.8181818181818182
org.gjt.sp.jedit.options.AppearanceOptionPane;22;1.0;0.8421052631578947
org.gjt.sp.jedit.options.BrowserColorsOptionPane;25;0.8095238095238095;0.5238095238095238
org.gjt.sp.jedit.options.BrowserOptionPane;13;1.0;0.9090909090909091
org.gjt.sp.jedit.options.BufferOptionPane;16;1.0;0.9230769230769231
org.gjt.sp.jedit.options.DockingOptionPane;32;0.8275862068965517;0.6896551724137931
org.gjt.sp.jedit.options.EditingOptionPane;27;1.0;0.9583333333333334
org.gjt.sp.jedit.options.EncodingsOptionPane;10;1.0;0.8571428571428571
org.gjt.sp.jedit.options.FirewallOptionPane;12;1.0;0.9
org.gjt.sp.jedit.options.GeneralOptionPane;19;0.9375;0.6875
org.gjt.sp.jedit.options.GutterOptionPane;37;0.9428571428571428;0.8
org.gjt.sp.jedit.options.MouseOptionPane;10;0.8571428571428571;0.8571428571428571
org.gjt.sp.jedit.options.PluginManagerOptionPane;14;1.0;0.9090909090909091
org.gjt.sp.jedit.options.PrintOptionPane;12;1.0;1.0
org.gjt.sp.jedit.options.SaveBackupOptionPane;14;1.0;0.8181818181818182
org.gjt.sp.jedit.options.ShortcutsOptionPane;14;1.0;0.9090909090909091
org.gjt.sp.jedit.options.StatusBarOptionPane;21;1.0;0.9444444444444444
org.gjt.sp.jedit.options.TextAreaOptionPane;29;1.0;0.9629629629629629
org.gjt.sp.jedit.options.ToolBarOptionPane;30;0.9259259259259259;0.8518518518518519
org.gjt.sp.jedit.options.ViewOptionPane;17;1.0;0.8571428571428571
org.gjt.sp.jedit.pluginmgr.InstallPanel;15;0.8333333333333334;0.5833333333333334
org.gjt.sp.jedit.pluginmgr.ManagePanel;13;0.9;0.9
org.gjt.sp.jedit.pluginmgr.MirrorListHandler;19;1.0;0.6875
org.gjt.sp.jedit.pluginmgr.PluginList;18;0.9333333333333333;0.6666666666666666
org.gjt.sp.jedit.pluginmgr.PluginListHandler;34;1.0;0.7741935483870968
org.gjt.sp.jedit.pluginmgr.PluginManager;26;0.782608695652174;0.6086956521739131
org.gjt.sp.jedit.pluginmgr.PluginManagerProgress;13;1.0;0.7
org.gjt.sp.jedit.pluginmgr.Roster;13;0.9;0.8
org.gjt.sp.jedit.print.BufferPrintable;29;1.0;0.9230769230769231
org.gjt.sp.jedit.search.BoyerMooreSearchMatcher;14;0.9090909090909091;0.8181818181818182
org.gjt.sp.jedit.search.DirectoryListSet;14;1.0;0.7272727272727273
org.gjt.sp.jedit.search.HyperSearchFileNode;11;0.7777777777777778;0.8888888888888888
org.gjt.sp.jedit.search.HyperSearchOperationNode;14;1.0;0.8333333333333334
org.gjt.sp.jedit.search.HyperSearchRequest;12;1.0;0.8888888888888888
org.gjt.sp.jedit.search.HyperSearchResult;16;0.9285714285714286;0.8571428571428571
org.gjt.sp.jedit.search.HyperSearchResults;39;0.8055555555555556;0.5555555555555556
org.gjt.sp.jedit.search.SearchAndReplace;53;1.0;0.68
org.gjt.sp.jedit.search.SearchBar;22;1.0;0.8
org.gjt.sp.jedit.search.SearchDialog;36;1.0;0.6666666666666666
org.gjt.sp.jedit.syntax.Chunk;27;0.96;0.64
org.gjt.sp.jedit.syntax.DefaultTokenHandler;10;1.0;0.75
org.gjt.sp.jedit.syntax.DisplayTokenHandler;18;0.9333333333333333;0.8666666666666667
org.gjt.sp.jedit.syntax.KeywordMap;16;1.0;0.8461538461538461
org.gjt.sp.jedit.syntax.ModeProvider;10;0.8571428571428571;1.0
org.gjt.sp.jedit.syntax.ParserRule;48;0.8;0.8222222222222222
org.gjt.sp.jedit.syntax.ParserRuleSet;47;0.9545454545454546;0.6363636363636364
org.gjt.sp.jedit.syntax.Token;31;;
org.gjt.sp.jedit.syntax.TokenMarker;26;1.0;0.8333333333333334
org.gjt.sp.jedit.syntax.XModeHandler;26;1.0;0.7391304347826086
org.gjt.sp.jedit.textarea.Anchor;12;0.8;0.9
org.gjt.sp.jedit.textarea.AntiAlias;13;1.0;1.0
org.gjt.sp.jedit.textarea.BufferHandler;19;0.9375;0.6875
org.gjt.sp.jedit.textarea.ChunkCache;36;1.0;0.7352941176470589
org.gjt.sp.jedit.textarea.DisplayManager;42;0.8974358974358975;0.48717948717948717
org.gjt.sp.jedit.textarea.FirstLine;10;;
org.gjt.sp.jedit.textarea.Gutter;82;0.9493670886075949;0.620253164556962
org.gjt.sp.jedit.textarea.InputMethodSupport;17;0.8666666666666667;0.6666666666666666
org.gjt.sp.jedit.textarea.JEditTextArea;36;0.75;0.65625
org.gjt.sp.jedit.textarea.RangeMap;20;1.0;0.9444444444444444
org.gjt.sp.jedit.textarea.ScreenLineManager;12;1.0;0.8888888888888888
org.gjt.sp.jedit.textarea.ScrollLayout;16;1.0;0.7142857142857143
org.gjt.sp.jedit.textarea.Selection;18;0.9333333333333333;0.6
org.gjt.sp.jedit.textarea.SelectionManager;16;0.9230769230769231;1.0
org.gjt.sp.jedit.textarea.StandaloneTextArea;20;0.5294117647058824;0.7647058823529411
org.gjt.sp.jedit.textarea.TextArea;316;0.8974358974358975;0.5448717948717948
org.gjt.sp.jedit.textarea.TextAreaMouseHandler;25;0.8571428571428571;0.6666666666666666
org.gjt.sp.jedit.textarea.TextAreaPainter;99;0.875;0.6145833333333334
org.gjt.sp.jedit.textarea.TextAreaTransferHandler;13;0.8181818181818182;0.7272727272727273
org.gjt.sp.util.IOUtilities;10;1.0;1.0
org.gjt.sp.util.IntegerArray;10;1.0;1.0
org.gjt.sp.util.Log;30;0.9285714285714286;0.6785714285714286
org.gjt.sp.util.PropertiesBean;10;1.0;0.7142857142857143
org.gjt.sp.util.SegmentCharSequence;11;0.875;0.625
org.gjt.sp.util.StandardUtilities;23;1.0;1.0
org.gjt.sp.util.StringList;11;0.875;0.875
org.gjt.sp.util.Task;15;1.0;0.7272727272727273
org.gjt.sp.util.WorkThread;22;1.0;0.75
org.gjt.sp.util.WorkThreadPool;31;0.9642857142857143;0.7142857142857143
