file;entities;metric;metric_random
org.jfree.chart.ChartColor;26;;
org.jfree.chart.ChartFactory;41;1.0;1.0
org.jfree.chart.ChartPanel;184;0.9005524861878453;0.5911602209944752
org.jfree.chart.ChartRenderingInfo;16;0.9285714285714286;0.7857142857142857
org.jfree.chart.ChartUtilities;27;;
org.jfree.chart.JFreeChart;94;0.8901098901098901;0.7032967032967034
org.jfree.chart.LegendItem;74;0.9583333333333334;0.6388888888888888
org.jfree.chart.LegendItemCollection;10;1.0;0.875
org.jfree.chart.PaintMap;11;0.875;0.75
org.jfree.chart.PolarChartPanel;10;0.7142857142857143;0.7142857142857143
org.jfree.chart.StandardChartTheme;120;0.9829059829059829;0.46153846153846156
org.jfree.chart.StrokeMap;11;0.875;0.75
org.jfree.chart.annotations.AbstractXYAnnotation;11;0.75;0.625
org.jfree.chart.annotations.CategoryLineAnnotation;26;0.9565217391304348;0.782608695652174
org.jfree.chart.annotations.CategoryPointerAnnotation;37;0.9142857142857143;0.8
org.jfree.chart.annotations.CategoryTextAnnotation;15;1.0;0.9230769230769231
org.jfree.chart.annotations.TextAnnotation;29;0.8846153846153846;0.6538461538461539
org.jfree.chart.annotations.XYBoxAnnotation;17;0.9333333333333333;0.6
org.jfree.chart.annotations.XYDataImageAnnotation;22;0.95;0.7
org.jfree.chart.annotations.XYDrawableAnnotation;13;1.0;0.7272727272727273
org.jfree.chart.annotations.XYImageAnnotation;17;0.9333333333333333;0.7333333333333333
org.jfree.chart.annotations.XYLineAnnotation;15;0.9230769230769231;0.6923076923076923
org.jfree.chart.annotations.XYPointerAnnotation;37;0.9142857142857143;0.6857142857142857
org.jfree.chart.annotations.XYPolygonAnnotation;18;0.9375;0.8125
org.jfree.chart.annotations.XYShapeAnnotation;14;0.9166666666666666;0.75
org.jfree.chart.annotations.XYTextAnnotation;49;0.9361702127659575;0.723404255319149
org.jfree.chart.annotations.XYTitleAnnotation;23;1.0;0.6666666666666666
org.jfree.chart.axis.Axis;111;0.9351851851851852;0.5925925925925926
org.jfree.chart.axis.AxisCollection;10;1.0;0.875
org.jfree.chart.axis.AxisLocation;12;0.7;0.8
org.jfree.chart.axis.AxisSpace;24;1.0;0.7727272727272727
org.jfree.chart.axis.AxisState;16;1.0;0.8571428571428571
org.jfree.chart.axis.CategoryAxis;62;0.864406779661017;0.6101694915254238
org.jfree.chart.axis.CategoryLabelPosition;19;1.0;0.7647058823529411
org.jfree.chart.axis.CategoryLabelPositions;21;0.8947368421052632;0.7894736842105263
org.jfree.chart.axis.CompassFormat;10;1.0;1.0
org.jfree.chart.axis.CyclicNumberAxis;45;0.8292682926829268;0.6341463414634146
org.jfree.chart.axis.DateAxis;63;0.8166666666666667;0.6166666666666667
org.jfree.chart.axis.DateTickUnit;24;0.9090909090909091;0.7272727272727273
org.jfree.chart.axis.DateTickUnitType;14;0.8333333333333334;0.8333333333333334
org.jfree.chart.axis.ExtendedCategoryAxis;15;0.8181818181818182;0.7272727272727273
org.jfree.chart.axis.LogAxis;38;0.8;0.6571428571428571
org.jfree.chart.axis.LogarithmicAxis;38;0.8285714285714286;0.6285714285714286
org.jfree.chart.axis.MarkerAxisBand;15;0.8461538461538461;0.8461538461538461
org.jfree.chart.axis.ModuloAxis;20;0.7058823529411765;0.7058823529411765
org.jfree.chart.axis.MonthDateFormat;14;1.0;0.8333333333333334
org.jfree.chart.axis.NumberAxis;49;0.8043478260869565;0.5869565217391305
org.jfree.chart.axis.PeriodAxis;62;0.9322033898305084;0.559322033898305
org.jfree.chart.axis.PeriodAxisLabelInfo;30;0.8928571428571429;0.7142857142857143
org.jfree.chart.axis.QuarterDateFormat;13;0.8181818181818182;0.9090909090909091
org.jfree.chart.axis.SegmentedTimeline;66;0.875;0.71875
org.jfree.chart.axis.SubCategoryAxis;17;0.7142857142857143;0.7857142857142857
org.jfree.chart.axis.SymbolAxis;28;0.68;0.64
org.jfree.chart.axis.Tick;13;1.0;0.9090909090909091
org.jfree.chart.axis.TickUnit;11;1.0;0.8888888888888888
org.jfree.chart.axis.TickUnits;11;1.0;1.0
org.jfree.chart.axis.ValueAxis;100;0.865979381443299;0.5670103092783505
org.jfree.chart.block.AbstractBlock;44;0.8780487804878049;0.4878048780487805
org.jfree.chart.block.BlockBorder;15;0.7692307692307693;0.8461538461538461
org.jfree.chart.block.BlockContainer;17;1.0;0.8666666666666667
org.jfree.chart.block.BlockParams;10;1.0;0.875
org.jfree.chart.block.BorderArrangement;16;0.9230769230769231;0.6153846153846154
org.jfree.chart.block.CenterArrangement;14;0.9090909090909091;0.6363636363636364
org.jfree.chart.block.ColorBlock;10;0.8571428571428571;0.7142857142857143
org.jfree.chart.block.ColumnArrangement;16;0.9230769230769231;0.5384615384615384
org.jfree.chart.block.FlowArrangement;19;0.9375;0.5625
org.jfree.chart.block.GridArrangement;17;0.9285714285714286;0.6428571428571429
org.jfree.chart.block.LabelBlock;32;0.896551724137931;0.7241379310344828
org.jfree.chart.block.LengthConstraintType;10;0.625;0.875
org.jfree.chart.block.LineBorder;13;0.9;0.7
org.jfree.chart.block.RectangleConstraint;26;0.9583333333333334;0.8333333333333334
org.jfree.chart.editor.DefaultAxisEditor;32;0.9310344827586207;0.6551724137931034
org.jfree.chart.editor.DefaultChartEditor;13;0.8;0.8
org.jfree.chart.editor.DefaultNumberAxisEditor;23;0.9;0.7
org.jfree.chart.editor.DefaultPlotEditor;32;0.9310344827586207;0.7241379310344828
org.jfree.chart.editor.DefaultTitleEditor;19;0.875;0.6875
org.jfree.chart.entity.AxisEntity;12;0.9;0.8
org.jfree.chart.entity.CategoryItemEntity;13;1.0;0.8181818181818182
org.jfree.chart.entity.ChartEntity;24;0.8636363636363636;0.7727272727272727
org.jfree.chart.entity.JFreeChartEntity;12;0.9;0.9
org.jfree.chart.entity.LegendItemEntity;11;1.0;1.0
org.jfree.chart.entity.PieSectionEntity;17;1.0;0.8
org.jfree.chart.entity.PlotEntity;12;0.9;0.8
org.jfree.chart.entity.StandardEntityCollection;13;1.0;1.0
org.jfree.chart.entity.TitleEntity;12;0.9;0.8
org.jfree.chart.entity.XYItemEntity;13;1.0;0.8181818181818182
org.jfree.chart.event.ChartChangeEventType;10;0.625;0.875
org.jfree.chart.event.ChartProgressEvent;12;0.9;1.0
org.jfree.chart.labels.AbstractCategoryItemLabelGenerator;19;0.875;0.625
org.jfree.chart.labels.AbstractPieItemLabelGenerator;13;0.8;0.5
org.jfree.chart.labels.AbstractXYItemLabelGenerator;23;0.9;0.6
org.jfree.chart.labels.BubbleXYItemLabelGenerator;14;0.8;0.8
org.jfree.chart.labels.CustomXYToolTipGenerator;10;1.0;0.875
org.jfree.chart.labels.HighLowItemLabelGenerator;10;1.0;1.0
org.jfree.chart.labels.IntervalXYItemLabelGenerator;10;0.875;1.0
org.jfree.chart.labels.ItemLabelAnchor;31;0.896551724137931;0.896551724137931
org.jfree.chart.labels.ItemLabelPosition;13;1.0;0.8181818181818182
org.jfree.chart.labels.MultipleXYSeriesLabelGenerator;14;0.7272727272727273;0.7272727272727273
org.jfree.chart.labels.StandardCategorySeriesLabelGenerator;10;0.5714285714285714;0.7142857142857143
org.jfree.chart.labels.StandardPieSectionLabelGenerator;14;0.8333333333333334;1.0
org.jfree.chart.labels.StandardXYItemLabelGenerator;10;1.0;1.0
org.jfree.chart.labels.StandardXYSeriesLabelGenerator;10;0.5714285714285714;0.8571428571428571
org.jfree.chart.labels.StandardXYToolTipGenerator;11;1.0;1.0
org.jfree.chart.labels.StandardXYZToolTipGenerator;13;0.7;0.8
org.jfree.chart.needle.MeterNeedle;35;0.90625;0.625
org.jfree.chart.plot.CategoryMarker;10;1.0;1.0
org.jfree.chart.plot.CategoryPlot;272;0.9516728624535316;0.6356877323420075
org.jfree.chart.plot.CombinedDomainCategoryPlot;28;0.88;0.8
org.jfree.chart.plot.CombinedDomainXYPlot;29;0.8846153846153846;0.8076923076923077
org.jfree.chart.plot.CombinedRangeCategoryPlot;23;0.8;0.75
org.jfree.chart.plot.CombinedRangeXYPlot;28;0.88;0.8
org.jfree.chart.plot.CompassPlot;54;0.9019607843137255;0.6274509803921569
org.jfree.chart.plot.CrosshairState;34;1.0;0.78125
org.jfree.chart.plot.DefaultDrawingSupplier;36;0.8823529411764706;0.6764705882352942
org.jfree.chart.plot.DialShape;10;0.625;0.75
org.jfree.chart.plot.FastScatterPlot;67;0.890625;0.625
org.jfree.chart.plot.IntervalMarker;15;1.0;0.7692307692307693
org.jfree.chart.plot.Marker;49;0.9782608695652174;0.5869565217391305
org.jfree.chart.plot.MeterInterval;16;0.9285714285714286;0.7857142857142857
org.jfree.chart.plot.MeterPlot;83;0.8860759493670886;0.5443037974683544
org.jfree.chart.plot.MultiplePiePlot;33;0.9032258064516129;0.7419354838709677
org.jfree.chart.plot.PieLabelDistributor;10;0.7142857142857143;0.7142857142857143
org.jfree.chart.plot.PieLabelRecord;24;1.0;0.6818181818181818
org.jfree.chart.plot.PiePlot;188;0.9184782608695652;0.532608695652174
org.jfree.chart.plot.PiePlot3D;15;0.75;0.9166666666666666
org.jfree.chart.plot.PiePlotState;31;1.0;0.7241379310344828
org.jfree.chart.plot.Plot;96;0.8494623655913979;0.5698924731182796
org.jfree.chart.plot.PlotRenderingInfo;19;0.9411764705882353;0.7058823529411765
org.jfree.chart.plot.PolarPlot;81;0.8974358974358975;0.5897435897435898
org.jfree.chart.plot.RingPlot;28;0.92;0.68
org.jfree.chart.plot.SpiderWebPlot;107;0.9230769230769231;0.625
org.jfree.chart.plot.ThermometerPlot;127;0.9032258064516129;0.5161290322580645
org.jfree.chart.plot.WaferMapPlot;23;0.8;0.65
org.jfree.chart.plot.XYPlot;284;0.9323843416370107;0.6156583629893239
org.jfree.chart.plot.dial.AbstractDialLayer;13;0.8;0.7
org.jfree.chart.plot.dial.ArcDialFrame;33;0.9310344827586207;0.6896551724137931
org.jfree.chart.plot.dial.DialBackground;16;0.9230769230769231;0.7692307692307693
org.jfree.chart.plot.dial.DialCap;21;0.9444444444444444;0.7777777777777778
org.jfree.chart.plot.dial.DialPlot;53;0.9411764705882353;0.6666666666666666
org.jfree.chart.plot.dial.DialPointer;12;1.0;0.8888888888888888
org.jfree.chart.plot.dial.DialTextAnnotation;27;0.9583333333333334;0.7083333333333334
org.jfree.chart.plot.dial.DialValueIndicator;52;0.9795918367346939;0.6938775510204082
org.jfree.chart.plot.dial.StandardDialFrame;22;0.9473684210526315;0.7368421052631579
org.jfree.chart.plot.dial.StandardDialRange;29;0.9615384615384616;0.7692307692307693
org.jfree.chart.plot.dial.StandardDialScale;69;0.9848484848484849;0.7272727272727273
org.jfree.chart.renderer.AbstractRenderer;211;0.9615384615384616;0.6538461538461539
org.jfree.chart.renderer.DefaultPolarItemRenderer;14;1.0;1.0
org.jfree.chart.renderer.GrayPaintScale;13;1.0;0.8181818181818182
org.jfree.chart.renderer.LookupPaintScale;16;0.9230769230769231;0.6923076923076923
org.jfree.chart.renderer.Outlier;13;1.0;0.9090909090909091
org.jfree.chart.renderer.OutlierList;12;1.0;0.9
org.jfree.chart.renderer.OutlierListCollection;11;0.8888888888888888;0.8888888888888888
org.jfree.chart.renderer.WaferMapRenderer;22;0.65;0.75
org.jfree.chart.renderer.category.AbstractCategoryItemRenderer;78;0.8533333333333334;0.5733333333333334
org.jfree.chart.renderer.category.BarRenderer;70;0.835820895522388;0.5970149253731343
org.jfree.chart.renderer.category.BarRenderer3D;24;0.8636363636363636;0.8181818181818182
org.jfree.chart.renderer.category.BoxAndWhiskerRenderer;32;0.9;0.7
org.jfree.chart.renderer.category.CategoryItemRendererState;15;0.9166666666666666;0.75
org.jfree.chart.renderer.category.CategoryStepRenderer;12;0.6666666666666666;0.8888888888888888
org.jfree.chart.renderer.category.GanttRenderer;21;0.8888888888888888;0.6111111111111112
org.jfree.chart.renderer.category.GradientBarPainter;12;0.8;0.8
org.jfree.chart.renderer.category.LevelRenderer;17;0.6428571428571429;0.7142857142857143
org.jfree.chart.renderer.category.LineAndShapeRenderer;47;1.0;0.7111111111111111
org.jfree.chart.renderer.category.LineRenderer3D;23;0.8571428571428571;0.7619047619047619
org.jfree.chart.renderer.category.MinMaxCategoryRenderer;29;0.9629629629629629;0.7407407407407407
org.jfree.chart.renderer.category.ScatterRenderer;30;0.9642857142857143;0.7142857142857143
org.jfree.chart.renderer.category.StackedAreaRenderer;14;0.8181818181818182;0.7272727272727273
org.jfree.chart.renderer.category.StackedBarRenderer;11;0.8571428571428571;0.8571428571428571
org.jfree.chart.renderer.category.StackedBarRenderer3D;20;0.6470588235294118;0.5882352941176471
org.jfree.chart.renderer.category.StatisticalBarRenderer;14;0.8181818181818182;0.6363636363636364
org.jfree.chart.renderer.category.StatisticalLineAndShapeRenderer;15;0.9230769230769231;0.7692307692307693
org.jfree.chart.renderer.category.WaterfallBarRenderer;20;0.9444444444444444;0.7777777777777778
org.jfree.chart.renderer.xy.AbstractXYItemRenderer;73;0.8142857142857143;0.6285714285714286
org.jfree.chart.renderer.xy.CandlestickRenderer;46;0.9318181818181818;0.7045454545454546
org.jfree.chart.renderer.xy.ClusteredXYBarRenderer;10;0.8571428571428571;0.8571428571428571
org.jfree.chart.renderer.xy.DeviationRenderer;13;0.9;0.9
org.jfree.chart.renderer.xy.GradientXYBarPainter;12;0.8;0.8
org.jfree.chart.renderer.xy.HighLowRenderer;23;0.9523809523809523;0.6666666666666666
org.jfree.chart.renderer.xy.SamplingXYLineRenderer;12;0.9;0.8
org.jfree.chart.renderer.xy.StackedXYAreaRenderer;19;0.875;0.6875
org.jfree.chart.renderer.xy.StackedXYAreaRenderer2;14;0.8333333333333334;0.75
org.jfree.chart.renderer.xy.StackedXYBarRenderer;12;1.0;1.0
org.jfree.chart.renderer.xy.StandardXYItemRenderer;51;0.9375;0.7083333333333334
org.jfree.chart.renderer.xy.XYAreaRenderer;28;0.8846153846153846;0.7307692307692307
org.jfree.chart.renderer.xy.XYAreaRenderer2;15;0.9230769230769231;0.8461538461538461
org.jfree.chart.renderer.xy.XYBarRenderer;60;0.8771929824561403;0.6666666666666666
org.jfree.chart.renderer.xy.XYBlockRenderer;21;0.8947368421052632;0.7894736842105263
org.jfree.chart.renderer.xy.XYBoxAndWhiskerRenderer;28;0.8;0.6
org.jfree.chart.renderer.xy.XYBubbleRenderer;12;0.9;1.0
org.jfree.chart.renderer.xy.XYDifferenceRenderer;31;0.8928571428571429;0.7142857142857143
org.jfree.chart.renderer.xy.XYDotRenderer;17;0.9333333333333333;0.7333333333333333
org.jfree.chart.renderer.xy.XYErrorRenderer;23;0.95;0.7
org.jfree.chart.renderer.xy.XYItemRendererState;11;0.7777777777777778;0.8888888888888888
org.jfree.chart.renderer.xy.XYLine3DRenderer;22;0.7894736842105263;0.5789473684210527
org.jfree.chart.renderer.xy.XYLineAndShapeRenderer;56;0.9622641509433962;0.5849056603773585
org.jfree.chart.renderer.xy.XYShapeRenderer;32;0.9310344827586207;0.6551724137931034
org.jfree.chart.renderer.xy.XYSplineRenderer;10;0.7142857142857143;0.7142857142857143
org.jfree.chart.renderer.xy.XYStepAreaRenderer;28;0.84;0.68
org.jfree.chart.renderer.xy.XYStepRenderer;11;0.7777777777777778;0.8888888888888888
org.jfree.chart.renderer.xy.YIntervalRenderer;10;0.75;0.75
org.jfree.chart.servlet.ServletUtilities;16;0.9230769230769231;0.8461538461538461
org.jfree.chart.text.TextAnchor;22;0.85;0.9
org.jfree.chart.text.TextBlock;17;0.8666666666666667;0.8
org.jfree.chart.text.TextBlockAnchor;16;0.7857142857142857;0.8571428571428571
org.jfree.chart.text.TextBox;34;0.96875;0.71875
org.jfree.chart.text.TextFragment;22;0.85;0.8
org.jfree.chart.text.TextLine;15;0.8461538461538461;0.7692307692307693
org.jfree.chart.text.TextUtilities;22;0.7;0.85
org.jfree.chart.title.CompositeTitle;15;0.9230769230769231;0.7692307692307693
org.jfree.chart.title.ImageTitle;12;0.8888888888888888;0.7777777777777778
org.jfree.chart.title.LegendGraphic;53;0.9591836734693877;0.6326530612244898
org.jfree.chart.title.LegendItemBlockContainer;12;1.0;0.8
org.jfree.chart.title.LegendTitle;47;0.9090909090909091;0.6818181818181818
org.jfree.chart.title.PaintScaleLegend;39;0.9428571428571428;0.6571428571428571
org.jfree.chart.title.TextTitle;49;0.8695652173913043;0.6086956521739131
org.jfree.chart.title.Title;33;0.8333333333333334;0.6333333333333333
org.jfree.chart.ui.BasicProjectInfo;17;1.0;0.8666666666666667
org.jfree.chart.ui.FontChooserPanel;12;0.8888888888888888;0.8888888888888888
org.jfree.chart.ui.LCBLayout;15;1.0;0.6923076923076923
org.jfree.chart.ui.Library;16;0.7692307692307693;0.6923076923076923
org.jfree.chart.ui.ProjectInfo;12;1.0;0.9
org.jfree.chart.urls.CustomPieURLGenerator;10;1.0;1.0
org.jfree.chart.urls.CustomXYURLGenerator;10;1.0;1.0
org.jfree.chart.urls.StandardCategoryURLGenerator;10;1.0;0.75
org.jfree.chart.urls.StandardPieURLGenerator;10;1.0;0.75
org.jfree.chart.urls.StandardXYURLGenerator;12;0.8;1.0
org.jfree.chart.urls.TimeSeriesURLGenerator;13;1.0;0.8181818181818182
org.jfree.chart.util.AbstractObjectList;18;0.6666666666666666;0.6
org.jfree.chart.util.Align;22;0.95;1.0
org.jfree.chart.util.GradientPaintTransformType;11;0.6666666666666666;0.8888888888888888
org.jfree.chart.util.HashUtilities;10;;
org.jfree.chart.util.HexNumberFormat;12;0.9;1.0
org.jfree.chart.util.HorizontalAlignment;10;0.625;1.0
org.jfree.chart.util.LengthAdjustmentType;10;0.625;0.75
org.jfree.chart.util.LogFormat;17;0.8666666666666667;0.8
org.jfree.chart.util.ObjectUtilities;23;0.8095238095238095;0.8095238095238095
org.jfree.chart.util.RectangleAnchor;18;0.8125;0.8125
org.jfree.chart.util.RectangleEdge;15;0.7692307692307693;0.8461538461538461
org.jfree.chart.util.RectangleInsets;36;0.9411764705882353;0.9117647058823529
org.jfree.chart.util.RefineryUtilities;12;1.0;1.0
org.jfree.chart.util.RelativeDateFormat;43;1.0;0.7073170731707317
org.jfree.chart.util.Rotation;11;0.6666666666666666;0.7777777777777778
org.jfree.chart.util.SerialUtilities;14;1.0;1.0
org.jfree.chart.util.ShapeUtilities;23;0.9047619047619048;0.9523809523809523
org.jfree.chart.util.Size2D;12;1.0;1.0
org.jfree.chart.util.VerticalAlignment;10;0.625;0.875
org.jfree.data.ComparableObjectItem;11;0.875;0.625
org.jfree.data.ComparableObjectSeries;24;0.7142857142857143;0.5714285714285714
org.jfree.data.DefaultKeyedValue;11;1.0;0.8888888888888888
org.jfree.data.DefaultKeyedValues;26;0.9166666666666666;0.8333333333333334
org.jfree.data.DefaultKeyedValues2D;28;1.0;0.8076923076923077
org.jfree.data.DomainOrder;10;0.625;0.75
org.jfree.data.KeyToGroupMap;16;0.9285714285714286;0.7142857142857143
org.jfree.data.KeyedObjects;18;1.0;0.9375
org.jfree.data.KeyedObjects2D;26;1.0;0.875
org.jfree.data.Range;22;0.9;0.9
org.jfree.data.RangeType;10;0.625;0.75
org.jfree.data.category.CategoryToPieDataset;16;1.0;0.8461538461538461
org.jfree.data.category.DefaultCategoryDataset;27;1.0;0.96
org.jfree.data.category.DefaultIntervalCategoryDataset;36;0.9117647058823529;0.7941176470588235
org.jfree.data.category.SlidingCategoryDataset;22;0.9;0.85
org.jfree.data.gantt.SlidingGanttCategoryDataset;36;0.9411764705882353;0.8823529411764706
org.jfree.data.gantt.Task;20;1.0;0.8333333333333334
org.jfree.data.gantt.TaskSeries;11;1.0;1.0
org.jfree.data.gantt.TaskSeriesCollection;40;0.9473684210526315;0.868421052631579
org.jfree.data.gantt.XYTaskDataset;33;0.9354838709677419;0.7096774193548387
org.jfree.data.general.AbstractDataset;15;0.6666666666666666;0.5833333333333334
org.jfree.data.general.DatasetUtilities;52;1.0;1.0
org.jfree.data.general.DefaultHeatMapDataset;22;1.0;0.7
org.jfree.data.general.DefaultKeyedValueDataset;12;1.0;1.0
org.jfree.data.general.DefaultPieDataset;21;1.0;0.9473684210526315
org.jfree.data.general.Series;26;0.8695652173913043;0.6521739130434783
org.jfree.data.general.WaferMapDataset;26;1.0;0.7916666666666666
org.jfree.data.jdbc.JDBCCategoryDataset;10;1.0;0.7142857142857143
org.jfree.data.jdbc.JDBCXYDataset;24;1.0;0.7727272727272727
org.jfree.data.statistics.BoxAndWhiskerItem;23;1.0;0.6190476190476191
org.jfree.data.statistics.DefaultBoxAndWhiskerCategoryDataset;51;0.9583333333333334;0.8541666666666666
org.jfree.data.statistics.DefaultBoxAndWhiskerXYDataset;35;1.0;0.7272727272727273
org.jfree.data.statistics.DefaultMultiValueCategoryDataset;23;1.0;0.8
org.jfree.data.statistics.DefaultStatisticalCategoryDataset;42;0.95;0.65
org.jfree.data.statistics.HistogramBin;12;1.0;0.9
org.jfree.data.statistics.HistogramDataset;24;0.8571428571428571;0.7142857142857143
org.jfree.data.statistics.HistogramType;10;0.625;0.875
org.jfree.data.statistics.MeanAndStandardDeviation;11;1.0;0.8888888888888888
org.jfree.data.statistics.SimpleHistogramBin;17;1.0;0.8
org.jfree.data.statistics.SimpleHistogramDataset;31;1.0;0.896551724137931
org.jfree.data.statistics.Statistics;13;;
org.jfree.data.time.DateRange;12;1.0;0.9
org.jfree.data.time.Day;30;0.9629629629629629;0.7407407407407407
org.jfree.data.time.DynamicTimeSeriesCollection;64;0.7049180327868853;0.5409836065573771
org.jfree.data.time.FixedMillisecond;19;1.0;1.0
org.jfree.data.time.Hour;30;0.9285714285714286;0.8571428571428571
org.jfree.data.time.Millisecond;27;0.9583333333333334;0.7916666666666666
org.jfree.data.time.Minute;29;0.9259259259259259;0.8148148148148148
org.jfree.data.time.Month;29;0.9629629629629629;0.7407407407407407
org.jfree.data.time.Quarter;31;0.9310344827586207;0.8620689655172413
org.jfree.data.time.RegularTimePeriod;15;;
org.jfree.data.time.Second;27;0.92;0.8
org.jfree.data.time.SerialDate;78;0.9594594594594594;0.8648648648648649
org.jfree.data.time.SimpleTimePeriod;12;1.0;0.8
org.jfree.data.time.SpreadsheetDate;25;0.9565217391304348;0.9130434782608695
org.jfree.data.time.TimePeriodAnchor;10;0.625;0.875
org.jfree.data.time.TimePeriodValue;12;1.0;1.0
org.jfree.data.time.TimePeriodValues;39;0.9428571428571428;0.6285714285714286
org.jfree.data.time.TimePeriodValuesCollection;25;0.9130434782608695;0.8260869565217391
org.jfree.data.time.TimeSeries;52;0.9387755102040817;0.7755102040816326
org.jfree.data.time.TimeSeriesCollection;36;0.9696969696969697;0.8787878787878788
org.jfree.data.time.TimeSeriesDataItem;12;1.0;1.0
org.jfree.data.time.TimeSeriesTableModel;15;1.0;0.8461538461538461
org.jfree.data.time.TimeTableXYDataset;36;0.9411764705882353;0.8529411764705882
org.jfree.data.time.Week;32;0.9;0.7666666666666667
org.jfree.data.time.Year;25;0.9565217391304348;0.8695652173913043
org.jfree.data.time.ohlc.OHLC;10;1.0;0.75
org.jfree.data.time.ohlc.OHLCSeriesCollection;26;0.9565217391304348;0.8695652173913043
org.jfree.data.xml.ItemHandler;11;1.0;0.8888888888888888
org.jfree.data.xy.CategoryTableXYDataset;28;1.0;0.9615384615384616
org.jfree.data.xy.DefaultHighLowDataset;26;1.0;0.75
org.jfree.data.xy.DefaultIntervalXYDataset;22;1.0;0.95
org.jfree.data.xy.DefaultOHLCDataset;22;1.0;0.95
org.jfree.data.xy.DefaultTableXYDataset;41;0.9210526315789473;0.868421052631579
org.jfree.data.xy.DefaultWindDataset;24;0.9090909090909091;0.7727272727272727
org.jfree.data.xy.DefaultXYDataset;17;1.0;1.0
org.jfree.data.xy.DefaultXYZDataset;19;1.0;0.9411764705882353
org.jfree.data.xy.IntervalXYDelegate;28;0.9230769230769231;0.7307692307692307
org.jfree.data.xy.MatrixSeries;13;1.0;1.0
org.jfree.data.xy.MatrixSeriesCollection;18;1.0;0.9375
org.jfree.data.xy.OHLCDataItem;16;1.0;0.7857142857142857
org.jfree.data.xy.VectorSeriesCollection;19;1.0;1.0
org.jfree.data.xy.XIntervalSeriesCollection;21;1.0;1.0
org.jfree.data.xy.XYBarDataset;24;1.0;0.9545454545454546
org.jfree.data.xy.XYCoordinate;10;1.0;0.875
org.jfree.data.xy.XYDataItem;16;1.0;0.9285714285714286
org.jfree.data.xy.XYDatasetTableModel;11;1.0;1.0
org.jfree.data.xy.XYInterval;12;1.0;0.7
org.jfree.data.xy.XYIntervalSeries;10;;
org.jfree.data.xy.XYIntervalSeriesCollection;23;1.0;1.0
org.jfree.data.xy.XYSeries;52;0.9166666666666666;0.7083333333333334
org.jfree.data.xy.XYSeriesCollection;38;1.0;0.9166666666666666
org.jfree.data.xy.YIntervalSeriesCollection;21;1.0;1.0
