file;entities;metric;metric_random
net.sf.jftp.JFtp;57;0.8148148148148148;0.7777777777777778
net.sf.jftp.config.Settings;92;0.9777777777777777;0.9555555555555556
net.sf.jftp.event.FtpEventHandler;12;1.0;0.9
net.sf.jftp.gui.AppMenuBar;19;0.8125;0.8125
net.sf.jftp.gui.DirEntry;35;0.8125;0.71875
net.sf.jftp.gui.DirLister;15;0.8461538461538461;0.6153846153846154
net.sf.jftp.gui.DirPanel;22;1.0;0.8
net.sf.jftp.gui.DownloadList;22;0.85;0.9
net.sf.jftp.gui.HostChooser;35;0.9090909090909091;0.7272727272727273
net.sf.jftp.gui.HostList;48;0.9111111111111111;0.6222222222222222
net.sf.jftp.gui.LocalDir;57;0.8703703703703703;0.48148148148148145
net.sf.jftp.gui.RemoteDir;52;0.8571428571428571;0.4897959183673469
net.sf.jftp.gui.SmbHostChooser;21;0.8888888888888888;0.8888888888888888
net.sf.jftp.gui.StatusCanvas;12;1.0;0.8
net.sf.jftp.gui.StatusPanel;11;0.7777777777777778;0.7777777777777778
net.sf.jftp.gui.framework.GUIDefaults;20;;
net.sf.jftp.gui.framework.HImageButton;22;0.95;0.8
net.sf.jftp.net.DataConnection;31;0.7241379310344828;0.7586206896551724
net.sf.jftp.net.FilesystemConnection;38;0.8888888888888888;0.75
net.sf.jftp.net.FtpClient;12;1.0;0.9
net.sf.jftp.net.FtpConnection;127;0.76;0.608
net.sf.jftp.net.FtpServerSocket;50;0.8958333333333334;0.6666666666666666
net.sf.jftp.net.FtpURLConnection;16;1.0;0.7857142857142857
net.sf.jftp.net.JConnection;20;0.9444444444444444;0.6666666666666666
net.sf.jftp.net.SmbConnection;43;0.875;0.675
net.sf.jftp.net.Transfer;28;0.7692307692307693;0.5769230769230769
net.sf.jftp.util.Log4JLogger;13;1.0;0.9090909090909091
net.sf.jftp.util.StringUtils;10;;
net.sf.jftp.util.SystemLogger;13;1.0;0.9090909090909091
