file;entities;metric;metric_random
org.jhotdraw.app.AbstractApplication;60;0.6607142857142857;0.4642857142857143
org.jhotdraw.app.AbstractApplicationModel;31;0.7857142857142857;0.5714285714285714
org.jhotdraw.app.AbstractView;36;0.71875;0.75
org.jhotdraw.app.AppletApplication;15;0.9166666666666666;0.9166666666666666
org.jhotdraw.app.DefaultMenuBuilder;22;;
org.jhotdraw.app.EmptyMenuBuilder;22;;
org.jhotdraw.app.MDIApplication;24;0.65;0.55
org.jhotdraw.app.OSXApplication;30;0.6538461538461539;0.6538461538461539
org.jhotdraw.app.SDIApplication;22;0.5;0.7777777777777778
org.jhotdraw.app.action.AbstractApplicationAction;11;0.5714285714285714;0.5714285714285714
org.jhotdraw.app.action.AbstractViewAction;19;0.6666666666666666;0.4666666666666667
org.jhotdraw.app.action.app.ExitAction;13;0.8888888888888888;0.7777777777777778
org.jhotdraw.app.action.edit.RedoAction;10;0.8333333333333334;0.5
org.jhotdraw.app.action.edit.UndoAction;10;0.8333333333333334;0.8333333333333334
org.jhotdraw.app.action.view.ToggleViewPropertyAction;14;0.7272727272727273;0.5454545454545454
org.jhotdraw.app.action.view.ViewPropertyAction;12;0.8888888888888888;0.7777777777777778
org.jhotdraw.app.action.window.FocusWindowAction;11;0.5;0.875
org.jhotdraw.app.osx.OSXAdapter;19;0.6875;0.6875
org.jhotdraw.app.osx.OSXPaletteHandler;16;0.8571428571428571;0.7142857142857143
org.jhotdraw.beans.AbstractBean;10;0.7142857142857143;0.7142857142857143
org.jhotdraw.beans.PropertyChangeEdit;21;0.8823529411764706;0.5882352941176471
org.jhotdraw.color.AbstractColorWheelImageProducer;21;0.8947368421052632;0.7894736842105263
org.jhotdraw.color.CIELABColorSpace;20;0.9411764705882353;0.6470588235294118
org.jhotdraw.color.CIELCHabColorSpace;20;0.9411764705882353;0.6470588235294118
org.jhotdraw.color.CIEXYChromaticityDiagramImageProducer;22;0.8888888888888888;0.5
org.jhotdraw.color.CMYKNominalColorSpace;13;1.0;0.8
org.jhotdraw.color.ColorSliderUI;33;0.896551724137931;0.6551724137931034
org.jhotdraw.color.ColorSquareImageProducer;12;0.875;0.625
org.jhotdraw.color.ColorTrackImageProducer;19;0.8823529411764706;0.7058823529411765
org.jhotdraw.color.ColorUtil;11;1.0;0.8888888888888888
org.jhotdraw.color.ColorWheelChooser;12;0.6666666666666666;0.7777777777777778
org.jhotdraw.color.ComplexColorWheelImageProducer;13;0.8888888888888888;0.5555555555555556
org.jhotdraw.color.DefaultColorSliderModel;22;0.8421052631578947;0.5789473684210527
org.jhotdraw.color.DefaultHarmonicColorModel;33;0.8275862068965517;0.6551724137931034
org.jhotdraw.color.HSBColorSpace;13;1.0;0.9
org.jhotdraw.color.HSLColorSpace;13;1.0;0.9
org.jhotdraw.color.HSLHarmonicColorWheelImageProducer;11;0.8571428571428571;0.7142857142857143
org.jhotdraw.color.HSLPhysiologicColorSpace;13;1.0;1.0
org.jhotdraw.color.HSVColorSpace;13;1.0;0.9
org.jhotdraw.color.HSVHarmonicColorWheelImageProducer;11;0.8571428571428571;0.7142857142857143
org.jhotdraw.color.HSVPhysiologicColorSpace;13;1.0;0.9
org.jhotdraw.color.JColorWheel;39;0.7142857142857143;0.5428571428571428
org.jhotdraw.color.JHarmonicColorWheel;20;0.625;0.5
org.jhotdraw.color.QuantizingColorWheelImageProducer;12;0.8888888888888888;0.7777777777777778
org.jhotdraw.draw.AbstractAttributedCompositeFigure;29;0.56;0.48
org.jhotdraw.draw.AbstractAttributedDecoratedFigure;16;0.35714285714285715;0.7142857142857143
org.jhotdraw.draw.AbstractAttributedFigure;27;0.6521739130434783;0.43478260869565216
org.jhotdraw.draw.AbstractCompositeFigure;65;0.7096774193548387;0.6774193548387096
org.jhotdraw.draw.AbstractDrawing;22;1.0;0.7368421052631579
org.jhotdraw.draw.AbstractFigure;67;0.5873015873015873;0.47619047619047616
org.jhotdraw.draw.AttributeKey;25;0.7272727272727273;0.5
org.jhotdraw.draw.AttributeKeys;52;0.9795918367346939;0.9795918367346939
org.jhotdraw.draw.BezierFigure;57;0.6851851851851852;0.5185185185185185
org.jhotdraw.draw.DefaultDrawing;22;0.7894736842105263;0.7894736842105263
org.jhotdraw.draw.DefaultDrawingEditor;35;0.9354838709677419;0.6129032258064516
org.jhotdraw.draw.DefaultDrawingView;110;0.6132075471698113;0.44339622641509435
org.jhotdraw.draw.DefaultDrawingViewBeanInfo;25;1.0;0.7391304347826086
org.jhotdraw.draw.DefaultDrawingViewTransferHandler;15;0.7272727272727273;0.8181818181818182
org.jhotdraw.draw.DiamondFigure;16;0.9230769230769231;0.7692307692307693
org.jhotdraw.draw.DrawingEditorProxy;27;0.9583333333333334;0.9583333333333334
org.jhotdraw.draw.EllipseFigure;15;1.0;0.9166666666666666
org.jhotdraw.draw.GraphicalCompositeFigure;33;0.41379310344827586;0.5517241379310345
org.jhotdraw.draw.GridConstrainer;31;0.8148148148148148;0.5185185185185185
org.jhotdraw.draw.ImageFigure;30;0.8076923076923077;0.8076923076923077
org.jhotdraw.draw.LabelFigure;14;0.9166666666666666;0.9166666666666666
org.jhotdraw.draw.LabeledLineConnectionFigure;41;0.8648648648648649;0.8108108108108109
org.jhotdraw.draw.LineConnectionFigure;41;0.7567567567567568;0.7297297297297297
org.jhotdraw.draw.QuadTreeCompositeFigure;29;0.68;0.56
org.jhotdraw.draw.QuadTreeDrawing;29;0.8846153846153846;0.8461538461538461
org.jhotdraw.draw.RectangleFigure;13;1.0;0.9
org.jhotdraw.draw.RoundRectangleFigure;26;0.8695652173913043;0.6956521739130435
org.jhotdraw.draw.TextAreaFigure;40;0.7777777777777778;0.75
org.jhotdraw.draw.TextFigure;39;0.8611111111111112;0.8611111111111112
org.jhotdraw.draw.TriangleFigure;20;0.7647058823529411;0.7058823529411765
org.jhotdraw.draw.action.AbstractDrawingEditorAction;13;0.5555555555555556;0.7777777777777778
org.jhotdraw.draw.action.AbstractDrawingViewAction;18;0.7142857142857143;0.5714285714285714
org.jhotdraw.draw.action.AbstractSelectedAction;15;0.5454545454545454;0.6363636363636364
org.jhotdraw.draw.action.AttributeAction;10;1.0;1.0
org.jhotdraw.draw.action.AttributeToggler;10;0.8571428571428571;1.0
org.jhotdraw.draw.action.ButtonFactory;78;0.9868421052631579;0.9868421052631579
org.jhotdraw.draw.action.ColorIcon;15;0.9166666666666666;0.75
org.jhotdraw.draw.action.DefaultAttributeAction;13;0.8;0.8
org.jhotdraw.draw.action.EditCanvasAction;10;0.8333333333333334;0.5
org.jhotdraw.draw.action.EditCanvasPanel;20;0.7222222222222222;0.7777777777777778
org.jhotdraw.draw.action.EditGridAction;10;0.8333333333333334;0.6666666666666666
org.jhotdraw.draw.action.EditGridPanel;12;0.9;0.8
org.jhotdraw.draw.action.EditorColorChooserAction;10;0.7142857142857143;0.8571428571428571
org.jhotdraw.draw.action.GroupAction;12;0.625;0.625
org.jhotdraw.draw.action.ImageBevelBorder;11;1.0;0.75
org.jhotdraw.draw.connector.AbstractConnector;24;0.65;0.6
org.jhotdraw.draw.connector.LocatorConnector;10;0.8333333333333334;0.8333333333333334
org.jhotdraw.draw.connector.StickyRectangleConnector;13;0.6;0.6
org.jhotdraw.draw.decoration.AbstractLineDecoration;16;0.8333333333333334;0.6666666666666666
org.jhotdraw.draw.decoration.ArrowTip;10;1.0;0.7142857142857143
org.jhotdraw.draw.event.AbstractAttributeEditorHandler;30;0.5384615384615384;0.38461538461538464
org.jhotdraw.draw.event.FigureEvent;11;0.625;0.75
org.jhotdraw.draw.event.HandleMulticaster;11;1.0;1.0
org.jhotdraw.draw.event.SelectionComponentDisplayer;13;0.6;0.8
org.jhotdraw.draw.event.TransformEdit;10;1.0;0.7142857142857143
org.jhotdraw.draw.gui.JAttributeSlider;14;0.7272727272727273;0.8181818181818182
org.jhotdraw.draw.gui.JAttributeSliderBeanInfo;25;1.0;0.8260869565217391
org.jhotdraw.draw.gui.JAttributeTextArea;11;0.75;1.0
org.jhotdraw.draw.gui.JAttributeTextAreaBeanInfo;25;1.0;0.7391304347826086
org.jhotdraw.draw.gui.JAttributeTextField;11;0.75;0.875
org.jhotdraw.draw.gui.JAttributeTextFieldBeanInfo;25;1.0;0.7391304347826086
org.jhotdraw.draw.handle.AbstractConnectionHandle;31;0.6296296296296297;0.6296296296296297
org.jhotdraw.draw.handle.AbstractHandle;45;0.7073170731707317;0.6585365853658537
org.jhotdraw.draw.handle.AbstractRotateHandle;21;0.8235294117647058;0.47058823529411764
org.jhotdraw.draw.handle.BezierControlPointHandle;21;0.6470588235294118;0.5882352941176471
org.jhotdraw.draw.handle.BezierNodeHandle;22;0.6111111111111112;0.6111111111111112
org.jhotdraw.draw.handle.BezierOutlineHandle;10;1.0;0.7142857142857143
org.jhotdraw.draw.handle.BezierScaleHandle;16;0.6923076923076923;0.6923076923076923
org.jhotdraw.draw.handle.BoundsOutlineHandle;17;1.0;0.6428571428571429
org.jhotdraw.draw.handle.ConnectorHandle;24;0.65;0.55
org.jhotdraw.draw.handle.FontSizeHandle;13;1.0;0.8
org.jhotdraw.draw.handle.HandleAttributeKeys;106;1.0;0.9711538461538461
org.jhotdraw.draw.handle.MoveHandle;17;1.0;0.9285714285714286
org.jhotdraw.draw.handle.OrientationHandle;11;0.75;0.875
org.jhotdraw.draw.handle.ResizeHandleKit;13;1.0;0.9
org.jhotdraw.draw.handle.RoundRectangleRadiusHandle;11;0.75;0.875
org.jhotdraw.draw.handle.TransformHandleKit;15;1.0;1.0
org.jhotdraw.draw.io.DOMStorableInputOutputFormat;24;0.75;0.5
org.jhotdraw.draw.io.ImageInputFormat;19;0.625;0.5625
org.jhotdraw.draw.io.ImageOutputFormat;19;0.6666666666666666;0.6666666666666666
org.jhotdraw.draw.io.SerializationInputOutputFormat;23;0.8;0.55
org.jhotdraw.draw.io.TextInputFormat;18;0.6;0.4666666666666667
org.jhotdraw.draw.locator.BezierLabelLocator;11;0.75;0.75
org.jhotdraw.draw.locator.RelativeDecoratorLocator;14;1.0;0.9090909090909091
org.jhotdraw.draw.locator.RelativeLocator;29;1.0;0.7692307692307693
org.jhotdraw.draw.text.FloatingTextArea;14;0.8;0.8
org.jhotdraw.draw.text.FloatingTextField;14;0.9;0.8
org.jhotdraw.draw.tool.AbstractTool;52;0.8125;0.4166666666666667
org.jhotdraw.draw.tool.BezierTool;31;0.5185185185185185;0.4444444444444444
org.jhotdraw.draw.tool.ConnectionTool;31;0.6296296296296297;0.48148148148148145
org.jhotdraw.draw.tool.CreationTool;26;0.7727272727272727;0.5
org.jhotdraw.draw.tool.DefaultDragTracker;15;0.8181818181818182;0.7272727272727273
org.jhotdraw.draw.tool.DefaultHandleTracker;24;0.85;0.7
org.jhotdraw.draw.tool.DefaultSelectAreaTracker;18;0.6428571428571429;0.5
org.jhotdraw.draw.tool.DelegationSelectionTool;20;0.8125;0.4375
org.jhotdraw.draw.tool.DnDTracker;14;0.9;0.6
org.jhotdraw.draw.tool.ImageTool;11;0.8571428571428571;0.42857142857142855
org.jhotdraw.draw.tool.SelectionTool;31;0.8888888888888888;0.37037037037037035
org.jhotdraw.draw.tool.TextAreaCreationTool;14;0.6;0.6
org.jhotdraw.draw.tool.TextAreaEditingTool;11;0.5714285714285714;0.8571428571428571
org.jhotdraw.draw.tool.TextCreationTool;15;0.5;0.75
org.jhotdraw.draw.tool.TextEditingTool;13;0.4;0.8
org.jhotdraw.geom.Bezier;37;0.9142857142857143;0.8
org.jhotdraw.geom.BezierPath;52;0.8163265306122449;0.7142857142857143
org.jhotdraw.geom.BezierPathIterator;11;0.75;0.625
org.jhotdraw.geom.Dimension2DDouble;13;0.8181818181818182;0.6363636363636364
org.jhotdraw.geom.DoubleStroke;12;0.875;0.875
org.jhotdraw.geom.Geom;47;0.9772727272727273;0.9318181818181818
org.jhotdraw.geom.Insets2D;16;1.0;0.7692307692307693
org.jhotdraw.geom.Polygon2D;21;0.8333333333333334;0.5555555555555556
org.jhotdraw.geom.QuadTree;14;1.0;0.6666666666666666
org.jhotdraw.gui.JDisclosureToolBar;10;0.7142857142857143;0.8571428571428571
org.jhotdraw.gui.JDisclosureToolBarBeanInfo;25;1.0;0.8260869565217391
org.jhotdraw.gui.JFontChooser;35;0.4838709677419355;0.5806451612903226
org.jhotdraw.gui.JLifeFormattedTexAreaBeanInfo;25;1.0;0.7391304347826086
org.jhotdraw.gui.JLifeFormattedTextField;11;0.7142857142857143;0.7142857142857143
org.jhotdraw.gui.JLifeFormattedTextFieldBeanInfo;25;1.0;0.8260869565217391
org.jhotdraw.gui.JMDIDesktopPane;20;0.5;0.5
org.jhotdraw.gui.JPopupButton;36;0.78125;0.5625
org.jhotdraw.gui.JPopupButtonBeanInfo;25;1.0;0.8260869565217391
org.jhotdraw.gui.JSheet;57;0.7358490566037735;0.41509433962264153
org.jhotdraw.gui.ToolBarLayout;15;0.9166666666666666;0.8333333333333334
org.jhotdraw.gui.VerticalGridLayout;26;0.9583333333333334;0.6666666666666666
org.jhotdraw.gui.Worker;12;0.625;0.625
org.jhotdraw.gui.event.SheetEvent;15;1.0;0.9166666666666666
org.jhotdraw.gui.fontchooser.AbstractFontChooserModel;10;0.7142857142857143;0.8571428571428571
org.jhotdraw.gui.fontchooser.DefaultFontChooserModel;12;0.7777777777777778;1.0
org.jhotdraw.gui.fontchooser.FontCollectionNode;29;0.7692307692307693;0.5769230769230769
org.jhotdraw.gui.fontchooser.FontFaceNode;25;0.8571428571428571;0.6666666666666666
org.jhotdraw.gui.fontchooser.FontFamilyNode;27;0.7083333333333334;0.7083333333333334
org.jhotdraw.gui.plaf.palette.MultiIcon;13;0.7777777777777778;0.5555555555555556
org.jhotdraw.gui.plaf.palette.PaletteColorChooserUI;20;0.625;0.5625
org.jhotdraw.gui.plaf.palette.PaletteFontChooserSelectionPanel;18;0.9333333333333333;0.8666666666666667
org.jhotdraw.gui.plaf.palette.PaletteFontChooserUI;24;0.75;0.6
org.jhotdraw.gui.plaf.palette.PaletteLabelUI;12;1.0;0.75
org.jhotdraw.gui.plaf.palette.PaletteLazyActionMap;14;0.9090909090909091;1.0
org.jhotdraw.gui.plaf.palette.PaletteLookAndFeel;23;0.9;0.75
org.jhotdraw.gui.plaf.palette.PaletteSliderThumbIcon;14;0.9;0.6
org.jhotdraw.gui.plaf.palette.PaletteSliderUI;16;1.0;0.6923076923076923
org.jhotdraw.gui.plaf.palette.PaletteTabbedPaneUI;22;0.8947368421052632;0.6842105263157895
org.jhotdraw.gui.plaf.palette.PaletteToolBarBorder;12;0.7777777777777778;0.7777777777777778
org.jhotdraw.gui.plaf.palette.PaletteToolBarUI;88;0.6309523809523809;0.39285714285714285
org.jhotdraw.gui.plaf.palette.colorchooser.ColorIcon;15;0.9166666666666666;0.6666666666666666
org.jhotdraw.gui.plaf.palette.colorchooser.PaletteCMYKChooser;37;0.9411764705882353;0.7941176470588235
org.jhotdraw.gui.plaf.palette.colorchooser.PaletteColorSlidersChooser;12;0.7777777777777778;0.8888888888888888
org.jhotdraw.gui.plaf.palette.colorchooser.PaletteColorWheelChooser;12;0.6666666666666666;0.6666666666666666
org.jhotdraw.gui.plaf.palette.colorchooser.PaletteHSBChooser;31;0.9285714285714286;0.7857142857142857
org.jhotdraw.gui.plaf.palette.colorchooser.PaletteRGBChooser;25;0.9090909090909091;0.6818181818181818
org.jhotdraw.gui.plaf.palette.colorchooser.PaletteSwatchesChooser;14;0.7272727272727273;0.8181818181818182
org.jhotdraw.io.Base64;31;0.75;0.5714285714285714
org.jhotdraw.io.BoundedRangeInputStream;26;0.8181818181818182;0.7272727272727273
org.jhotdraw.io.StreamPosTokenizer;65;0.9032258064516129;0.5645161290322581
org.jhotdraw.net.ClientHttpRequest;48;0.75;0.5681818181818182
org.jhotdraw.samples.color.JMixer;58;0.9821428571428571;0.9642857142857143
org.jhotdraw.samples.color.WheelsAndSlidersMain;15;0.7692307692307693;0.9230769230769231
org.jhotdraw.samples.draw.DrawApplet;15;0.36363636363636365;0.5454545454545454
org.jhotdraw.samples.draw.DrawLiveConnectApplet;17;0.7857142857142857;0.7857142857142857
org.jhotdraw.samples.draw.DrawView;16;0.5833333333333334;0.5
org.jhotdraw.samples.draw.DrawingPanel;17;0.8;0.8
org.jhotdraw.samples.draw.DrawingPanelBeanInfo;25;1.0;0.782608695652174
org.jhotdraw.samples.mini.BezierDemo;25;0.9090909090909091;0.9090909090909091
org.jhotdraw.samples.mini.SVGDrawingPanelSample;17;0.7857142857142857;0.9285714285714286
org.jhotdraw.samples.mini.StraightLineFigure;11;1.0;0.875
org.jhotdraw.samples.net.NetApplet;15;0.36363636363636365;0.7272727272727273
org.jhotdraw.samples.net.NetApplicationModel;12;0.5555555555555556;0.7777777777777778
org.jhotdraw.samples.net.NetPanel;16;0.9285714285714286;0.7857142857142857
org.jhotdraw.samples.net.NetView;22;0.7777777777777778;0.5
org.jhotdraw.samples.net.figures.NodeFigure;17;0.9285714285714286;0.7142857142857143
org.jhotdraw.samples.odg.ODGApplicationModel;16;0.9230769230769231;0.6153846153846154
org.jhotdraw.samples.odg.ODGAttributeKeys;14;0.9090909090909091;0.8181818181818182
org.jhotdraw.samples.odg.ODGDrawingPanel;17;0.9333333333333333;0.7333333333333333
org.jhotdraw.samples.odg.ODGDrawingPanelBeanInfo;25;1.0;0.782608695652174
org.jhotdraw.samples.odg.ODGPropertiesPanel;15;0.9166666666666666;0.9166666666666666
org.jhotdraw.samples.odg.ODGPropertiesPanelBeanInfo;25;1.0;0.782608695652174
org.jhotdraw.samples.odg.ODGView;29;0.64;0.48
org.jhotdraw.samples.odg.figures.ODGEllipseFigure;24;0.7619047619047619;0.7142857142857143
org.jhotdraw.samples.odg.figures.ODGGroupFigure;12;0.8888888888888888;0.8888888888888888
org.jhotdraw.samples.odg.figures.ODGPathFigure;27;0.8695652173913043;0.8695652173913043
org.jhotdraw.samples.odg.figures.ODGPathOutlineHandle;10;0.7142857142857143;0.7142857142857143
org.jhotdraw.samples.odg.figures.ODGRectFigure;33;0.7666666666666667;0.6333333333333333
org.jhotdraw.samples.odg.figures.ODGRectRadiusHandle;12;0.6666666666666666;1.0
org.jhotdraw.samples.odg.geom.EnhancedPath;28;0.96;0.76
org.jhotdraw.samples.odg.io.ODGInputFormat;50;0.723404255319149;0.6382978723404256
org.jhotdraw.samples.odg.io.ODGStylesReader;29;0.8846153846153846;0.8076923076923077
org.jhotdraw.samples.pert.PertApplet;15;0.45454545454545453;0.45454545454545453
org.jhotdraw.samples.pert.PertApplicationModel;12;0.5555555555555556;0.6666666666666666
org.jhotdraw.samples.pert.PertPanel;16;0.9285714285714286;0.7142857142857143
org.jhotdraw.samples.pert.PertView;21;0.7647058823529411;0.47058823529411764
org.jhotdraw.samples.pert.figures.TaskFigure;24;0.7619047619047619;0.5714285714285714
org.jhotdraw.samples.svg.LinearGradient;33;0.8333333333333334;0.43333333333333335
org.jhotdraw.samples.svg.RadialGradient;33;0.8333333333333334;0.5333333333333333
org.jhotdraw.samples.svg.SVGApplet;20;0.375;0.5625
org.jhotdraw.samples.svg.SVGApplicationModel;14;0.9090909090909091;0.7272727272727273
org.jhotdraw.samples.svg.SVGAttributeKeys;20;0.9411764705882353;0.8823529411764706
org.jhotdraw.samples.svg.SVGConstants;11;1.0;1.0
org.jhotdraw.samples.svg.SVGCreateFromFileTool;14;0.9;0.6
org.jhotdraw.samples.svg.SVGDrawingPanel;40;0.8108108108108109;0.5405405405405406
org.jhotdraw.samples.svg.SVGDrawingPanelBeanInfo;25;1.0;0.7391304347826086
org.jhotdraw.samples.svg.SVGView;22;0.5;0.5
org.jhotdraw.samples.svg.action.CombineAction;15;0.45454545454545453;0.45454545454545453
org.jhotdraw.samples.svg.figures.ConvexHullOutlineHandle;20;0.9411764705882353;0.5294117647058824
org.jhotdraw.samples.svg.figures.SVGBezierFigure;12;0.7;0.8
org.jhotdraw.samples.svg.figures.SVGEllipseFigure;24;0.7619047619047619;0.6666666666666666
org.jhotdraw.samples.svg.figures.SVGGroupFigure;12;1.0;1.0
org.jhotdraw.samples.svg.figures.SVGImageFigure;36;0.7878787878787878;0.696969696969697
org.jhotdraw.samples.svg.figures.SVGPathFigure;28;0.875;0.7916666666666666
org.jhotdraw.samples.svg.figures.SVGPathOutlineHandle;10;1.0;1.0
org.jhotdraw.samples.svg.figures.SVGRectFigure;34;0.8064516129032258;0.5161290322580645
org.jhotdraw.samples.svg.figures.SVGRectRadiusHandle;12;0.7777777777777778;0.7777777777777778
org.jhotdraw.samples.svg.figures.SVGTextAreaFigure;42;0.8205128205128205;0.717948717948718
org.jhotdraw.samples.svg.figures.SVGTextFigure;45;0.8292682926829268;0.8048780487804879
org.jhotdraw.samples.svg.gui.AbstractToolBar;17;0.46153846153846156;0.6153846153846154
org.jhotdraw.samples.svg.gui.AbstractToolBarBeanInfo;25;1.0;0.7391304347826086
org.jhotdraw.samples.svg.gui.ActionsToolBar;13;0.5;0.6
org.jhotdraw.samples.svg.gui.ActionsToolBarBeanInfo;25;1.0;0.7391304347826086
org.jhotdraw.samples.svg.gui.AlignToolBarBeanInfo;25;1.0;0.782608695652174
org.jhotdraw.samples.svg.gui.ArrangeToolBarBeanInfo;25;1.0;0.782608695652174
org.jhotdraw.samples.svg.gui.CanvasToolBarBeanInfo;25;1.0;0.6956521739130435
org.jhotdraw.samples.svg.gui.FigureToolBarBeanInfo;25;1.0;0.7391304347826086
org.jhotdraw.samples.svg.gui.FillToolBarBeanInfo;25;1.0;0.6956521739130435
org.jhotdraw.samples.svg.gui.FontToolBarBeanInfo;25;1.0;0.8260869565217391
org.jhotdraw.samples.svg.gui.LinkToolBarBeanInfo;25;1.0;0.7391304347826086
org.jhotdraw.samples.svg.gui.MessagePanel;13;0.9;0.8
org.jhotdraw.samples.svg.gui.ProgressIndicator;21;0.8333333333333334;0.7222222222222222
org.jhotdraw.samples.svg.gui.StrokeToolBarBeanInfo;25;1.0;0.782608695652174
org.jhotdraw.samples.svg.gui.SummaryToolBarBeanInfo;25;1.0;0.8260869565217391
org.jhotdraw.samples.svg.gui.ToolsToolBarBeanInfo;25;1.0;0.782608695652174
org.jhotdraw.samples.svg.gui.ViewToolBarBeanInfo;25;1.0;0.7391304347826086
org.jhotdraw.samples.svg.io.DefaultSVGFigureFactory;14;1.0;1.0
org.jhotdraw.samples.svg.io.ImageMapOutputFormat;30;0.8076923076923077;0.6923076923076923
org.jhotdraw.samples.svg.io.SVGInputFormat;78;0.7066666666666667;0.5466666666666666
org.jhotdraw.samples.svg.io.SVGOutputFormat;61;0.8421052631578947;0.49122807017543857
org.jhotdraw.samples.teddy.CharacterSetAccessory;12;0.8;0.8
org.jhotdraw.samples.teddy.FindDialog;32;0.896551724137931;0.6206896551724138
org.jhotdraw.samples.teddy.JEditorArea;11;0.75;0.875
org.jhotdraw.samples.teddy.TeddyView;39;0.5714285714285714;0.5428571428571428
org.jhotdraw.samples.teddy.regex.Matcher;18;0.9375;0.8125
org.jhotdraw.text.ColorFormatter;26;0.8636363636363636;0.5454545454545454
org.jhotdraw.text.FontFormatter;15;0.8333333333333334;0.8333333333333334
org.jhotdraw.text.JavaNumberFormatter;49;0.8478260869565217;0.6086956521739131
org.jhotdraw.undo.CompositeEdit;14;0.9090909090909091;0.6363636363636364
org.jhotdraw.undo.UndoRedoManager;28;0.625;0.5416666666666666
org.jhotdraw.util.Methods;23;1.0;1.0
org.jhotdraw.util.ResourceBundleUtil;40;0.7837837837837838;0.6216216216216216
org.jhotdraw.util.prefs.PreferencesUtil;50;0.9361702127659575;0.6808510638297872
org.jhotdraw.util.prefs.ToolBarPrefsHandler;12;0.7777777777777778;0.8888888888888888
org.jhotdraw.xml.DefaultDOMFactory;16;1.0;0.6153846153846154
org.jhotdraw.xml.JavaxDOMInput;25;0.9047619047619048;0.6666666666666666
org.jhotdraw.xml.JavaxDOMOutput;27;0.9565217391304348;0.6956521739130435
org.jhotdraw.xml.NanoXMLDOMInput;24;0.9047619047619048;0.8095238095238095
org.jhotdraw.xml.NanoXMLDOMOutput;29;0.9230769230769231;0.6538461538461539
org.jhotdraw.xml.css.CSSRule;12;1.0;0.875
