file;entities;metric;metric_random
junit.framework.Assert;39;1.0;0.9722222222222222
junit.framework.ComparisonCompactor;16;0.9285714285714286;0.9285714285714286
junit.framework.JUnit4TestAdapter;15;0.8333333333333334;0.6666666666666666
junit.framework.TestCase;14;0.7;0.8
junit.framework.TestResult;23;0.8;0.8
junit.framework.TestSuite;26;0.8695652173913043;0.6956521739130435
junit.runner.BaseTestRunner;34;0.7;0.5666666666666667
junit.textui.ResultPrinter;19;0.75;0.5
junit.textui.TestRunner;22;0.6666666666666666;0.6111111111111112
org.junit.Assert;47;0.8604651162790697;0.6046511627906976
org.junit.experimental.theories.ParameterSignature;14;0.75;0.75
org.junit.experimental.theories.internal.Assignments;17;0.8666666666666667;1.0
org.junit.internal.TextListener;13;0.8888888888888888;0.5555555555555556
org.junit.internal.runners.ClassRoadie;10;0.7142857142857143;0.8571428571428571
org.junit.internal.runners.JUnit4ClassRunner;20;0.5625;0.6875
org.junit.internal.runners.MethodRoadie;13;0.6;0.7
org.junit.internal.runners.TestClass;13;0.7;0.6
org.junit.internal.runners.TestMethod;11;0.8571428571428571;0.7142857142857143
org.junit.runner.Description;23;0.9;0.8
org.junit.runner.JUnitCore;14;0.8333333333333334;0.9166666666666666
org.junit.runner.Request;10;0.875;1.0
org.junit.runner.Result;12;1.0;0.8
org.junit.runner.notification.RunNotifier;13;1.0;0.9090909090909091
org.junit.runners.BlockJUnit4ClassRunner;24;0.75;0.55
org.junit.runners.ParentRunner;26;0.8636363636363636;0.6363636363636364
org.junit.runners.Suite;10;1.0;0.8333333333333334
org.junit.runners.model.FrameworkMethod;15;0.5833333333333334;0.6666666666666666
org.junit.runners.model.TestClass;14;0.5454545454545454;0.7272727272727273
