file;entities;metric;metric_random
org.lwjgl.BufferChecks;31;0.9310344827586207;0.8275862068965517
org.lwjgl.BufferUtils;18;1.0;1.0
org.lwjgl.LWJGLUtil;24;0.8571428571428571;0.8571428571428571
org.lwjgl.NondirectBufferWrapper;51;0.9795918367346939;0.6326530612244898
org.lwjgl.PointerBuffer;50;0.9361702127659575;0.8297872340425532
org.lwjgl.Sys;17;1.0;0.6666666666666666
org.lwjgl.WindowsSysImplementation;13;0.36363636363636365;0.7272727272727273
org.lwjgl.examples.Game;11;0.7777777777777778;0.8888888888888888
org.lwjgl.examples.spaceinvaders.AlienEntity;14;1.0;0.75
org.lwjgl.examples.spaceinvaders.Entity;19;0.9375;0.6875
org.lwjgl.examples.spaceinvaders.Game;53;0.8431372549019608;0.6862745098039216
org.lwjgl.examples.spaceinvaders.SoundManager;13;1.0;0.9090909090909091
org.lwjgl.examples.spaceinvaders.Texture;20;0.9444444444444444;0.8333333333333334
org.lwjgl.examples.spaceinvaders.TextureLoader;11;0.6666666666666666;0.7777777777777778
org.lwjgl.input.ControllerEvent;21;0.9444444444444444;0.8333333333333334
org.lwjgl.input.Controllers;24;0.9047619047619048;0.7619047619047619
org.lwjgl.input.Cursor;19;0.7333333333333333;0.5333333333333333
org.lwjgl.input.JInputController;48;1.0;0.6444444444444445
org.lwjgl.input.Keyboard;165;0.9570552147239264;0.8220858895705522
org.lwjgl.input.Mouse;68;0.8769230769230769;0.6
org.lwjgl.openal.AL;16;0.6923076923076923;0.6923076923076923
org.lwjgl.openal.ALC10;52;0.42;0.68
org.lwjgl.openal.ALC11;19;0.5294117647058824;0.7647058823529411
org.lwjgl.opencl.APIUtil;49;0.8936170212765957;0.6808510638297872
org.lwjgl.opencl.CL;12;0.8888888888888888;0.6666666666666666
org.lwjgl.opencl.CLCommandQueue;10;0.8571428571428571;0.7142857142857143
org.lwjgl.opencl.CLContext;31;0.9642857142857143;0.5357142857142857
org.lwjgl.opencl.CLDevice;21;0.9444444444444444;0.5555555555555556
org.lwjgl.opencl.CLKernel;16;0.9230769230769231;0.9230769230769231
org.lwjgl.opencl.CLMem;18;0.9333333333333333;0.8
org.lwjgl.opencl.CLPlatform;21;0.7222222222222222;0.5555555555555556
org.lwjgl.opencl.CLProgram;16;0.9230769230769231;0.7692307692307693
org.lwjgl.opencl.CallbackUtil;16;0.8571428571428571;0.8571428571428571
org.lwjgl.opencl.FastLongMap;17;0.7857142857142857;0.5714285714285714
org.lwjgl.opencl.InfoUtilAbstract;10;0.875;0.75
org.lwjgl.opencl.InfoUtilFactory;10;1.0;1.0
org.lwjgl.opengl.APIUtil;27;0.84;0.64
org.lwjgl.opengl.AWTGLCanvas;45;0.9024390243902439;0.6585365853658537
org.lwjgl.opengl.AWTSurfaceLock;10;0.42857142857142855;0.8571428571428571
org.lwjgl.opengl.AWTUtil;11;0.8888888888888888;0.8888888888888888
org.lwjgl.opengl.AbstractDrawable;11;0.8888888888888888;0.7777777777777778
org.lwjgl.opengl.BaseReferences;12;;
org.lwjgl.opengl.CallbackUtil;12;0.8;0.7
org.lwjgl.opengl.Context;28;0.76;0.6
org.lwjgl.opengl.ContextAttribs;35;0.875;0.65625
org.lwjgl.opengl.Display;77;0.7432432432432432;0.581081081081081
org.lwjgl.opengl.DisplayMode;13;0.8;0.8
org.lwjgl.opengl.FastIntMap;17;0.7857142857142857;0.5714285714285714
org.lwjgl.opengl.GLChecks;24;0.9545454545454546;0.7727272727272727
org.lwjgl.opengl.GLContext;21;0.6666666666666666;0.5
org.lwjgl.opengl.KeyboardEventQueue;23;0.8;0.75
org.lwjgl.opengl.LinuxContextAttribs;19;1.0;0.6875
org.lwjgl.opengl.LinuxContextImplementation;18;0.2;0.7333333333333333
org.lwjgl.opengl.LinuxDisplay;196;0.6632124352331606;0.5181347150259067
org.lwjgl.opengl.LinuxEvent;68;0.2153846153846154;0.6307692307692307
org.lwjgl.opengl.LinuxKeyboard;61;0.9137931034482759;0.896551724137931
org.lwjgl.opengl.LinuxKeycodes;366;;
org.lwjgl.opengl.LinuxMouse;49;0.8478260869565217;0.8478260869565217
org.lwjgl.opengl.MacOSXCanvasListener;15;0.8333333333333334;0.75
org.lwjgl.opengl.MacOSXContextAttribs;19;1.0;0.5625
org.lwjgl.opengl.MacOSXContextImplementation;20;0.058823529411764705;0.7058823529411765
org.lwjgl.opengl.MacOSXDisplay;65;0.8387096774193549;0.7258064516129032
org.lwjgl.opengl.MacOSXFrame;30;0.9259259259259259;0.7037037037037037
org.lwjgl.opengl.MacOSXMouseEventQueue;12;0.5;0.75
org.lwjgl.opengl.MouseEventQueue;38;0.4117647058823529;0.5294117647058824
org.lwjgl.opengl.Pbuffer;30;0.8928571428571429;0.9285714285714286
org.lwjgl.opengl.PeerInfo;11;0.375;0.625
org.lwjgl.opengl.PixelFormat;45;0.9534883720930233;0.7906976744186046
org.lwjgl.opengl.RenderTexture;38;0.8857142857142857;0.6285714285714286
org.lwjgl.opengl.StateTracker;18;0.75;0.75
org.lwjgl.opengl.WindowsContextAttribs;19;1.0;0.6875
org.lwjgl.opengl.WindowsContextImplementation;18;0.2;0.6666666666666666
org.lwjgl.opengl.WindowsDisplay;204;0.7611940298507462;0.6119402985074627
org.lwjgl.opengl.WindowsKeyboard;33;0.8333333333333334;0.7666666666666667
org.lwjgl.opengl.WindowsKeycodes;197;;
org.lwjgl.opengl.WindowsMouse;30;0.8148148148148148;0.7407407407407407
org.lwjgl.opengl.WindowsPbufferPeerInfo;14;0.1;0.9
org.lwjgl.opengl.XRandR;10;0.875;0.875
org.lwjgl.test.SysTest;10;0.875;0.75
org.lwjgl.test.WindowCreationTest;18;0.6666666666666666;0.8666666666666667
org.lwjgl.test.applet.GearsApplet;23;0.7368421052631579;0.631578947368421
org.lwjgl.test.glu.tessellation.TessellationTest;14;0.9090909090909091;0.8181818181818182
org.lwjgl.test.input.HWCursorTest;16;0.8461538461538461;0.9230769230769231
org.lwjgl.test.input.KeyboardTest;12;0.4444444444444444;0.8888888888888888
org.lwjgl.test.input.MouseTest;29;0.8076923076923077;0.8846153846153846
org.lwjgl.test.openal.PositionTest;28;0.88;0.8
org.lwjgl.test.openal.StressTest;10;0.42857142857142855;0.7142857142857143
org.lwjgl.test.opencl.gl.DemoFractal;62;0.95;0.95
org.lwjgl.test.opengl.FullScreenWindowedTest;18;0.875;0.875
org.lwjgl.test.opengl.Gears;13;0.9090909090909091;1.0
org.lwjgl.test.opengl.PbufferTest;21;0.8947368421052632;0.9473684210526315
org.lwjgl.test.opengl.VBOIndexTest;15;0.9230769230769231;1.0
org.lwjgl.test.opengl.VBOTest;11;0.8888888888888888;1.0
org.lwjgl.test.opengl.awt.AWTGears;12;0.8;1.0
org.lwjgl.test.opengl.awt.AWTGearsCanvas;17;0.8571428571428571;0.5
org.lwjgl.test.opengl.multithread.BackgroundLoadTest;13;0.7;0.8
org.lwjgl.test.opengl.multithread.BackgroundLoader;15;0.9166666666666666;0.75
org.lwjgl.test.opengl.pbuffers.PbufferTest;23;0.8;0.9
org.lwjgl.test.opengl.shaders.ShaderFSH;11;;
org.lwjgl.test.opengl.shaders.ShaderUNI;13;;
org.lwjgl.test.opengl.shaders.ShadersTest;23;0.85;0.8
org.lwjgl.util.Color;46;1.0;0.9767441860465116
org.lwjgl.util.Dimension;15;1.0;1.0
org.lwjgl.util.Point;18;1.0;0.9333333333333333
org.lwjgl.util.Rectangle;41;1.0;0.9736842105263158
org.lwjgl.util.Timer;16;1.0;0.7142857142857143
org.lwjgl.util.WaveData;12;0.8;0.9
org.lwjgl.util.XPMFile;18;0.875;0.8125
org.lwjgl.util.applet.AppletLoader;84;0.85;0.675
org.lwjgl.util.generator.GeneratorVisitor;16;0.7857142857142857;1.0
org.lwjgl.util.generator.JNITypeTranslator;14;1.0;1.0
org.lwjgl.util.generator.JavaMethodsGenerator;23;0.9523809523809523;0.9523809523809523
org.lwjgl.util.generator.JavaTypeTranslator;16;0.8571428571428571;0.9285714285714286
org.lwjgl.util.generator.NativeMethodStubsGenerator;19;0.8235294117647058;0.9411764705882353
org.lwjgl.util.generator.NativeTypeTranslator;26;0.8260869565217391;0.7391304347826086
org.lwjgl.util.generator.PostfixTranslator;21;0.6842105263157895;0.7368421052631579
org.lwjgl.util.generator.SignatureTranslator;17;0.9285714285714286;0.7857142857142857
org.lwjgl.util.generator.TypeInfo;16;0.5714285714285714;0.8571428571428571
org.lwjgl.util.generator.Utils;47;0.8409090909090909;0.7954545454545454
org.lwjgl.util.generator.openal.ALTypeMap;21;0.8947368421052632;0.8947368421052632
org.lwjgl.util.generator.opencl.CLGeneratorProcessorFactory;12;0.8888888888888888;0.7777777777777778
org.lwjgl.util.generator.opencl.CLTypeMap;21;0.8947368421052632;0.8947368421052632
org.lwjgl.util.generator.opengl.GLCapabilitiesGenerator;21;0.6842105263157895;0.6842105263157895
org.lwjgl.util.generator.opengl.GLTypeMap;21;0.8947368421052632;0.9473684210526315
org.lwjgl.util.glu.GLU;128;1.0;0.9920634920634921
org.lwjgl.util.glu.GLUtessellatorCallbackAdapter;12;;
org.lwjgl.util.glu.PixelStoreState;11;0.8888888888888888;1.0
org.lwjgl.util.glu.Project;18;1.0;0.875
org.lwjgl.util.glu.Quadric;17;0.8;0.6
org.lwjgl.util.glu.tessellation.Dict;15;0.9230769230769231;1.0
org.lwjgl.util.glu.tessellation.GLUhalfEdge;10;1.0;1.0
org.lwjgl.util.glu.tessellation.GLUtessellatorImpl;61;0.8103448275862069;0.43103448275862066
org.lwjgl.util.glu.tessellation.Geom;14;1.0;1.0
org.lwjgl.util.glu.tessellation.Mesh;20;0.6470588235294118;0.7647058823529411
org.lwjgl.util.glu.tessellation.Normal;11;0.75;0.75
org.lwjgl.util.glu.tessellation.PriorityQ;10;1.0;0.875
org.lwjgl.util.glu.tessellation.PriorityQHeap;16;;
org.lwjgl.util.glu.tessellation.PriorityQSort;17;0.9333333333333333;0.8666666666666667
org.lwjgl.util.glu.tessellation.Render;18;0.4666666666666667;0.6
org.lwjgl.util.glu.tessellation.Sweep;38;0.8857142857142857;0.7714285714285715
org.lwjgl.util.input.ControllerAdapter;31;;
org.lwjgl.util.jinput.LWJGLMouse;12;0.75;0.875
org.lwjgl.util.vector.Matrix;11;1.0;1.0
org.lwjgl.util.vector.Matrix2f;28;1.0;1.0
org.lwjgl.util.vector.Matrix3f;27;1.0;1.0
org.lwjgl.util.vector.Matrix4f;39;0.9459459459459459;0.972972972972973
org.lwjgl.util.vector.Quaternion;39;0.972972972972973;0.972972972972973
org.lwjgl.util.vector.Vector2f;24;1.0;1.0
org.lwjgl.util.vector.Vector3f;28;1.0;1.0
org.lwjgl.util.vector.Vector4f;30;1.0;1.0
