file;entities;metric;metric_random
net.sourceforge.pmd.AbstractDelegateRule;45;1.0;1.0
net.sourceforge.pmd.AbstractJavaRule;118;0.9741379310344828;0.9224137931034483
net.sourceforge.pmd.CommandLineOptions;40;1.0;0.6842105263157895
net.sourceforge.pmd.CommonAbstractRule;76;0.8888888888888888;0.625
net.sourceforge.pmd.Language;12;0.8;0.8
net.sourceforge.pmd.PMD;30;0.7142857142857143;0.7142857142857143
net.sourceforge.pmd.Report;32;1.0;0.7
net.sourceforge.pmd.RuleContext;19;1.0;0.7647058823529411
net.sourceforge.pmd.RuleReference;27;0.4166666666666667;0.5
net.sourceforge.pmd.RuleSet;39;1.0;0.8378378378378378
net.sourceforge.pmd.RuleSetFactory;19;0.8235294117647058;0.7058823529411765
net.sourceforge.pmd.RuleSetReference;10;1.0;1.0
net.sourceforge.pmd.RuleSetWriter;20;0.9444444444444444;0.8888888888888888
net.sourceforge.pmd.RuleSets;16;1.0;1.0
net.sourceforge.pmd.RuleViolation;28;0.9230769230769231;0.6538461538461539
net.sourceforge.pmd.SourceType;15;0.9230769230769231;0.9230769230769231
net.sourceforge.pmd.ant.Formatter;25;0.8695652173913043;0.7391304347826086
net.sourceforge.pmd.ant.PMDTask;45;0.9069767441860465;0.5813953488372093
net.sourceforge.pmd.cpd.AbstractTokenizer;17;0.7857142857142857;0.7142857142857143
net.sourceforge.pmd.cpd.CPD;28;0.7307692307692307;0.6538461538461539
net.sourceforge.pmd.cpd.CPDTask;26;0.9166666666666666;0.7916666666666666
net.sourceforge.pmd.cpd.GUI;47;0.9555555555555556;0.9333333333333333
net.sourceforge.pmd.cpd.GridBagHelper;12;1.0;0.9
net.sourceforge.pmd.cpd.LanguageFactory;10;0.5;0.875
net.sourceforge.pmd.cpd.Match;29;1.0;0.7777777777777778
net.sourceforge.pmd.cpd.MatchAlgorithm;17;0.9333333333333333;0.7333333333333333
net.sourceforge.pmd.cpd.MatchCollector;10;0.875;1.0
net.sourceforge.pmd.cpd.TokenEntry;20;0.9444444444444444;0.7222222222222222
net.sourceforge.pmd.cpd.cppast.CPPParserTokenManager;59;0.8928571428571429;0.7321428571428571
net.sourceforge.pmd.cpd.cppast.ParseException;10;0.75;0.75
net.sourceforge.pmd.cpd.cppast.SimpleCharStream;52;0.96;0.66
net.sourceforge.pmd.cpd.cppast.TokenMgrError;11;1.0;0.625
net.sourceforge.pmd.dcd.ClassLoaderUtil;13;0.7272727272727273;1.0
net.sourceforge.pmd.dcd.DumpNodeVisitor;13;1.0;1.0
net.sourceforge.pmd.dcd.asm.TypeSignatureVisitor;36;0.9411764705882353;0.7647058823529411
net.sourceforge.pmd.dcd.graph.ClassNode;18;1.0;0.8125
net.sourceforge.pmd.dcd.graph.MemberNode;22;1.0;0.7368421052631579
net.sourceforge.pmd.dcd.graph.NodeVisitorAdapter;13;;
net.sourceforge.pmd.dcd.graph.UsageGraph;13;0.9;0.8
net.sourceforge.pmd.dcd.graph.UsageGraphBuilder;13;0.5555555555555556;0.6666666666666666
net.sourceforge.pmd.dfa.DaaRule;15;0.9166666666666666;0.8333333333333334
net.sourceforge.pmd.dfa.DataFlowNode;25;0.9545454545454546;0.6363636363636364
net.sourceforge.pmd.dfa.Linker;11;0.8888888888888888;1.0
net.sourceforge.pmd.dfa.StatementAndBraceFinder;16;0.9285714285714286;1.0
net.sourceforge.pmd.dfa.Structure;11;0.875;0.75
net.sourceforge.pmd.dfa.pathfinder.CurrentPath;14;0.9166666666666666;1.0
net.sourceforge.pmd.dfa.pathfinder.DAAPathFinder;27;0.96;0.96
net.sourceforge.pmd.dfa.report.AbstractReportNode;17;0.8666666666666667;0.7333333333333333
net.sourceforge.pmd.dfa.variableaccess.VariableAccess;13;0.9090909090909091;1.0
net.sourceforge.pmd.jaxen.AttributeAxisIterator;11;0.875;0.75
net.sourceforge.pmd.jaxen.DocumentNavigator;30;1.0;1.0
net.sourceforge.pmd.jaxen.NodeIterator;12;0.7777777777777778;0.5555555555555556
net.sourceforge.pmd.jsp.ast.ASTAttribute;10;1.0;1.0
net.sourceforge.pmd.jsp.ast.ASTDoctypeExternalId;11;1.0;0.8888888888888888
net.sourceforge.pmd.jsp.ast.ASTElement;13;1.0;0.9090909090909091
net.sourceforge.pmd.jsp.ast.ASTJspDirectiveAttribute;10;1.0;1.0
net.sourceforge.pmd.jsp.ast.JJTJspParserState;17;1.0;0.8
net.sourceforge.pmd.jsp.ast.JspParser;110;0.8867924528301887;0.6792452830188679
net.sourceforge.pmd.jsp.ast.JspParserTokenManager;135;0.8931297709923665;0.7251908396946565
net.sourceforge.pmd.jsp.ast.JspParserVisitorAdapter;22;;
net.sourceforge.pmd.jsp.ast.ParseException;10;0.75;0.875
net.sourceforge.pmd.jsp.ast.TokenMgrError;11;1.0;0.75
net.sourceforge.pmd.jsp.rules.AbstractJspRule;29;0.9230769230769231;0.8076923076923077
net.sourceforge.pmd.properties.AbstractPMDProperty;28;0.76;0.52
net.sourceforge.pmd.properties.EnumeratedProperty;10;0.5;1.0
net.sourceforge.pmd.properties.StringProperty;11;0.5;0.625
net.sourceforge.pmd.renderers.AbstractRenderer;11;1.0;1.0
net.sourceforge.pmd.renderers.HTMLRenderer;14;0.9090909090909091;0.7272727272727273
net.sourceforge.pmd.renderers.IDEAJRenderer;11;0.8888888888888888;0.7777777777777778
net.sourceforge.pmd.renderers.PapariTextRenderer;12;0.7777777777777778;1.0
net.sourceforge.pmd.renderers.XSLTRenderer;10;0.5714285714285714;0.8571428571428571
net.sourceforge.pmd.rules.AccessorClassGeneration;13;0.9090909090909091;0.8181818181818182
net.sourceforge.pmd.rules.ConstructorCallsOverridableMethod;21;0.9473684210526315;0.7368421052631579
net.sourceforge.pmd.rules.CouplingBetweenObjects;15;0.9166666666666666;0.6666666666666666
net.sourceforge.pmd.rules.CyclomaticComplexity;16;1.0;0.8571428571428571
net.sourceforge.pmd.rules.SimplifyBooleanReturns;10;1.0;0.875
net.sourceforge.pmd.rules.UselessOverridingMethod;12;0.7;0.7
net.sourceforge.pmd.rules.VariableNamingConventions;18;0.8;0.8666666666666667
net.sourceforge.pmd.rules.XPathRule;10;0.75;0.875
net.sourceforge.pmd.rules.codesize.AbstractNcssCount;20;0.8823529411764706;0.9411764705882353
net.sourceforge.pmd.rules.design.GenericClassCounterRule;21;0.7058823529411765;0.7058823529411765
net.sourceforge.pmd.rules.design.NonThreadSafeSingleton;10;1.0;0.8571428571428571
net.sourceforge.pmd.rules.design.NpathComplexity;14;1.0;0.9090909090909091
net.sourceforge.pmd.rules.junit.AbstractJUnitRule;11;0.7777777777777778;0.8888888888888888
net.sourceforge.pmd.rules.strings.ConsecutiveLiteralAppends;14;0.9090909090909091;0.9090909090909091
net.sourceforge.pmd.rules.strings.InsufficientStringBufferDeclaration;12;0.9;1.0
net.sourceforge.pmd.stat.DataPoint;12;1.0;0.8
net.sourceforge.pmd.stat.Metric;15;1.0;0.8461538461538461
net.sourceforge.pmd.stat.StatisticalRule;16;0.9230769230769231;0.7692307692307693
net.sourceforge.pmd.symboltable.AbstractScope;12;1.0;0.8888888888888888
net.sourceforge.pmd.symboltable.ClassScope;19;0.8125;0.5625
net.sourceforge.pmd.symboltable.DummyScope;13;1.0;1.0
net.sourceforge.pmd.symboltable.MethodScope;10;1.0;1.0
net.sourceforge.pmd.symboltable.NameOccurrence;30;0.8518518518518519;0.6666666666666666
net.sourceforge.pmd.symboltable.ScopeAndDeclarationFinder;22;0.95;0.85
net.sourceforge.pmd.symboltable.SourceFileScope;16;0.9230769230769231;0.9230769230769231
net.sourceforge.pmd.symboltable.VariableNameDeclaration;13;;
net.sourceforge.pmd.typeresolution.ClassTypeResolver;58;0.9464285714285714;0.6964285714285714
net.sourceforge.pmd.typeresolution.rules.SignatureDeclareThrowsException;13;0.5454545454545454;0.8181818181818182
net.sourceforge.pmd.typeresolution.visitors.PMDASMVisitor;23;0.8095238095238095;0.7142857142857143
net.sourceforge.pmd.util.Benchmark;26;0.75;0.7916666666666666
net.sourceforge.pmd.util.CollectionUtil;12;0.9;1.0
net.sourceforge.pmd.util.StringUtil;16;0.7857142857142857;1.0
net.sourceforge.pmd.util.designer.Designer;33;0.8709677419354839;0.9354838709677419
net.sourceforge.pmd.util.filter.Filters;10;;
net.sourceforge.pmd.util.viewer.gui.MainFrame;16;0.7142857142857143;0.9285714285714286
net.sourceforge.pmd.util.viewer.model.ASTModel;12;1.0;0.8888888888888888
net.sourceforge.pmd.util.viewer.model.SimpleNodeTreeNodeAdapter;14;0.8333333333333334;0.8333333333333334
net.sourceforge.pmd.util.viewer.model.ViewerModel;14;1.0;0.7272727272727273
net.sourceforge.pmd.util.viewer.model.ViewerModelEvent;12;0.9;0.8
