file;entities;metric;metric_random
net.sourceforge.stripes.action.ActionBeanContext;21;0.8888888888888888;0.7222222222222222
net.sourceforge.stripes.action.FileBean;17;0.9230769230769231;0.6923076923076923
net.sourceforge.stripes.action.ForwardResolution;11;1.0;0.8888888888888888
net.sourceforge.stripes.action.OnwardResolution;17;0.9230769230769231;0.6923076923076923
net.sourceforge.stripes.action.RedirectResolution;15;0.75;0.5833333333333334
net.sourceforge.stripes.action.SimpleMessage;11;0.5714285714285714;0.7142857142857143
net.sourceforge.stripes.action.StreamingResolution;27;1.0;0.6086956521739131
net.sourceforge.stripes.ajax.JavaScriptBuilder;26;0.9130434782608695;0.4782608695652174
net.sourceforge.stripes.config.BootstrapPropertyResolver;15;0.6363636363636364;0.6363636363636364
net.sourceforge.stripes.config.DefaultConfiguration;55;0.43137254901960786;0.47058823529411764
net.sourceforge.stripes.config.RuntimeConfiguration;36;1.0;0.5454545454545454
net.sourceforge.stripes.controller.AnnotatedClassActionResolver;30;0.5769230769230769;0.5
net.sourceforge.stripes.controller.BindingPolicyManager;17;0.6428571428571429;0.6428571428571429
net.sourceforge.stripes.controller.DefaultActionBeanPropertyBinder;20;0.375;0.625
net.sourceforge.stripes.controller.DefaultObjectFactory;15;0.8333333333333334;0.6666666666666666
net.sourceforge.stripes.controller.DispatcherHelper;16;1.0;0.8571428571428571
net.sourceforge.stripes.controller.DispatcherServlet;18;0.6428571428571429;0.5714285714285714
net.sourceforge.stripes.controller.DynamicMappingFilter;22;0.8333333333333334;0.5
net.sourceforge.stripes.controller.ExecutionContext;27;0.92;0.8
net.sourceforge.stripes.controller.FlashRequest;95;0.945054945054945;0.5384615384615384
net.sourceforge.stripes.controller.FlashScope;25;0.6666666666666666;0.5238095238095238
net.sourceforge.stripes.controller.NameBasedActionResolver;15;0.8181818181818182;0.6363636363636364
net.sourceforge.stripes.controller.ParameterName;12;0.8888888888888888;0.7777777777777778
net.sourceforge.stripes.controller.StripesFilter;15;0.8333333333333334;0.5833333333333334
net.sourceforge.stripes.controller.StripesRequestWrapper;42;0.7631578947368421;0.5263157894736842
net.sourceforge.stripes.controller.UrlBinding;14;1.0;0.6363636363636364
net.sourceforge.stripes.controller.UrlBindingFactory;22;0.9444444444444444;0.6111111111111112
net.sourceforge.stripes.controller.UrlBindingParameter;16;0.9230769230769231;0.6153846153846154
net.sourceforge.stripes.controller.multipart.DefaultMultipartWrapperFactory;11;0.8571428571428571;0.7142857142857143
net.sourceforge.stripes.exception.DefaultExceptionHandler;12;0.625;0.75
net.sourceforge.stripes.exception.UrlBindingConflictException;12;0.8888888888888888;0.6666666666666666
net.sourceforge.stripes.format.DateFormatter;15;1.0;0.8333333333333334
net.sourceforge.stripes.format.NumberFormatter;13;1.0;0.8
net.sourceforge.stripes.integration.spring.SpringHelper;10;0.7142857142857143;0.7142857142857143
net.sourceforge.stripes.localization.DefaultLocalizationBundleFactory;11;0.875;0.625
net.sourceforge.stripes.mock.MockHttpServletRequest;93;0.9666666666666667;0.6777777777777778
net.sourceforge.stripes.mock.MockHttpServletResponse;52;1.0;0.7
net.sourceforge.stripes.mock.MockHttpSession;23;1.0;1.0
net.sourceforge.stripes.mock.MockRoundtrip;30;0.6923076923076923;0.6923076923076923
net.sourceforge.stripes.mock.MockServletContext;38;1.0;0.9166666666666666
net.sourceforge.stripes.tag.ErrorsTag;27;0.8260869565217391;0.6086956521739131
net.sourceforge.stripes.tag.FieldMetadataTag;25;0.8636363636363636;0.6818181818181818
net.sourceforge.stripes.tag.FormTag;56;0.8269230769230769;0.5192307692307693
net.sourceforge.stripes.tag.FormatTag;14;0.9;0.7
net.sourceforge.stripes.tag.HtmlTagSupport;63;0.9491525423728814;0.7288135593220338
net.sourceforge.stripes.tag.InputCheckBoxTag;12;0.7777777777777778;0.7777777777777778
net.sourceforge.stripes.tag.InputImageTag;11;0.8888888888888888;0.7777777777777778
net.sourceforge.stripes.tag.InputLabelTag;10;0.7142857142857143;0.8571428571428571
net.sourceforge.stripes.tag.InputOptionTag;14;0.8181818181818182;0.6363636363636364
net.sourceforge.stripes.tag.InputOptionsCollectionTag;24;0.9;0.5
net.sourceforge.stripes.tag.InputRadioButtonTag;12;0.7777777777777778;0.8888888888888888
net.sourceforge.stripes.tag.InputSelectTag;13;0.8;0.8
net.sourceforge.stripes.tag.InputTagSupport;42;0.5789473684210527;0.5
net.sourceforge.stripes.tag.InputTextAreaTag;11;0.75;0.875
net.sourceforge.stripes.tag.InputTextTag;12;0.75;0.75
net.sourceforge.stripes.tag.LinkTag;24;0.9090909090909091;0.9090909090909091
net.sourceforge.stripes.tag.LinkTagSupport;26;1.0;0.6086956521739131
net.sourceforge.stripes.tag.ParamTag;19;1.0;0.7647058823529411
net.sourceforge.stripes.tag.StripesTagSupport;17;0.8461538461538461;0.6153846153846154
net.sourceforge.stripes.tag.UrlTag;12;0.8;0.9
net.sourceforge.stripes.tag.UseActionBeanTag;23;1.0;0.65
net.sourceforge.stripes.tag.WizardFieldsTag;11;0.5714285714285714;0.8571428571428571
net.sourceforge.stripes.tag.layout.LayoutComponentRenderer;11;1.0;0.875
net.sourceforge.stripes.tag.layout.LayoutComponentTag;14;0.9;0.5
net.sourceforge.stripes.tag.layout.LayoutContext;33;0.9333333333333333;0.6666666666666666
net.sourceforge.stripes.tag.layout.LayoutRenderTag;12;1.0;0.6666666666666666
net.sourceforge.stripes.tag.layout.LayoutWriter;14;0.6;0.6
net.sourceforge.stripes.util.Base64;43;0.8780487804878049;0.6585365853658537
net.sourceforge.stripes.util.ConcurrentHashSet;19;1.0;0.9411764705882353
net.sourceforge.stripes.util.CryptoUtil;20;0.7647058823529411;0.5294117647058824
net.sourceforge.stripes.util.Literal;12;;
net.sourceforge.stripes.util.Log;17;0.8666666666666667;1.0
net.sourceforge.stripes.util.Log4JLogger;26;1.0;0.8333333333333334
net.sourceforge.stripes.util.Range;11;1.0;0.75
net.sourceforge.stripes.util.ReflectUtil;20;0.9375;0.6875
net.sourceforge.stripes.util.ResolverUtil;11;1.0;0.7142857142857143
net.sourceforge.stripes.util.TypeHandlerCache;20;0.9411764705882353;0.7058823529411765
net.sourceforge.stripes.util.UrlBuilder;24;0.9;0.45
net.sourceforge.stripes.util.bean.Node;13;0.7777777777777778;0.6666666666666666
net.sourceforge.stripes.util.bean.NodeEvaluation;21;1.0;0.7368421052631579
net.sourceforge.stripes.util.bean.PropertyExpression;17;0.9230769230769231;0.7692307692307693
net.sourceforge.stripes.util.bean.PropertyExpressionEvaluation;21;0.6470588235294118;0.47058823529411764
net.sourceforge.stripes.validation.DateTypeConverter;15;0.8333333333333334;0.6666666666666666
net.sourceforge.stripes.validation.DefaultValidationMetadataProvider;12;1.0;0.5555555555555556
net.sourceforge.stripes.validation.ScopedLocalizableError;10;0.7142857142857143;0.5714285714285714
net.sourceforge.stripes.validation.SimpleError;19;0.8666666666666667;0.6
net.sourceforge.stripes.validation.ValidationMetadata;44;0.9024390243902439;0.5853658536585366
net.sourceforge.stripes.vfs.VFS;13;0.2222222222222222;0.6666666666666666
