file;entities;metric;metric_random
com.eteks.sweethome3d.HomeFrameController;11;1.0;0.7777777777777778
com.eteks.sweethome3d.HomeFramePane;19;0.9411764705882353;0.9411764705882353
com.eteks.sweethome3d.SweetHome3D;34;0.7333333333333333;0.6666666666666666
com.eteks.sweethome3d.applet.AppletApplication;47;0.8837209302325582;0.6744186046511628
com.eteks.sweethome3d.applet.AppletUserPreferences;40;0.918918918918919;0.5945945945945946
com.eteks.sweethome3d.applet.HomeAppletController;10;0.7142857142857143;0.7142857142857143
com.eteks.sweethome3d.applet.HomeAppletRecorder;10;1.0;0.75
com.eteks.sweethome3d.applet.SweetHome3DApplet;10;0.7142857142857143;1.0
com.eteks.sweethome3d.applet.ViewerHelper;10;0.875;1.0
com.eteks.sweethome3d.io.AutoRecoveryManager;18;0.8125;0.9375
com.eteks.sweethome3d.io.DefaultFurnitureCatalog;24;0.8571428571428571;0.6666666666666666
com.eteks.sweethome3d.io.DefaultHomeOutputStream;13;0.7272727272727273;0.7272727272727273
com.eteks.sweethome3d.io.DefaultTexturesCatalog;16;0.9285714285714286;0.7142857142857143
com.eteks.sweethome3d.io.FileUserPreferences;84;0.875;0.75
com.eteks.sweethome3d.j3d.Component3DManager;16;0.8571428571428571;0.6428571428571429
com.eteks.sweethome3d.j3d.HomePieceOfFurniture3D;28;0.92;0.92
com.eteks.sweethome3d.j3d.ModelManager;38;0.7428571428571429;0.6571428571428571
com.eteks.sweethome3d.j3d.OBJLoader;24;0.9545454545454546;0.8636363636363636
com.eteks.sweethome3d.j3d.OBJMaterial;13;1.0;0.9
com.eteks.sweethome3d.j3d.OBJWriter;44;0.8292682926829268;0.6097560975609756
com.eteks.sweethome3d.j3d.Object3DBranch;10;0.8571428571428571;1.0
com.eteks.sweethome3d.j3d.PhotoRenderer;30;0.9642857142857143;0.8571428571428571
com.eteks.sweethome3d.j3d.Room3D;15;0.8333333333333334;0.9166666666666666
com.eteks.sweethome3d.j3d.TextureManager;17;0.6;0.7333333333333333
com.eteks.sweethome3d.j3d.Wall3D;22;0.8947368421052632;0.8947368421052632
com.eteks.sweethome3d.model.BackgroundImage;23;1.0;0.8095238095238095
com.eteks.sweethome3d.model.Camera;40;0.9459459459459459;0.6486486486486487
com.eteks.sweethome3d.model.CatalogDoorOrWindow;12;1.0;0.6666666666666666
com.eteks.sweethome3d.model.CatalogPieceOfFurniture;66;0.9206349206349206;0.5555555555555556
com.eteks.sweethome3d.model.CatalogTexture;26;0.9565217391304348;0.6521739130434783
com.eteks.sweethome3d.model.Compass;46;0.9069767441860465;0.6976744186046512
com.eteks.sweethome3d.model.DimensionLine;36;0.8787878787878788;0.696969696969697
com.eteks.sweethome3d.model.FurnitureCatalog;12;0.6;0.8
com.eteks.sweethome3d.model.FurnitureCategory;15;0.75;0.6666666666666666
com.eteks.sweethome3d.model.Home;126;0.9512195121951219;0.5528455284552846
com.eteks.sweethome3d.model.HomeApplication;13;1.0;0.9090909090909091
com.eteks.sweethome3d.model.HomeDoorOrWindow;17;1.0;0.5714285714285714
com.eteks.sweethome3d.model.HomeEnvironment;64;0.9672131147540983;0.5901639344262295
com.eteks.sweethome3d.model.HomeFurnitureGroup;51;0.875;0.5208333333333334
com.eteks.sweethome3d.model.HomeLight;12;0.6666666666666666;0.7777777777777778
com.eteks.sweethome3d.model.HomePieceOfFurniture;109;0.9528301886792453;0.6415094339622641
com.eteks.sweethome3d.model.HomePrint;28;1.0;0.6923076923076923
com.eteks.sweethome3d.model.HomeTexture;12;1.0;0.5555555555555556
com.eteks.sweethome3d.model.Label;23;0.9;0.8
com.eteks.sweethome3d.model.LightSource;13;1.0;0.6363636363636364
com.eteks.sweethome3d.model.ObserverCamera;18;0.8666666666666667;0.8
com.eteks.sweethome3d.model.Room;81;0.8717948717948718;0.6538461538461539
com.eteks.sweethome3d.model.Sash;12;1.0;0.7
com.eteks.sweethome3d.model.TextStyle;17;0.7857142857142857;0.7142857142857143
com.eteks.sweethome3d.model.TexturesCatalog;12;0.6;0.7
com.eteks.sweethome3d.model.TexturesCategory;15;0.75;0.75
com.eteks.sweethome3d.model.UserPreferences;84;0.8641975308641975;0.5802469135802469
com.eteks.sweethome3d.model.Wall;80;0.8181818181818182;0.6363636363636364
com.eteks.sweethome3d.plugin.Plugin;29;0.38461538461538464;0.46153846153846156
com.eteks.sweethome3d.plugin.PluginAction;14;0.8333333333333334;0.8333333333333334
com.eteks.sweethome3d.plugin.PluginManager;24;0.9047619047619048;0.7142857142857143
com.eteks.sweethome3d.swing.BackgroundImageWizardStepsPanel;30;0.8928571428571429;0.9642857142857143
com.eteks.sweethome3d.swing.ColorButton;11;0.8888888888888888;0.7777777777777778
com.eteks.sweethome3d.swing.CompassPanel;23;0.9047619047619048;0.9523809523809523
com.eteks.sweethome3d.swing.FileContentManager;33;0.9;0.7
com.eteks.sweethome3d.swing.FurnitureCatalogListPanel;18;0.9333333333333333;0.8
com.eteks.sweethome3d.swing.FurnitureCatalogTree;11;0.875;0.75
com.eteks.sweethome3d.swing.FurnitureTable;17;0.7333333333333333;0.7333333333333333
com.eteks.sweethome3d.swing.FurnitureTransferHandler;11;1.0;0.75
com.eteks.sweethome3d.swing.HelpPane;20;0.8333333333333334;0.9444444444444444
com.eteks.sweethome3d.swing.Home3DAttributesPanel;25;0.9130434782608695;0.9565217391304348
com.eteks.sweethome3d.swing.HomeComponent3D;73;0.8857142857142857;0.8142857142857143
com.eteks.sweethome3d.swing.HomeFurniturePanel;41;0.9487179487179487;0.9230769230769231
com.eteks.sweethome3d.swing.HomePane;121;0.8898305084745762;0.7033898305084746
com.eteks.sweethome3d.swing.HomePrintableComponent;21;0.8333333333333334;0.7222222222222222
com.eteks.sweethome3d.swing.IconManager;17;0.9333333333333333;0.7333333333333333
com.eteks.sweethome3d.swing.ImportedFurnitureWizardStepsPanel;60;0.9310344827586207;0.9482758620689655
com.eteks.sweethome3d.swing.ImportedTextureWizardStepsPanel;32;0.9;0.9333333333333333
com.eteks.sweethome3d.swing.LabelPanel;10;0.75;1.0
com.eteks.sweethome3d.swing.LocatedTransferHandler;11;1.0;0.75
com.eteks.sweethome3d.swing.ModelPreviewComponent;40;0.6388888888888888;0.5833333333333334
com.eteks.sweethome3d.swing.NullableCheckBox;22;0.8421052631578947;0.6842105263157895
com.eteks.sweethome3d.swing.PageSetupPanel;26;0.8333333333333334;0.875
com.eteks.sweethome3d.swing.PhotoPanel;52;0.94;0.98
com.eteks.sweethome3d.swing.PlanComponent;191;0.8502673796791443;0.6470588235294118
com.eteks.sweethome3d.swing.PlanTransferHandler;18;0.9333333333333333;0.8666666666666667
com.eteks.sweethome3d.swing.PrintPreviewPanel;12;0.8;1.0
com.eteks.sweethome3d.swing.ProportionalLayout;15;1.0;0.9230769230769231
com.eteks.sweethome3d.swing.RoomPanel;29;0.9259259259259259;0.9629629629629629
com.eteks.sweethome3d.swing.ScaledImageComponent;13;0.7777777777777778;0.6666666666666666
com.eteks.sweethome3d.swing.SwingTools;17;0.7333333333333333;0.7333333333333333
com.eteks.sweethome3d.swing.SwingViewFactory;23;;
com.eteks.sweethome3d.swing.ThreadedTaskPanel;13;0.8181818181818182;0.8181818181818182
com.eteks.sweethome3d.swing.UserPreferencesPanel;42;0.95;1.0
com.eteks.sweethome3d.swing.VideoPanel;67;0.9538461538461539;0.9692307692307692
com.eteks.sweethome3d.swing.WallPanel;48;0.9565217391304348;1.0
com.eteks.sweethome3d.swing.WizardPane;12;0.8;1.0
com.eteks.sweethome3d.tools.ExtensionsClassLoader;10;0.8571428571428571;1.0
com.eteks.sweethome3d.tools.OperatingSystem;13;0.8181818181818182;0.8181818181818182
com.eteks.sweethome3d.tools.URLContent;10;1.0;0.8571428571428571
com.eteks.sweethome3d.viewcontroller.BackgroundImageWizardController;40;0.9166666666666666;0.5
com.eteks.sweethome3d.viewcontroller.CompassController;38;0.9428571428571428;0.7142857142857143
com.eteks.sweethome3d.viewcontroller.FurnitureCatalogController;20;0.7777777777777778;0.7222222222222222
com.eteks.sweethome3d.viewcontroller.FurnitureController;49;0.6304347826086957;0.5434782608695652
com.eteks.sweethome3d.viewcontroller.HelpController;36;0.5757575757575758;0.6666666666666666
com.eteks.sweethome3d.viewcontroller.Home3DAttributesController;43;0.95;0.6
com.eteks.sweethome3d.viewcontroller.HomeController;108;0.7788461538461539;0.5384615384615384
com.eteks.sweethome3d.viewcontroller.HomeController3D;23;0.9;0.6
com.eteks.sweethome3d.viewcontroller.HomeFurnitureController;89;0.8488372093023255;0.6395348837209303
com.eteks.sweethome3d.viewcontroller.ImportedFurnitureWizardController;77;0.9178082191780822;0.5068493150684932
com.eteks.sweethome3d.viewcontroller.ImportedTextureWizardController;40;0.8888888888888888;0.5
com.eteks.sweethome3d.viewcontroller.LabelController;25;0.7727272727272727;0.7272727272727273
com.eteks.sweethome3d.viewcontroller.PageSetupController;15;1.0;0.8461538461538461
com.eteks.sweethome3d.viewcontroller.PhotoController;44;0.8780487804878049;0.6341463414634146
com.eteks.sweethome3d.viewcontroller.PlanController;236;0.7887931034482759;0.5043103448275862
com.eteks.sweethome3d.viewcontroller.RoomController;50;0.9574468085106383;0.6382978723404256
com.eteks.sweethome3d.viewcontroller.TextureChoiceController;18;1.0;0.75
com.eteks.sweethome3d.viewcontroller.ThreadedTaskController;13;1.0;0.8181818181818182
com.eteks.sweethome3d.viewcontroller.UserPreferencesController;55;0.9807692307692307;0.6538461538461539
com.eteks.sweethome3d.viewcontroller.VideoController;41;0.868421052631579;0.631578947368421
com.eteks.sweethome3d.viewcontroller.WallController;82;0.8987341772151899;0.6329113924050633
com.eteks.sweethome3d.viewcontroller.WizardController;37;0.6764705882352942;0.7058823529411765
