file;entities;metric;metric_random
blogthisplugin.BlogSettings;11;1.0;0.8888888888888888
blogthisplugin.BlogSettingsTab;13;0.8181818181818182;0.8181818181818182
blogthisplugin.BlogThisPlugin;29;0.68;0.48
calendarexportplugin.CalendarExportPlugin;50;0.7021276595744681;0.46808510638297873
calendarexportplugin.CalendarExportSettings;36;0.7647058823529411;0.7352941176470589
calendarexportplugin.CalendarSettingsTab;17;0.8666666666666667;0.8
calendarexportplugin.exporter.AppleSettingsDialog;10;0.75;1.0
calendarexportplugin.exporter.CalExporter;10;0.8571428571428571;0.7142857142857143
calendarexportplugin.exporter.GoogleExporter;21;0.7058823529411765;0.5294117647058824
calendarexportplugin.exporter.GoogleSettingsDialog;21;0.8947368421052632;0.8947368421052632
calendarexportplugin.exporter.OutlookExporter;12;0.8;0.9
calendarexportplugin.utils.AbstractCalFile;10;0.8571428571428571;1.0
captureplugin.CapturePlugin;39;0.8;0.6285714285714286
captureplugin.CapturePluginData;12;1.0;0.9
captureplugin.CapturePluginPanel;10;0.7142857142857143;0.7142857142857143
captureplugin.CapturePluginSettingsTab;11;1.0;0.7777777777777778
captureplugin.drivers.DeviceCreatorDialog;11;0.7777777777777778;0.7777777777777778
captureplugin.drivers.defaultdriver.AdditionalParams;25;0.8636363636363636;0.8636363636363636
captureplugin.drivers.defaultdriver.CaptureExecute;15;0.9230769230769231;0.7692307692307693
captureplugin.drivers.defaultdriver.CaptureParamLibrary;19;0.9411764705882353;0.6470588235294118
captureplugin.drivers.defaultdriver.DefaultDevice;27;1.0;0.7916666666666666
captureplugin.drivers.defaultdriver.DefaultKonfigurator;13;0.8;0.7
captureplugin.drivers.defaultdriver.DeviceConfig;84;0.9512195121951219;0.6463414634146342
captureplugin.drivers.defaultdriver.ParamEntry;14;1.0;0.9166666666666666
captureplugin.drivers.defaultdriver.ProgramTimeList;13;1.0;1.0
captureplugin.drivers.defaultdriver.configpanels.ChannelTableModel;12;0.7;0.7
captureplugin.drivers.defaultdriver.configpanels.SettingsPanel;16;0.8571428571428571;0.8571428571428571
captureplugin.drivers.dreambox.DreamboxConfig;52;0.8163265306122449;0.6122448979591837
captureplugin.drivers.dreambox.DreamboxConfigDialog;27;0.92;0.8
captureplugin.drivers.dreambox.DreamboxDevice;29;0.9230769230769231;0.7307692307692307
captureplugin.drivers.dreambox.connector.DreamboxChannel;10;0.8571428571428571;1.0
captureplugin.drivers.dreambox.connector.DreamboxConnector;17;0.6;0.8
captureplugin.drivers.elgatodriver.ElgatoConnection;15;0.8461538461538461;0.8461538461538461
captureplugin.drivers.simpledevice.SimpleChannel;13;1.0;1.0
captureplugin.drivers.simpledevice.SimpleConfig;17;1.0;0.8666666666666667
captureplugin.drivers.simpledevice.SimpleConfigDialog;14;0.8333333333333334;0.6666666666666666
captureplugin.drivers.simpledevice.SimpleDevice;31;0.8571428571428571;0.6428571428571429
captureplugin.drivers.thetubedriver.TheTubeConnection;12;1.0;0.7
captureplugin.drivers.topfield.TopfieldChannelTableModel;17;1.0;0.7857142857142857
captureplugin.drivers.topfield.TopfieldConfiguration;60;0.9107142857142857;0.5535714285714286
captureplugin.drivers.topfield.TopfieldConfigurationDialog;124;0.9586776859504132;0.9504132231404959
captureplugin.drivers.topfield.TopfieldDevice;54;1.0;0.6666666666666666
captureplugin.drivers.topfield.TopfieldServiceInfo;31;0.9642857142857143;0.5714285714285714
captureplugin.drivers.topfield.TopfieldTimerEntry;14;0.8333333333333334;0.75
captureplugin.drivers.topfield.connector.TopfieldConnector;30;0.7142857142857143;0.7857142857142857
captureplugin.drivers.utils.ProgramTime;28;0.88;0.8
captureplugin.drivers.utils.ProgramTimeDialog;12;0.8;0.8
captureplugin.tabs.DevicePanel;13;0.9090909090909091;1.0
captureplugin.tabs.DeviceTableModel;11;1.0;0.8888888888888888
captureplugin.tabs.ProgramListPanel;10;0.875;1.0
captureplugin.utils.ConfigTableModel;12;1.0;1.0
clipboardplugin.ClipboardPlugin;28;0.8333333333333334;0.5
devplugin.AbstractTvDataService;33;0.8275862068965517;0.5862068965517241
devplugin.ActionMenu;20;1.0;0.8888888888888888
devplugin.Channel;88;0.8352941176470589;0.6705882352941176
devplugin.ChannelGroupImpl;11;1.0;0.8571428571428571
devplugin.ContextMenuSeparatorAction;11;0.75;0.75
devplugin.Date;45;0.8333333333333334;0.6428571428571429
devplugin.Plugin;65;0.7540983606557377;0.5901639344262295
devplugin.PluginInfo;19;1.0;0.8823529411764706
devplugin.PluginTreeNode;65;0.7419354838709677;0.5806451612903226
devplugin.PluginsFilterComponent;10;1.0;0.875
devplugin.ProgramFieldType;72;0.927536231884058;0.7246376811594203
devplugin.ProgramInfoHelper;12;0.8888888888888888;0.6666666666666666
devplugin.ProgramItem;16;0.8461538461538461;0.6923076923076923
devplugin.ProgramReceiveTarget;21;0.7222222222222222;0.7222222222222222
devplugin.SettingsItem;20;1.0;1.0
devplugin.ThemeIcon;10;1.0;0.875
devplugin.Version;19;0.9375;0.8125
dreamboxdataservice.DreamboxChannelHandler;12;0.8888888888888888;0.7777777777777778
dreamboxdataservice.DreamboxDataService;24;0.9545454545454546;0.7727272727272727
dreamboxdataservice.DreamboxSettingsPanel;13;0.7;0.8
emailplugin.EMailPlugin;28;0.84;0.56
emailplugin.EMailSettings;13;1.0;0.8181818181818182
emailplugin.EMailSettingsTab;18;0.875;0.875
emailplugin.MailCreator;12;0.8888888888888888;0.8888888888888888
genreplugin.GenrePlugin;33;0.6551724137931034;0.4482758620689655
genreplugin.GenreSettings;11;1.0;0.75
genreplugin.GenreSettingsTab;15;0.9166666666666666;0.75
growlplugin.GrowlContainer;11;1.0;1.0
growlplugin.GrowlPlugin;20;0.875;0.625
i18nplugin.AbstractHierarchicalNode;14;0.8181818181818182;0.7272727272727273
i18nplugin.I18NPlugin;15;0.8181818181818182;0.5454545454545454
i18nplugin.PropertiesEntryNode;14;0.7;0.7
i18nplugin.PropertiesNode;18;0.6;0.8
i18nplugin.TranslationDialog;22;0.7894736842105263;0.8421052631578947
i18nplugin.TranslatorEditor;16;0.7142857142857143;0.7857142857142857
knotifyplugin.KNotifyPlugin;20;0.47058823529411764;0.5294117647058824
knotifyplugin.KNotifySettingsTab;10;1.0;1.0
listviewplugin.ListTableModel;14;0.5833333333333334;0.8333333333333334
listviewplugin.ListViewDialog;35;0.9375;0.96875
listviewplugin.ListViewPlugin;19;0.875;0.625
newsplugin.News;15;1.0;0.6153846153846154
newsplugin.NewsDialog;16;0.7142857142857143;0.8571428571428571
newsplugin.NewsPlugin;22;0.9;0.8
primarydatamanager.PDSRunner;14;0.8333333333333334;0.6666666666666666
primarydatamanager.PrimaryDataManager;26;0.9166666666666666;0.8333333333333334
primarydatamanager.RawDataProcessor;22;0.8947368421052632;0.7894736842105263
primarydatamanager.mirrorupdater.MirrorUpdater;22;0.8;0.85
primarydatamanager.mirrorupdater.config.PropertiesConfiguration;13;0.8181818181818182;0.7272727272727273
primarydatamanager.mirrorupdater.data.FtpDataTarget;14;0.8333333333333334;0.6666666666666666
primarydatamanager.primarydataservice.AbstractPrimaryDataService;19;0.8125;0.875
primarydatamanager.primarydataservice.Entry;12;1.0;1.0
primarydatamanager.primarydataservice.HTMLFilterReader;15;0.8461538461538461;0.9230769230769231
primarydatamanager.primarydataservice.MeasuringInputStream;13;1.0;1.0
primarydatamanager.primarydataservice.ProgramFrameDispatcher;15;0.75;0.6666666666666666
primarydatamanager.primarydataservice.util.RtfFilterReader;15;0.8333333333333334;0.75
primarydatamanager.primarydataservice.util.html2txt.Html2TxtConverter;14;0.8181818181818182;1.0
primarydatamanager.primarydataservice.util.html2txt.TagReader;20;0.8235294117647058;0.6470588235294118
primarydatamanager.primarydataservice.util.htmlparser.HTMLParser;12;0.9;0.9
primarydatamanager.primarydataservice.util.htmlparser.Tag;27;1.0;0.6666666666666666
primarydatamanager.primarydataservice.util.httpsession.HttpSession;13;0.8181818181818182;0.8181818181818182
primarydatamanager.tvlistingstool.HtmlMirrorVisualizer;16;0.7692307692307693;0.7692307692307693
printplugin.PrintPlugin;38;0.8529411764705882;0.6176470588235294
printplugin.dlgs.MainPrintDialog;11;0.7777777777777778;0.8888888888888888
printplugin.dlgs.PreviewDlg;32;0.8;0.7333333333333333
printplugin.dlgs.SettingsDialog;15;0.9166666666666666;0.75
printplugin.dlgs.components.FontsDialog;13;0.9;0.7
printplugin.dlgs.components.ProgramItemFieldsConfigDlg;10;0.5714285714285714;0.7142857142857143
printplugin.dlgs.components.ProgramPreviewPanel;16;0.9285714285714286;0.7142857142857143
printplugin.dlgs.printdayprogramsdialog.LayoutTab;11;0.8888888888888888;0.8888888888888888
printplugin.dlgs.printdayprogramsdialog.ListingsTab;15;1.0;0.6923076923076923
printplugin.dlgs.printdayprogramsdialog.PrintDayProgramsDialogContent;13;1.0;0.7272727272727273
printplugin.dlgs.printfromqueuedialog.GeneralTab;10;0.75;0.75
printplugin.dlgs.printfromqueuedialog.PrintFromQueueDialogContent;14;1.0;0.6666666666666666
printplugin.printer.AbstractPrintJob;10;0.5714285714285714;0.7142857142857143
printplugin.printer.ProgramIcon;25;0.782608695652174;0.8260869565217391
printplugin.printer.ProgramItem;13;1.0;0.9090909090909091
printplugin.printer.dayprogramprinter.ProgramTableIcon;30;0.8571428571428571;0.6785714285714286
printplugin.printer.singleprogramprinter.DocumentRenderer;18;0.9333333333333333;0.5333333333333333
printplugin.settings.DayProgramPrinterSettings;22;0.95;0.7
printplugin.settings.MutableProgramIconSettings;24;1.0;0.7727272727272727
printplugin.settings.PrinterProgramIconSettings;17;1.0;0.7857142857142857
printplugin.settings.ProgramInfoPrintSettings;19;1.0;0.7058823529411765
printplugin.settings.Scheme;10;0.8333333333333334;0.8333333333333334
programlistplugin.ProgramListPlugin;31;0.8518518518518519;0.7037037037037037
programlistplugin.ProgramListSettings;10;1.0;0.875
radiotimesdataservice.RadioTimesDataService;21;1.0;0.7222222222222222
radiotimesdataservice.RadioTimesFileParser;35;0.875;0.90625
schedulesdirectdataservice.SchedulesDirectDataService;29;0.9259259259259259;0.6666666666666666
schedulesdirectdataservice.SchedulesDirectSettingsPanel;11;0.625;0.875
simplemarkerplugin.ManagePanel;19;0.875;1.0
simplemarkerplugin.MarkList;41;0.7027027027027027;0.40540540540540543
simplemarkerplugin.MarkListsVector;10;0.8571428571428571;0.8571428571428571
simplemarkerplugin.SimpleMarkerPlugin;53;0.84;0.5
simplemarkerplugin.SimpleMarkerPluginSettingsTab;22;0.85;0.8
simplemarkerplugin.SimpleMarkerSettings;19;0.5;0.5625
simplemarkerplugin.table.MarkListTableModel;11;0.75;0.625
swedbtvdataservice.DataHydraChannelContainer;19;0.8125;0.6875
swedbtvdataservice.DataHydraChannelGroup;14;1.0;0.6
swedbtvdataservice.DataHydraChannelParser;16;0.9166666666666666;0.8333333333333334
swedbtvdataservice.DataHydraDayParser;23;0.8947368421052632;0.631578947368421
swedbtvdataservice.SweDBTvDataService;38;0.8857142857142857;0.6571428571428571
tvbrowser.TVBrowser;59;0.7894736842105263;0.6842105263157895
tvbrowser.core.ChannelList;60;0.8070175438596491;0.6842105263157895
tvbrowser.core.ChannelUserSettings;25;1.0;0.782608695652174
tvbrowser.core.PluginLoader;33;0.7096774193548387;0.7096774193548387
tvbrowser.core.Settings;248;0.9552845528455285;0.8577235772357723
tvbrowser.core.TvDataBase;50;0.723404255319149;0.7021276595744681
tvbrowser.core.TvDataInventory;12;0.9;1.0
tvbrowser.core.TvDataUpdater;22;0.7894736842105263;0.7368421052631579
tvbrowser.core.contextmenu.ContextMenuManager;21;0.9473684210526315;0.7368421052631579
tvbrowser.core.data.OnDemandDayProgramFile;20;0.7058823529411765;0.6470588235294118
tvbrowser.core.filters.FilterComponentList;14;0.8333333333333334;0.75
tvbrowser.core.filters.FilterList;23;0.75;0.55
tvbrowser.core.filters.FilterManagerImpl;11;1.0;0.8888888888888888
tvbrowser.core.filters.Token;60;0.7142857142857143;0.5357142857142857
tvbrowser.core.filters.filtercomponents.AgeLimitFilterComponent;12;0.7777777777777778;0.8888888888888888
tvbrowser.core.filters.filtercomponents.BeanShellFilterComponent;15;0.6363636363636364;0.7272727272727273
tvbrowser.core.filters.filtercomponents.ChannelFilterComponent;13;0.9;0.8
tvbrowser.core.filters.filtercomponents.DateFilterComponent;14;1.0;0.7272727272727273
tvbrowser.core.filters.filtercomponents.DayFilterComponent;13;0.9;0.8
tvbrowser.core.filters.filtercomponents.FavoritesFilterComponent;10;0.8571428571428571;1.0
tvbrowser.core.filters.filtercomponents.KeywordFilterComponent;15;0.75;0.6666666666666666
tvbrowser.core.filters.filtercomponents.MassFilterComponent;17;0.7142857142857143;0.7857142857142857
tvbrowser.core.filters.filtercomponents.PluginFilterComponent;13;0.9;0.8
tvbrowser.core.filters.filtercomponents.PluginIconFilterComponent;12;0.8888888888888888;1.0
tvbrowser.core.filters.filtercomponents.ProgramInfoFilterComponent;13;0.9;0.8
tvbrowser.core.filters.filtercomponents.ProgramLengthFilterComponent;18;1.0;0.7333333333333333
tvbrowser.core.filters.filtercomponents.ProgramMarkingPriorityFilterComponent;12;1.0;0.7777777777777778
tvbrowser.core.filters.filtercomponents.ProgramRunningFilterComponent;16;1.0;0.7692307692307693
tvbrowser.core.filters.filtercomponents.ProgramTypeFilterComponent;13;1.0;0.8
tvbrowser.core.filters.filtercomponents.ReminderFilterComponent;10;0.8571428571428571;0.8571428571428571
tvbrowser.core.filters.filtercomponents.SingleTitleFilterComponent;13;0.8;0.7
tvbrowser.core.filters.filtercomponents.TimeFilterComponent;16;0.9230769230769231;0.6923076923076923
tvbrowser.core.icontheme.Directory;22;1.0;0.75
tvbrowser.core.icontheme.IconLoader;18;0.875;0.875
tvbrowser.core.icontheme.IconTheme;19;0.8;0.5333333333333333
tvbrowser.core.plugin.AbstractPluginProxy;75;0.16901408450704225;0.5492957746478874
tvbrowser.core.plugin.ActionProxy;10;1.0;1.0
tvbrowser.core.plugin.BeanShellPluginProxy;41;0.8108108108108109;0.43243243243243246
tvbrowser.core.plugin.JavaPluginProxy;48;0.8181818181818182;0.45454545454545453
tvbrowser.core.plugin.PluginManagerImpl;51;0.8723404255319149;0.7021276595744681
tvbrowser.core.plugin.PluginProxyManager;61;0.6610169491525424;0.6271186440677966
tvbrowser.core.plugin.programformating.GlobalPluginProgramFormating;15;0.75;0.6666666666666666
tvbrowser.core.plugin.programformating.GlobalPluginProgramFormatingManager;12;0.8888888888888888;0.7777777777777778
tvbrowser.core.search.booleansearch.BooleanSearcher;10;0.8571428571428571;0.8571428571428571
tvbrowser.core.search.booleansearch.StringMatcherRegEx;10;1.0;0.75
tvbrowser.core.tvdataservice.ChannelGroupManager;16;0.7857142857142857;0.7857142857142857
tvbrowser.core.tvdataservice.DefaultTvDataServiceProxy;26;0.8260869565217391;0.8260869565217391
tvbrowser.core.tvdataservice.TvDataServiceProxyManager;19;0.8235294117647058;0.8235294117647058
tvbrowser.extras.common.ChannelItem;13;1.0;0.7272727272727273
tvbrowser.extras.common.LimitationConfiguration;30;0.9642857142857143;0.75
tvbrowser.extras.common.ReminderConfiguration;11;0.8888888888888888;1.0
tvbrowser.extras.favoritesplugin.ContextMenuProvider;14;0.9166666666666666;0.8333333333333334
tvbrowser.extras.favoritesplugin.FavoritesPlugin;81;0.7012987012987013;0.4805194805194805
tvbrowser.extras.favoritesplugin.FavoritesPluginProxy;26;0.782608695652174;0.7391304347826086
tvbrowser.extras.favoritesplugin.FavoritesSettingTab;11;0.7777777777777778;0.7777777777777778
tvbrowser.extras.favoritesplugin.core.ActorsFavorite;12;0.4444444444444444;0.5555555555555556
tvbrowser.extras.favoritesplugin.core.AdvancedFavorite;17;0.5714285714285714;0.5
tvbrowser.extras.favoritesplugin.core.Exclusion;23;0.9523809523809523;0.7142857142857143
tvbrowser.extras.favoritesplugin.core.Favorite;68;0.7076923076923077;0.6
tvbrowser.extras.favoritesplugin.dlgs.EditFavoriteDialog;35;0.8787878787878788;0.9090909090909091
tvbrowser.extras.favoritesplugin.dlgs.ExclusionPanel;13;0.8181818181818182;0.6363636363636364
tvbrowser.extras.favoritesplugin.dlgs.FavoriteNode;14;0.5454545454545454;0.8181818181818182
tvbrowser.extras.favoritesplugin.dlgs.FavoriteTree;34;0.6451612903225806;0.5806451612903226
tvbrowser.extras.favoritesplugin.dlgs.FavoriteTreeModel;32;0.7333333333333333;0.8333333333333334
tvbrowser.extras.favoritesplugin.dlgs.ManageFavoritesDialog;38;0.6857142857142857;0.42857142857142855
tvbrowser.extras.favoritesplugin.wizards.ExcludeWizardStep;43;0.875;0.725
tvbrowser.extras.favoritesplugin.wizards.FinishWizardStep;10;1.0;0.875
tvbrowser.extras.favoritesplugin.wizards.LimitationsWizardStep;20;0.8888888888888888;0.7777777777777778
tvbrowser.extras.favoritesplugin.wizards.NotificationWizardStep;13;1.0;0.8181818181818182
tvbrowser.extras.favoritesplugin.wizards.RenameWizardStep;11;0.875;0.875
tvbrowser.extras.favoritesplugin.wizards.TypeWizardStep;28;0.88;0.64
tvbrowser.extras.favoritesplugin.wizards.WizardDlg;27;0.8333333333333334;0.625
tvbrowser.extras.favoritesplugin.wizards.WizardHandler;14;1.0;0.8333333333333334
tvbrowser.extras.programinfo.ProgramInfo;38;0.7352941176470589;0.47058823529411764
tvbrowser.extras.programinfo.ProgramInfoDialog;36;0.6666666666666666;0.696969696969697
tvbrowser.extras.programinfo.ProgramInfoProxy;12;1.0;1.0
tvbrowser.extras.programinfo.ProgramInfoSettings;88;0.9069767441860465;0.5930232558139535
tvbrowser.extras.programinfo.ProgramInfoSettingsTab;29;0.8518518518518519;0.8518518518518519
tvbrowser.extras.reminderplugin.ReminderDialog;16;0.7692307692307693;0.6923076923076923
tvbrowser.extras.reminderplugin.ReminderFrame;27;0.875;0.75
tvbrowser.extras.reminderplugin.ReminderList;33;0.7241379310344828;0.6206896551724138
tvbrowser.extras.reminderplugin.ReminderListDialog;17;0.8666666666666667;0.9333333333333333
tvbrowser.extras.reminderplugin.ReminderListItem;20;0.8888888888888888;0.9444444444444444
tvbrowser.extras.reminderplugin.ReminderPlugin;53;0.6530612244897959;0.42857142857142855
tvbrowser.extras.reminderplugin.ReminderPluginProxy;24;0.9523809523809523;0.7142857142857143
tvbrowser.extras.reminderplugin.ReminderSettingsTab;26;0.9166666666666666;0.7916666666666666
tvbrowser.extras.reminderplugin.ReminderTableModel;17;0.8666666666666667;0.7333333333333333
tvbrowser.extras.searchplugin.RepetitionDialog;10;0.8571428571428571;0.8571428571428571
tvbrowser.extras.searchplugin.SearchDialog;11;0.5;0.625
tvbrowser.extras.searchplugin.SearchPlugin;25;0.6190476190476191;0.5238095238095238
tvbrowser.extras.searchplugin.SearchPluginProxy;13;1.0;0.8
tvbrowser.ui.SkinPanel;15;1.0;0.7692307692307693
tvbrowser.ui.configassistant.AbstractCardPanel;13;1.0;0.9
tvbrowser.ui.configassistant.ConfigAssistant;13;0.5;0.8
tvbrowser.ui.configassistant.NetworkCardPanel;18;0.875;0.8125
tvbrowser.ui.configassistant.TvBrowserPictureSettingsUpdateDialog;10;0.5;1.0
tvbrowser.ui.filter.dlgs.EditFilterComponentDlg;18;0.75;0.6875
tvbrowser.ui.filter.dlgs.EditFilterDlg;20;0.8888888888888888;0.6111111111111112
tvbrowser.ui.filter.dlgs.SelectFilterDlg;13;1.0;0.7272727272727273
tvbrowser.ui.finder.AbstractDateSelector;20;0.75;0.5
tvbrowser.ui.finder.FinderItem;16;1.0;0.8571428571428571
tvbrowser.ui.finder.FinderItemRenderer;26;0.8695652173913043;0.6956521739130435
tvbrowser.ui.finder.calendar.CalendarTableModel;13;0.9;0.7
tvbrowser.ui.finder.calendar.CalendarTablePanel;11;0.8571428571428571;0.8571428571428571
tvbrowser.ui.licensebox.LicenseBox;10;1.0;1.0
tvbrowser.ui.mainframe.ChannelChooserPanel;11;0.7777777777777778;1.0
tvbrowser.ui.mainframe.MainFrame;154;0.7933333333333333;0.5466666666666666
tvbrowser.ui.mainframe.MenuBar;50;0.5652173913043478;0.4782608695652174
tvbrowser.ui.mainframe.SoftwareUpdater;10;0.5714285714285714;0.7142857142857143
tvbrowser.ui.mainframe.TimeChooserPanel;13;0.7272727272727273;0.9090909090909091
tvbrowser.ui.mainframe.UpdateDlg;21;0.7222222222222222;0.6666666666666666
tvbrowser.ui.mainframe.actions.TVBrowserAction;16;0.6923076923076923;0.6923076923076923
tvbrowser.ui.mainframe.actions.TVBrowserActions;30;1.0;1.0
tvbrowser.ui.mainframe.searchfield.SearchField;17;0.7857142857142857;0.7857142857142857
tvbrowser.ui.mainframe.searchfield.SearchFilter;13;0.9;0.7
tvbrowser.ui.mainframe.toolbar.ContextMenu;10;0.7142857142857143;0.8571428571428571
tvbrowser.ui.mainframe.toolbar.DefaultToolBarModel;33;0.7241379310344828;0.4827586206896552
tvbrowser.ui.mainframe.toolbar.ToolBar;47;0.7954545454545454;0.5909090909090909
tvbrowser.ui.pluginview.Node;35;0.9696969696969697;0.7575757575757576
tvbrowser.ui.pluginview.PluginTree;31;0.7931034482758621;0.6896551724137931
tvbrowser.ui.pluginview.PluginTreeModel;14;0.8181818181818182;0.7272727272727273
tvbrowser.ui.pluginview.PluginView;16;0.6923076923076923;0.6923076923076923
tvbrowser.ui.pluginview.contextmenu.AbstractContextMenu;10;1.0;0.8571428571428571
tvbrowser.ui.pluginview.contextmenu.PluginContextMenu;11;0.625;0.75
tvbrowser.ui.programtable.DefaultProgramTableModel;44;0.6585365853658537;0.6097560975609756
tvbrowser.ui.programtable.KeyboardAction;14;0.9166666666666666;0.9166666666666666
tvbrowser.ui.programtable.ProgramTable;93;0.797752808988764;0.5393258426966292
tvbrowser.ui.programtable.ProgramTableScrollPane;37;0.8181818181818182;0.6666666666666666
tvbrowser.ui.programtable.background.TimeBlockBackPainter;13;0.8181818181818182;0.8181818181818182
tvbrowser.ui.settings.BlockedPlugin;14;0.6363636363636364;0.7272727272727273
tvbrowser.ui.settings.BlockedPluginArrayProperty;14;0.6363636363636364;0.7272727272727273
tvbrowser.ui.settings.ChannelIconAndNameSettingsTab;12;1.0;1.0
tvbrowser.ui.settings.ChannelsSettingsTab;44;0.8292682926829268;0.7804878048780488
tvbrowser.ui.settings.ConfigPluginSettingsTab;14;1.0;0.75
tvbrowser.ui.settings.ContextmenuSettingsTab;10;0.75;0.875
tvbrowser.ui.settings.DirectoriesSettingsTab;10;1.0;0.875
tvbrowser.ui.settings.FontsSettingsTab;13;0.8181818181818182;0.8181818181818182
tvbrowser.ui.settings.LocaleSettingsTab;16;1.0;0.7142857142857143
tvbrowser.ui.settings.LookAndFeelSettingsTab;23;0.9;0.8
tvbrowser.ui.settings.MausSettingsTab;11;0.7777777777777778;0.6666666666666666
tvbrowser.ui.settings.PictureSettingsTab;21;0.8888888888888888;0.8888888888888888
tvbrowser.ui.settings.PluginInfoPanel;11;1.0;0.8888888888888888
tvbrowser.ui.settings.PluginSettingsTab;27;0.92;0.8
tvbrowser.ui.settings.PluginTableCellRenderer;13;0.9;0.9
tvbrowser.ui.settings.ProgramPanelSettingsTab;18;0.875;0.9375
tvbrowser.ui.settings.ProgramTableSettingsTab;29;0.8148148148148148;0.8148148148148148
tvbrowser.ui.settings.SettingsDialog;29;0.72;0.72
tvbrowser.ui.settings.StartupSettingsTab;28;0.8846153846153846;0.8846153846153846
tvbrowser.ui.settings.ToolBarDragAndDropSettings;38;0.8055555555555556;0.6666666666666666
tvbrowser.ui.settings.TrayBaseSettingsTab;10;0.8571428571428571;0.5714285714285714
tvbrowser.ui.settings.TrayImportantSettingsTab;17;0.8571428571428571;0.7857142857142857
tvbrowser.ui.settings.TrayNowSettingsTab;14;0.8181818181818182;0.7272727272727273
tvbrowser.ui.settings.TrayOnTimeSettingsTab;17;0.8571428571428571;0.7142857142857143
tvbrowser.ui.settings.TrayProgramsChannelsSettingsTab;20;0.8823529411764706;0.5882352941176471
tvbrowser.ui.settings.TraySoonSettingsTab;13;0.8;0.7
tvbrowser.ui.settings.WebbrowserSettingsTab;12;0.8;0.8
tvbrowser.ui.settings.channel.AvailableChannelsTableModel;10;1.0;1.0
tvbrowser.ui.settings.channel.ChannelConfigDlg;21;0.8947368421052632;0.8421052631578947
tvbrowser.ui.settings.channel.ChannelFilter;11;0.8888888888888888;0.7777777777777778
tvbrowser.ui.settings.channel.MultiChannelConfigDlg;10;0.75;0.875
tvbrowser.ui.settings.tablebackgroundstyles.DayTimeBackgroundStyle;10;1.0;1.0
tvbrowser.ui.settings.tablebackgroundstyles.SingleImageBackgroundStyle;10;1.0;0.875
tvbrowser.ui.settings.tablebackgroundstyles.TimeBlockBackgroundStyle;15;0.8461538461538461;0.6923076923076923
tvbrowser.ui.splashscreen.SplashScreen;19;1.0;0.8
tvbrowser.ui.tray.Java6Tray;19;0.8823529411764706;0.6470588235294118
tvbrowser.ui.tray.ProgramMenuItem;34;0.6666666666666666;0.5
tvbrowser.ui.tray.SystemTray;39;0.9428571428571428;0.8
tvbrowser.ui.update.SoftwareUpdateDlg;17;0.8;0.8
tvbrowser.ui.update.SoftwareUpdateItem;22;0.7368421052631579;0.7894736842105263
tvbrowserdataservice.TvBrowserDataService;54;0.72;0.48
tvbrowserdataservice.TvBrowserDataServiceChannelGroup;35;0.7096774193548387;0.5483870967741935
tvbrowserdataservice.TvBrowserDataServiceSettings;14;0.8333333333333334;0.9166666666666666
tvbrowserdataservice.TvBrowserDataServiceSettingsPanel;19;0.8125;0.875
tvbrowserdataservice.TvDataBaseUpdater;10;0.8571428571428571;0.8571428571428571
tvbrowserdataservice.file.ChannelList;16;0.9285714285714286;0.7857142857142857
tvbrowserdataservice.file.DayProgramFile;44;0.8571428571428571;0.7380952380952381
tvbrowserdataservice.file.ProgramField;36;0.78125;0.59375
tvbrowserdataservice.file.ProgramFrame;19;0.8823529411764706;0.9411764705882353
tvbrowserdataservice.file.SummaryFile;15;0.5384615384615384;0.8461538461538461
tvdataservice.MarkedProgramsList;15;0.5833333333333334;0.6666666666666666
tvdataservice.MutableChannelDayProgram;20;1.0;0.8888888888888888
tvdataservice.MutableProgram;86;0.6219512195121951;0.5609756097560976
tvraterplugin.Database;16;0.9230769230769231;0.8461538461538461
tvraterplugin.DialogOverview;13;0.6;0.6
tvraterplugin.DialogRating;20;0.8888888888888888;0.8888888888888888
tvraterplugin.Rating;51;0.7021276595744681;0.5106382978723404
tvraterplugin.TVRaterFilter;12;1.0;0.6666666666666666
tvraterplugin.TVRaterFilterAllCategories;23;1.0;0.8
tvraterplugin.TVRaterPlugin;52;0.6458333333333334;0.4583333333333333
tvraterplugin.TVRaterSettings;17;1.0;0.8
tvraterplugin.TVRaterSettingsTab;11;1.0;0.7777777777777778
tvraterplugin.Updater;19;0.9411764705882353;0.8235294117647058
util.browserlauncher.BrowserLauncher;48;0.9782608695652174;0.9565217391304348
util.exc.ErrorHandler;13;0.9;0.8
util.exc.ErrorWindow;21;0.8421052631578947;0.8421052631578947
util.exc.MonitoringErrorStream;11;0.8888888888888888;0.8888888888888888
util.exc.TvBrowserException;16;1.0;0.7142857142857143
util.io.BufferedRandomAccessFile;14;0.6666666666666666;0.8333333333333334
util.io.CheckNetworkConnection;10;0.75;0.875
util.io.DownloadManager;13;0.9090909090909091;0.7272727272727273
util.io.ExecutionHandler;23;0.9047619047619048;0.7619047619047619
util.io.IOUtilities;38;0.8888888888888888;0.8611111111111112
util.io.Mirror;29;0.46153846153846156;0.6153846153846154
util.io.NtpMessage;22;;
util.io.stream.StreamUtilities;24;0.9090909090909091;0.9545454545454546
util.misc.AbstractXmlTvDataHandler;36;0.8484848484848485;0.6666666666666666
util.misc.HashCodeUtilities;18;0.9375;0.75
util.misc.JavaVersion;10;;
util.misc.TextLineBreakerStringWidth;24;0.6363636363636364;0.7727272727272727
util.paramhandler.ParamCheckDialog;12;0.5555555555555556;0.5555555555555556
util.paramhandler.ParamInputField;12;0.8;1.0
util.paramhandler.ParamLibrary;20;0.8333333333333334;0.5555555555555556
util.paramhandler.ParamParser;16;0.8571428571428571;0.8571428571428571
util.program.AbstractPluginProgramFormating;22;0.9;0.8
util.program.CompoundedProgramFieldType;13;0.9090909090909091;0.7272727272727273
util.program.ProgramTextCreator;25;0.9130434782608695;0.782608695652174
util.program.ProgramUtilities;15;0.5384615384615384;0.8461538461538461
util.settings.ChoiceProperty;10;0.8571428571428571;0.8571428571428571
util.settings.PluginPictureSettings;11;0.8888888888888888;1.0
util.settings.ProgramPanelSettings;43;0.975609756097561;0.7804878048780488
util.settings.Property;11;0.75;0.75
util.settings.PropertyBasedSettings;16;0.9230769230769231;0.7692307692307693
util.settings.PropertyManager;15;0.8333333333333334;0.5833333333333334
util.settings.StringArrayProperty;15;0.5833333333333334;0.5833333333333334
util.settings.StringProperty;11;0.875;0.625
util.settings.WindowSetting;11;1.0;1.0
util.tvdataservice.IconLoader;14;0.8333333333333334;0.9166666666666666
util.ui.AlphaColorChooser;21;0.6111111111111112;0.7222222222222222
util.ui.AutoCompletion;19;0.9375;0.8125
util.ui.CaretPositionCorrector;14;0.9166666666666666;1.0
util.ui.ChannelChooserDlg;16;0.5384615384615384;0.6923076923076923
util.ui.ChannelContextMenu;14;0.6666666666666666;0.8333333333333334
util.ui.ChannelLabel;25;0.9090909090909091;0.6363636363636364
util.ui.ChannelListCellRenderer;16;1.0;0.7142857142857143
util.ui.ColorButton;11;0.7777777777777778;0.7777777777777778
util.ui.CreditsScrollerPanel;10;1.0;0.75
util.ui.DefaultMarkingPrioritySelectionPanel;18;1.0;0.6666666666666666
util.ui.DisclosureTriangle;20;0.6666666666666666;0.7222222222222222
util.ui.ExecuteSettingsDialog;20;0.7647058823529411;0.5882352941176471
util.ui.FileCheckBox;18;1.0;0.8
util.ui.FontChooserPanel;17;1.0;0.8
util.ui.GridFlowLayout;12;0.7;0.8
util.ui.HelpDialog;22;0.7368421052631579;0.5789473684210527
util.ui.LineNumberHeader;13;0.8181818181818182;0.8181818181818182
util.ui.LinkButton;10;0.75;1.0
util.ui.ListDragAndDropHandler;16;1.0;0.7857142857142857
util.ui.LocalPluginProgramFormatingSettingsDialog;14;0.8181818181818182;0.7272727272727273
util.ui.Localizer;65;0.8064516129032258;0.6290322580645161
util.ui.MarkerChooserDlg;11;0.75;0.875
util.ui.MultipleFieldReader;15;0.8461538461538461;0.8461538461538461
util.ui.OrderChooser;35;0.8787878787878788;0.7575757575757576
util.ui.OverlayListener;11;0.625;0.75
util.ui.PictureAreaIcon;14;0.9166666666666666;0.75
util.ui.PluginChooserDlg;21;0.6666666666666666;0.6666666666666666
util.ui.PluginProgramConfigurationPanel;10;1.0;0.75
util.ui.ProgramList;30;0.7037037037037037;0.6666666666666666
util.ui.ProgramListCellRenderer;10;0.75;1.0
util.ui.ProgramPanel;83;0.825;0.5625
util.ui.ScrollableMenu;43;0.95;0.525
util.ui.SearchForm;41;0.8157894736842105;0.5789473684210527
util.ui.SearchFormSettings;32;0.9666666666666667;0.8
util.ui.SearchHelper;16;0.9285714285714286;0.7857142857142857
util.ui.SendToPluginDialog;15;0.6363636363636364;0.6363636363636364
util.ui.SingleAndDoubleClickTreeUI;16;0.8461538461538461;0.7692307692307693
util.ui.TVBrowserIcons;32;0.9666666666666667;1.0
util.ui.TabLayout;14;0.9090909090909091;0.7272727272727273
util.ui.TextAreaIcon;18;1.0;0.6875
util.ui.TimePeriodChooser;16;0.7857142857142857;0.7857142857142857
util.ui.UiUtilities;30;1.0;0.9642857142857143
util.ui.beanshell.SyntaxDocument;33;0.9666666666666667;0.7333333333333333
util.ui.customizableitems.CustomizableItemsPanel;37;0.8571428571428571;0.6857142857142857
util.ui.customizableitems.SelectableItemList;34;0.875;0.6875
util.ui.customizableitems.SortableItemList;32;0.9655172413793104;0.7241379310344828
util.ui.findasyoutype.FindAction;39;0.6388888888888888;0.5
util.ui.findasyoutype.TextComponentFindAction;24;0.9047619047619048;0.6666666666666666
util.ui.login.LoginDialog;15;0.8461538461538461;0.8461538461538461
util.ui.progress.ProgressInputStream;10;0.8571428571428571;0.7142857142857143
util.ui.progress.ProgressMonitorGroup;10;0.875;0.875
util.ui.table.TableSorter;43;0.5384615384615384;0.6153846153846154
util.ui.view.Node;19;0.8823529411764706;0.7647058823529411
util.ui.view.SplitViewProperty;17;0.6428571428571429;0.7142857142857143
webplugin.WebAddress;25;1.0;0.8260869565217391
webplugin.WebAddressEditDialog;12;0.8;1.0
webplugin.WebPlugin;39;0.7714285714285715;0.5714285714285714
webplugin.WebSettingsTab;30;0.8888888888888888;0.8148148148148148
