file;entities;metric;metric_random
wicket.AccessStackPageMap;16;0.7692307692307693;0.6923076923076923
wicket.Application;59;0.8909090909090909;0.5818181818181818
wicket.AttributeModifier;22;0.6666666666666666;0.5555555555555556
wicket.Component;173;0.8757396449704142;0.40236686390532544
wicket.Localizer;12;0.8888888888888888;0.8888888888888888
wicket.MarkupContainer;49;0.6;0.4222222222222222
wicket.Page;70;0.5909090909090909;0.3787878787878788
wicket.PageMap;30;0.5769230769230769;0.38461538461538464
wicket.Request;14;1.0;0.9166666666666666
wicket.RequestCycle;68;0.90625;0.53125
wicket.RequestListenerInterface;15;0.6666666666666666;0.8333333333333334
wicket.Resource;15;0.8333333333333334;0.6666666666666666
wicket.ResourceReference;20;0.875;0.6875
wicket.Response;17;1.0;1.0
wicket.Session;76;0.8611111111111112;0.4444444444444444
wicket.SharedResources;13;0.8;0.9
wicket.ajax.AbstractDefaultAjaxBehavior;15;0.5454545454545454;0.6363636363636364
wicket.ajax.AjaxEventBehavior;13;0.4444444444444444;0.6666666666666666
wicket.ajax.AjaxRequestTarget;24;0.75;0.45
wicket.behavior.AbstractAjaxBehavior;14;0.6;0.4
wicket.behavior.AbstractBehavior;11;1.0;1.0
wicket.behavior.HeaderContributor;14;0.7272727272727273;0.7272727272727273
wicket.feedback.FeedbackMessage;27;0.9166666666666666;0.7916666666666666
wicket.feedback.FeedbackMessages;24;0.8571428571428571;0.7619047619047619
wicket.feedback.FeedbackMessagesModel;16;0.9230769230769231;0.7692307692307693
wicket.markup.ComponentTag;78;0.918918918918919;0.7567567567567568
wicket.markup.ContainerInfo;12;1.0;0.6666666666666666
wicket.markup.Markup;31;0.6785714285714286;0.5
wicket.markup.MarkupCache;19;0.8125;0.625
wicket.markup.MarkupFragment;19;0.6875;0.5
wicket.markup.MarkupParser;22;0.7894736842105263;0.6842105263157895
wicket.markup.MarkupResourceStream;18;1.0;0.7333333333333333
wicket.markup.MarkupStream;35;0.9375;0.84375
wicket.markup.html.PackageResource;20;0.75;0.625
wicket.markup.html.PackageResourceReference;12;0.8888888888888888;0.6666666666666666
wicket.markup.html.WebMarkupContainerWithAssociatedMarkup;10;0.8571428571428571;0.8571428571428571
wicket.markup.html.WebPage;23;0.6842105263157895;0.5263157894736842
wicket.markup.html.body.BodyTagAttributeModifier;10;0.7142857142857143;0.7142857142857143
wicket.markup.html.border.Border;15;0.7272727272727273;0.7272727272727273
wicket.markup.html.form.AbstractChoice;23;0.7894736842105263;0.631578947368421
wicket.markup.html.form.AbstractSingleSelectChoice;19;0.875;0.625
wicket.markup.html.form.Button;17;0.5384615384615384;0.6153846153846154
wicket.markup.html.form.CheckBox;10;1.0;0.5
wicket.markup.html.form.CheckBoxMultipleChoice;17;1.0;0.8571428571428571
wicket.markup.html.form.CheckGroup;11;0.7142857142857143;0.5714285714285714
wicket.markup.html.form.DropDownChoice;15;0.9090909090909091;0.7272727272727273
wicket.markup.html.form.Form;63;0.5932203389830508;0.3728813559322034
wicket.markup.html.form.FormComponent;65;0.7704918032786885;0.5081967213114754
wicket.markup.html.form.ListChoice;20;0.875;0.6875
wicket.markup.html.form.ListMultipleChoice;21;0.9411764705882353;0.6470588235294118
wicket.markup.html.form.PasswordTextField;11;0.5;0.75
wicket.markup.html.form.RadioChoice;21;0.8823529411764706;0.7058823529411765
wicket.markup.html.form.persistence.CookieValuePersister;14;0.9090909090909091;0.8181818181818182
wicket.markup.html.form.persistence.CookieValuePersisterSettings;15;1.0;0.7692307692307693
wicket.markup.html.form.upload.FileUpload;11;1.0;0.875
wicket.markup.html.form.upload.FileUploadField;11;1.0;0.625
wicket.markup.html.form.validation.NumberValidator;10;;
wicket.markup.html.form.validation.PatternValidator;11;0.75;0.75
wicket.markup.html.image.Image;18;0.8571428571428571;0.5714285714285714
wicket.markup.html.image.resource.DefaultButtonImageResource;27;1.0;0.7083333333333334
wicket.markup.html.image.resource.DynamicImageResource;12;0.875;0.75
wicket.markup.html.image.resource.LocalizedImageResource;19;0.9411764705882353;0.6470588235294118
wicket.markup.html.image.resource.RenderedDynamicImageResource;17;0.8461538461538461;0.6153846153846154
wicket.markup.html.include.Include;11;0.7142857142857143;0.8571428571428571
wicket.markup.html.internal.HeaderResponse;11;1.0;0.8888888888888888
wicket.markup.html.internal.HtmlHeaderContainer;10;0.2857142857142857;0.8571428571428571
wicket.markup.html.link.BookmarkablePageLink;16;0.8461538461538461;0.6153846153846154
wicket.markup.html.link.ExternalLink;12;1.0;0.6666666666666666
wicket.markup.html.link.InternalFrame;10;0.8333333333333334;0.8333333333333334
wicket.markup.html.link.Link;29;0.84;0.52
wicket.markup.html.link.PopupSettings;30;0.8571428571428571;0.7142857142857143
wicket.markup.html.link.ResourceLink;10;0.7142857142857143;0.7142857142857143
wicket.markup.html.list.ListItemModel;10;1.0;0.7142857142857143
wicket.markup.html.list.ListView;25;0.8095238095238095;0.5238095238095238
wicket.markup.html.list.PageableListView;12;0.7777777777777778;0.7777777777777778
wicket.markup.html.navigation.paging.PagingNavigation;22;0.6666666666666666;0.5
wicket.markup.html.pages.BrowserInfoPage;10;0.8333333333333334;0.8333333333333334
wicket.markup.html.panel.FeedbackPanel;21;0.9411764705882353;0.6470588235294118
wicket.markup.html.panel.Fragment;14;0.8;0.8
wicket.markup.html.tree.AbstractTree;58;0.8888888888888888;0.5185185185185185
wicket.markup.html.tree.DefaultAbstractTree;25;0.9545454545454546;0.5
wicket.markup.html.tree.DefaultTreeState;18;1.0;0.75
wicket.markup.html.tree.table.AbstractColumn;10;1.0;0.8571428571428571
wicket.markup.html.tree.table.AbstractRenderableColumn;10;1.0;1.0
wicket.markup.html.tree.table.PropertyRenderableColumn;11;0.8571428571428571;0.7142857142857143
wicket.markup.html.tree.table.PropertyTreeColumn;10;0.8571428571428571;0.7142857142857143
wicket.markup.html.tree.table.SideColumnsView;12;0.8888888888888888;0.8888888888888888
wicket.markup.html.tree.table.TreeTable;13;0.4444444444444444;0.5555555555555556
wicket.markup.loader.InheritedMarkupMarkupLoader;11;0.875;1.0
wicket.markup.parser.XmlPullParser;22;0.631578947368421;0.7894736842105263
wicket.markup.parser.XmlTag;49;0.9347826086956522;0.6739130434782609
wicket.markup.transformer.AbstractOutputTransformerContainer;11;0.42857142857142855;0.7142857142857143
wicket.model.AbstractDetachableAssignmentAwareModel;16;0.75;0.5833333333333334
wicket.model.AbstractDetachableInheritableModel;16;0.75;0.5
wicket.model.AbstractDetachableModel;15;0.9090909090909091;0.6363636363636364
wicket.model.AbstractPropertyAssignmentAwareModel;11;0.5714285714285714;1.0
wicket.model.AbstractPropertyInheritableModel;11;0.5714285714285714;0.8571428571428571
wicket.model.BoundCompoundPropertyModel;11;0.75;0.625
wicket.model.LoadableDetachableModel;12;0.75;0.5
wicket.model.Model;11;0.75;0.875
wicket.model.StringResourceModel;22;0.8333333333333334;0.5
wicket.protocol.http.AbstractHttpSessionStore;14;0.8333333333333334;0.6666666666666666
wicket.protocol.http.BufferedHttpServletResponse;53;0.82;0.58
wicket.protocol.http.BufferedWebResponse;10;0.2857142857142857;0.5714285714285714
wicket.protocol.http.ClientPageSavingSessionStore;10;0.8571428571428571;0.8571428571428571
wicket.protocol.http.ClientProperties;48;0.9777777777777777;0.9111111111111111
wicket.protocol.http.MockHttpServletRequest;79;0.9736842105263158;0.7763157894736842
wicket.protocol.http.MockHttpServletResponse;60;1.0;0.7368421052631579
wicket.protocol.http.MockHttpSession;25;0.7727272727272727;0.5909090909090909
wicket.protocol.http.MockServletContext;33;1.0;0.9032258064516129
wicket.protocol.http.MockWebApplication;33;0.7666666666666667;0.6
wicket.protocol.http.RequestLogger;19;0.875;0.6875
wicket.protocol.http.WebApplication;39;0.6857142857142857;0.42857142857142855
wicket.protocol.http.WebRequest;11;0.6666666666666666;0.6666666666666666
wicket.protocol.http.WebRequestCycle;12;0.7777777777777778;0.6666666666666666
wicket.protocol.http.WebResponse;25;0.8095238095238095;0.6666666666666666
wicket.protocol.http.WebSession;12;0.5;0.625
wicket.protocol.http.WicketFilter;19;0.6666666666666666;0.6
wicket.protocol.http.documentvalidation.HtmlDocumentParser;23;0.8571428571428571;0.6666666666666666
wicket.protocol.http.documentvalidation.HtmlDocumentValidator;15;0.9230769230769231;0.8461538461538461
wicket.protocol.http.documentvalidation.Tag;13;1.0;1.0
wicket.protocol.http.portlet.PortletApplication;24;0.65;0.55
wicket.protocol.http.portlet.PortletPage;17;0.7857142857142857;0.5
wicket.protocol.http.portlet.PortletRequestCodingStrategy;26;0.782608695652174;0.6086956521739131
wicket.protocol.http.portlet.PortletSessionStore;22;0.7894736842105263;0.6842105263157895
wicket.protocol.http.portlet.WicketPortletRequest;11;0.6666666666666666;0.8888888888888888
wicket.protocol.http.request.AbstractWebRequestCodingStrategy;18;0.9333333333333333;0.6666666666666666
wicket.protocol.http.request.CryptedUrlWebRequestCodingStrategy;14;1.0;0.6363636363636364
wicket.protocol.http.request.WebClientInfo;12;0.8;0.8
wicket.protocol.http.request.WebErrorCodeResponseTarget;12;1.0;0.7777777777777778
wicket.protocol.http.request.WebExternalResourceRequestTarget;10;1.0;0.7142857142857143
wicket.protocol.http.request.WebRequestCodingStrategy;11;1.0;0.75
wicket.protocol.http.servlet.MultipartServletWebRequest;15;0.8181818181818182;0.45454545454545453
wicket.protocol.http.servlet.ServletWebRequest;15;1.0;0.8333333333333334
wicket.request.RequestParameters;35;1.0;0.75
wicket.request.compound.CompoundRequestCycleProcessor;18;1.0;0.35714285714285715
wicket.request.target.basic.EmptyRequestTarget;10;1.0;0.5714285714285714
wicket.request.target.component.BookmarkablePageRequestTarget;21;0.7647058823529411;0.7058823529411765
wicket.request.target.component.listener.AbstractListenerInterfaceRequestTarget;12;0.75;0.75
wicket.request.target.resource.ComponentResourceRequestTarget;10;1.0;0.7142857142857143
wicket.request.target.resource.ResourceStreamRequestTarget;13;0.8888888888888888;0.6666666666666666
wicket.request.target.resource.SharedResourceRequestTarget;11;0.5;0.625
wicket.resource.PropertiesFactory;12;0.7777777777777778;0.7777777777777778
wicket.settings.Settings;149;0.9863945578231292;0.6122448979591837
wicket.util.collections.IntHashMap;47;0.6590909090909091;0.6363636363636364
wicket.util.collections.MicroMap;19;0.8823529411764706;0.8823529411764706
wicket.util.collections.MiniMap;26;0.8695652173913043;0.7391304347826086
wicket.util.convert.ConversionException;19;1.0;0.8235294117647058
wicket.util.convert.converters.DateConverter;10;0.7142857142857143;0.7142857142857143
wicket.util.crypt.AbstractCrypt;14;0.9090909090909091;0.7272727272727273
wicket.util.crypt.Base64;24;0.9047619047619048;0.5714285714285714
wicket.util.crypt.Base64UrlSafe;19;0.875;0.625
wicket.util.diff.Chunk;25;0.9545454545454546;0.8636363636363636
wicket.util.diff.Delta;16;0.6923076923076923;0.6153846153846154
wicket.util.diff.Diff;19;0.8235294117647058;0.8235294117647058
wicket.util.diff.Revision;14;0.8333333333333334;0.9166666666666666
wicket.util.file.File;11;1.0;1.0
wicket.util.file.Folder;14;0.8181818181818182;0.9090909090909091
wicket.util.file.Path;10;1.0;1.0
wicket.util.io.ByteArrayOutputStream;18;0.6;0.5333333333333333
wicket.util.io.FullyBufferedReader;22;0.9473684210526315;0.7368421052631579
wicket.util.io.IOUtils;35;1.0;1.0
wicket.util.io.StringBufferWriter;12;0.7777777777777778;0.6666666666666666
wicket.util.io.ThresholdingOutputStream;15;0.9090909090909091;0.5454545454545454
wicket.util.io.XmlReader;15;0.9166666666666666;0.75
wicket.util.lang.Bytes;24;0.8095238095238095;0.8571428571428571
wicket.util.lang.Objects;37;0.9117647058823529;0.5882352941176471
wicket.util.lang.PropertyResolver;10;0.875;0.875
wicket.util.parse.metapattern.MetaPattern;66;0.9841269841269841;0.7619047619047619
wicket.util.parse.metapattern.parsers.MetaPatternParser;10;0.8571428571428571;0.7142857142857143
wicket.util.resource.AbstractStringResourceStream;10;1.0;0.8571428571428571
wicket.util.resource.FileResourceStream;11;0.875;0.75
wicket.util.resource.PackagedTextTemplate;10;1.0;0.8571428571428571
wicket.util.resource.StringBufferResourceStream;10;0.8571428571428571;0.7142857142857143
wicket.util.resource.TextTemplateDecorator;19;0.75;0.8125
wicket.util.resource.UrlResourceStream;17;0.7857142857142857;0.7142857142857143
wicket.util.string.AbstractStringList;10;1.0;1.0
wicket.util.string.AppendingStringBuffer;62;0.8135593220338984;0.7966101694915254
wicket.util.string.JavascriptUtils;17;0.9333333333333333;1.0
wicket.util.string.PrependingStringBuffer;11;0.75;0.75
wicket.util.string.StringList;26;0.7391304347826086;0.6956521739130435
wicket.util.string.StringValue;50;0.9565217391304348;0.8913043478260869
wicket.util.string.Strings;35;0.9696969696969697;0.8484848484848485
wicket.util.tester.ExternalPageViewer;10;0.7142857142857143;0.7142857142857143
wicket.util.tester.FormTester;15;0.9166666666666666;0.8333333333333334
wicket.util.tester.TagTester;14;1.0;0.8333333333333334
wicket.util.tester.WicketTester;38;0.8571428571428571;0.8857142857142857
wicket.util.thread.Task;14;0.9;0.6
wicket.util.time.Duration;36;0.84375;0.90625
wicket.util.time.Time;41;0.868421052631579;0.8421052631578947
wicket.util.time.TimeFrame;14;0.8181818181818182;0.8181818181818182
wicket.util.time.TimeOfDay;24;0.8571428571428571;0.7619047619047619
wicket.util.upload.DiskFileItem;34;0.8666666666666667;0.6
wicket.util.upload.DiskFileItemFactory;10;0.875;1.0
wicket.util.upload.FileUploadBase;24;0.9523809523809523;0.7142857142857143
wicket.util.upload.MultipartFormInputStream;33;0.9310344827586207;0.5517241379310345
wicket.util.upload.ParameterParser;17;0.8666666666666667;0.8
wicket.util.value.CopyOnWriteValueMap;33;0.9;0.9333333333333333
wicket.util.value.IntValue;11;0.42857142857142855;0.7142857142857143
wicket.util.value.LongValue;11;0.42857142857142855;0.8571428571428571
wicket.util.value.ValueMap;31;0.7142857142857143;0.7857142857142857
wicket.version.undo.UndoPageVersionManager;19;0.9411764705882353;0.7058823529411765
