ID;area;java_skills;thought;automatic;consider;java_primary;java_code_conventions_categories;visibility;lexicographic;method_subcategories;semantic;other;no_answer
1;research;expert;rarely;never;meaningful;java;1;0;0;0;0;evolutionary ;0
2;industry;advanced;frequently;never;meaningful;java;0;1;0;1;0;field_data_type, polymorphic_method;0
3;research;expert;always;never;important;java;1;0;0;1;0;0;0
4;education;advanced;frequently;rarely;important;java;1;0;0;1;0;0;0
5;research;advanced;rarely;never;important;java;0;0;1;0;1;0;0
6;research;advanced;frequently;never;meaningful;java;0;0;1;0;1;authors;0
7;industry;expert;always;rarely;meaningful;java;1;1;0;1;0;0;0
8;hobby;beginner;frequently;rarely;meaningful;java;0;0;0;0;0;evolutionary, frequence_of_usage, specialization;0
9;research;advanced;never;never;irrelevant;no_java;0;0;0;0;0;ignore;0
10;research;advanced;rarely;never;meaningful;no_java;0;0;0;0;0;0;1
11;research;none;rarely;never;meaningful;no_java;0;0;0;0;1;runtime_sequence, frequence_of_usage;0
12;education;advanced;rarely;never;meaningful;java;0;1;0;1;0;size, importance;0
13;research;advanced;never;rarely;irrelevant;java;0;0;0;0;0;ignore;0
14;industry;advanced;rarely;rarely;meaningful;java;1;1;0;1;0;0;0
15;research;advanced;frequently;never;meaningful;java;1;0;0;0;0;0;0
16;research;advanced;frequently;frequently;important;no_java;0;0;1;0;1;0;0
17;education;advanced;frequently;never;meaningful;java;0;0;0;1;0;fields_to_accessors;0
18;research;advanced;frequently;rarely;important;java;0;0;0;0;0;0;1
19;industry;advanced;never;always;important;no_java;0;1;0;0;0;0;0
20;research;expert;always;frequently;meaningful;java;0;0;0;0;0;0;1
21;industry;advanced;frequently;rarely;meaningful;java;1;0;0;0;0;call_locality, override;0
22;education;advanced;frequently;rarely;meaningful;java;0;1;0;0;0;0;0
23;research;expert;frequently;frequently;meaningful;java;0;0;0;0;0;fields_to_methods;0
24;research;advanced;rarely;never;important;no_java;0;0;0;0;1;0;0
25;research;expert;frequently;never;important;java;1;0;0;0;1;0;0
26;research;expert;always;rarely;important;java;0;1;0;1;1;0;0
27;research;advanced;frequently;never;important;java;1;0;0;1;1;importance;0
28;industry;none;frequently;never;important;no_java;0;1;0;0;1;0;0
29;industry;expert;always;rarely;important;no_java;1;0;0;0;0;override;0
30;industry;advanced;rarely;never;meaningful;java;1;0;0;0;0;0;0
31;industry;beginner;rarely;never;important;no_java;0;0;0;0;0;0;1
32;industry;advanced;rarely;never;meaningful;no_java;0;0;0;0;0;execution_sequence;0
33;education;advanced;always;never;important;no_java;0;0;1;0;0;fields_to_methods;0
34;education;advanced;rarely;never;irrelevant;java;0;0;0;0;0;declaration_before_usage;0
35;research;advanced;frequently;never;important;java;1;0;0;1;0;internal_vs_external;0
36;research;beginner;rarely;never;irrelevant;no_java;0;0;0;0;0;0;1
37;research;expert;frequently;rarely;meaningful;java;0;0;0;0;0;0;1
38;industry;expert;always;never;important;java;1;1;0;0;1;execution_sequence;0
39;education;advanced;always;rarely;meaningful;java;0;1;1;1;1;execution_sequence;0
40;research;expert;rarely;never;meaningful;java;1;1;0;1;0;0;0
41;hobby;advanced;rarely;frequently;meaningful;java;0;1;0;1;0;importance;0
42;research;advanced;rarely;rarely;meaningful;no_java;1;0;0;0;1;0;0
43;industry;advanced;rarely;never;meaningful;no_java;0;0;0;0;1;evolutionary;0
44;industry;advanced;frequently;rarely;meaningful;java;0;0;0;0;0;specialization, importance;0
45;education;advanced;rarely;always;irrelevant;none;0;0;1;0;0;0;0
46;industry;expert;rarely;never;irrelevant;java;1;0;0;1;0;0;0
47;education;advanced;frequently;never;important;none;1;0;0;0;1;execution_sequence, frequence_of_usage;0
48;research;advanced;frequently;rarely;meaningful;none;1;1;0;1;1;0;0
49;industry;advanced;frequently;never;meaningful;no_java;0;0;0;0;0;importance, call_locality;0
50;industry;advanced;rarely;never;meaningful;java;1;0;0;1;0;field_data_type, override;0
51;hobby;beginner;frequently;never;important;no_java;0;0;0;1;1;0;0
52;industry;expert;never;never;irrelevant;java;1;0;0;0;0;0;0
