file;entities;metric;metric_random
com.puppycrawl.tools.checkstyle.CheckStyleTask;36;0.9142857142857143;0.7714285714285715
com.puppycrawl.tools.checkstyle.Checker;39;0.8947368421052632;0.7894736842105263
com.puppycrawl.tools.checkstyle.ConfigurationLoader;23;0.8636363636363636;0.8636363636363636
com.puppycrawl.tools.checkstyle.DefaultConfiguration;14;0.9230769230769231;0.8461538461538461
com.puppycrawl.tools.checkstyle.DefaultLogger;14;0.9230769230769231;0.9230769230769231
com.puppycrawl.tools.checkstyle.PackageNamesLoader;13;0.75;0.8333333333333334
com.puppycrawl.tools.checkstyle.PropertyCacheFile;13;0.8333333333333334;0.9166666666666666
com.puppycrawl.tools.checkstyle.StringArrayReader;12;0.8181818181818182;1.0
com.puppycrawl.tools.checkstyle.TreeWalker;31;0.9333333333333333;0.8333333333333334
com.puppycrawl.tools.checkstyle.XMLLogger;15;0.8571428571428571;0.8571428571428571
com.puppycrawl.tools.checkstyle.api.AbstractFileSetCheck;17;0.75;0.8125
com.puppycrawl.tools.checkstyle.api.AbstractViolationReporter;13;0.8333333333333334;0.75
com.puppycrawl.tools.checkstyle.api.AuditEvent;14;0.9230769230769231;0.9230769230769231
com.puppycrawl.tools.checkstyle.api.Check;27;0.9230769230769231;0.8461538461538461
com.puppycrawl.tools.checkstyle.api.Comment;13;0.9166666666666666;0.9166666666666666
com.puppycrawl.tools.checkstyle.api.DetailAST;27;0.8461538461538461;0.7307692307692307
com.puppycrawl.tools.checkstyle.api.FastStack;11;0.9;1.0
com.puppycrawl.tools.checkstyle.api.FileContents;22;0.9047619047619048;0.8571428571428571
com.puppycrawl.tools.checkstyle.api.FullIdent;13;0.75;0.8333333333333334
com.puppycrawl.tools.checkstyle.api.LocalizedMessage;30;0.896551724137931;0.7241379310344828
com.puppycrawl.tools.checkstyle.api.ScopeUtils;10;0.8888888888888888;1.0
com.puppycrawl.tools.checkstyle.api.SeverityLevelCounter;10;0.8888888888888888;0.8888888888888888
com.puppycrawl.tools.checkstyle.api.TokenTypes;165;0.9878048780487805;0.9817073170731707
com.puppycrawl.tools.checkstyle.api.Utils;15;0.9285714285714286;0.9285714285714286
com.puppycrawl.tools.checkstyle.checks.AbstractFormatCheck;10;0.8888888888888888;0.8888888888888888
com.puppycrawl.tools.checkstyle.checks.AbstractTypeAwareCheck;29;0.8214285714285714;0.75
com.puppycrawl.tools.checkstyle.checks.CheckUtils;17;0.8125;0.875
com.puppycrawl.tools.checkstyle.checks.DescendantTokenCheck;21;0.85;0.8
com.puppycrawl.tools.checkstyle.checks.RegexpCheck;24;0.9565217391304348;0.8260869565217391
com.puppycrawl.tools.checkstyle.checks.TranslationCheck;11;0.9;0.8
com.puppycrawl.tools.checkstyle.checks.UncommentedMainCheck;19;0.9444444444444444;0.8333333333333334
com.puppycrawl.tools.checkstyle.checks.annotation.AnnotationUseStyleCheck;19;0.8888888888888888;0.8333333333333334
com.puppycrawl.tools.checkstyle.checks.annotation.MissingDeprecatedCheck;11;0.9;0.9
com.puppycrawl.tools.checkstyle.checks.annotation.MissingOverrideCheck;10;0.8888888888888888;0.8888888888888888
com.puppycrawl.tools.checkstyle.checks.annotation.SuppressWarningsCheck;13;0.9166666666666666;0.8333333333333334
com.puppycrawl.tools.checkstyle.checks.coding.FallThroughCheck;18;0.8823529411764706;0.7647058823529411
com.puppycrawl.tools.checkstyle.checks.coding.HiddenFieldCheck;21;0.9;0.75
com.puppycrawl.tools.checkstyle.checks.coding.IllegalInstantiationCheck;18;0.8823529411764706;0.8235294117647058
com.puppycrawl.tools.checkstyle.checks.coding.IllegalTypeCheck;22;0.9047619047619048;0.8095238095238095
com.puppycrawl.tools.checkstyle.checks.coding.InnerAssignmentCheck;10;0.8888888888888888;0.8888888888888888
com.puppycrawl.tools.checkstyle.checks.coding.JUnitTestCaseCheck;14;0.9230769230769231;1.0
com.puppycrawl.tools.checkstyle.checks.coding.ModifiedControlVariableCheck;13;0.9166666666666666;0.8333333333333334
com.puppycrawl.tools.checkstyle.checks.coding.MultipleStringLiteralsCheck;13;0.75;0.8333333333333334
com.puppycrawl.tools.checkstyle.checks.coding.ParameterAssignmentCheck;13;0.9166666666666666;0.9166666666666666
com.puppycrawl.tools.checkstyle.checks.coding.RequireThisCheck;11;0.9;0.8
com.puppycrawl.tools.checkstyle.checks.coding.ReturnCountCheck;14;0.8461538461538461;0.7692307692307693
com.puppycrawl.tools.checkstyle.checks.coding.UnnecessaryParenthesesCheck;13;0.9166666666666666;0.9166666666666666
com.puppycrawl.tools.checkstyle.checks.design.MutableExceptionCheck;12;0.9090909090909091;0.8181818181818182
com.puppycrawl.tools.checkstyle.checks.design.VisibilityModifierCheck;16;0.8666666666666667;0.8666666666666667
com.puppycrawl.tools.checkstyle.checks.duplicates.StrictDuplicateCodeCheck;28;0.9259259259259259;0.8148148148148148
com.puppycrawl.tools.checkstyle.checks.header.AbstractHeaderCheck;12;0.6363636363636364;0.8181818181818182
com.puppycrawl.tools.checkstyle.checks.imports.AccessResult;19;0.8333333333333334;0.8333333333333334
com.puppycrawl.tools.checkstyle.checks.imports.Guard;11;0.9;0.9
com.puppycrawl.tools.checkstyle.checks.imports.ImportControlLoader;13;0.9166666666666666;0.9166666666666666
com.puppycrawl.tools.checkstyle.checks.imports.ImportOrderCheck;24;0.9565217391304348;0.8695652173913043
com.puppycrawl.tools.checkstyle.checks.imports.PkgControl;11;0.9;0.9
com.puppycrawl.tools.checkstyle.checks.imports.UnusedImportsCheck;12;0.9090909090909091;0.9090909090909091
com.puppycrawl.tools.checkstyle.checks.indentation.ArrayInitHandler;10;1.0;0.8888888888888888
com.puppycrawl.tools.checkstyle.checks.indentation.BlockParentHandler;22;0.7619047619047619;0.8571428571428571
com.puppycrawl.tools.checkstyle.checks.indentation.ExpressionHandler;36;0.8285714285714286;0.8
com.puppycrawl.tools.checkstyle.checks.indentation.HandlerFactory;10;0.8888888888888888;0.7777777777777778
com.puppycrawl.tools.checkstyle.checks.indentation.IndentationCheck;20;0.9473684210526315;0.7894736842105263
com.puppycrawl.tools.checkstyle.checks.javadoc.HtmlTag;15;0.8571428571428571;0.7142857142857143
com.puppycrawl.tools.checkstyle.checks.javadoc.JavadocMethodCheck;47;0.9565217391304348;0.8478260869565217
com.puppycrawl.tools.checkstyle.checks.javadoc.JavadocStyleCheck;32;0.9032258064516129;0.8387096774193549
com.puppycrawl.tools.checkstyle.checks.javadoc.JavadocTag;17;0.9375;0.875
com.puppycrawl.tools.checkstyle.checks.javadoc.JavadocTypeCheck;21;0.95;0.85
com.puppycrawl.tools.checkstyle.checks.javadoc.TagParser;12;0.9090909090909091;0.9090909090909091
com.puppycrawl.tools.checkstyle.checks.javadoc.WriteTagCheck;13;0.8333333333333334;0.8333333333333334
com.puppycrawl.tools.checkstyle.checks.metrics.AbstractClassCouplingCheck;16;0.8;0.8
com.puppycrawl.tools.checkstyle.checks.metrics.AbstractComplexityCheck;20;0.8421052631578947;0.7894736842105263
com.puppycrawl.tools.checkstyle.checks.metrics.BooleanExpressionComplexityCheck;15;0.8571428571428571;0.8571428571428571
com.puppycrawl.tools.checkstyle.checks.metrics.JavaNCSSCheck;19;0.8888888888888888;0.7222222222222222
com.puppycrawl.tools.checkstyle.checks.metrics.NPathComplexityCheck;10;0.8888888888888888;0.8888888888888888
com.puppycrawl.tools.checkstyle.checks.naming.AbstractAccessControlNameCheck;15;0.7857142857142857;0.8571428571428571
com.puppycrawl.tools.checkstyle.checks.regexp.DetectorOptions;23;0.9545454545454546;0.8636363636363636
com.puppycrawl.tools.checkstyle.checks.regexp.RegexpSinglelineJavaCheck;12;0.8181818181818182;0.8181818181818182
com.puppycrawl.tools.checkstyle.checks.sizes.ExecutableStatementCountCheck;15;0.8571428571428571;0.7857142857142857
com.puppycrawl.tools.checkstyle.doclets.CheckDocsDoclet;10;0.7777777777777778;0.8888888888888888
com.puppycrawl.tools.checkstyle.filters.SuppressElement;19;0.9444444444444444;0.7222222222222222
com.puppycrawl.tools.checkstyle.filters.SuppressWithNearbyCommentFilter;27;0.9615384615384616;0.8461538461538461
com.puppycrawl.tools.checkstyle.filters.SuppressionCommentFilter;27;0.9615384615384616;0.8461538461538461
com.puppycrawl.tools.checkstyle.filters.SuppressionsLoader;11;0.8;0.9
com.puppycrawl.tools.checkstyle.gui.AbstractCellEditor;10;0.8888888888888888;0.8888888888888888
com.puppycrawl.tools.checkstyle.gui.AbstractTreeTableModel;16;0.8666666666666667;0.8666666666666667
com.puppycrawl.tools.checkstyle.gui.ParseTreeInfoPanel;10;0.8888888888888888;0.8888888888888888
com.puppycrawl.tools.checkstyle.gui.ParseTreeModel;11;0.5;0.8
com.puppycrawl.tools.checkstyle.gui.TreeTableModelAdapter;12;0.6363636363636364;0.8181818181818182
