file;entities;metric;metric_random
net.sourceforge.cobertura.ant.CheckTask;22;0.9047619047619048;0.8095238095238095
net.sourceforge.cobertura.ant.CommonMatchingTask;22;0.8095238095238095;0.7619047619047619
net.sourceforge.cobertura.ant.InstrumentTask;23;0.8636363636363636;0.7727272727272727
net.sourceforge.cobertura.ant.ReportTask;12;0.9090909090909091;0.9090909090909091
net.sourceforge.cobertura.check.Main;16;0.8;0.8
net.sourceforge.cobertura.check.PackageCoverage;12;0.9090909090909091;0.9090909090909091
net.sourceforge.cobertura.coveragedata.ClassData;38;0.9459459459459459;0.8918918918918919
net.sourceforge.cobertura.coveragedata.CoverageDataContainer;18;0.8235294117647058;0.8235294117647058
net.sourceforge.cobertura.coveragedata.JumpData;20;0.7894736842105263;0.7894736842105263
net.sourceforge.cobertura.coveragedata.LineData;42;0.926829268292683;0.7317073170731707
net.sourceforge.cobertura.coveragedata.PackageData;12;0.9090909090909091;0.9090909090909091
net.sourceforge.cobertura.coveragedata.ProjectData;15;0.9285714285714286;0.9285714285714286
net.sourceforge.cobertura.coveragedata.SourceFileData;16;0.9333333333333333;0.9333333333333333
net.sourceforge.cobertura.coveragedata.SwitchData;23;0.8636363636363636;0.7727272727272727
net.sourceforge.cobertura.coveragedata.TouchCollector;12;0.9090909090909091;0.9090909090909091
net.sourceforge.cobertura.instrument.ClassInstrumenter;16;0.8666666666666667;0.8666666666666667
net.sourceforge.cobertura.instrument.FirstPassMethodInstrumenter;32;0.967741935483871;0.7419354838709677
net.sourceforge.cobertura.instrument.Main;15;0.9285714285714286;1.0
net.sourceforge.cobertura.instrument.SecondPassMethodInstrumenter;37;0.9444444444444444;0.8055555555555556
net.sourceforge.cobertura.reporting.ComplexityCalculator;14;0.6153846153846154;0.8461538461538461
net.sourceforge.cobertura.reporting.Main;11;0.9;1.0
net.sourceforge.cobertura.reporting.html.HTMLReport;28;0.9629629629629629;1.0
net.sourceforge.cobertura.reporting.xml.XMLReport;27;0.9230769230769231;0.8846153846153846
net.sourceforge.cobertura.util.CommandLineBuilder;11;0.9;0.9
net.sourceforge.cobertura.util.FileFinder;11;0.7;0.9
