file;entities;metric;metric_random
net.sourceforge.cruisecontrol.BuildLoopInformation;12;0.9090909090909091;0.9090909090909091
net.sourceforge.cruisecontrol.BuildQueue;15;0.7857142857142857;0.7857142857142857
net.sourceforge.cruisecontrol.Builder;22;0.9047619047619048;0.8571428571428571
net.sourceforge.cruisecontrol.CruiseControlConfig;42;0.8780487804878049;0.8536585365853658
net.sourceforge.cruisecontrol.CruiseControlController;36;0.8285714285714286;0.8571428571428571
net.sourceforge.cruisecontrol.GenericPluginDetail;11;0.9;0.9
net.sourceforge.cruisecontrol.Log;42;0.8048780487804879;0.7560975609756098
net.sourceforge.cruisecontrol.Main;44;0.7674418604651163;0.7209302325581395
net.sourceforge.cruisecontrol.Modification;42;0.9512195121951219;0.8536585365853658
net.sourceforge.cruisecontrol.ModificationSet;29;0.8214285714285714;0.75
net.sourceforge.cruisecontrol.PluginRegistry;25;0.7083333333333334;0.8333333333333334
net.sourceforge.cruisecontrol.PluginType;38;0.972972972972973;0.9459459459459459
net.sourceforge.cruisecontrol.PluginXMLHelper;11;0.8;0.8
net.sourceforge.cruisecontrol.ProgressImpl;10;0.7777777777777778;0.8888888888888888
net.sourceforge.cruisecontrol.Project;106;0.8571428571428571;0.7238095238095238
net.sourceforge.cruisecontrol.ProjectConfig;61;0.95;0.8333333333333334
net.sourceforge.cruisecontrol.ProjectState;20;0.8421052631578947;0.8421052631578947
net.sourceforge.cruisecontrol.ProjectWrapper;10;0.7777777777777778;0.8888888888888888
net.sourceforge.cruisecontrol.ProjectXMLHelper;16;0.8666666666666667;0.8666666666666667
net.sourceforge.cruisecontrol.Schedule;44;0.7906976744186046;0.7209302325581395
net.sourceforge.cruisecontrol.bootstrappers.AccurevBootstrapper;13;0.8333333333333334;0.8333333333333334
net.sourceforge.cruisecontrol.bootstrappers.CMSynergyBaselineBootstrapper;21;0.95;0.85
net.sourceforge.cruisecontrol.bootstrappers.CMSynergyBootstrapper;13;0.9166666666666666;0.8333333333333334
net.sourceforge.cruisecontrol.bootstrappers.CVSBootstrapper;16;0.8666666666666667;0.8
net.sourceforge.cruisecontrol.bootstrappers.ClearCaseBootstrapper;11;0.8;0.9
net.sourceforge.cruisecontrol.bootstrappers.ClearCaseViewstrapper;15;0.7857142857142857;0.8571428571428571
net.sourceforge.cruisecontrol.bootstrappers.DarcsBootstrapper;12;0.9090909090909091;0.8181818181818182
net.sourceforge.cruisecontrol.bootstrappers.P4Bootstrapper;15;0.9285714285714286;0.8571428571428571
net.sourceforge.cruisecontrol.bootstrappers.PlasticSCMBootstrapper;15;0.9285714285714286;0.8571428571428571
net.sourceforge.cruisecontrol.bootstrappers.SSCMBootstrapper;24;0.9565217391304348;0.8260869565217391
net.sourceforge.cruisecontrol.bootstrappers.SVNBootstrapper;15;0.9285714285714286;0.8571428571428571
net.sourceforge.cruisecontrol.bootstrappers.TFSBootstrapper;18;0.8823529411764706;0.8235294117647058
net.sourceforge.cruisecontrol.bootstrappers.VssBootstrapper;15;0.7857142857142857;0.7857142857142857
net.sourceforge.cruisecontrol.builders.AbstractAntBuilderDelegate;26;0.92;0.96
net.sourceforge.cruisecontrol.builders.AntBuilder;56;0.8727272727272727;0.7272727272727273
net.sourceforge.cruisecontrol.builders.AntScript;67;0.8939393939393939;0.7424242424242424
net.sourceforge.cruisecontrol.builders.CompositeBuilder;19;0.8888888888888888;0.8888888888888888
net.sourceforge.cruisecontrol.builders.ExecBuilder;25;0.8333333333333334;0.8333333333333334
net.sourceforge.cruisecontrol.builders.ExecScript;22;0.8571428571428571;0.8095238095238095
net.sourceforge.cruisecontrol.builders.Maven2Builder;38;0.7027027027027027;0.7567567567567568
net.sourceforge.cruisecontrol.builders.Maven2Script;27;0.8846153846153846;0.8846153846153846
net.sourceforge.cruisecontrol.builders.MavenBuilder;13;0.8333333333333334;0.9166666666666666
net.sourceforge.cruisecontrol.builders.MavenScript;20;0.8421052631578947;0.7894736842105263
net.sourceforge.cruisecontrol.builders.NantBuilder;34;0.8484848484848485;0.7575757575757576
net.sourceforge.cruisecontrol.builders.NantScript;26;0.92;0.88
net.sourceforge.cruisecontrol.builders.PhingBuilder;37;0.8611111111111112;0.75
net.sourceforge.cruisecontrol.builders.PhingScript;25;0.9583333333333334;0.8333333333333334
net.sourceforge.cruisecontrol.builders.PipedExecBuilder;16;0.8666666666666667;0.8
net.sourceforge.cruisecontrol.builders.RakeBuilder;19;0.8888888888888888;0.7777777777777778
net.sourceforge.cruisecontrol.builders.RakeScript;20;0.8947368421052632;0.8947368421052632
net.sourceforge.cruisecontrol.builders.ScriptRunner;12;0.9090909090909091;0.9090909090909091
net.sourceforge.cruisecontrol.builders.XcodeBuilder;26;0.8;0.72
net.sourceforge.cruisecontrol.buildloggers.MergeLogger;15;0.7142857142857143;0.8571428571428571
net.sourceforge.cruisecontrol.config.DashboardConfigurationPlugin;10;0.8888888888888888;0.8888888888888888
net.sourceforge.cruisecontrol.config.DefaultPropertiesPlugin;14;0.8461538461538461;0.7692307692307693
net.sourceforge.cruisecontrol.config.XMLConfigManager;15;0.8571428571428571;0.7857142857142857
net.sourceforge.cruisecontrol.gendoc.AttributeInfo;13;0.6666666666666666;0.75
net.sourceforge.cruisecontrol.gendoc.MemberInfo;14;0.6923076923076923;0.7692307692307693
net.sourceforge.cruisecontrol.gendoc.PluginInfo;39;0.7631578947368421;0.7368421052631579
net.sourceforge.cruisecontrol.gendoc.PluginInfoParser;26;0.96;0.92
net.sourceforge.cruisecontrol.gendoc.html.HtmlUtils;13;0.75;0.8333333333333334
net.sourceforge.cruisecontrol.jmx.CruiseControlControllerAgent;19;0.8333333333333334;0.9444444444444444
net.sourceforge.cruisecontrol.jmx.CruiseControlControllerJMXAdaptor;39;0.8947368421052632;0.868421052631579
net.sourceforge.cruisecontrol.jmx.ProjectController;39;0.8947368421052632;0.868421052631579
net.sourceforge.cruisecontrol.labelincrementers.DefaultLabelIncrementer;13;0.9166666666666666;0.8333333333333334
net.sourceforge.cruisecontrol.labelincrementers.FormattedLabelIncrementer;16;0.9333333333333333;0.8666666666666667
net.sourceforge.cruisecontrol.labelincrementers.P4ChangelistLabelIncrementer;38;0.972972972972973;0.7567567567567568
net.sourceforge.cruisecontrol.labelincrementers.PropertyFileLabelIncrementer;14;0.8461538461538461;0.8461538461538461
net.sourceforge.cruisecontrol.labelincrementers.SVNLabelIncrementer;14;0.8461538461538461;0.8461538461538461
net.sourceforge.cruisecontrol.launch.Launcher;20;0.7894736842105263;0.7894736842105263
net.sourceforge.cruisecontrol.listeners.CMSynergySessionMonitor;13;0.8333333333333334;0.8333333333333334
net.sourceforge.cruisecontrol.listeners.CurrentBuildStatusPageListener;21;0.9;0.9
net.sourceforge.cruisecontrol.logmanipulators.BaseManipulator;10;0.6666666666666666;0.7777777777777778
net.sourceforge.cruisecontrol.publishers.ArtifactsPublisher;19;0.8888888888888888;0.7777777777777778
net.sourceforge.cruisecontrol.publishers.CMSynergyBaselinePublisher;19;0.8888888888888888;0.8333333333333334
net.sourceforge.cruisecontrol.publishers.CMSynergyPublisher;18;0.6470588235294118;0.7647058823529411
net.sourceforge.cruisecontrol.publishers.ClearCaseBaselinePublisher;18;0.9411764705882353;0.8823529411764706
net.sourceforge.cruisecontrol.publishers.EmailPublisher;83;0.9024390243902439;0.7317073170731707
net.sourceforge.cruisecontrol.publishers.FTPPublisher;11;0.9;0.9
net.sourceforge.cruisecontrol.publishers.HTMLEmailPublisher;35;0.8823529411764706;0.7352941176470589
net.sourceforge.cruisecontrol.publishers.HTTPPublisher;12;0.9090909090909091;0.8181818181818182
net.sourceforge.cruisecontrol.publishers.JabberPublisher;26;0.88;0.84
net.sourceforge.cruisecontrol.publishers.JnlpPublisher;16;0.8666666666666667;0.8666666666666667
net.sourceforge.cruisecontrol.publishers.OrigoPublisher;30;0.9655172413793104;0.8275862068965517
net.sourceforge.cruisecontrol.publishers.RSSPublisher;15;0.8571428571428571;0.8571428571428571
net.sourceforge.cruisecontrol.publishers.SCPPublisher;31;0.9666666666666667;0.8
net.sourceforge.cruisecontrol.publishers.SocketPublisher;19;0.8333333333333334;0.8333333333333334
net.sourceforge.cruisecontrol.publishers.WeblogPublisher;62;0.9508196721311475;0.7213114754098361
net.sourceforge.cruisecontrol.publishers.X10Publisher;21;0.8;0.8
net.sourceforge.cruisecontrol.publishers.XSLTLogPublisher;12;0.9090909090909091;0.9090909090909091
net.sourceforge.cruisecontrol.publishers.email.LDAPMapper;28;0.9629629629629629;0.8518518518518519
net.sourceforge.cruisecontrol.publishers.email.MavenMapperHelper;11;0.9;0.9
net.sourceforge.cruisecontrol.publishers.rss.CruiseControlFeed;10;0.8888888888888888;0.8888888888888888
net.sourceforge.cruisecontrol.publishers.rss.Feed;19;0.9444444444444444;0.8333333333333334
net.sourceforge.cruisecontrol.publishers.rss.Item;17;0.9375;0.875
net.sourceforge.cruisecontrol.publishers.rss.RSS;14;0.9230769230769231;1.0
net.sourceforge.cruisecontrol.publishers.sfee.SfeeDocumentManagerPublisher;25;0.7916666666666666;0.75
net.sourceforge.cruisecontrol.publishers.sfee.SfeeFrsPublisher;10;0.7777777777777778;0.7777777777777778
net.sourceforge.cruisecontrol.publishers.sfee.SfeePublisher;11;0.9;0.9
net.sourceforge.cruisecontrol.publishers.sfee.SfeeTrackerPublisher;15;0.7857142857142857;0.7857142857142857
net.sourceforge.cruisecontrol.report.BuildLoopStatusReportTask;12;0.9090909090909091;0.9090909090909091
net.sourceforge.cruisecontrol.sourcecontrols.Accurev;15;0.8571428571428571;0.9285714285714286
net.sourceforge.cruisecontrol.sourcecontrols.AlienBrain;16;0.9333333333333333;0.8
net.sourceforge.cruisecontrol.sourcecontrols.AlienBrainCore;24;0.9130434782608695;0.8260869565217391
net.sourceforge.cruisecontrol.sourcecontrols.BuildStatus;17;0.8125;0.875
net.sourceforge.cruisecontrol.sourcecontrols.CMSynergy;61;0.9333333333333333;0.7833333333333333
net.sourceforge.cruisecontrol.sourcecontrols.CMSynergyModification;33;0.90625;0.84375
net.sourceforge.cruisecontrol.sourcecontrols.ClearCase;28;0.8888888888888888;0.7777777777777778
net.sourceforge.cruisecontrol.sourcecontrols.ClearCaseModification;11;0.9;0.9
net.sourceforge.cruisecontrol.sourcecontrols.Compound;11;0.9;0.9
net.sourceforge.cruisecontrol.sourcecontrols.ConcurrentVersionsSystem;60;0.7966101694915254;0.7288135593220338
net.sourceforge.cruisecontrol.sourcecontrols.Darcs;18;0.8823529411764706;0.7647058823529411
net.sourceforge.cruisecontrol.sourcecontrols.Git;17;0.9375;0.8125
net.sourceforge.cruisecontrol.sourcecontrols.IvySourceControl;13;0.75;0.75
net.sourceforge.cruisecontrol.sourcecontrols.MKS;18;0.9411764705882353;0.7647058823529411
net.sourceforge.cruisecontrol.sourcecontrols.Maven2SnapshotDependency;27;0.8461538461538461;0.8461538461538461
net.sourceforge.cruisecontrol.sourcecontrols.MavenSnapshotDependency;20;0.8947368421052632;0.7894736842105263
net.sourceforge.cruisecontrol.sourcecontrols.Mercurial;26;0.76;0.72
net.sourceforge.cruisecontrol.sourcecontrols.P4;40;0.8974358974358975;0.7692307692307693
net.sourceforge.cruisecontrol.sourcecontrols.PVCS;31;0.8666666666666667;0.7333333333333333
net.sourceforge.cruisecontrol.sourcecontrols.PlasticSCM;18;0.8823529411764706;0.8235294117647058
net.sourceforge.cruisecontrol.sourcecontrols.SSCM;26;0.96;0.8
net.sourceforge.cruisecontrol.sourcecontrols.SVN;37;0.8888888888888888;0.7777777777777778
net.sourceforge.cruisecontrol.sourcecontrols.SnapshotCM;20;0.8947368421052632;0.8421052631578947
net.sourceforge.cruisecontrol.sourcecontrols.SourceControlProperties;11;0.9;0.9
net.sourceforge.cruisecontrol.sourcecontrols.Store;28;0.8888888888888888;0.8148148148148148
net.sourceforge.cruisecontrol.sourcecontrols.TeamFoundationServer;28;0.8888888888888888;0.7407407407407407
net.sourceforge.cruisecontrol.sourcecontrols.UCM;45;0.8636363636363636;0.7727272727272727
net.sourceforge.cruisecontrol.sourcecontrols.Veto;11;0.8;0.9
net.sourceforge.cruisecontrol.sourcecontrols.Vss;36;0.8;0.8
net.sourceforge.cruisecontrol.sourcecontrols.VssJournal;31;0.8666666666666667;0.7666666666666667
net.sourceforge.cruisecontrol.sourcecontrols.accurev.AccurevCommand;11;0.9;1.0
net.sourceforge.cruisecontrol.sourcecontrols.accurev.AccurevCommandline;35;0.9411764705882353;0.8529411764705882
net.sourceforge.cruisecontrol.util.AbstractFTPClass;27;0.9230769230769231;0.7307692307692307
net.sourceforge.cruisecontrol.util.BuildOutputLogger;21;0.8;0.85
net.sourceforge.cruisecontrol.util.CommandExecutor;10;0.8888888888888888;0.8888888888888888
net.sourceforge.cruisecontrol.util.Commandline;40;0.8974358974358975;0.8461538461538461
net.sourceforge.cruisecontrol.util.DateUtil;20;0.8421052631578947;0.8421052631578947
net.sourceforge.cruisecontrol.util.EmptyElementFilter;12;0.9090909090909091;0.9090909090909091
net.sourceforge.cruisecontrol.util.IO;14;0.8461538461538461;0.9230769230769231
net.sourceforge.cruisecontrol.util.ManagedCommandline;23;0.9545454545454546;0.8636363636363636
net.sourceforge.cruisecontrol.util.OSEnvironment;12;0.8181818181818182;0.8181818181818182
net.sourceforge.cruisecontrol.util.PruneElementFilter;10;0.8888888888888888;0.8888888888888888
net.sourceforge.cruisecontrol.util.StdoutBuffer;13;0.9166666666666666;0.75
net.sourceforge.cruisecontrol.util.StreamLogger;11;0.9;0.9
net.sourceforge.cruisecontrol.util.Util;12;0.9090909090909091;1.0
net.sourceforge.cruisecontrol.util.ValidationHelper;16;0.8666666666666667;1.0
net.sourceforge.cruisecontrol.util.XMLLogHelper;16;0.7333333333333333;0.8666666666666667
net.sourceforge.cruisecontrol.util.XPathAwareChild;17;0.8125;0.8125
net.sourceforge.cruisecontrol.util.threadpool.ThreadQueue;27;0.8076923076923077;0.8461538461538461
