file;entities;metric;metric_random
com.itextpdf.text.Anchor;20;0.8421052631578947;0.8421052631578947
com.itextpdf.text.Annotation;59;0.9827586206896551;0.9137931034482759
com.itextpdf.text.BaseColor;31;0.9666666666666667;0.9666666666666667
com.itextpdf.text.Chunk;81;0.9625;0.9625
com.itextpdf.text.DocWriter;40;0.9487179487179487;0.8461538461538461
com.itextpdf.text.Document;69;0.9558823529411765;0.8382352941176471
com.itextpdf.text.ElementTags;127;;
com.itextpdf.text.ExceptionConverter;13;0.9166666666666666;0.9166666666666666
com.itextpdf.text.Font;48;0.9787234042553191;0.9574468085106383
com.itextpdf.text.FontFactory;46;0.9555555555555556;0.9555555555555556
com.itextpdf.text.FontFactoryImp;30;0.9655172413793104;0.9310344827586207
com.itextpdf.text.Image;170;0.8698224852071006;0.834319526627219
com.itextpdf.text.Jpeg;19;0.8888888888888888;0.8888888888888888
com.itextpdf.text.Jpeg2000;21;0.9;0.8
com.itextpdf.text.List;62;0.9836065573770492;0.8688524590163934
com.itextpdf.text.ListItem;15;0.8571428571428571;0.9285714285714286
com.itextpdf.text.MarkedObject;11;0.9;0.9
com.itextpdf.text.MarkedSection;20;0.8947368421052632;0.9473684210526315
com.itextpdf.text.Meta;13;0.8333333333333334;0.9166666666666666
com.itextpdf.text.PageSize;53;;
com.itextpdf.text.Paragraph;45;0.8636363636363636;0.8181818181818182
com.itextpdf.text.Phrase;37;0.8055555555555556;0.8055555555555556
com.itextpdf.text.Rectangle;88;0.9770114942528736;0.8275862068965517
com.itextpdf.text.RectangleReadOnly;28;0.9629629629629629;0.9629629629629629
com.itextpdf.text.Section;68;0.9253731343283582;0.7910447761194029
com.itextpdf.text.Utilities;22;0.9523809523809523;1.0
com.itextpdf.text.error_messages.MessageLocalization;16;0.9333333333333333;0.9333333333333333
com.itextpdf.text.factories.ElementFactory;11;0.9;1.0
com.itextpdf.text.html.HtmlTags;86;;
com.itextpdf.text.html.Markup;72;0.9859154929577465;0.9859154929577465
com.itextpdf.text.html.simpleparser.FactoryProperties;16;0.8666666666666667;0.9333333333333333
com.itextpdf.text.html.simpleparser.HTMLWorker;40;0.9487179487179487;0.8205128205128205
com.itextpdf.text.html.simpleparser.IncCell;10;0.8888888888888888;0.8888888888888888
com.itextpdf.text.html.simpleparser.IncTable;14;0.9230769230769231;0.9230769230769231
com.itextpdf.text.pdf.AcroFields;91;0.8666666666666667;0.7888888888888889
com.itextpdf.text.pdf.ArabicLigaturizer;50;0.9591836734693877;0.7551020408163265
com.itextpdf.text.pdf.AsianFontMapper;21;0.95;0.95
com.itextpdf.text.pdf.Barcode;65;0.96875;0.84375
com.itextpdf.text.pdf.Barcode128;32;0.9032258064516129;0.8709677419354839
com.itextpdf.text.pdf.Barcode39;10;0.7777777777777778;0.8888888888888888
com.itextpdf.text.pdf.BarcodeDatamatrix;49;0.9583333333333334;0.8125
com.itextpdf.text.pdf.BarcodeEAN;30;0.9310344827586207;0.8275862068965517
com.itextpdf.text.pdf.BarcodePDF417;114;0.9203539823008849;0.7079646017699115
com.itextpdf.text.pdf.BaseField;76;0.9733333333333334;0.8133333333333334
com.itextpdf.text.pdf.BaseFont;148;0.9523809523809523;0.8571428571428571
com.itextpdf.text.pdf.BidiLine;47;0.9782608695652174;0.8260869565217391
com.itextpdf.text.pdf.BidiOrder;57;0.9464285714285714;0.8035714285714286
com.itextpdf.text.pdf.ByteBuffer;37;0.8888888888888888;0.8611111111111112
com.itextpdf.text.pdf.CFFFont;34;0.8484848484848485;0.7575757575757576
com.itextpdf.text.pdf.CFFFontSubset;59;0.9137931034482759;0.7758620689655172
com.itextpdf.text.pdf.CJKFont;52;0.9019607843137255;0.8235294117647058
com.itextpdf.text.pdf.CMYKColor;13;0.8333333333333334;0.8333333333333334
com.itextpdf.text.pdf.CMapAwareDocumentFont;12;0.7272727272727273;0.9090909090909091
com.itextpdf.text.pdf.ColumnText;118;0.9401709401709402;0.7777777777777778
com.itextpdf.text.pdf.DefaultFontMapper;12;0.9090909090909091;0.9090909090909091
com.itextpdf.text.pdf.DocumentFont;51;0.96;0.82
com.itextpdf.text.pdf.ExtendedColor;14;0.8461538461538461;0.8461538461538461
com.itextpdf.text.pdf.FdfReader;15;0.7857142857142857;0.8571428571428571
com.itextpdf.text.pdf.FdfWriter;18;0.7647058823529411;0.8235294117647058
com.itextpdf.text.pdf.FontDetails;19;0.8888888888888888;0.9444444444444444
com.itextpdf.text.pdf.IntHashtable;22;0.9047619047619048;0.8571428571428571
com.itextpdf.text.pdf.LZWDecoder;16;0.9333333333333333;0.9333333333333333
com.itextpdf.text.pdf.MappedRandomAccessFile;13;0.75;0.8333333333333334
com.itextpdf.text.pdf.MultiColumnText;41;0.925;0.85
com.itextpdf.text.pdf.OutputStreamCounter;10;0.8888888888888888;0.8888888888888888
com.itextpdf.text.pdf.OutputStreamEncryption;15;0.9285714285714286;0.8571428571428571
com.itextpdf.text.pdf.PRAcroForm;13;0.8333333333333334;0.75
com.itextpdf.text.pdf.PRStream;22;0.9047619047619048;0.8571428571428571
com.itextpdf.text.pdf.PRTokeniser;38;0.9459459459459459;0.8918918918918919
com.itextpdf.text.pdf.PageResources;26;1.0;0.88
com.itextpdf.text.pdf.PdfAcroForm;40;0.9743589743589743;0.9230769230769231
com.itextpdf.text.pdf.PdfAction;48;0.9361702127659575;0.9574468085106383
com.itextpdf.text.pdf.PdfAnnotation;96;0.968421052631579;0.9263157894736842
com.itextpdf.text.pdf.PdfArray;31;0.9;0.9333333333333333
com.itextpdf.text.pdf.PdfChunk;55;0.9074074074074074;0.7962962962962963
com.itextpdf.text.pdf.PdfContentByte;203;0.9108910891089109;0.8811881188118812
com.itextpdf.text.pdf.PdfContentParser;10;0.8888888888888888;1.0
com.itextpdf.text.pdf.PdfCopy;31;0.7666666666666667;0.7333333333333333
com.itextpdf.text.pdf.PdfCopyFields;19;0.9444444444444444;0.9444444444444444
com.itextpdf.text.pdf.PdfCopyFieldsImp;48;0.8085106382978723;0.7446808510638298
com.itextpdf.text.pdf.PdfCopyForms;19;0.9444444444444444;0.9444444444444444
com.itextpdf.text.pdf.PdfDestination;16;0.9333333333333333;1.0
com.itextpdf.text.pdf.PdfDictionary;36;0.9142857142857143;0.9428571428571428
com.itextpdf.text.pdf.PdfDocument;125;0.7338709677419355;0.7419354838709677
com.itextpdf.text.pdf.PdfEncodings;25;0.9166666666666666;0.8333333333333334
com.itextpdf.text.pdf.PdfEncryption;51;0.88;0.76
com.itextpdf.text.pdf.PdfEncryptor;16;0.9333333333333333;1.0
com.itextpdf.text.pdf.PdfFileSpecification;16;0.9333333333333333;0.9333333333333333
com.itextpdf.text.pdf.PdfFont;14;0.8461538461538461;0.7692307692307693
com.itextpdf.text.pdf.PdfFormField;74;0.9041095890410958;0.9041095890410958
com.itextpdf.text.pdf.PdfGState;22;;
com.itextpdf.text.pdf.PdfGraphics2D;132;0.9465648854961832;0.7557251908396947
com.itextpdf.text.pdf.PdfImportedPage;19;0.7222222222222222;0.8333333333333334
com.itextpdf.text.pdf.PdfIndirectObject;12;0.9090909090909091;0.9090909090909091
com.itextpdf.text.pdf.PdfLayer;30;0.8275862068965517;0.7931034482758621
com.itextpdf.text.pdf.PdfLayerMembership;14;0.9230769230769231;0.9230769230769231
com.itextpdf.text.pdf.PdfLine;38;0.8648648648648649;0.7297297297297297
com.itextpdf.text.pdf.PdfName;659;0.9969604863221885;0.9954407294832827
com.itextpdf.text.pdf.PdfObject;36;0.9428571428571428;0.8857142857142857
com.itextpdf.text.pdf.PdfOutline;47;0.8695652173913043;0.782608695652174
com.itextpdf.text.pdf.PdfPCell;93;0.9456521739130435;0.8478260869565217
com.itextpdf.text.pdf.PdfPKCS7;88;0.9080459770114943;0.7931034482758621
com.itextpdf.text.pdf.PdfPRow;25;0.875;0.7916666666666666
com.itextpdf.text.pdf.PdfPTable;122;0.9090909090909091;0.8016528925619835
com.itextpdf.text.pdf.PdfPage;13;0.8333333333333334;0.8333333333333334
com.itextpdf.text.pdf.PdfPageEventHelper;11;;
com.itextpdf.text.pdf.PdfPageLabels;17;0.875;0.9375
com.itextpdf.text.pdf.PdfPages;13;0.9166666666666666;1.0
com.itextpdf.text.pdf.PdfPatternPainter;42;0.926829268292683;0.8780487804878049
com.itextpdf.text.pdf.PdfPublicKeySecurityHandler;11;0.8;0.9
com.itextpdf.text.pdf.PdfReader;186;0.8486486486486486;0.7243243243243244
com.itextpdf.text.pdf.PdfReaderInstance;18;;
com.itextpdf.text.pdf.PdfRectangle;26;0.96;0.92
com.itextpdf.text.pdf.PdfShading;32;0.9032258064516129;0.7419354838709677
com.itextpdf.text.pdf.PdfShadingPattern;16;0.8666666666666667;0.8666666666666667
com.itextpdf.text.pdf.PdfSigGenericPKCS;13;0.9166666666666666;0.75
com.itextpdf.text.pdf.PdfSignatureAppearance;122;0.9338842975206612;0.768595041322314
com.itextpdf.text.pdf.PdfStamper;51;0.98;0.94
com.itextpdf.text.pdf.PdfStamperImp;86;0.8941176470588236;0.788235294117647
com.itextpdf.text.pdf.PdfStream;26;0.88;0.76
com.itextpdf.text.pdf.PdfString;20;0.8947368421052632;0.8421052631578947
com.itextpdf.text.pdf.PdfStructureTreeRoot;10;0.6666666666666666;0.7777777777777778
com.itextpdf.text.pdf.PdfTemplate;34;0.8484848484848485;0.8181818181818182
com.itextpdf.text.pdf.PdfTextArray;10;0.8888888888888888;0.7777777777777778
com.itextpdf.text.pdf.PdfTransition;24;0.9565217391304348;0.9565217391304348
com.itextpdf.text.pdf.PdfWriter;286;0.8210526315789474;0.7403508771929824
com.itextpdf.text.pdf.Pfm2afm;58;0.9824561403508771;0.9824561403508771
com.itextpdf.text.pdf.PushbuttonField;43;0.9285714285714286;0.8571428571428571
com.itextpdf.text.pdf.RadioCheckField;23;0.9545454545454546;0.9090909090909091
com.itextpdf.text.pdf.RandomAccessFileOrArray;57;0.9464285714285714;0.875
com.itextpdf.text.pdf.SequenceList;28;0.8888888888888888;0.8888888888888888
com.itextpdf.text.pdf.SimpleBookmark;22;0.8571428571428571;0.8095238095238095
com.itextpdf.text.pdf.SimpleNamedDestination;18;0.8823529411764706;0.8823529411764706
com.itextpdf.text.pdf.StandardDecryption;11;0.9;0.8
com.itextpdf.text.pdf.TSAClientBouncyCastle;11;0.9;0.8
com.itextpdf.text.pdf.TextField;40;0.7948717948717948;0.7948717948717948
com.itextpdf.text.pdf.TrueTypeFont;70;0.8985507246376812;0.782608695652174
com.itextpdf.text.pdf.TrueTypeFontSubSet;45;0.9545454545454546;0.8636363636363636
com.itextpdf.text.pdf.TrueTypeFontUnicode;19;0.8333333333333334;0.8333333333333334
com.itextpdf.text.pdf.Type1Font;44;0.9069767441860465;0.813953488372093
com.itextpdf.text.pdf.Type3Font;30;0.9655172413793104;0.8620689655172413
com.itextpdf.text.pdf.VerticalText;33;0.90625;0.84375
com.itextpdf.text.pdf.XfaForm;42;0.926829268292683;0.8536585365853658
com.itextpdf.text.pdf.XfdfReader;19;0.8333333333333334;0.8888888888888888
com.itextpdf.text.pdf.codec.Base64;43;0.9285714285714286;0.8333333333333334
com.itextpdf.text.pdf.codec.BmpImage;68;0.9552238805970149;0.8955223880597015
com.itextpdf.text.pdf.codec.CCITTG4Encoder;40;0.9487179487179487;0.9230769230769231
com.itextpdf.text.pdf.codec.GifImage;54;0.9433962264150944;0.8867924528301887
com.itextpdf.text.pdf.codec.JBIG2SegmentReader;41;0.95;0.8
com.itextpdf.text.pdf.codec.LZWCompressor;12;0.9090909090909091;0.9090909090909091
com.itextpdf.text.pdf.codec.LZWStringTable;19;0.8333333333333334;0.7222222222222222
com.itextpdf.text.pdf.codec.PngImage;71;0.9571428571428572;0.7714285714285715
com.itextpdf.text.pdf.codec.PngWriter;21;0.9;0.85
com.itextpdf.text.pdf.codec.TIFFConstants;210;;
com.itextpdf.text.pdf.codec.TIFFDirectory;39;0.8947368421052632;0.7631578947368421
com.itextpdf.text.pdf.codec.TIFFFaxDecoder;36;0.9428571428571428;0.8
com.itextpdf.text.pdf.codec.TIFFFaxDecompressor;41;0.925;0.725
com.itextpdf.text.pdf.codec.TIFFField;39;0.9473684210526315;0.8947368421052632
com.itextpdf.text.pdf.codec.TIFFLZWDecoder;18;0.9411764705882353;0.8823529411764706
com.itextpdf.text.pdf.codec.wmf.InputMeta;10;0.8888888888888888;1.0
com.itextpdf.text.pdf.codec.wmf.MetaBrush;19;0.9444444444444444;0.9444444444444444
com.itextpdf.text.pdf.codec.wmf.MetaDo;85;0.9761904761904762;0.9404761904761905
com.itextpdf.text.pdf.codec.wmf.MetaFont;37;0.9722222222222222;0.8888888888888888
com.itextpdf.text.pdf.codec.wmf.MetaPen;15;0.9285714285714286;0.9285714285714286
com.itextpdf.text.pdf.codec.wmf.MetaState;66;;
com.itextpdf.text.pdf.collection.PdfCollectionField;15;0.9285714285714286;0.9285714285714286
com.itextpdf.text.pdf.collection.PdfCollectionItem;11;0.9;1.0
com.itextpdf.text.pdf.crypto.ARCFOUREncryption;10;0.8888888888888888;0.8888888888888888
com.itextpdf.text.pdf.draw.LineSeparator;16;0.9333333333333333;0.9333333333333333
com.itextpdf.text.pdf.draw.VerticalPositionMark;14;0.9230769230769231;0.9230769230769231
com.itextpdf.text.pdf.events.FieldPositioningEvents;15;0.8571428571428571;0.9285714285714286
com.itextpdf.text.pdf.events.IndexEvents;13;0.75;0.8333333333333334
com.itextpdf.text.pdf.events.PdfPageEventForwarder;13;0.9166666666666666;1.0
com.itextpdf.text.pdf.fonts.cmaps.CMap;10;0.8888888888888888;0.8888888888888888
com.itextpdf.text.pdf.fonts.cmaps.CMapParser;16;0.8666666666666667;0.9333333333333333
com.itextpdf.text.pdf.hyphenation.ByteVector;16;0.9333333333333333;0.8666666666666667
com.itextpdf.text.pdf.hyphenation.CharVector;18;0.9411764705882353;0.8823529411764706
com.itextpdf.text.pdf.hyphenation.HyphenationTree;19;0.7777777777777778;0.8333333333333334
com.itextpdf.text.pdf.hyphenation.Hyphenator;19;0.9444444444444444;0.8888888888888888
com.itextpdf.text.pdf.hyphenation.SimplePatternParser;25;0.8333333333333334;0.7916666666666666
com.itextpdf.text.pdf.hyphenation.TernaryTree;32;0.7419354838709677;0.7741935483870968
com.itextpdf.text.pdf.internal.PdfAnnotationsImp;15;0.8571428571428571;0.8571428571428571
com.itextpdf.text.pdf.internal.PdfVersionImp;15;0.9285714285714286;0.8571428571428571
com.itextpdf.text.pdf.internal.PdfViewerPreferencesImp;17;0.875;0.9375
com.itextpdf.text.pdf.internal.PdfXConformanceImp;18;0.9411764705882353;1.0
com.itextpdf.text.pdf.internal.PolylineShape;15;0.8571428571428571;0.8571428571428571
com.itextpdf.text.pdf.parser.GraphicsState;22;0.9523809523809523;0.8571428571428571
com.itextpdf.text.pdf.parser.ImageRenderInfo;12;0.7272727272727273;0.7272727272727273
com.itextpdf.text.pdf.parser.InlineImageUtils;11;0.9;1.0
com.itextpdf.text.pdf.parser.Matrix;20;0.9473684210526315;1.0
com.itextpdf.text.pdf.parser.PdfContentStreamProcessor;26;0.8;0.8
com.itextpdf.text.pdf.parser.PdfImageObject;25;0.8333333333333334;0.7916666666666666
com.itextpdf.text.pdf.parser.TextMarginFinder;11;0.9;1.0
com.itextpdf.text.pdf.parser.TextRenderInfo;17;0.75;0.75
com.itextpdf.text.pdf.parser.Vector;16;0.9333333333333333;1.0
com.itextpdf.text.pdf.qrcode.BitArray;14;0.9230769230769231;1.0
com.itextpdf.text.pdf.qrcode.BitMatrix;16;;
com.itextpdf.text.pdf.qrcode.BitVector;14;0.9230769230769231;0.9230769230769231
com.itextpdf.text.pdf.qrcode.ByteArray;13;0.9166666666666666;0.9166666666666666
com.itextpdf.text.pdf.qrcode.ByteMatrix;12;0.9090909090909091;0.9090909090909091
com.itextpdf.text.pdf.qrcode.CharacterSetECI;10;0.7777777777777778;0.8888888888888888
com.itextpdf.text.pdf.qrcode.Encoder;24;0.8260869565217391;0.7391304347826086
com.itextpdf.text.pdf.qrcode.ErrorCorrectionLevel;14;0.9230769230769231;0.8461538461538461
com.itextpdf.text.pdf.qrcode.FormatInformation;13;0.75;0.8333333333333334
com.itextpdf.text.pdf.qrcode.GF256;15;0.9285714285714286;0.7857142857142857
com.itextpdf.text.pdf.qrcode.GF256Poly;14;0.8461538461538461;0.9230769230769231
com.itextpdf.text.pdf.qrcode.MatrixUtil;30;0.9655172413793104;0.8275862068965517
com.itextpdf.text.pdf.qrcode.Mode;18;0.9411764705882353;0.9411764705882353
com.itextpdf.text.pdf.qrcode.QRCode;36;0.9714285714285714;0.8571428571428571
com.itextpdf.text.pdf.qrcode.Version;18;0.8823529411764706;0.7647058823529411
com.itextpdf.text.pdf.richmedia.RichMediaAnnotation;20;0.9473684210526315;0.7894736842105263
com.itextpdf.text.xml.XmlDomWriter;12;0.9090909090909091;0.8181818181818182
com.itextpdf.text.xml.simpleparser.SimpleXMLParser;49;0.9375;0.7916666666666666
com.itextpdf.text.xml.xmp.DublinCoreSchema;27;0.9615384615384616;1.0
com.itextpdf.text.xml.xmp.PdfSchema;10;0.8888888888888888;0.8888888888888888
com.itextpdf.text.xml.xmp.XmpBasicSchema;19;0.9444444444444444;1.0
com.itextpdf.text.xml.xmp.XmpMMSchema;16;0.9333333333333333;0.9333333333333333
com.itextpdf.text.xml.xmp.XmpSchema;11;0.5;0.8
com.itextpdf.text.xml.xmp.XmpWriter;21;0.9;0.95
