file;entities;metric;metric_random
net.sf.ext.BrowserLauncher;47;0.9565217391304348;0.9565217391304348
net.sf.jabref.AdvancedTab;18;0.9411764705882353;0.8823529411764706
net.sf.jabref.AppearancePrefsTab;14;0.9230769230769231;0.8461538461538461
net.sf.jabref.AuthorList;47;0.8913043478260869;0.7608695652173914
net.sf.jabref.BasePanel;129;0.890625;0.8125
net.sf.jabref.BibtexDatabase;41;0.925;0.825
net.sf.jabref.BibtexEntry;38;0.8918918918918919;0.8648648648648649
net.sf.jabref.BibtexEntryType;38;;
net.sf.jabref.BibtexFields;24;0.9130434782608695;0.8695652173913043
net.sf.jabref.CompressedEntryEditorTab;25;0.7916666666666666;0.7916666666666666
net.sf.jabref.ContentSelectorDialog;50;0.8979591836734694;0.8571428571428571
net.sf.jabref.ContentSelectorDialog2;27;0.9615384615384616;0.8461538461538461
net.sf.jabref.CustomEntryType;12;0.9090909090909091;0.9090909090909091
net.sf.jabref.DatabaseSearch;11;0.9;0.9
net.sf.jabref.DuplicateResolverDialog;22;0.9047619047619048;0.8095238095238095
net.sf.jabref.EntryCustomizationDialog;24;0.8695652173913043;0.8260869565217391
net.sf.jabref.EntryEditor;73;0.8611111111111112;0.7361111111111112
net.sf.jabref.EntryEditorTab;26;0.76;0.8
net.sf.jabref.EntrySorter;13;0.9166666666666666;0.8333333333333334
net.sf.jabref.ExternalTab;14;0.8461538461538461;0.8461538461538461
net.sf.jabref.FieldContentSelector;11;0.7;0.9
net.sf.jabref.FieldTextArea;24;0.9565217391304348;0.8695652173913043
net.sf.jabref.FieldTextField;19;0.9444444444444444;0.8888888888888888
net.sf.jabref.FieldTextMenu;12;0.8181818181818182;0.9090909090909091
net.sf.jabref.FileHistory;10;0.7777777777777778;0.7777777777777778
net.sf.jabref.FileTab;13;0.9166666666666666;0.9166666666666666
net.sf.jabref.FontSelector;32;0.8709677419354839;0.7419354838709677
net.sf.jabref.GUIGlobals;37;0.8888888888888888;0.9444444444444444
net.sf.jabref.GeneralTab;11;0.8;0.8
net.sf.jabref.Globals;58;0.9298245614035088;0.9473684210526315
net.sf.jabref.HelpAction;11;0.9;0.9
net.sf.jabref.HelpContent;12;0.7272727272727273;0.8181818181818182
net.sf.jabref.JabRef;19;0.7777777777777778;0.7777777777777778
net.sf.jabref.JabRefFrame;89;0.8295454545454546;0.7045454545454546
net.sf.jabref.JabRefPreferences;77;0.9078947368421053;0.881578947368421
net.sf.jabref.KeyBindingsDialog;14;0.9230769230769231;1.0
net.sf.jabref.MergeDialog;29;0.8214285714285714;0.8571428571428571
net.sf.jabref.MetaData;23;0.8636363636363636;0.9090909090909091
net.sf.jabref.NameFormatterTab;12;0.9090909090909091;0.9090909090909091
net.sf.jabref.OpenFileFilter;10;0.8888888888888888;0.8888888888888888
net.sf.jabref.PreambleEditor;19;0.8333333333333334;0.9444444444444444
net.sf.jabref.PreviewPanel;26;0.8;0.8
net.sf.jabref.PreviewPrefsTab;16;0.9333333333333333;0.8666666666666667
net.sf.jabref.ReplaceStringDialog;20;0.8947368421052632;0.7894736842105263
net.sf.jabref.RightClickMenu;12;0.8181818181818182;0.8181818181818182
net.sf.jabref.SearchManager2;37;0.8055555555555556;0.75
net.sf.jabref.SidePaneComponent;13;0.8333333333333334;0.8333333333333334
net.sf.jabref.SidePaneManager;22;0.9047619047619048;0.8095238095238095
net.sf.jabref.StringDialog;25;0.9166666666666666;0.875
net.sf.jabref.TabLabelPattern;21;0.9;0.9
net.sf.jabref.TableColumnsTab;11;0.9;0.8
net.sf.jabref.TablePrefsTab;10;0.8888888888888888;0.7777777777777778
net.sf.jabref.UnknownEntryType;10;0.8888888888888888;1.0
net.sf.jabref.UrlDragDrop;10;0.8888888888888888;0.8888888888888888
net.sf.jabref.Util;103;0.8823529411764706;0.8921568627450981
net.sf.jabref.XmpPrefsTab;10;0.8888888888888888;0.8888888888888888
net.sf.jabref.about.AboutPanel;26;0.8;0.84
net.sf.jabref.about.AboutTextLine;32;0.967741935483871;0.8709677419354839
net.sf.jabref.about.ExtendedInfoPanel;12;0.9090909090909091;0.9090909090909091
net.sf.jabref.about.TextBlock;10;0.8888888888888888;0.8888888888888888
net.sf.jabref.autocompleter.AbstractAutoCompleter;10;0.6666666666666666;0.8888888888888888
net.sf.jabref.bst.BibtexCaseChanger;20;0.7894736842105263;0.8947368421052632
net.sf.jabref.bst.BstLexer;63;;
net.sf.jabref.bst.BstParser;95;0.9893617021276596;0.9893617021276596
net.sf.jabref.bst.VM;44;0.813953488372093;0.7441860465116279
net.sf.jabref.collab.Change;11;0.9;0.9
net.sf.jabref.collab.ChangeDisplayDialog;14;0.7692307692307693;0.8461538461538461
net.sf.jabref.collab.ChangeScanner;21;0.9;0.75
net.sf.jabref.collab.FileUpdateMonitor;16;0.9333333333333333;0.8
net.sf.jabref.collab.FileUpdatePanel;12;0.9090909090909091;0.9090909090909091
net.sf.jabref.collab.MetaDataChange;13;0.75;0.8333333333333334
net.sf.jabref.export.AutoSaveManager;11;0.9;0.9
net.sf.jabref.export.CustomExportDialog;20;0.8947368421052632;0.7894736842105263
net.sf.jabref.export.CustomExportList;15;0.8571428571428571;0.8571428571428571
net.sf.jabref.export.ExportFormat;20;0.7368421052631579;0.7894736842105263
net.sf.jabref.export.FileActions;10;0.7777777777777778;0.8888888888888888
net.sf.jabref.export.LatexFieldFormatter;10;0.8888888888888888;0.8888888888888888
net.sf.jabref.export.SaveDatabaseAction;13;0.8333333333333334;0.9166666666666666
net.sf.jabref.export.SaveException;10;0.8888888888888888;0.8888888888888888
net.sf.jabref.export.SaveSession;17;0.8125;0.75
net.sf.jabref.export.layout.LayoutEntry;18;0.8823529411764706;0.8235294117647058
net.sf.jabref.export.layout.LayoutHelper;25;0.9583333333333334;0.8333333333333334
net.sf.jabref.external.AutoSetExternalFileForEntries;11;0.8;0.8
net.sf.jabref.external.DownloadExternalFile;14;0.8461538461538461;0.8461538461538461
net.sf.jabref.external.DroppedFileHandler;15;0.8571428571428571;0.9285714285714286
net.sf.jabref.external.ExternalFileMenuItem;10;0.7777777777777778;0.7777777777777778
net.sf.jabref.external.ExternalFilePanel;19;0.8888888888888888;0.8888888888888888
net.sf.jabref.external.ExternalFileType;25;0.9583333333333334;0.9166666666666666
net.sf.jabref.external.ExternalFileTypeEditor;17;0.875;0.875
net.sf.jabref.external.ExternalFileTypeEntryEditor;20;0.8947368421052632;0.7894736842105263
net.sf.jabref.external.IconSelection;12;0.9090909090909091;0.8181818181818182
net.sf.jabref.external.PushToApplicationButton;21;0.9;0.9
net.sf.jabref.external.PushToEmacs;14;0.8461538461538461;1.0
net.sf.jabref.external.PushToLatexEditor;15;0.8571428571428571;0.8571428571428571
net.sf.jabref.external.PushToLyx;16;0.9333333333333333;0.9333333333333333
net.sf.jabref.external.PushToVim;14;0.8461538461538461;0.9230769230769231
net.sf.jabref.external.PushToWinEdt;15;0.8571428571428571;0.8571428571428571
net.sf.jabref.external.SynchronizeFileField;11;0.8;0.9
net.sf.jabref.external.WriteXMPAction;10;0.8888888888888888;1.0
net.sf.jabref.groups.AbstractGroup;28;0.9259259259259259;0.9629629629629629
net.sf.jabref.groups.AllEntriesGroup;18;;
net.sf.jabref.groups.AutoGroupDialog;22;0.9047619047619048;0.7619047619047619
net.sf.jabref.groups.EntryTableTransferHandler;21;0.7;0.75
net.sf.jabref.groups.ExplicitGroup;26;0.92;0.96
net.sf.jabref.groups.GroupDialog;41;0.925;0.85
net.sf.jabref.groups.GroupSelector;76;0.9333333333333333;0.8266666666666667
net.sf.jabref.groups.GroupTreeCellRenderer;11;0.9;0.7
net.sf.jabref.groups.GroupTreeNode;33;0.96875;0.90625
net.sf.jabref.groups.GroupsPrefsTab;13;0.9166666666666666;0.8333333333333334
net.sf.jabref.groups.GroupsTree;36;0.9428571428571428;0.8285714285714286
net.sf.jabref.groups.KeywordGroup;31;0.9;0.9
net.sf.jabref.groups.SearchGroup;29;0.9285714285714286;0.8928571428571429
net.sf.jabref.groups.TransferableEntrySelection;12;0.9090909090909091;1.0
net.sf.jabref.groups.UndoableAddOrRemoveGroup;18;0.8823529411764706;0.8823529411764706
net.sf.jabref.groups.UndoableChangeAssignment;11;0.9;0.9
net.sf.jabref.groups.UndoableModifyGroup;10;0.8888888888888888;1.0
net.sf.jabref.groups.UndoableModifySubtree;12;0.9090909090909091;0.8181818181818182
net.sf.jabref.groups.UndoableMoveGroup;11;0.9;0.9
net.sf.jabref.groups.UndoableResetGroups;10;0.8888888888888888;0.8888888888888888
net.sf.jabref.gui.AttachFileDialog;13;0.9166666666666666;0.75
net.sf.jabref.gui.AutoCompleteListener;18;0.7058823529411765;0.7647058823529411
net.sf.jabref.gui.DatabasePropertiesDialog;14;0.9230769230769231;0.7692307692307693
net.sf.jabref.gui.EntryCustomizationDialog2;19;0.8333333333333334;0.8888888888888888
net.sf.jabref.gui.FieldSetComponent;32;0.9032258064516129;0.7741935483870968
net.sf.jabref.gui.FileListEditor;46;0.9111111111111111;0.8222222222222222
net.sf.jabref.gui.FileListEntry;11;0.9;0.9
net.sf.jabref.gui.FileListEntryEditor;25;0.9166666666666666;0.7916666666666666
net.sf.jabref.gui.FileListTableModel;21;0.8;0.85
net.sf.jabref.gui.GenFieldsCustomizer;32;0.8387096774193549;0.9032258064516129
net.sf.jabref.gui.ImportInspectionDialog;51;0.92;0.84
net.sf.jabref.gui.MainTable;49;0.875;0.8125
net.sf.jabref.gui.MainTableFormat;18;0.8235294117647058;0.8235294117647058
net.sf.jabref.gui.MainTableSelectionListener;37;0.8888888888888888;0.7222222222222222
net.sf.jabref.gui.PersistenceTableColumnListener;11;0.8;0.9
net.sf.jabref.gui.SearchResultsDialog;22;0.6666666666666666;0.7619047619047619
net.sf.jabref.gui.VerticalLabelUI;19;0.8333333333333334;0.8333333333333334
net.sf.jabref.imports.ACMPortalFetcher;39;0.868421052631579;0.7631578947368421
net.sf.jabref.imports.BibTeXMLHandler;11;0.9;0.9
net.sf.jabref.imports.BibtexParser;40;0.8974358974358975;0.8461538461538461
net.sf.jabref.imports.CiteSeerEntryFetcher;10;0.7777777777777778;0.8888888888888888
net.sf.jabref.imports.CiteSeerFetcher;34;0.8484848484848485;0.7575757575757576
net.sf.jabref.imports.CiteSeerUndoHandler;18;0.8823529411764706;0.7647058823529411
net.sf.jabref.imports.CsaImporter;17;0.875;0.875
net.sf.jabref.imports.GeneralFetcher;14;0.9230769230769231;0.8461538461538461
net.sf.jabref.imports.IEEEXploreFetcher;47;0.8913043478260869;0.7608695652173914
net.sf.jabref.imports.ImportCustomizationDialog;16;0.8;0.9333333333333333
net.sf.jabref.imports.ImportFormat;14;0.9230769230769231;1.0
net.sf.jabref.imports.ImportFormatReader;22;0.9047619047619048;0.9523809523809523
net.sf.jabref.imports.IsiImporter;13;0.8333333333333334;0.9166666666666666
net.sf.jabref.imports.JSTORFetcher;16;0.8666666666666667;0.8666666666666667
net.sf.jabref.imports.JSTORFetcher2;20;0.9473684210526315;0.8947368421052632
net.sf.jabref.imports.MedlineFetcher;13;0.9166666666666666;0.9166666666666666
net.sf.jabref.imports.MedlineHandler;17;0.875;0.8125
net.sf.jabref.imports.OAI2Fetcher;31;0.9666666666666667;0.8333333333333334
net.sf.jabref.imports.OAI2Handler;11;0.9;0.9
net.sf.jabref.imports.OpenDatabaseAction;10;0.8888888888888888;0.7777777777777778
net.sf.jabref.imports.OvidImporter;11;0.9;0.9
net.sf.jabref.imports.ParserResult;40;0.9743589743589743;0.8461538461538461
net.sf.jabref.imports.RepecNepImporter;20;0.8947368421052632;0.8947368421052632
net.sf.jabref.imports.SPIRESFetcher;15;0.8571428571428571;0.9285714285714286
net.sf.jabref.imports.ScienceDirectFetcher;17;0.9375;0.875
net.sf.jabref.journals.JournalAbbreviations;23;0.9545454545454546;0.8636363636363636
net.sf.jabref.journals.ManageJournalsPanel;18;0.8823529411764706;0.8235294117647058
net.sf.jabref.labelPattern.LabelPattern;10;0.8888888888888888;1.0
net.sf.jabref.labelPattern.LabelPatternUtil;27;0.8076923076923077;0.8076923076923077
net.sf.jabref.mods.MODSEntry;29;0.8928571428571429;0.8214285714285714
net.sf.jabref.mods.PersonName;16;0.8666666666666667;0.8666666666666667
net.sf.jabref.msbib.MSBibEntry;102;0.9603960396039604;0.8712871287128713
net.sf.jabref.net.Cookie;14;0.9230769230769231;0.8461538461538461
net.sf.jabref.net.URLDownload;19;0.8333333333333334;0.8333333333333334
net.sf.jabref.plugin.ManagePluginsDialog;14;0.8461538461538461;0.8461538461538461
net.sf.jabref.plugin.PluginInstaller;19;0.9444444444444444;0.9444444444444444
net.sf.jabref.plugin.core.generated._JabRefPlugin;10;0.8888888888888888;0.8888888888888888
net.sf.jabref.search.SearchExpressionLexer;19;0.8333333333333334;0.9444444444444444
net.sf.jabref.search.SearchExpressionParser;23;0.7727272727272727;0.8636363636363636
net.sf.jabref.search.SearchExpressionTreeParser;13;0.9166666666666666;0.9166666666666666
net.sf.jabref.sql.DBConnectDialog;23;0.9090909090909091;0.8636363636363636
net.sf.jabref.sql.DBStrings;26;0.96;0.84
net.sf.jabref.sql.DbImportAction;11;0.9;0.8
net.sf.jabref.sql.SQLutil;36;0.8285714285714286;0.8285714285714286
net.sf.jabref.util.CaseChanger;14;0.9230769230769231;0.8461538461538461
net.sf.jabref.util.MassSetFieldAction;12;0.7272727272727273;0.8181818181818182
net.sf.jabref.util.Pair;20;0.9473684210526315;1.0
net.sf.jabref.util.TXMLReader;13;0.8333333333333334;0.8333333333333334
net.sf.jabref.util.XMPSchemaBibtex;25;0.8333333333333334;0.9166666666666666
net.sf.jabref.util.XMPUtil;20;0.6842105263157895;0.8421052631578947
net.sf.jabref.wizard.auximport.AuxSubGenerator;20;0.8947368421052632;0.8421052631578947
net.sf.jabref.wizard.auximport.gui.FromAuxDialog;32;0.8064516129032258;0.7419354838709677
net.sf.jabref.wizard.integrity.IntegrityMessage;21;0.95;0.85
net.sf.jabref.wizard.integrity.gui.IntegrityMessagePanel;15;0.9285714285714286;0.9285714285714286
net.sf.jabref.wizard.text.gui.TextInputDialog;41;0.85;0.825
tests.net.sf.jabref.AuthorListTest;18;;
tests.net.sf.jabref.FileBasedTestCase;13;0.9166666666666666;0.8333333333333334
tests.net.sf.jabref.UtilTest;22;0.9523809523809523;0.9523809523809523
tests.net.sf.jabref.bst.TestVM;33;;
tests.net.sf.jabref.gui.AutoCompleterTest;13;0.9166666666666666;0.9166666666666666
tests.net.sf.jabref.imports.BibtexParserTest;14;;
tests.net.sf.jabref.imports.IsiImporterTest;14;0.9230769230769231;1.0
tests.net.sf.jabref.imports.OAI2ImportTest;12;0.8181818181818182;0.8181818181818182
tests.net.sf.jabref.util.XMPSchemaBibtexTest;12;0.9090909090909091;0.9090909090909091
tests.net.sf.jabref.util.XMPUtilTest;47;0.8913043478260869;0.8913043478260869
