file;entities;metric;metric_random
installer.CBZip2InputStream;74;0.9726027397260274;0.9726027397260274
installer.CBZip2OutputStream;75;0.972972972972973;0.9459459459459459
installer.SwingInstall;17;0.9375;0.875
installer.TarBuffer;32;0.8709677419354839;0.8387096774193549
installer.TarEntry;35;0.9411764705882353;0.9411764705882353
installer.TarHeader;45;;
installer.TarInputStream;27;0.9615384615384616;0.8461538461538461
installer.TarOutputStream;22;0.9523809523809523;0.8571428571428571
macosx.MacOSXPlugin;14;0.9230769230769231;0.9230769230769231
macosx.OSXAdapter;15;0.8571428571428571;0.8571428571428571
QuickNotepad;18;0.8823529411764706;0.8823529411764706
org.gjt.sp.jedit.Abbrevs;25;1.0;0.7916666666666666
org.gjt.sp.jedit.AbstractOptionPane;21;0.9;0.8
org.gjt.sp.jedit.ActionListHandler;19;0.9444444444444444;0.8333333333333334
org.gjt.sp.jedit.ActionSet;17;0.6875;0.8125
org.gjt.sp.jedit.BeanShell;21;0.9;0.8
org.gjt.sp.jedit.BeanShellAction;12;1.0;0.9090909090909091
org.gjt.sp.jedit.BeanShellFacade;19;0.8888888888888888;0.7222222222222222
org.gjt.sp.jedit.Buffer;120;0.9327731092436975;0.7142857142857143
org.gjt.sp.jedit.BufferHistory;15;1.0;0.8571428571428571
org.gjt.sp.jedit.Debug;22;;
org.gjt.sp.jedit.EditAction;12;0.9090909090909091;0.9090909090909091
org.gjt.sp.jedit.EditBus;11;0.9;0.8
org.gjt.sp.jedit.EditPane;43;0.9285714285714286;0.7619047619047619
org.gjt.sp.jedit.EditPlugin;22;0.8095238095238095;0.8095238095238095
org.gjt.sp.jedit.EditServer;13;0.8333333333333334;0.8333333333333334
org.gjt.sp.jedit.GUIUtilities;83;0.926829268292683;0.8048780487804879
org.gjt.sp.jedit.JARClassLoader;27;0.9615384615384616;0.7692307692307693
org.gjt.sp.jedit.JEditActionContext;11;1.0;0.9
org.gjt.sp.jedit.JEditActionSet;23;0.8636363636363636;0.7727272727272727
org.gjt.sp.jedit.JEditBeanShellAction;16;1.0;0.8666666666666667
org.gjt.sp.jedit.Macros;33;1.0;0.875
org.gjt.sp.jedit.Marker;11;1.0;0.8
org.gjt.sp.jedit.MiscUtilities;77;0.8552631578947368;0.7894736842105263
org.gjt.sp.jedit.Mode;29;0.9285714285714286;0.8214285714285714
org.gjt.sp.jedit.OperatingSystem;29;0.9642857142857143;0.8214285714285714
org.gjt.sp.jedit.OptionGroup;17;0.9375;0.8125
org.gjt.sp.jedit.PluginJAR;55;0.8518518518518519;0.7592592592592593
org.gjt.sp.jedit.PropertyManager;19;0.8888888888888888;0.7777777777777778
org.gjt.sp.jedit.Registers;32;0.9032258064516129;0.8387096774193549
org.gjt.sp.jedit.ServiceListHandler;17;0.9375;0.875
org.gjt.sp.jedit.ServiceManager.loadServices(PluginJAR,URL,PluginJAR;11;1.0;0.9
org.gjt.sp.jedit.TextUtilities;35;0.9705882352941176;0.9705882352941176
org.gjt.sp.jedit.View;136;0.9185185185185185;0.7777777777777778
org.gjt.sp.jedit.jEdit;172;0.9649122807017544;0.7719298245614035
org.gjt.sp.jedit.browser.BrowserIORequest;18;0.9411764705882353;0.8235294117647058
org.gjt.sp.jedit.browser.BrowserView;23;0.9090909090909091;0.8181818181818182
org.gjt.sp.jedit.browser.FileCellRenderer;20;0.9473684210526315;0.7894736842105263
org.gjt.sp.jedit.browser.VFSBrowser;96;0.968421052631579;0.7473684210526316
org.gjt.sp.jedit.browser.VFSDirectoryEntryTable;23;0.8636363636363636;0.7727272727272727
org.gjt.sp.jedit.browser.VFSDirectoryEntryTableModel;23;1.0;0.8636363636363636
org.gjt.sp.jedit.browser.VFSFileChooserDialog;20;0.9473684210526315;0.7894736842105263
org.gjt.sp.jedit.bsh.BSHAllocationExpression;11;0.9;0.9
org.gjt.sp.jedit.bsh.BSHForStatement;10;0.7777777777777778;0.8888888888888888
org.gjt.sp.jedit.bsh.BSHMethodDeclaration;16;0.8;0.8666666666666667
org.gjt.sp.jedit.bsh.BSHPrimarySuffix;10;0.6666666666666666;0.7777777777777778
org.gjt.sp.jedit.bsh.BSHType;13;0.75;0.8333333333333334
org.gjt.sp.jedit.bsh.BlockNameSpace;10;0.7777777777777778;0.8888888888888888
org.gjt.sp.jedit.bsh.BshClassManager;41;0.85;0.8
org.gjt.sp.jedit.bsh.BshMethod;24;0.8260869565217391;0.7391304347826086
org.gjt.sp.jedit.bsh.CallStack;14;0.9230769230769231;1.0
org.gjt.sp.jedit.bsh.ClassGeneratorUtil;41;0.925;0.875
org.gjt.sp.jedit.bsh.DelayedEvalBshMethod;11;0.9;0.9
org.gjt.sp.jedit.bsh.EvalError;15;0.8571428571428571;0.9285714285714286
org.gjt.sp.jedit.bsh.ExternalNameSpace;16;0.7333333333333333;0.8666666666666667
org.gjt.sp.jedit.bsh.Interpreter;75;0.8513513513513513;0.7837837837837838
org.gjt.sp.jedit.bsh.JJTParserState;17;0.9375;0.8125
org.gjt.sp.jedit.bsh.JThis;86;0.9764705882352941;0.9764705882352941
org.gjt.sp.jedit.bsh.JavaCharStream;48;0.9148936170212766;0.8297872340425532
org.gjt.sp.jedit.bsh.LHS;18;0.9411764705882353;0.9411764705882353
org.gjt.sp.jedit.bsh.Name;28;0.7407407407407407;0.7407407407407407
org.gjt.sp.jedit.bsh.NameSpace;95;0.8085106382978723;0.7446808510638298
org.gjt.sp.jedit.bsh.ParseException;17;0.8125;0.875
org.gjt.sp.jedit.bsh.Parser;362;0.9778393351800554;0.9584487534626038
org.gjt.sp.jedit.bsh.ParserTokenManager;75;0.8918918918918919;0.7297297297297297
org.gjt.sp.jedit.bsh.Primitive;48;0.9148936170212766;0.8297872340425532
org.gjt.sp.jedit.bsh.Reflect;40;0.8461538461538461;0.7435897435897436
org.gjt.sp.jedit.bsh.SimpleNode;24;0.9565217391304348;0.8695652173913043
org.gjt.sp.jedit.bsh.TargetError;12;0.9090909090909091;0.9090909090909091
org.gjt.sp.jedit.bsh.This;13;0.8333333333333334;0.9166666666666666
org.gjt.sp.jedit.bsh.TokenMgrError;11;0.8;0.8
org.gjt.sp.jedit.bsh.Types;16;0.7333333333333333;0.8666666666666667
org.gjt.sp.jedit.bsh.Variable;19;0.8888888888888888;0.8333333333333334
org.gjt.sp.jedit.bsh.classpath.BshClassPath;63;0.7741935483870968;0.7096774193548387
org.gjt.sp.jedit.bsh.classpath.ClassManagerImpl;30;0.8275862068965517;0.7931034482758621
org.gjt.sp.jedit.bsh.org.objectweb.asm.ByteVector;13;0.9166666666666666;0.9166666666666666
org.gjt.sp.jedit.bsh.org.objectweb.asm.ClassWriter;71;0.9571428571428572;0.8
org.gjt.sp.jedit.bsh.org.objectweb.asm.CodeWriter;58;0.9122807017543859;0.7192982456140351
org.gjt.sp.jedit.bsh.org.objectweb.asm.Item;19;;
org.gjt.sp.jedit.bsh.org.objectweb.asm.Label;14;0.7692307692307693;0.8461538461538461
org.gjt.sp.jedit.bsh.org.objectweb.asm.Type;47;0.9130434782608695;0.8913043478260869
org.gjt.sp.jedit.buffer.BufferSegment;12;1.0;0.8181818181818182
org.gjt.sp.jedit.buffer.ContentManager;16;1.0;0.8666666666666667
org.gjt.sp.jedit.buffer.FoldHandler;12;0.8181818181818182;0.9090909090909091
org.gjt.sp.jedit.buffer.JEditBuffer;141;0.9785714285714285;0.7785714285714286
org.gjt.sp.jedit.buffer.KillRing;20;0.9473684210526315;0.7894736842105263
org.gjt.sp.jedit.buffer.LineManager;25;1.0;0.875
org.gjt.sp.jedit.buffer.UndoManager;28;1.0;0.8148148148148148
org.gjt.sp.jedit.bufferio.BufferIORequest;29;0.9285714285714286;0.7857142857142857
org.gjt.sp.jedit.bufferio.MarkersSaveRequest;10;0.8888888888888888;0.7777777777777778
org.gjt.sp.jedit.bufferset.BufferSet;22;0.9523809523809523;0.8571428571428571
org.gjt.sp.jedit.bufferset.BufferSetManager;18;0.8235294117647058;0.7647058823529411
org.gjt.sp.jedit.gui.AbbrevEditor;10;1.0;1.0
org.gjt.sp.jedit.gui.AbstractContextOptionPane;16;1.0;0.9333333333333333
org.gjt.sp.jedit.gui.ActionBar;13;1.0;0.9166666666666666
org.gjt.sp.jedit.gui.AnimatedIcon;15;1.0;0.9285714285714286
org.gjt.sp.jedit.gui.CloseDialog;15;0.9285714285714286;0.8571428571428571
org.gjt.sp.jedit.gui.CompleteWord;16;0.9333333333333333;0.8666666666666667
org.gjt.sp.jedit.gui.CompletionPopup;18;1.0;0.8235294117647058
org.gjt.sp.jedit.gui.ContextAddDialog;10;1.0;0.8888888888888888
org.gjt.sp.jedit.gui.DockableLayout;26;0.88;0.8
org.gjt.sp.jedit.gui.DockableWindowFactory;12;1.0;0.9090909090909091
org.gjt.sp.jedit.gui.DockableWindowManager;60;0.9322033898305084;0.7796610169491526
org.gjt.sp.jedit.gui.DockableWindowManagerImpl;39;0.8947368421052632;0.7368421052631579
org.gjt.sp.jedit.gui.DockingLayoutManager;28;0.7777777777777778;0.8518518518518519
org.gjt.sp.jedit.gui.EditAbbrevDialog;12;1.0;0.9090909090909091
org.gjt.sp.jedit.gui.ExtendedGridLayout;21;0.85;0.9
org.gjt.sp.jedit.gui.ExtendedGridLayoutConstraints;29;0.75;0.7142857142857143
org.gjt.sp.jedit.gui.FilePropertiesDialog;20;0.9473684210526315;0.8421052631578947
org.gjt.sp.jedit.gui.FilesChangedDialog;15;1.0;0.9285714285714286
org.gjt.sp.jedit.gui.FilteredListModel;22;0.8095238095238095;0.8571428571428571
org.gjt.sp.jedit.gui.FilteredTableModel;25;0.8333333333333334;0.8333333333333334
org.gjt.sp.jedit.gui.FloatingWindowContainer;15;0.7857142857142857;0.8571428571428571
org.gjt.sp.jedit.gui.FontSelectorDialog;23;0.9545454545454546;0.8636363636363636
org.gjt.sp.jedit.gui.GrabKeyDialog;21;0.9;0.8
org.gjt.sp.jedit.gui.HistoryModel;22;0.9047619047619048;0.8095238095238095
org.gjt.sp.jedit.gui.HistoryText;25;1.0;0.875
org.gjt.sp.jedit.gui.HistoryTextArea;10;1.0;0.7777777777777778
org.gjt.sp.jedit.gui.HistoryTextField;20;1.0;0.8421052631578947
org.gjt.sp.jedit.gui.InputHandler;16;0.8;0.8
org.gjt.sp.jedit.gui.JCheckBoxList;22;0.8095238095238095;0.7619047619047619
org.gjt.sp.jedit.gui.KeyEventTranslator;14;0.8461538461538461;0.7692307692307693
org.gjt.sp.jedit.gui.KeyEventWorkaround;10;1.0;0.7777777777777778
org.gjt.sp.jedit.gui.LogViewer;17;0.9375;0.875
org.gjt.sp.jedit.gui.MarkerViewer;16;0.9333333333333333;0.7333333333333333
org.gjt.sp.jedit.gui.OptionsDialog;26;0.84;0.72
org.gjt.sp.jedit.gui.PanelWindowContainer;32;0.967741935483871;0.8064516129032258
org.gjt.sp.jedit.gui.PasteFromListDialog;12;1.0;0.9090909090909091
org.gjt.sp.jedit.gui.PingPongList;22;0.9523809523809523;0.8095238095238095
org.gjt.sp.jedit.gui.RegisterViewer;17;0.9375;0.875
org.gjt.sp.jedit.gui.SelectLineRange;10;1.0;0.8888888888888888
org.gjt.sp.jedit.gui.SplashScreen;20;0.9473684210526315;0.8947368421052632
org.gjt.sp.jedit.gui.StatusBar;36;0.9142857142857143;0.8
org.gjt.sp.jedit.gui.StyleEditor;17;0.9375;0.875
org.gjt.sp.jedit.gui.TaskMonitor;10;0.7777777777777778;1.0
org.gjt.sp.jedit.gui.VariableGridLayout;35;1.0;0.8235294117647058
org.gjt.sp.jedit.help.HelpHistoryModel;17;0.8125;0.75
org.gjt.sp.jedit.help.HelpIndex;13;1.0;0.8333333333333334
org.gjt.sp.jedit.help.HelpTOCPanel;11;1.0;0.9
org.gjt.sp.jedit.help.HelpViewer;25;0.875;0.7916666666666666
org.gjt.sp.jedit.help.HistoryButton;13;0.9166666666666666;0.8333333333333334
org.gjt.sp.jedit.input.AbstractInputHandler;31;0.9;0.8666666666666667
org.gjt.sp.jedit.input.TextAreaInputHandler;11;0.7;0.8
org.gjt.sp.jedit.io.FavoritesVFS;13;1.0;0.9166666666666666
org.gjt.sp.jedit.io.FileVFS;22;0.9047619047619048;0.8571428571428571
org.gjt.sp.jedit.io.VFS;58;0.9122807017543859;0.8596491228070176
org.gjt.sp.jedit.io.VFSFile;48;0.9574468085106383;0.8085106382978723
org.gjt.sp.jedit.io.VFSManager;32;0.9032258064516129;0.7741935483870968
org.gjt.sp.jedit.menu.EnhancedMenu;13;1.0;0.8333333333333334
org.gjt.sp.jedit.msg.BufferUpdate;17;1.0;1.0
org.gjt.sp.jedit.msg.EditPaneUpdate;11;1.0;1.0
org.gjt.sp.jedit.msg.PluginUpdate;13;1.0;0.9166666666666666
org.gjt.sp.jedit.options.AbbrevsOptionPane;14;1.0;0.8461538461538461
org.gjt.sp.jedit.options.AppearanceOptionPane;22;1.0;0.8571428571428571
org.gjt.sp.jedit.options.BrowserColorsOptionPane;25;0.875;0.75
org.gjt.sp.jedit.options.BrowserOptionPane;13;1.0;0.9166666666666666
org.gjt.sp.jedit.options.BufferOptionPane;16;0.9333333333333333;0.9333333333333333
org.gjt.sp.jedit.options.DockingOptionPane;32;0.8709677419354839;0.8387096774193549
org.gjt.sp.jedit.options.EditingOptionPane;27;1.0;0.9615384615384616
org.gjt.sp.jedit.options.EncodingsOptionPane;10;0.8888888888888888;0.8888888888888888
org.gjt.sp.jedit.options.FirewallOptionPane;12;1.0;0.9090909090909091
org.gjt.sp.jedit.options.GeneralOptionPane;19;0.9444444444444444;0.8333333333333334
org.gjt.sp.jedit.options.GutterOptionPane;37;0.9722222222222222;0.8888888888888888
org.gjt.sp.jedit.options.MouseOptionPane;10;0.8888888888888888;0.8888888888888888
org.gjt.sp.jedit.options.PluginManagerOptionPane;14;1.0;0.9230769230769231
org.gjt.sp.jedit.options.PrintOptionPane;12;1.0;0.9090909090909091
org.gjt.sp.jedit.options.SaveBackupOptionPane;14;1.0;0.8461538461538461
org.gjt.sp.jedit.options.ShortcutsOptionPane;14;1.0;0.9230769230769231
org.gjt.sp.jedit.options.StatusBarOptionPane;21;1.0;0.95
org.gjt.sp.jedit.options.TextAreaOptionPane;29;1.0;0.9642857142857143
org.gjt.sp.jedit.options.ToolBarOptionPane;30;0.9655172413793104;0.8620689655172413
org.gjt.sp.jedit.options.ViewOptionPane;17;1.0;0.875
org.gjt.sp.jedit.pluginmgr.InstallPanel;15;0.7857142857142857;0.7857142857142857
org.gjt.sp.jedit.pluginmgr.ManagePanel;13;0.9166666666666666;0.9166666666666666
org.gjt.sp.jedit.pluginmgr.MirrorListHandler;19;0.9444444444444444;0.8333333333333334
org.gjt.sp.jedit.pluginmgr.PluginList;18;0.9411764705882353;0.8235294117647058
org.gjt.sp.jedit.pluginmgr.PluginListHandler;34;0.9696969696969697;0.8484848484848485
org.gjt.sp.jedit.pluginmgr.PluginManager;26;0.88;0.8
org.gjt.sp.jedit.pluginmgr.PluginManagerProgress;13;0.9166666666666666;0.8333333333333334
org.gjt.sp.jedit.pluginmgr.Roster;13;0.9166666666666666;0.8333333333333334
org.gjt.sp.jedit.print.BufferPrintable;29;0.9642857142857143;0.9285714285714286
org.gjt.sp.jedit.search.BoyerMooreSearchMatcher;14;0.9230769230769231;0.9230769230769231
org.gjt.sp.jedit.search.DirectoryListSet;14;1.0;0.8461538461538461
org.gjt.sp.jedit.search.HyperSearchFileNode;11;0.9;0.9
org.gjt.sp.jedit.search.HyperSearchOperationNode;14;0.9230769230769231;0.9230769230769231
org.gjt.sp.jedit.search.HyperSearchRequest;12;0.9090909090909091;0.9090909090909091
org.gjt.sp.jedit.search.HyperSearchResult;16;0.9333333333333333;0.8666666666666667
org.gjt.sp.jedit.search.HyperSearchResults;39;0.868421052631579;0.7894736842105263
org.gjt.sp.jedit.search.SearchAndReplace;53;1.0;0.8269230769230769
org.gjt.sp.jedit.search.SearchBar;22;1.0;0.8571428571428571
org.gjt.sp.jedit.search.SearchDialog;36;1.0;0.8
org.gjt.sp.jedit.syntax.Chunk;27;0.9615384615384616;0.8076923076923077
org.gjt.sp.jedit.syntax.DefaultTokenHandler;10;1.0;0.8888888888888888
org.gjt.sp.jedit.syntax.DisplayTokenHandler;18;0.9411764705882353;0.8823529411764706
org.gjt.sp.jedit.syntax.KeywordMap;16;0.9333333333333333;0.8666666666666667
org.gjt.sp.jedit.syntax.ModeProvider;10;0.8888888888888888;0.8888888888888888
org.gjt.sp.jedit.syntax.ParserRule;48;0.8936170212765957;0.8936170212765957
org.gjt.sp.jedit.syntax.ParserRuleSet;47;0.9782608695652174;0.8043478260869565
org.gjt.sp.jedit.syntax.Token;31;;
org.gjt.sp.jedit.syntax.TokenMarker;26;1.0;0.88
org.gjt.sp.jedit.syntax.XModeHandler;26;1.0;0.84
org.gjt.sp.jedit.textarea.Anchor;12;0.9090909090909091;0.9090909090909091
org.gjt.sp.jedit.textarea.AntiAlias;13;1.0;1.0
org.gjt.sp.jedit.textarea.BufferHandler;19;0.8888888888888888;0.8333333333333334
org.gjt.sp.jedit.textarea.ChunkCache;36;1.0;0.8571428571428571
org.gjt.sp.jedit.textarea.DisplayManager;42;0.9512195121951219;0.7317073170731707
org.gjt.sp.jedit.textarea.FirstLine;10;;
org.gjt.sp.jedit.textarea.Gutter;82;0.9629629629629629;0.8024691358024691
org.gjt.sp.jedit.textarea.InputMethodSupport;17;0.875;0.8125
org.gjt.sp.jedit.textarea.JEditTextArea;36;0.8571428571428571;0.8
org.gjt.sp.jedit.textarea.RangeMap;20;1.0;0.9473684210526315
org.gjt.sp.jedit.textarea.ScreenLineManager;12;0.9090909090909091;0.9090909090909091
org.gjt.sp.jedit.textarea.ScrollLayout;16;1.0;0.8666666666666667
org.gjt.sp.jedit.textarea.Selection;18;0.9411764705882353;0.7647058823529411
org.gjt.sp.jedit.textarea.SelectionManager;16;0.9333333333333333;1.0
org.gjt.sp.jedit.textarea.StandaloneTextArea;20;0.6842105263157895;0.8421052631578947
org.gjt.sp.jedit.textarea.TextArea;316;0.946031746031746;0.780952380952381
org.gjt.sp.jedit.textarea.TextAreaMouseHandler;25;0.875;0.8333333333333334
org.gjt.sp.jedit.textarea.TextAreaPainter;99;0.9387755102040817;0.7959183673469388
org.gjt.sp.jedit.textarea.TextAreaTransferHandler;13;0.8333333333333334;0.8333333333333334
org.gjt.sp.util.IOUtilities;10;1.0;1.0
org.gjt.sp.util.IntegerArray;10;1.0;1.0
org.gjt.sp.util.Log;30;0.9655172413793104;0.8275862068965517
org.gjt.sp.util.PropertiesBean;10;0.8888888888888888;0.7777777777777778
org.gjt.sp.util.SegmentCharSequence;11;0.9;0.8
org.gjt.sp.util.StandardUtilities;23;1.0;0.9545454545454546
org.gjt.sp.util.StringList;11;0.9;0.8
org.gjt.sp.util.Task;15;0.8571428571428571;0.8571428571428571
org.gjt.sp.util.WorkThread;22;1.0;0.8571428571428571
org.gjt.sp.util.WorkThreadPool;31;0.9666666666666667;0.8333333333333334
