file;entities;metric;metric_random
org.jfree.chart.ChartColor;26;;
org.jfree.chart.ChartFactory;41;0.975;1.0
org.jfree.chart.ChartPanel;184;0.9453551912568307;0.7923497267759563
org.jfree.chart.ChartRenderingInfo;16;0.9333333333333333;0.8666666666666667
org.jfree.chart.ChartUtilities;27;;
org.jfree.chart.JFreeChart;94;0.9247311827956989;0.8387096774193549
org.jfree.chart.LegendItem;74;0.9726027397260274;0.821917808219178
org.jfree.chart.LegendItemCollection;10;0.8888888888888888;0.8888888888888888
org.jfree.chart.PaintMap;11;0.9;0.8
org.jfree.chart.PolarChartPanel;10;0.7777777777777778;0.7777777777777778
org.jfree.chart.StandardChartTheme;120;0.9831932773109243;0.7310924369747899
org.jfree.chart.StrokeMap;11;0.9;0.9
org.jfree.chart.annotations.AbstractXYAnnotation;11;0.7;0.8
org.jfree.chart.annotations.CategoryLineAnnotation;26;0.96;0.88
org.jfree.chart.annotations.CategoryPointerAnnotation;37;0.9444444444444444;0.8888888888888888
org.jfree.chart.annotations.CategoryTextAnnotation;15;0.9285714285714286;0.9285714285714286
org.jfree.chart.annotations.TextAnnotation;29;0.8928571428571429;0.8214285714285714
org.jfree.chart.annotations.XYBoxAnnotation;17;0.9375;0.75
org.jfree.chart.annotations.XYDataImageAnnotation;22;0.9523809523809523;0.8571428571428571
org.jfree.chart.annotations.XYDrawableAnnotation;13;0.9166666666666666;0.8333333333333334
org.jfree.chart.annotations.XYImageAnnotation;17;0.9375;0.8125
org.jfree.chart.annotations.XYLineAnnotation;15;0.9285714285714286;0.8571428571428571
org.jfree.chart.annotations.XYPointerAnnotation;37;0.9444444444444444;0.8333333333333334
org.jfree.chart.annotations.XYPolygonAnnotation;18;0.9411764705882353;0.8823529411764706
org.jfree.chart.annotations.XYShapeAnnotation;14;0.9230769230769231;0.8461538461538461
org.jfree.chart.annotations.XYTextAnnotation;49;0.9583333333333334;0.8541666666666666
org.jfree.chart.annotations.XYTitleAnnotation;23;0.9545454545454546;0.8181818181818182
org.jfree.chart.axis.Axis;111;0.9545454545454546;0.7909090909090909
org.jfree.chart.axis.AxisCollection;10;0.8888888888888888;0.8888888888888888
org.jfree.chart.axis.AxisLocation;12;0.8181818181818182;0.9090909090909091
org.jfree.chart.axis.AxisSpace;24;0.9565217391304348;0.8695652173913043
org.jfree.chart.axis.AxisState;16;0.9333333333333333;0.9333333333333333
org.jfree.chart.axis.CategoryAxis;62;0.9180327868852459;0.8032786885245902
org.jfree.chart.axis.CategoryLabelPosition;19;0.9444444444444444;0.8888888888888888
org.jfree.chart.axis.CategoryLabelPositions;21;0.9;0.85
org.jfree.chart.axis.CompassFormat;10;0.8888888888888888;0.8888888888888888
org.jfree.chart.axis.CyclicNumberAxis;45;0.8863636363636364;0.7954545454545454
org.jfree.chart.axis.DateAxis;63;0.8870967741935484;0.8064516129032258
org.jfree.chart.axis.DateTickUnit;24;0.9130434782608695;0.8695652173913043
org.jfree.chart.axis.DateTickUnitType;14;0.9230769230769231;0.9230769230769231
org.jfree.chart.axis.ExtendedCategoryAxis;15;0.8571428571428571;0.7857142857142857
org.jfree.chart.axis.LogAxis;38;0.8648648648648649;0.8108108108108109
org.jfree.chart.axis.LogarithmicAxis;38;0.8918918918918919;0.8108108108108109
org.jfree.chart.axis.MarkerAxisBand;15;0.8571428571428571;0.9285714285714286
org.jfree.chart.axis.ModuloAxis;20;0.7894736842105263;0.7894736842105263
org.jfree.chart.axis.MonthDateFormat;14;0.9230769230769231;0.8461538461538461
org.jfree.chart.axis.NumberAxis;49;0.875;0.7916666666666666
org.jfree.chart.axis.PeriodAxis;62;0.9508196721311475;0.7704918032786885
org.jfree.chart.axis.PeriodAxisLabelInfo;30;0.9310344827586207;0.8620689655172413
org.jfree.chart.axis.QuarterDateFormat;13;0.8333333333333334;0.9166666666666666
org.jfree.chart.axis.SegmentedTimeline;66;0.9230769230769231;0.8615384615384616
org.jfree.chart.axis.SubCategoryAxis;17;0.8125;0.875
org.jfree.chart.axis.SymbolAxis;28;0.8148148148148148;0.7777777777777778
org.jfree.chart.axis.Tick;13;0.9166666666666666;0.9166666666666666
org.jfree.chart.axis.TickUnit;11;0.9;0.9
org.jfree.chart.axis.TickUnits;11;0.9;1.0
org.jfree.chart.axis.ValueAxis;100;0.9191919191919192;0.7777777777777778
org.jfree.chart.block.AbstractBlock;44;0.9069767441860465;0.7441860465116279
org.jfree.chart.block.BlockBorder;15;0.8571428571428571;0.9285714285714286
org.jfree.chart.block.BlockContainer;17;0.9375;0.9375
org.jfree.chart.block.BlockParams;10;0.8888888888888888;0.8888888888888888
org.jfree.chart.block.BorderArrangement;16;0.8666666666666667;0.8
org.jfree.chart.block.CenterArrangement;14;0.8461538461538461;0.7692307692307693
org.jfree.chart.block.ColorBlock;10;0.8888888888888888;0.8888888888888888
org.jfree.chart.block.ColumnArrangement;16;0.8666666666666667;0.7333333333333333
org.jfree.chart.block.FlowArrangement;19;0.8888888888888888;0.7777777777777778
org.jfree.chart.block.GridArrangement;17;0.875;0.8125
org.jfree.chart.block.LabelBlock;32;0.9354838709677419;0.8387096774193549
org.jfree.chart.block.LengthConstraintType;10;0.7777777777777778;0.8888888888888888
org.jfree.chart.block.LineBorder;13;0.9166666666666666;0.8333333333333334
org.jfree.chart.block.RectangleConstraint;26;0.96;0.92
org.jfree.chart.editor.DefaultAxisEditor;32;0.9032258064516129;0.8064516129032258
org.jfree.chart.editor.DefaultChartEditor;13;0.75;0.8333333333333334
org.jfree.chart.editor.DefaultNumberAxisEditor;23;0.8636363636363636;0.8181818181818182
org.jfree.chart.editor.DefaultPlotEditor;32;0.9032258064516129;0.8387096774193549
org.jfree.chart.editor.DefaultTitleEditor;19;0.8333333333333334;0.8333333333333334
org.jfree.chart.entity.AxisEntity;12;0.9090909090909091;0.8181818181818182
org.jfree.chart.entity.CategoryItemEntity;13;0.9166666666666666;0.9166666666666666
org.jfree.chart.entity.ChartEntity;24;0.9130434782608695;0.8695652173913043
org.jfree.chart.entity.JFreeChartEntity;12;0.9090909090909091;0.9090909090909091
org.jfree.chart.entity.LegendItemEntity;11;0.9;0.9
org.jfree.chart.entity.PieSectionEntity;17;0.9375;0.875
org.jfree.chart.entity.PlotEntity;12;0.9090909090909091;0.9090909090909091
org.jfree.chart.entity.StandardEntityCollection;13;0.9166666666666666;0.9166666666666666
org.jfree.chart.entity.TitleEntity;12;0.9090909090909091;0.9090909090909091
org.jfree.chart.entity.XYItemEntity;13;0.9166666666666666;0.8333333333333334
org.jfree.chart.event.ChartChangeEventType;10;0.7777777777777778;0.8888888888888888
org.jfree.chart.event.ChartProgressEvent;12;0.9090909090909091;0.9090909090909091
org.jfree.chart.labels.AbstractCategoryItemLabelGenerator;19;0.8333333333333334;0.7777777777777778
org.jfree.chart.labels.AbstractPieItemLabelGenerator;13;0.75;0.75
org.jfree.chart.labels.AbstractXYItemLabelGenerator;23;0.8636363636363636;0.8181818181818182
org.jfree.chart.labels.BubbleXYItemLabelGenerator;14;0.7692307692307693;0.8461538461538461
org.jfree.chart.labels.CustomXYToolTipGenerator;10;0.8888888888888888;0.8888888888888888
org.jfree.chart.labels.HighLowItemLabelGenerator;10;0.8888888888888888;1.0
org.jfree.chart.labels.IntervalXYItemLabelGenerator;10;0.8888888888888888;1.0
org.jfree.chart.labels.ItemLabelAnchor;31;0.9333333333333333;0.9333333333333333
org.jfree.chart.labels.ItemLabelPosition;13;0.9166666666666666;0.9166666666666666
org.jfree.chart.labels.MultipleXYSeriesLabelGenerator;14;0.7692307692307693;0.8461538461538461
org.jfree.chart.labels.StandardCategorySeriesLabelGenerator;10;0.6666666666666666;0.8888888888888888
org.jfree.chart.labels.StandardPieSectionLabelGenerator;14;0.8461538461538461;0.9230769230769231
org.jfree.chart.labels.StandardXYItemLabelGenerator;10;0.8888888888888888;1.0
org.jfree.chart.labels.StandardXYSeriesLabelGenerator;10;0.6666666666666666;0.8888888888888888
org.jfree.chart.labels.StandardXYToolTipGenerator;11;0.9;1.0
org.jfree.chart.labels.StandardXYZToolTipGenerator;13;0.75;0.8333333333333334
org.jfree.chart.needle.MeterNeedle;35;0.9117647058823529;0.7941176470588235
org.jfree.chart.plot.CategoryMarker;10;0.8888888888888888;0.8888888888888888
org.jfree.chart.plot.CategoryPlot;272;0.974169741697417;0.8191881918819188
org.jfree.chart.plot.CombinedDomainCategoryPlot;28;0.8888888888888888;0.8518518518518519
org.jfree.chart.plot.CombinedDomainXYPlot;29;0.8928571428571429;0.8571428571428571
org.jfree.chart.plot.CombinedRangeCategoryPlot;23;0.8636363636363636;0.8636363636363636
org.jfree.chart.plot.CombinedRangeXYPlot;28;0.8888888888888888;0.8518518518518519
org.jfree.chart.plot.CompassPlot;54;0.9245283018867925;0.8113207547169812
org.jfree.chart.plot.CrosshairState;34;0.9696969696969697;0.8787878787878788
org.jfree.chart.plot.DefaultDrawingSupplier;36;0.9142857142857143;0.8285714285714286
org.jfree.chart.plot.DialShape;10;0.7777777777777778;0.8888888888888888
org.jfree.chart.plot.FastScatterPlot;67;0.9242424242424242;0.803030303030303
org.jfree.chart.plot.IntervalMarker;15;0.9285714285714286;0.8571428571428571
org.jfree.chart.plot.Marker;49;0.9583333333333334;0.7916666666666666
org.jfree.chart.plot.MeterInterval;16;0.9333333333333333;0.8666666666666667
org.jfree.chart.plot.MeterPlot;83;0.9146341463414634;0.7682926829268293
org.jfree.chart.plot.MultiplePiePlot;33;0.9375;0.875
org.jfree.chart.plot.PieLabelDistributor;10;0.6666666666666666;0.7777777777777778
org.jfree.chart.plot.PieLabelRecord;24;0.9565217391304348;0.8260869565217391
org.jfree.chart.plot.PiePlot;188;0.9518716577540107;0.7647058823529411
org.jfree.chart.plot.PiePlot3D;15;0.7857142857142857;0.9285714285714286
org.jfree.chart.plot.PiePlotState;31;0.9666666666666667;0.8666666666666667
org.jfree.chart.plot.Plot;96;0.9052631578947369;0.7894736842105263
org.jfree.chart.plot.PlotRenderingInfo;19;0.9444444444444444;0.8333333333333334
org.jfree.chart.plot.PolarPlot;81;0.9375;0.7875
org.jfree.chart.plot.RingPlot;28;0.9259259259259259;0.7777777777777778
org.jfree.chart.plot.SpiderWebPlot;107;0.9528301886792453;0.8018867924528302
org.jfree.chart.plot.ThermometerPlot;127;0.9444444444444444;0.7857142857142857
org.jfree.chart.plot.WaferMapPlot;23;0.8636363636363636;0.8181818181818182
org.jfree.chart.plot.XYPlot;284;0.9646643109540636;0.8056537102473498
org.jfree.chart.plot.dial.AbstractDialLayer;13;0.8333333333333334;0.8333333333333334
org.jfree.chart.plot.dial.ArcDialFrame;33;0.9375;0.8125
org.jfree.chart.plot.dial.DialBackground;16;0.9333333333333333;0.8
org.jfree.chart.plot.dial.DialCap;21;0.95;0.85
org.jfree.chart.plot.dial.DialPlot;53;0.9615384615384616;0.8269230769230769
org.jfree.chart.plot.dial.DialPointer;12;0.8181818181818182;0.8181818181818182
org.jfree.chart.plot.dial.DialTextAnnotation;27;0.9615384615384616;0.8461538461538461
org.jfree.chart.plot.dial.DialValueIndicator;52;0.9803921568627451;0.8431372549019608
org.jfree.chart.plot.dial.StandardDialFrame;22;0.9523809523809523;0.8095238095238095
org.jfree.chart.plot.dial.StandardDialRange;29;0.9642857142857143;0.8571428571428571
org.jfree.chart.plot.dial.StandardDialScale;69;0.9852941176470589;0.8382352941176471
org.jfree.chart.renderer.AbstractRenderer;211;0.9761904761904762;0.8238095238095238
org.jfree.chart.renderer.DefaultPolarItemRenderer;14;0.9230769230769231;1.0
org.jfree.chart.renderer.GrayPaintScale;13;0.9166666666666666;0.9166666666666666
org.jfree.chart.renderer.LookupPaintScale;16;0.9333333333333333;0.8
org.jfree.chart.renderer.Outlier;13;0.9166666666666666;0.9166666666666666
org.jfree.chart.renderer.OutlierList;12;0.9090909090909091;0.9090909090909091
org.jfree.chart.renderer.OutlierListCollection;11;0.9;0.9
org.jfree.chart.renderer.WaferMapRenderer;22;0.8095238095238095;0.8571428571428571
org.jfree.chart.renderer.category.AbstractCategoryItemRenderer;78;0.9090909090909091;0.7792207792207793
org.jfree.chart.renderer.category.BarRenderer;70;0.9130434782608695;0.782608695652174
org.jfree.chart.renderer.category.BarRenderer3D;24;0.9130434782608695;0.8695652173913043
org.jfree.chart.renderer.category.BoxAndWhiskerRenderer;32;0.9354838709677419;0.8387096774193549
org.jfree.chart.renderer.category.CategoryItemRendererState;15;0.8571428571428571;0.8571428571428571
org.jfree.chart.renderer.category.CategoryStepRenderer;12;0.7272727272727273;0.9090909090909091
org.jfree.chart.renderer.category.GanttRenderer;21;0.9;0.8
org.jfree.chart.renderer.category.GradientBarPainter;12;0.8181818181818182;0.9090909090909091
org.jfree.chart.renderer.category.LevelRenderer;17;0.75;0.8125
org.jfree.chart.renderer.category.LineAndShapeRenderer;47;0.9782608695652174;0.8478260869565217
org.jfree.chart.renderer.category.LineRenderer3D;23;0.9090909090909091;0.8636363636363636
org.jfree.chart.renderer.category.MinMaxCategoryRenderer;29;0.9642857142857143;0.8571428571428571
org.jfree.chart.renderer.category.ScatterRenderer;30;0.9655172413793104;0.8620689655172413
org.jfree.chart.renderer.category.StackedAreaRenderer;14;0.8461538461538461;0.8461538461538461
org.jfree.chart.renderer.category.StackedBarRenderer;11;0.8;0.9
org.jfree.chart.renderer.category.StackedBarRenderer3D;20;0.7894736842105263;0.7894736842105263
org.jfree.chart.renderer.category.StatisticalBarRenderer;14;0.8461538461538461;0.7692307692307693
org.jfree.chart.renderer.category.StatisticalLineAndShapeRenderer;15;0.9285714285714286;0.8571428571428571
org.jfree.chart.renderer.category.WaterfallBarRenderer;20;0.9473684210526315;0.8947368421052632
org.jfree.chart.renderer.xy.AbstractXYItemRenderer;73;0.875;0.8055555555555556
org.jfree.chart.renderer.xy.CandlestickRenderer;46;0.9555555555555556;0.8444444444444444
org.jfree.chart.renderer.xy.ClusteredXYBarRenderer;10;0.7777777777777778;0.8888888888888888
org.jfree.chart.renderer.xy.DeviationRenderer;13;0.8333333333333334;0.9166666666666666
org.jfree.chart.renderer.xy.GradientXYBarPainter;12;0.8181818181818182;0.9090909090909091
org.jfree.chart.renderer.xy.HighLowRenderer;23;0.9545454545454546;0.8181818181818182
org.jfree.chart.renderer.xy.SamplingXYLineRenderer;12;0.9090909090909091;0.8181818181818182
org.jfree.chart.renderer.xy.StackedXYAreaRenderer;19;0.8888888888888888;0.8333333333333334
org.jfree.chart.renderer.xy.StackedXYAreaRenderer2;14;0.8461538461538461;0.8461538461538461
org.jfree.chart.renderer.xy.StackedXYBarRenderer;12;0.9090909090909091;0.9090909090909091
org.jfree.chart.renderer.xy.StandardXYItemRenderer;51;0.96;0.84
org.jfree.chart.renderer.xy.XYAreaRenderer;28;0.9259259259259259;0.8518518518518519
org.jfree.chart.renderer.xy.XYAreaRenderer2;15;0.9285714285714286;0.9285714285714286
org.jfree.chart.renderer.xy.XYBarRenderer;60;0.9322033898305084;0.8135593220338984
org.jfree.chart.renderer.xy.XYBlockRenderer;21;0.9;0.9
org.jfree.chart.renderer.xy.XYBoxAndWhiskerRenderer;28;0.8518518518518519;0.7777777777777778
org.jfree.chart.renderer.xy.XYBubbleRenderer;12;0.9090909090909091;1.0
org.jfree.chart.renderer.xy.XYDifferenceRenderer;31;0.9333333333333333;0.8333333333333334
org.jfree.chart.renderer.xy.XYDotRenderer;17;0.9375;0.875
org.jfree.chart.renderer.xy.XYErrorRenderer;23;0.9545454545454546;0.8181818181818182
org.jfree.chart.renderer.xy.XYItemRendererState;11;0.8;0.9
org.jfree.chart.renderer.xy.XYLine3DRenderer;22;0.8571428571428571;0.8095238095238095
org.jfree.chart.renderer.xy.XYLineAndShapeRenderer;56;0.9636363636363636;0.8
org.jfree.chart.renderer.xy.XYShapeRenderer;32;0.9354838709677419;0.8064516129032258
org.jfree.chart.renderer.xy.XYSplineRenderer;10;0.7777777777777778;0.8888888888888888
org.jfree.chart.renderer.xy.XYStepAreaRenderer;28;0.8888888888888888;0.8148148148148148
org.jfree.chart.renderer.xy.XYStepRenderer;11;0.8;0.9
org.jfree.chart.renderer.xy.YIntervalRenderer;10;0.7777777777777778;0.8888888888888888
org.jfree.chart.servlet.ServletUtilities;16;0.8666666666666667;0.8666666666666667
org.jfree.chart.text.TextAnchor;22;0.9047619047619048;0.9047619047619048
org.jfree.chart.text.TextBlock;17;0.875;0.875
org.jfree.chart.text.TextBlockAnchor;16;0.8666666666666667;0.8666666666666667
org.jfree.chart.text.TextBox;34;0.9696969696969697;0.8484848484848485
org.jfree.chart.text.TextFragment;22;0.9047619047619048;0.8571428571428571
org.jfree.chart.text.TextLine;15;0.8571428571428571;0.8571428571428571
org.jfree.chart.text.TextUtilities;22;0.8095238095238095;0.9047619047619048
org.jfree.chart.title.CompositeTitle;15;0.9285714285714286;0.8571428571428571
org.jfree.chart.title.ImageTitle;12;0.8181818181818182;0.8181818181818182
org.jfree.chart.title.LegendGraphic;53;0.9615384615384616;0.8076923076923077
org.jfree.chart.title.LegendItemBlockContainer;12;0.9090909090909091;0.9090909090909091
org.jfree.chart.title.LegendTitle;47;0.9347826086956522;0.8478260869565217
org.jfree.chart.title.PaintScaleLegend;39;0.9473684210526315;0.8157894736842105
org.jfree.chart.title.TextTitle;49;0.9166666666666666;0.7708333333333334
org.jfree.chart.title.Title;33;0.875;0.78125
org.jfree.chart.ui.BasicProjectInfo;17;0.9375;0.9375
org.jfree.chart.ui.FontChooserPanel;12;0.8181818181818182;0.9090909090909091
org.jfree.chart.ui.LCBLayout;15;0.9285714285714286;0.8571428571428571
org.jfree.chart.ui.Library;16;0.8;0.8
org.jfree.chart.ui.ProjectInfo;12;0.9090909090909091;0.9090909090909091
org.jfree.chart.urls.CustomPieURLGenerator;10;0.8888888888888888;1.0
org.jfree.chart.urls.CustomXYURLGenerator;10;0.8888888888888888;0.8888888888888888
org.jfree.chart.urls.StandardCategoryURLGenerator;10;0.8888888888888888;0.7777777777777778
org.jfree.chart.urls.StandardPieURLGenerator;10;0.8888888888888888;0.8888888888888888
org.jfree.chart.urls.StandardXYURLGenerator;12;0.8181818181818182;0.9090909090909091
org.jfree.chart.urls.TimeSeriesURLGenerator;13;0.9166666666666666;0.9166666666666666
org.jfree.chart.util.AbstractObjectList;18;0.7647058823529411;0.7647058823529411
org.jfree.chart.util.Align;22;0.9523809523809523;1.0
org.jfree.chart.util.GradientPaintTransformType;11;0.8;0.9
org.jfree.chart.util.HashUtilities;10;;
org.jfree.chart.util.HexNumberFormat;12;0.9090909090909091;0.9090909090909091
org.jfree.chart.util.HorizontalAlignment;10;0.7777777777777778;0.8888888888888888
org.jfree.chart.util.LengthAdjustmentType;10;0.7777777777777778;0.8888888888888888
org.jfree.chart.util.LogFormat;17;0.875;0.875
org.jfree.chart.util.ObjectUtilities;23;0.9090909090909091;0.9090909090909091
org.jfree.chart.util.RectangleAnchor;18;0.8823529411764706;0.8823529411764706
org.jfree.chart.util.RectangleEdge;15;0.8571428571428571;0.9285714285714286
org.jfree.chart.util.RectangleInsets;36;0.9428571428571428;0.9428571428571428
org.jfree.chart.util.RefineryUtilities;12;0.9090909090909091;1.0
org.jfree.chart.util.RelativeDateFormat;43;0.9761904761904762;0.8571428571428571
org.jfree.chart.util.Rotation;11;0.8;0.9
org.jfree.chart.util.SerialUtilities;14;0.9230769230769231;1.0
org.jfree.chart.util.ShapeUtilities;23;0.9090909090909091;0.9545454545454546
org.jfree.chart.util.Size2D;12;0.9090909090909091;1.0
org.jfree.chart.util.VerticalAlignment;10;0.7777777777777778;0.8888888888888888
org.jfree.data.ComparableObjectItem;11;0.8;0.8
org.jfree.data.ComparableObjectSeries;24;0.8260869565217391;0.7391304347826086
org.jfree.data.DefaultKeyedValue;11;0.9;0.9
org.jfree.data.DefaultKeyedValues;26;0.92;0.88
org.jfree.data.DefaultKeyedValues2D;28;0.9629629629629629;0.8888888888888888
org.jfree.data.DomainOrder;10;0.7777777777777778;0.8888888888888888
org.jfree.data.KeyToGroupMap;16;0.9333333333333333;0.8
org.jfree.data.KeyedObjects;18;0.9411764705882353;0.9411764705882353
org.jfree.data.KeyedObjects2D;26;0.96;0.92
org.jfree.data.Range;22;0.9047619047619048;0.9523809523809523
org.jfree.data.RangeType;10;0.7777777777777778;0.8888888888888888
org.jfree.data.category.CategoryToPieDataset;16;0.9333333333333333;0.8666666666666667
org.jfree.data.category.DefaultCategoryDataset;27;0.9615384615384616;0.9615384615384616
org.jfree.data.category.DefaultIntervalCategoryDataset;36;0.9428571428571428;0.8857142857142857
org.jfree.data.category.SlidingCategoryDataset;22;0.9047619047619048;0.9047619047619048
org.jfree.data.gantt.SlidingGanttCategoryDataset;36;0.9428571428571428;0.9142857142857143
org.jfree.data.gantt.Task;20;0.9473684210526315;0.8947368421052632
org.jfree.data.gantt.TaskSeries;11;0.9;1.0
org.jfree.data.gantt.TaskSeriesCollection;40;0.9487179487179487;0.9230769230769231
org.jfree.data.gantt.XYTaskDataset;33;0.9375;0.84375
org.jfree.data.general.AbstractDataset;15;0.7142857142857143;0.7857142857142857
org.jfree.data.general.DatasetUtilities;52;0.9803921568627451;1.0
org.jfree.data.general.DefaultHeatMapDataset;22;0.9523809523809523;0.8571428571428571
org.jfree.data.general.DefaultKeyedValueDataset;12;0.9090909090909091;1.0
org.jfree.data.general.DefaultPieDataset;21;0.95;0.95
org.jfree.data.general.Series;26;0.88;0.8
org.jfree.data.general.WaferMapDataset;26;0.96;0.88
org.jfree.data.jdbc.JDBCCategoryDataset;10;0.8888888888888888;0.8888888888888888
org.jfree.data.jdbc.JDBCXYDataset;24;0.9565217391304348;0.8695652173913043
org.jfree.data.statistics.BoxAndWhiskerItem;23;0.9545454545454546;0.7727272727272727
org.jfree.data.statistics.DefaultBoxAndWhiskerCategoryDataset;51;0.96;0.9
org.jfree.data.statistics.DefaultBoxAndWhiskerXYDataset;35;0.9705882352941176;0.8529411764705882
org.jfree.data.statistics.DefaultMultiValueCategoryDataset;23;0.9545454545454546;0.8636363636363636
org.jfree.data.statistics.DefaultStatisticalCategoryDataset;42;0.9512195121951219;0.8292682926829268
org.jfree.data.statistics.HistogramBin;12;0.9090909090909091;0.9090909090909091
org.jfree.data.statistics.HistogramDataset;24;0.8695652173913043;0.8260869565217391
org.jfree.data.statistics.HistogramType;10;0.7777777777777778;0.8888888888888888
org.jfree.data.statistics.MeanAndStandardDeviation;11;0.9;0.9
org.jfree.data.statistics.SimpleHistogramBin;17;0.9375;0.875
org.jfree.data.statistics.SimpleHistogramDataset;31;0.9666666666666667;0.9333333333333333
org.jfree.data.statistics.Statistics;13;;
org.jfree.data.time.DateRange;12;0.9090909090909091;0.9090909090909091
org.jfree.data.time.Day;30;0.9310344827586207;0.8620689655172413
org.jfree.data.time.DynamicTimeSeriesCollection;64;0.8412698412698413;0.7936507936507936
org.jfree.data.time.FixedMillisecond;19;0.9444444444444444;1.0
org.jfree.data.time.Hour;30;0.9310344827586207;0.9310344827586207
org.jfree.data.time.Millisecond;27;0.9230769230769231;0.8846153846153846
org.jfree.data.time.Minute;29;0.9285714285714286;0.8928571428571429
org.jfree.data.time.Month;29;0.9642857142857143;0.8571428571428571
org.jfree.data.time.Quarter;31;0.9333333333333333;0.9
org.jfree.data.time.RegularTimePeriod;15;;
org.jfree.data.time.Second;27;0.9230769230769231;0.8846153846153846
org.jfree.data.time.SerialDate;78;0.948051948051948;0.922077922077922
org.jfree.data.time.SimpleTimePeriod;12;0.9090909090909091;0.9090909090909091
org.jfree.data.time.SpreadsheetDate;25;0.9583333333333334;0.9583333333333334
org.jfree.data.time.TimePeriodAnchor;10;0.7777777777777778;0.8888888888888888
org.jfree.data.time.TimePeriodValue;12;0.9090909090909091;0.9090909090909091
org.jfree.data.time.TimePeriodValues;39;0.9210526315789473;0.8157894736842105
org.jfree.data.time.TimePeriodValuesCollection;25;0.9166666666666666;0.9166666666666666
org.jfree.data.time.TimeSeries;52;0.9411764705882353;0.8823529411764706
org.jfree.data.time.TimeSeriesCollection;36;0.9428571428571428;0.9142857142857143
org.jfree.data.time.TimeSeriesDataItem;12;0.9090909090909091;1.0
org.jfree.data.time.TimeSeriesTableModel;15;0.9285714285714286;0.8571428571428571
org.jfree.data.time.TimeTableXYDataset;36;0.9428571428571428;0.9142857142857143
org.jfree.data.time.Week;32;0.9354838709677419;0.8709677419354839
org.jfree.data.time.Year;25;0.9583333333333334;0.9166666666666666
org.jfree.data.time.ohlc.OHLC;10;0.8888888888888888;0.8888888888888888
org.jfree.data.time.ohlc.OHLCSeriesCollection;26;0.92;0.92
org.jfree.data.xml.ItemHandler;11;0.9;0.9
org.jfree.data.xy.CategoryTableXYDataset;28;0.9629629629629629;0.9629629629629629
org.jfree.data.xy.DefaultHighLowDataset;26;0.96;0.84
org.jfree.data.xy.DefaultIntervalXYDataset;22;0.9523809523809523;0.9523809523809523
org.jfree.data.xy.DefaultOHLCDataset;22;0.9523809523809523;0.9523809523809523
org.jfree.data.xy.DefaultTableXYDataset;41;0.925;0.925
org.jfree.data.xy.DefaultWindDataset;24;0.9130434782608695;0.8695652173913043
org.jfree.data.xy.DefaultXYDataset;17;0.9375;1.0
org.jfree.data.xy.DefaultXYZDataset;19;0.9444444444444444;0.9444444444444444
org.jfree.data.xy.IntervalXYDelegate;28;0.9259259259259259;0.8518518518518519
org.jfree.data.xy.MatrixSeries;13;0.8333333333333334;0.9166666666666666
org.jfree.data.xy.MatrixSeriesCollection;18;0.9411764705882353;0.9411764705882353
org.jfree.data.xy.OHLCDataItem;16;0.9333333333333333;0.8666666666666667
org.jfree.data.xy.VectorSeriesCollection;19;0.9444444444444444;0.9444444444444444
org.jfree.data.xy.XIntervalSeriesCollection;21;0.95;1.0
org.jfree.data.xy.XYBarDataset;24;0.9565217391304348;0.9565217391304348
org.jfree.data.xy.XYCoordinate;10;0.8888888888888888;0.8888888888888888
org.jfree.data.xy.XYDataItem;16;0.9333333333333333;0.9333333333333333
org.jfree.data.xy.XYDatasetTableModel;11;0.9;1.0
org.jfree.data.xy.XYInterval;12;0.9090909090909091;0.8181818181818182
org.jfree.data.xy.XYIntervalSeries;10;;
org.jfree.data.xy.XYIntervalSeriesCollection;23;0.9545454545454546;1.0
org.jfree.data.xy.XYSeries;52;0.9215686274509803;0.8431372549019608
org.jfree.data.xy.XYSeriesCollection;38;0.972972972972973;0.9459459459459459
org.jfree.data.xy.YIntervalSeriesCollection;21;0.95;0.95
