file;entities;metric;metric_random
net.sf.jftp.JFtp;57;0.8928571428571429;0.875
net.sf.jftp.config.Settings;92;0.978021978021978;0.978021978021978
net.sf.jftp.event.FtpEventHandler;12;0.9090909090909091;0.9090909090909091
net.sf.jftp.gui.AppMenuBar;19;0.8333333333333334;0.8888888888888888
net.sf.jftp.gui.DirEntry;35;0.8823529411764706;0.8235294117647058
net.sf.jftp.gui.DirLister;15;0.8571428571428571;0.7857142857142857
net.sf.jftp.gui.DirPanel;22;0.9523809523809523;0.9047619047619048
net.sf.jftp.gui.DownloadList;22;0.9047619047619048;0.9523809523809523
net.sf.jftp.gui.HostChooser;35;0.9411764705882353;0.8529411764705882
net.sf.jftp.gui.HostList;48;0.9361702127659575;0.8085106382978723
net.sf.jftp.gui.LocalDir;57;0.9285714285714286;0.7321428571428571
net.sf.jftp.gui.RemoteDir;52;0.9215686274509803;0.7647058823529411
net.sf.jftp.gui.SmbHostChooser;21;0.9;0.9
net.sf.jftp.gui.StatusCanvas;12;0.9090909090909091;0.9090909090909091
net.sf.jftp.gui.StatusPanel;11;0.8;0.9
net.sf.jftp.gui.framework.GUIDefaults;20;;
net.sf.jftp.gui.framework.HImageButton;22;0.9523809523809523;0.8571428571428571
net.sf.jftp.net.DataConnection;31;0.8333333333333334;0.8666666666666667
net.sf.jftp.net.FilesystemConnection;38;0.918918918918919;0.8648648648648649
net.sf.jftp.net.FtpClient;12;0.9090909090909091;0.9090909090909091
net.sf.jftp.net.FtpConnection;127;0.873015873015873;0.8015873015873016
net.sf.jftp.net.FtpServerSocket;50;0.9387755102040817;0.8163265306122449
net.sf.jftp.net.FtpURLConnection;16;0.9333333333333333;0.8666666666666667
net.sf.jftp.net.JConnection;20;0.9473684210526315;0.7894736842105263
net.sf.jftp.net.SmbConnection;43;0.9047619047619048;0.8095238095238095
net.sf.jftp.net.Transfer;28;0.8518518518518519;0.7777777777777778
net.sf.jftp.util.Log4JLogger;13;0.9166666666666666;0.9166666666666666
net.sf.jftp.util.StringUtils;10;;
net.sf.jftp.util.SystemLogger;13;0.9166666666666666;0.9166666666666666
