file;entities;metric;metric_random
org.jhotdraw.app.AbstractApplication;60;0.7966101694915254;0.7288135593220338
org.jhotdraw.app.AbstractApplicationModel;31;0.8666666666666667;0.7666666666666667
org.jhotdraw.app.AbstractView;36;0.8;0.8285714285714286
org.jhotdraw.app.AppletApplication;15;0.8571428571428571;0.9285714285714286
org.jhotdraw.app.DefaultMenuBuilder;22;;
org.jhotdraw.app.EmptyMenuBuilder;22;;
org.jhotdraw.app.MDIApplication;24;0.782608695652174;0.782608695652174
org.jhotdraw.app.OSXApplication;30;0.7931034482758621;0.7931034482758621
org.jhotdraw.app.SDIApplication;22;0.7142857142857143;0.8571428571428571
org.jhotdraw.app.action.AbstractApplicationAction;11;0.8;0.8
org.jhotdraw.app.action.AbstractViewAction;19;0.7777777777777778;0.7222222222222222
org.jhotdraw.app.action.app.ExitAction;13;0.8333333333333334;0.8333333333333334
org.jhotdraw.app.action.edit.RedoAction;10;0.8888888888888888;0.8888888888888888
org.jhotdraw.app.action.edit.UndoAction;10;0.8888888888888888;0.7777777777777778
org.jhotdraw.app.action.view.ToggleViewPropertyAction;14;0.8461538461538461;0.7692307692307693
org.jhotdraw.app.action.view.ViewPropertyAction;12;0.9090909090909091;0.8181818181818182
org.jhotdraw.app.action.window.FocusWindowAction;11;0.8;0.8
org.jhotdraw.app.osx.OSXAdapter;19;0.7777777777777778;0.8333333333333334
org.jhotdraw.app.osx.OSXPaletteHandler;16;0.8666666666666667;0.8666666666666667
org.jhotdraw.beans.AbstractBean;10;0.7777777777777778;0.8888888888888888
org.jhotdraw.beans.PropertyChangeEdit;21;0.9;0.8
org.jhotdraw.color.AbstractColorWheelImageProducer;21;0.9;0.85
org.jhotdraw.color.CIELABColorSpace;20;0.8947368421052632;0.8421052631578947
org.jhotdraw.color.CIELCHabColorSpace;20;0.8947368421052632;0.8421052631578947
org.jhotdraw.color.CIEXYChromaticityDiagramImageProducer;22;0.8571428571428571;0.7619047619047619
org.jhotdraw.color.CMYKNominalColorSpace;13;0.9166666666666666;0.8333333333333334
org.jhotdraw.color.ColorSliderUI;33;0.90625;0.8125
org.jhotdraw.color.ColorSquareImageProducer;12;0.9090909090909091;0.7272727272727273
org.jhotdraw.color.ColorTrackImageProducer;19;0.8888888888888888;0.8333333333333334
org.jhotdraw.color.ColorUtil;11;0.9;0.9
org.jhotdraw.color.ColorWheelChooser;12;0.7272727272727273;0.8181818181818182
org.jhotdraw.color.ComplexColorWheelImageProducer;13;0.9166666666666666;0.8333333333333334
org.jhotdraw.color.DefaultColorSliderModel;22;0.9047619047619048;0.7619047619047619
org.jhotdraw.color.DefaultHarmonicColorModel;33;0.90625;0.78125
org.jhotdraw.color.HSBColorSpace;13;0.9166666666666666;0.9166666666666666
org.jhotdraw.color.HSLColorSpace;13;0.9166666666666666;0.9166666666666666
org.jhotdraw.color.HSLHarmonicColorWheelImageProducer;11;0.8;0.8
org.jhotdraw.color.HSLPhysiologicColorSpace;13;0.9166666666666666;0.9166666666666666
org.jhotdraw.color.HSVColorSpace;13;0.9166666666666666;0.9166666666666666
org.jhotdraw.color.HSVHarmonicColorWheelImageProducer;11;0.8;0.8
org.jhotdraw.color.HSVPhysiologicColorSpace;13;0.9166666666666666;0.8333333333333334
org.jhotdraw.color.JColorWheel;39;0.8421052631578947;0.7631578947368421
org.jhotdraw.color.JHarmonicColorWheel;20;0.7894736842105263;0.7894736842105263
org.jhotdraw.color.QuantizingColorWheelImageProducer;12;0.9090909090909091;0.9090909090909091
org.jhotdraw.draw.AbstractAttributedCompositeFigure;29;0.75;0.7142857142857143
org.jhotdraw.draw.AbstractAttributedDecoratedFigure;16;0.6666666666666666;0.8666666666666667
org.jhotdraw.draw.AbstractAttributedFigure;27;0.7692307692307693;0.7692307692307693
org.jhotdraw.draw.AbstractCompositeFigure;65;0.84375;0.828125
org.jhotdraw.draw.AbstractDrawing;22;0.9523809523809523;0.8095238095238095
org.jhotdraw.draw.AbstractFigure;67;0.7878787878787878;0.7575757575757576
org.jhotdraw.draw.AttributeKey;25;0.8333333333333334;0.75
org.jhotdraw.draw.AttributeKeys;52;0.9607843137254902;0.9803921568627451
org.jhotdraw.draw.BezierFigure;57;0.8214285714285714;0.75
org.jhotdraw.draw.DefaultDrawing;22;0.8571428571428571;0.8571428571428571
org.jhotdraw.draw.DefaultDrawingEditor;35;0.9117647058823529;0.7941176470588235
org.jhotdraw.draw.DefaultDrawingView;110;0.7981651376146789;0.7155963302752294
org.jhotdraw.draw.DefaultDrawingViewBeanInfo;25;0.9583333333333334;0.875
org.jhotdraw.draw.DefaultDrawingViewTransferHandler;15;0.7857142857142857;0.8571428571428571
org.jhotdraw.draw.DiamondFigure;16;0.9333333333333333;0.8666666666666667
org.jhotdraw.draw.DrawingEditorProxy;27;0.9615384615384616;0.9230769230769231
org.jhotdraw.draw.EllipseFigure;15;0.9285714285714286;0.9285714285714286
org.jhotdraw.draw.GraphicalCompositeFigure;33;0.6875;0.75
org.jhotdraw.draw.GridConstrainer;31;0.8666666666666667;0.7333333333333333
org.jhotdraw.draw.ImageFigure;30;0.8620689655172413;0.8620689655172413
org.jhotdraw.draw.LabelFigure;14;0.9230769230769231;0.9230769230769231
org.jhotdraw.draw.LabeledLineConnectionFigure;41;0.9;0.875
org.jhotdraw.draw.LineConnectionFigure;41;0.85;0.85
org.jhotdraw.draw.QuadTreeCompositeFigure;29;0.8214285714285714;0.7857142857142857
org.jhotdraw.draw.QuadTreeDrawing;29;0.8928571428571429;0.8928571428571429
org.jhotdraw.draw.RectangleFigure;13;0.9166666666666666;0.9166666666666666
org.jhotdraw.draw.RoundRectangleFigure;26;0.92;0.84
org.jhotdraw.draw.TextAreaFigure;40;0.8461538461538461;0.8717948717948718
org.jhotdraw.draw.TextFigure;39;0.9210526315789473;0.9210526315789473
org.jhotdraw.draw.TriangleFigure;20;0.8421052631578947;0.7894736842105263
org.jhotdraw.draw.action.AbstractDrawingEditorAction;13;0.75;0.75
org.jhotdraw.draw.action.AbstractDrawingViewAction;18;0.8235294117647058;0.7647058823529411
org.jhotdraw.draw.action.AbstractSelectedAction;15;0.7142857142857143;0.7142857142857143
org.jhotdraw.draw.action.AttributeAction;10;0.8888888888888888;1.0
org.jhotdraw.draw.action.AttributeToggler;10;0.7777777777777778;0.8888888888888888
org.jhotdraw.draw.action.ButtonFactory;78;0.987012987012987;0.987012987012987
org.jhotdraw.draw.action.ColorIcon;15;0.9285714285714286;0.8571428571428571
org.jhotdraw.draw.action.DefaultAttributeAction;13;0.75;0.9166666666666666
org.jhotdraw.draw.action.EditCanvasAction;10;0.7777777777777778;0.7777777777777778
org.jhotdraw.draw.action.EditCanvasPanel;20;0.8421052631578947;0.8947368421052632
org.jhotdraw.draw.action.EditGridAction;10;0.7777777777777778;0.7777777777777778
org.jhotdraw.draw.action.EditGridPanel;12;0.9090909090909091;0.8181818181818182
org.jhotdraw.draw.action.EditorColorChooserAction;10;0.7777777777777778;0.8888888888888888
org.jhotdraw.draw.action.GroupAction;12;0.7272727272727273;0.8181818181818182
org.jhotdraw.draw.action.ImageBevelBorder;11;0.9;0.9
org.jhotdraw.draw.connector.AbstractConnector;24;0.8260869565217391;0.8260869565217391
org.jhotdraw.draw.connector.LocatorConnector;10;0.8888888888888888;0.6666666666666666
org.jhotdraw.draw.connector.StickyRectangleConnector;13;0.75;0.8333333333333334
org.jhotdraw.draw.decoration.AbstractLineDecoration;16;0.8666666666666667;0.8
org.jhotdraw.draw.decoration.ArrowTip;10;0.8888888888888888;0.7777777777777778
org.jhotdraw.draw.event.AbstractAttributeEditorHandler;30;0.7586206896551724;0.6896551724137931
org.jhotdraw.draw.event.FigureEvent;11;0.7;0.8
org.jhotdraw.draw.event.HandleMulticaster;11;0.9;1.0
org.jhotdraw.draw.event.SelectionComponentDisplayer;13;0.6666666666666666;0.8333333333333334
org.jhotdraw.draw.event.TransformEdit;10;0.8888888888888888;0.7777777777777778
org.jhotdraw.draw.gui.JAttributeSlider;14;0.8461538461538461;0.9230769230769231
org.jhotdraw.draw.gui.JAttributeSliderBeanInfo;25;0.9583333333333334;0.875
org.jhotdraw.draw.gui.JAttributeTextArea;11;0.8;0.9
org.jhotdraw.draw.gui.JAttributeTextAreaBeanInfo;25;0.9583333333333334;0.875
org.jhotdraw.draw.gui.JAttributeTextField;11;0.8;0.8
org.jhotdraw.draw.gui.JAttributeTextFieldBeanInfo;25;0.9583333333333334;0.875
org.jhotdraw.draw.handle.AbstractConnectionHandle;31;0.7666666666666667;0.8
org.jhotdraw.draw.handle.AbstractHandle;45;0.8636363636363636;0.7727272727272727
org.jhotdraw.draw.handle.AbstractRotateHandle;21;0.9;0.7
org.jhotdraw.draw.handle.BezierControlPointHandle;21;0.8;0.8
org.jhotdraw.draw.handle.BezierNodeHandle;22;0.7619047619047619;0.7619047619047619
org.jhotdraw.draw.handle.BezierOutlineHandle;10;0.8888888888888888;0.7777777777777778
org.jhotdraw.draw.handle.BezierScaleHandle;16;0.8;0.8
org.jhotdraw.draw.handle.BoundsOutlineHandle;17;0.9375;0.8125
org.jhotdraw.draw.handle.ConnectorHandle;24;0.7391304347826086;0.7391304347826086
org.jhotdraw.draw.handle.FontSizeHandle;13;0.9166666666666666;0.8333333333333334
org.jhotdraw.draw.handle.HandleAttributeKeys;106;0.9904761904761905;0.9809523809523809
org.jhotdraw.draw.handle.MoveHandle;17;0.9375;0.9375
org.jhotdraw.draw.handle.OrientationHandle;11;0.8;0.9
org.jhotdraw.draw.handle.ResizeHandleKit;13;0.9166666666666666;0.9166666666666666
org.jhotdraw.draw.handle.RoundRectangleRadiusHandle;11;0.8;0.8
org.jhotdraw.draw.handle.TransformHandleKit;15;1.0;0.9285714285714286
org.jhotdraw.draw.io.DOMStorableInputOutputFormat;24;0.8260869565217391;0.7391304347826086
org.jhotdraw.draw.io.ImageInputFormat;19;0.7777777777777778;0.7222222222222222
org.jhotdraw.draw.io.ImageOutputFormat;19;0.7777777777777778;0.7777777777777778
org.jhotdraw.draw.io.SerializationInputOutputFormat;23;0.8636363636363636;0.7727272727272727
org.jhotdraw.draw.io.TextInputFormat;18;0.7647058823529411;0.7647058823529411
org.jhotdraw.draw.locator.BezierLabelLocator;11;0.8;0.8
org.jhotdraw.draw.locator.RelativeDecoratorLocator;14;0.9230769230769231;0.8461538461538461
org.jhotdraw.draw.locator.RelativeLocator;29;0.9642857142857143;0.8928571428571429
org.jhotdraw.draw.text.FloatingTextArea;14;0.8461538461538461;0.7692307692307693
org.jhotdraw.draw.text.FloatingTextField;14;0.8461538461538461;0.8461538461538461
org.jhotdraw.draw.tool.AbstractTool;52;0.8823529411764706;0.7254901960784313
org.jhotdraw.draw.tool.BezierTool;31;0.7;0.7
org.jhotdraw.draw.tool.ConnectionTool;31;0.7666666666666667;0.7666666666666667
org.jhotdraw.draw.tool.CreationTool;26;0.84;0.76
org.jhotdraw.draw.tool.DefaultDragTracker;15;0.7857142857142857;0.7857142857142857
org.jhotdraw.draw.tool.DefaultHandleTracker;24;0.8695652173913043;0.8260869565217391
org.jhotdraw.draw.tool.DefaultSelectAreaTracker;18;0.7647058823529411;0.7647058823529411
org.jhotdraw.draw.tool.DelegationSelectionTool;20;0.8421052631578947;0.6842105263157895
org.jhotdraw.draw.tool.DnDTracker;14;0.8461538461538461;0.8461538461538461
org.jhotdraw.draw.tool.ImageTool;11;0.8;0.7
org.jhotdraw.draw.tool.SelectionTool;31;0.8666666666666667;0.7
org.jhotdraw.draw.tool.TextAreaCreationTool;14;0.6923076923076923;0.7692307692307693
org.jhotdraw.draw.tool.TextAreaEditingTool;11;0.7;0.8
org.jhotdraw.draw.tool.TextCreationTool;15;0.7142857142857143;0.8571428571428571
org.jhotdraw.draw.tool.TextEditingTool;13;0.6666666666666666;0.8333333333333334
org.jhotdraw.geom.Bezier;37;0.9444444444444444;0.8888888888888888
org.jhotdraw.geom.BezierPath;52;0.9019607843137255;0.8431372549019608
org.jhotdraw.geom.BezierPathIterator;11;0.8;0.8
org.jhotdraw.geom.Dimension2DDouble;13;0.9166666666666666;0.8333333333333334
org.jhotdraw.geom.DoubleStroke;12;0.8181818181818182;0.8181818181818182
org.jhotdraw.geom.Geom;47;0.9565217391304348;0.9347826086956522
org.jhotdraw.geom.Insets2D;16;0.9333333333333333;0.8666666666666667
org.jhotdraw.geom.Polygon2D;21;0.9;0.75
org.jhotdraw.geom.QuadTree;14;0.9230769230769231;0.8461538461538461
org.jhotdraw.gui.JDisclosureToolBar;10;0.7777777777777778;0.8888888888888888
org.jhotdraw.gui.JDisclosureToolBarBeanInfo;25;0.9583333333333334;0.9166666666666666
org.jhotdraw.gui.JFontChooser;35;0.7352941176470589;0.7941176470588235
org.jhotdraw.gui.JLifeFormattedTexAreaBeanInfo;25;0.9583333333333334;0.875
org.jhotdraw.gui.JLifeFormattedTextField;11;0.8;0.8
org.jhotdraw.gui.JLifeFormattedTextFieldBeanInfo;25;0.9583333333333334;0.875
org.jhotdraw.gui.JMDIDesktopPane;20;0.6842105263157895;0.7894736842105263
org.jhotdraw.gui.JPopupButton;36;0.8857142857142857;0.7428571428571429
org.jhotdraw.gui.JPopupButtonBeanInfo;25;0.9583333333333334;0.875
org.jhotdraw.gui.JSheet;57;0.8214285714285714;0.6964285714285714
org.jhotdraw.gui.ToolBarLayout;15;0.9285714285714286;0.8571428571428571
org.jhotdraw.gui.VerticalGridLayout;26;0.96;0.84
org.jhotdraw.gui.Worker;12;0.6363636363636364;0.7272727272727273
org.jhotdraw.gui.event.SheetEvent;15;0.8571428571428571;0.8571428571428571
org.jhotdraw.gui.fontchooser.AbstractFontChooserModel;10;0.7777777777777778;0.8888888888888888
org.jhotdraw.gui.fontchooser.DefaultFontChooserModel;12;0.8181818181818182;1.0
org.jhotdraw.gui.fontchooser.FontCollectionNode;29;0.8571428571428571;0.8214285714285714
org.jhotdraw.gui.fontchooser.FontFaceNode;25;0.875;0.8333333333333334
org.jhotdraw.gui.fontchooser.FontFamilyNode;27;0.8461538461538461;0.8461538461538461
org.jhotdraw.gui.plaf.palette.MultiIcon;13;0.8333333333333334;0.75
org.jhotdraw.gui.plaf.palette.PaletteColorChooserUI;20;0.7894736842105263;0.7368421052631579
org.jhotdraw.gui.plaf.palette.PaletteFontChooserSelectionPanel;18;0.9411764705882353;0.8823529411764706
org.jhotdraw.gui.plaf.palette.PaletteFontChooserUI;24;0.8260869565217391;0.782608695652174
org.jhotdraw.gui.plaf.palette.PaletteLabelUI;12;0.9090909090909091;0.8181818181818182
org.jhotdraw.gui.plaf.palette.PaletteLazyActionMap;14;0.9230769230769231;0.9230769230769231
org.jhotdraw.gui.plaf.palette.PaletteLookAndFeel;23;0.9090909090909091;0.8636363636363636
org.jhotdraw.gui.plaf.palette.PaletteSliderThumbIcon;14;0.7692307692307693;0.7692307692307693
org.jhotdraw.gui.plaf.palette.PaletteSliderUI;16;0.9333333333333333;0.8
org.jhotdraw.gui.plaf.palette.PaletteTabbedPaneUI;22;0.9047619047619048;0.8571428571428571
org.jhotdraw.gui.plaf.palette.PaletteToolBarBorder;12;0.8181818181818182;0.8181818181818182
org.jhotdraw.gui.plaf.palette.PaletteToolBarUI;88;0.7816091954022989;0.6666666666666666
org.jhotdraw.gui.plaf.palette.colorchooser.ColorIcon;15;0.9285714285714286;0.7857142857142857
org.jhotdraw.gui.plaf.palette.colorchooser.PaletteCMYKChooser;37;0.9444444444444444;0.8888888888888888
org.jhotdraw.gui.plaf.palette.colorchooser.PaletteColorSlidersChooser;12;0.8181818181818182;0.9090909090909091
org.jhotdraw.gui.plaf.palette.colorchooser.PaletteColorWheelChooser;12;0.7272727272727273;0.8181818181818182
org.jhotdraw.gui.plaf.palette.colorchooser.PaletteHSBChooser;31;0.9333333333333333;0.8666666666666667
org.jhotdraw.gui.plaf.palette.colorchooser.PaletteRGBChooser;25;0.9166666666666666;0.7916666666666666
org.jhotdraw.gui.plaf.palette.colorchooser.PaletteSwatchesChooser;14;0.7692307692307693;0.9230769230769231
org.jhotdraw.io.Base64;31;0.8666666666666667;0.7333333333333333
org.jhotdraw.io.BoundedRangeInputStream;26;0.8;0.84
org.jhotdraw.io.StreamPosTokenizer;65;0.9375;0.78125
org.jhotdraw.net.ClientHttpRequest;48;0.851063829787234;0.7659574468085106
org.jhotdraw.samples.color.JMixer;58;0.9824561403508771;0.9824561403508771
org.jhotdraw.samples.color.WheelsAndSlidersMain;15;0.8571428571428571;0.9285714285714286
org.jhotdraw.samples.draw.DrawApplet;15;0.6428571428571429;0.7857142857142857
org.jhotdraw.samples.draw.DrawLiveConnectApplet;17;0.875;0.875
org.jhotdraw.samples.draw.DrawView;16;0.7333333333333333;0.7333333333333333
org.jhotdraw.samples.draw.DrawingPanel;17;0.875;0.875
org.jhotdraw.samples.draw.DrawingPanelBeanInfo;25;0.9583333333333334;0.875
org.jhotdraw.samples.mini.BezierDemo;25;0.9166666666666666;0.9583333333333334
org.jhotdraw.samples.mini.SVGDrawingPanelSample;17;0.875;0.875
org.jhotdraw.samples.mini.StraightLineFigure;11;0.9;0.9
org.jhotdraw.samples.net.NetApplet;15;0.6428571428571429;0.8571428571428571
org.jhotdraw.samples.net.NetApplicationModel;12;0.7272727272727273;0.8181818181818182
org.jhotdraw.samples.net.NetPanel;16;0.9333333333333333;0.8666666666666667
org.jhotdraw.samples.net.NetView;22;0.8571428571428571;0.7619047619047619
org.jhotdraw.samples.net.figures.NodeFigure;17;0.875;0.8125
org.jhotdraw.samples.odg.ODGApplicationModel;16;0.8666666666666667;0.7333333333333333
org.jhotdraw.samples.odg.ODGAttributeKeys;14;0.8461538461538461;0.8461538461538461
org.jhotdraw.samples.odg.ODGDrawingPanel;17;0.9375;0.875
org.jhotdraw.samples.odg.ODGDrawingPanelBeanInfo;25;0.9583333333333334;0.875
org.jhotdraw.samples.odg.ODGPropertiesPanel;15;0.8571428571428571;0.9285714285714286
org.jhotdraw.samples.odg.ODGPropertiesPanelBeanInfo;25;0.9583333333333334;0.875
org.jhotdraw.samples.odg.ODGView;29;0.8214285714285714;0.7857142857142857
org.jhotdraw.samples.odg.figures.ODGEllipseFigure;24;0.8260869565217391;0.8260869565217391
org.jhotdraw.samples.odg.figures.ODGGroupFigure;12;0.8181818181818182;0.8181818181818182
org.jhotdraw.samples.odg.figures.ODGPathFigure;27;0.8846153846153846;0.8846153846153846
org.jhotdraw.samples.odg.figures.ODGPathOutlineHandle;10;0.7777777777777778;0.7777777777777778
org.jhotdraw.samples.odg.figures.ODGRectFigure;33;0.84375;0.78125
org.jhotdraw.samples.odg.figures.ODGRectRadiusHandle;12;0.7272727272727273;0.8181818181818182
org.jhotdraw.samples.odg.geom.EnhancedPath;28;0.9259259259259259;0.8518518518518519
org.jhotdraw.samples.odg.io.ODGInputFormat;50;0.8571428571428571;0.7959183673469388
org.jhotdraw.samples.odg.io.ODGStylesReader;29;0.8928571428571429;0.8928571428571429
org.jhotdraw.samples.pert.PertApplet;15;0.7142857142857143;0.7142857142857143
org.jhotdraw.samples.pert.PertApplicationModel;12;0.7272727272727273;0.8181818181818182
org.jhotdraw.samples.pert.PertPanel;16;0.9333333333333333;0.8666666666666667
org.jhotdraw.samples.pert.PertView;21;0.85;0.7
org.jhotdraw.samples.pert.figures.TaskFigure;24;0.8260869565217391;0.8260869565217391
org.jhotdraw.samples.svg.LinearGradient;33;0.875;0.71875
org.jhotdraw.samples.svg.RadialGradient;33;0.875;0.75
org.jhotdraw.samples.svg.SVGApplet;20;0.6842105263157895;0.7894736842105263
org.jhotdraw.samples.svg.SVGApplicationModel;14;0.9230769230769231;0.8461538461538461
org.jhotdraw.samples.svg.SVGAttributeKeys;20;0.8947368421052632;0.8947368421052632
org.jhotdraw.samples.svg.SVGConstants;11;1.0;1.0
org.jhotdraw.samples.svg.SVGCreateFromFileTool;14;0.8461538461538461;0.6923076923076923
org.jhotdraw.samples.svg.SVGDrawingPanel;40;0.8717948717948718;0.7692307692307693
org.jhotdraw.samples.svg.SVGDrawingPanelBeanInfo;25;0.9583333333333334;0.875
org.jhotdraw.samples.svg.SVGView;22;0.7142857142857143;0.7619047619047619
org.jhotdraw.samples.svg.action.CombineAction;15;0.7142857142857143;0.7142857142857143
org.jhotdraw.samples.svg.figures.ConvexHullOutlineHandle;20;0.9473684210526315;0.7368421052631579
org.jhotdraw.samples.svg.figures.SVGBezierFigure;12;0.8181818181818182;0.9090909090909091
org.jhotdraw.samples.svg.figures.SVGEllipseFigure;24;0.8260869565217391;0.8695652173913043
org.jhotdraw.samples.svg.figures.SVGGroupFigure;12;0.9090909090909091;0.9090909090909091
org.jhotdraw.samples.svg.figures.SVGImageFigure;36;0.8571428571428571;0.8571428571428571
org.jhotdraw.samples.svg.figures.SVGPathFigure;28;0.8888888888888888;0.8888888888888888
org.jhotdraw.samples.svg.figures.SVGPathOutlineHandle;10;0.8888888888888888;1.0
org.jhotdraw.samples.svg.figures.SVGRectFigure;34;0.8787878787878788;0.7575757575757576
org.jhotdraw.samples.svg.figures.SVGRectRadiusHandle;12;0.8181818181818182;0.8181818181818182
org.jhotdraw.samples.svg.figures.SVGTextAreaFigure;42;0.8780487804878049;0.8780487804878049
org.jhotdraw.samples.svg.figures.SVGTextFigure;45;0.8863636363636364;0.8863636363636364
org.jhotdraw.samples.svg.gui.AbstractToolBar;17;0.6875;0.75
org.jhotdraw.samples.svg.gui.AbstractToolBarBeanInfo;25;0.9583333333333334;0.875
org.jhotdraw.samples.svg.gui.ActionsToolBar;13;0.75;0.75
org.jhotdraw.samples.svg.gui.ActionsToolBarBeanInfo;25;0.9583333333333334;0.8333333333333334
org.jhotdraw.samples.svg.gui.AlignToolBarBeanInfo;25;0.9583333333333334;0.875
org.jhotdraw.samples.svg.gui.ArrangeToolBarBeanInfo;25;0.9583333333333334;0.875
org.jhotdraw.samples.svg.gui.CanvasToolBarBeanInfo;25;0.9583333333333334;0.8333333333333334
org.jhotdraw.samples.svg.gui.FigureToolBarBeanInfo;25;0.9583333333333334;0.875
org.jhotdraw.samples.svg.gui.FillToolBarBeanInfo;25;0.9583333333333334;0.8333333333333334
org.jhotdraw.samples.svg.gui.FontToolBarBeanInfo;25;0.9583333333333334;0.875
org.jhotdraw.samples.svg.gui.LinkToolBarBeanInfo;25;0.9583333333333334;0.875
org.jhotdraw.samples.svg.gui.MessagePanel;13;0.9166666666666666;0.8333333333333334
org.jhotdraw.samples.svg.gui.ProgressIndicator;21;0.9;0.9
org.jhotdraw.samples.svg.gui.StrokeToolBarBeanInfo;25;0.9583333333333334;0.875
org.jhotdraw.samples.svg.gui.SummaryToolBarBeanInfo;25;0.9583333333333334;0.875
org.jhotdraw.samples.svg.gui.ToolsToolBarBeanInfo;25;0.9583333333333334;0.875
org.jhotdraw.samples.svg.gui.ViewToolBarBeanInfo;25;0.9583333333333334;0.875
org.jhotdraw.samples.svg.io.DefaultSVGFigureFactory;14;1.0;1.0
org.jhotdraw.samples.svg.io.ImageMapOutputFormat;30;0.8620689655172413;0.8275862068965517
org.jhotdraw.samples.svg.io.SVGInputFormat;78;0.8441558441558441;0.7792207792207793
org.jhotdraw.samples.svg.io.SVGOutputFormat;61;0.9;0.7333333333333333
org.jhotdraw.samples.teddy.CharacterSetAccessory;12;0.8181818181818182;0.8181818181818182
org.jhotdraw.samples.teddy.FindDialog;32;0.9032258064516129;0.8064516129032258
org.jhotdraw.samples.teddy.JEditorArea;11;0.8;0.8
org.jhotdraw.samples.teddy.TeddyView;39;0.7368421052631579;0.7631578947368421
org.jhotdraw.samples.teddy.regex.Matcher;18;0.9411764705882353;0.8823529411764706
org.jhotdraw.text.ColorFormatter;26;0.84;0.76
org.jhotdraw.text.FontFormatter;15;0.7857142857142857;0.9285714285714286
org.jhotdraw.text.JavaNumberFormatter;49;0.8958333333333334;0.7708333333333334
org.jhotdraw.undo.CompositeEdit;14;0.8461538461538461;0.7692307692307693
org.jhotdraw.undo.UndoRedoManager;28;0.7777777777777778;0.7777777777777778
org.jhotdraw.util.Methods;23;0.9545454545454546;0.9545454545454546
org.jhotdraw.util.ResourceBundleUtil;40;0.8717948717948718;0.7948717948717948
org.jhotdraw.util.prefs.PreferencesUtil;50;0.9387755102040817;0.8163265306122449
org.jhotdraw.util.prefs.ToolBarPrefsHandler;12;0.8181818181818182;0.8181818181818182
org.jhotdraw.xml.DefaultDOMFactory;16;0.9333333333333333;0.8
org.jhotdraw.xml.JavaxDOMInput;25;0.875;0.7916666666666666
org.jhotdraw.xml.JavaxDOMOutput;27;0.9230769230769231;0.8461538461538461
org.jhotdraw.xml.NanoXMLDOMInput;24;0.9130434782608695;0.8695652173913043
org.jhotdraw.xml.NanoXMLDOMOutput;29;0.9285714285714286;0.8214285714285714
org.jhotdraw.xml.css.CSSRule;12;0.8181818181818182;0.8181818181818182
