file;entities;metric;metric_random
junit.framework.Assert;39;0.9736842105263158;0.9736842105263158
junit.framework.ComparisonCompactor;16;0.9333333333333333;0.9333333333333333
junit.framework.JUnit4TestAdapter;15;0.7857142857142857;0.7857142857142857
junit.framework.TestCase;14;0.7692307692307693;0.8461538461538461
junit.framework.TestResult;23;0.8636363636363636;0.8636363636363636
junit.framework.TestSuite;26;0.92;0.84
junit.runner.BaseTestRunner;34;0.8484848484848485;0.7878787878787878
junit.textui.ResultPrinter;19;0.7777777777777778;0.7777777777777778
junit.textui.TestRunner;22;0.7619047619047619;0.7619047619047619
org.junit.Assert;47;0.8913043478260869;0.7608695652173914
org.junit.experimental.theories.ParameterSignature;14;0.8461538461538461;0.8461538461538461
org.junit.experimental.theories.internal.Assignments;17;0.875;0.9375
org.junit.internal.TextListener;13;0.8333333333333334;0.75
org.junit.internal.runners.ClassRoadie;10;0.7777777777777778;0.7777777777777778
org.junit.internal.runners.JUnit4ClassRunner;20;0.7368421052631579;0.8421052631578947
org.junit.internal.runners.MethodRoadie;13;0.75;0.9166666666666666
org.junit.internal.runners.TestClass;13;0.75;0.75
org.junit.internal.runners.TestMethod;11;0.8;0.8
org.junit.runner.Description;23;0.9090909090909091;0.9090909090909091
org.junit.runner.JUnitCore;14;0.8461538461538461;0.9230769230769231
org.junit.runner.Request;10;0.8888888888888888;1.0
org.junit.runner.Result;12;0.9090909090909091;0.8181818181818182
org.junit.runner.notification.RunNotifier;13;0.9166666666666666;0.9166666666666666
org.junit.runners.BlockJUnit4ClassRunner;24;0.8695652173913043;0.7391304347826086
org.junit.runners.ParentRunner;26;0.88;0.8
org.junit.runners.Suite;10;0.8888888888888888;0.7777777777777778
org.junit.runners.model.FrameworkMethod;15;0.7142857142857143;0.7857142857142857
org.junit.runners.model.TestClass;14;0.6923076923076923;0.8461538461538461
