file;entities;metric;metric_random
org.lwjgl.BufferChecks;31;0.9333333333333333;0.9
org.lwjgl.BufferUtils;18;1.0;1.0
org.lwjgl.LWJGLUtil;24;0.9130434782608695;0.9130434782608695
org.lwjgl.NondirectBufferWrapper;51;0.98;0.82
org.lwjgl.PointerBuffer;50;0.9387755102040817;0.8979591836734694
org.lwjgl.Sys;17;0.9375;0.8125
org.lwjgl.WindowsSysImplementation;13;0.6666666666666666;0.8333333333333334
org.lwjgl.examples.Game;11;0.9;0.9
org.lwjgl.examples.spaceinvaders.AlienEntity;14;0.9230769230769231;0.8461538461538461
org.lwjgl.examples.spaceinvaders.Entity;19;0.8888888888888888;0.8333333333333334
org.lwjgl.examples.spaceinvaders.Game;53;0.9038461538461539;0.8269230769230769
org.lwjgl.examples.spaceinvaders.SoundManager;13;0.9166666666666666;0.9166666666666666
org.lwjgl.examples.spaceinvaders.Texture;20;0.9473684210526315;0.8947368421052632
org.lwjgl.examples.spaceinvaders.TextureLoader;11;0.8;0.9
org.lwjgl.input.ControllerEvent;21;0.9;0.9
org.lwjgl.input.Controllers;24;0.9130434782608695;0.8260869565217391
org.lwjgl.input.Cursor;19;0.8333333333333334;0.7777777777777778
org.lwjgl.input.JInputController;48;0.9574468085106383;0.8085106382978723
org.lwjgl.input.Keyboard;165;0.975609756097561;0.9085365853658537
org.lwjgl.input.Mouse;68;0.9253731343283582;0.7761194029850746
org.lwjgl.openal.AL;16;0.8;0.8666666666666667
org.lwjgl.openal.ALC10;52;0.7058823529411765;0.8431372549019608
org.lwjgl.openal.ALC11;19;0.7777777777777778;0.8333333333333334
org.lwjgl.opencl.APIUtil;49;0.9375;0.8333333333333334
org.lwjgl.opencl.CL;12;0.9090909090909091;0.8181818181818182
org.lwjgl.opencl.CLCommandQueue;10;0.7777777777777778;0.7777777777777778
org.lwjgl.opencl.CLContext;31;0.9333333333333333;0.7333333333333333
org.lwjgl.opencl.CLDevice;21;0.9;0.8
org.lwjgl.opencl.CLKernel;16;0.8666666666666667;0.9333333333333333
org.lwjgl.opencl.CLMem;18;0.8823529411764706;0.8823529411764706
org.lwjgl.opencl.CLPlatform;21;0.8;0.7
org.lwjgl.opencl.CLProgram;16;0.8666666666666667;0.8
org.lwjgl.opencl.CallbackUtil;16;0.8666666666666667;0.9333333333333333
org.lwjgl.opencl.FastLongMap;17;0.8125;0.8125
org.lwjgl.opencl.InfoUtilAbstract;10;0.8888888888888888;0.8888888888888888
org.lwjgl.opencl.InfoUtilFactory;10;0.8888888888888888;0.8888888888888888
org.lwjgl.opengl.APIUtil;27;0.8846153846153846;0.8076923076923077
org.lwjgl.opengl.AWTGLCanvas;45;0.9090909090909091;0.8181818181818182
org.lwjgl.opengl.AWTSurfaceLock;10;0.6666666666666666;0.8888888888888888
org.lwjgl.opengl.AWTUtil;11;0.9;0.9
org.lwjgl.opengl.AbstractDrawable;11;0.9;0.9
org.lwjgl.opengl.BaseReferences;12;;
org.lwjgl.opengl.CallbackUtil;12;0.8181818181818182;0.8181818181818182
org.lwjgl.opengl.Context;28;0.8148148148148148;0.7777777777777778
org.lwjgl.opengl.ContextAttribs;35;0.8823529411764706;0.7941176470588235
org.lwjgl.opengl.Display;77;0.8552631578947368;0.7763157894736842
org.lwjgl.opengl.DisplayMode;13;0.8333333333333334;0.9166666666666666
org.lwjgl.opengl.FastIntMap;17;0.8125;0.75
org.lwjgl.opengl.GLChecks;24;0.9565217391304348;0.8695652173913043
org.lwjgl.opengl.GLContext;21;0.75;0.75
org.lwjgl.opengl.KeyboardEventQueue;23;0.8181818181818182;0.8636363636363636
org.lwjgl.opengl.LinuxContextAttribs;19;0.8888888888888888;0.7777777777777778
org.lwjgl.opengl.LinuxContextImplementation;18;0.5882352941176471;0.7647058823529411
org.lwjgl.opengl.LinuxDisplay;196;0.8256410256410256;0.7538461538461538
org.lwjgl.opengl.LinuxEvent;68;0.6119402985074627;0.8059701492537313
org.lwjgl.opengl.LinuxKeyboard;61;0.9333333333333333;0.9333333333333333
org.lwjgl.opengl.LinuxKeycodes;366;;
org.lwjgl.opengl.LinuxMouse;49;0.8958333333333334;0.8958333333333334
org.lwjgl.opengl.MacOSXCanvasListener;15;0.7857142857142857;0.7857142857142857
org.lwjgl.opengl.MacOSXContextAttribs;19;0.8888888888888888;0.7777777777777778
org.lwjgl.opengl.MacOSXContextImplementation;20;0.5263157894736842;0.8421052631578947
org.lwjgl.opengl.MacOSXDisplay;65;0.890625;0.859375
org.lwjgl.opengl.MacOSXFrame;30;0.896551724137931;0.8275862068965517
org.lwjgl.opengl.MacOSXMouseEventQueue;12;0.6363636363636364;0.8181818181818182
org.lwjgl.opengl.MouseEventQueue;38;0.6216216216216216;0.7567567567567568
org.lwjgl.opengl.Pbuffer;30;0.9310344827586207;0.9310344827586207
org.lwjgl.opengl.PeerInfo;11;0.6;0.8
org.lwjgl.opengl.PixelFormat;45;0.9545454545454546;0.8863636363636364
org.lwjgl.opengl.RenderTexture;38;0.8918918918918919;0.7837837837837838
org.lwjgl.opengl.StateTracker;18;0.8235294117647058;0.8823529411764706
org.lwjgl.opengl.WindowsContextAttribs;19;0.8888888888888888;0.8333333333333334
org.lwjgl.opengl.WindowsContextImplementation;18;0.5882352941176471;0.8235294117647058
org.lwjgl.opengl.WindowsDisplay;204;0.8719211822660099;0.812807881773399
org.lwjgl.opengl.WindowsKeyboard;33;0.875;0.84375
org.lwjgl.opengl.WindowsKeycodes;197;;
org.lwjgl.opengl.WindowsMouse;30;0.8620689655172413;0.8275862068965517
org.lwjgl.opengl.WindowsPbufferPeerInfo;14;0.5384615384615384;0.9230769230769231
org.lwjgl.opengl.XRandR;10;0.8888888888888888;0.8888888888888888
org.lwjgl.test.SysTest;10;0.8888888888888888;0.8888888888888888
org.lwjgl.test.WindowCreationTest;18;0.8235294117647058;0.8823529411764706
org.lwjgl.test.applet.GearsApplet;23;0.8636363636363636;0.7272727272727273
org.lwjgl.test.glu.tessellation.TessellationTest;14;0.8461538461538461;0.9230769230769231
org.lwjgl.test.input.HWCursorTest;16;0.8666666666666667;0.9333333333333333
org.lwjgl.test.input.KeyboardTest;12;0.6363636363636364;0.8181818181818182
org.lwjgl.test.input.MouseTest;29;0.8571428571428571;0.9285714285714286
org.lwjgl.test.openal.PositionTest;28;0.8888888888888888;0.8518518518518519
org.lwjgl.test.openal.StressTest;10;0.6666666666666666;0.8888888888888888
org.lwjgl.test.opencl.gl.DemoFractal;62;0.9672131147540983;0.9672131147540983
org.lwjgl.test.opengl.FullScreenWindowedTest;18;0.8823529411764706;0.8823529411764706
org.lwjgl.test.opengl.Gears;13;0.9166666666666666;1.0
org.lwjgl.test.opengl.PbufferTest;21;0.9;0.95
org.lwjgl.test.opengl.VBOIndexTest;15;0.9285714285714286;1.0
org.lwjgl.test.opengl.VBOTest;11;0.9;1.0
org.lwjgl.test.opengl.awt.AWTGears;12;0.8181818181818182;1.0
org.lwjgl.test.opengl.awt.AWTGearsCanvas;17;0.8125;0.75
org.lwjgl.test.opengl.multithread.BackgroundLoadTest;13;0.75;0.8333333333333334
org.lwjgl.test.opengl.multithread.BackgroundLoader;15;0.9285714285714286;0.8571428571428571
org.lwjgl.test.opengl.pbuffers.PbufferTest;23;0.8636363636363636;0.9090909090909091
org.lwjgl.test.opengl.shaders.ShaderFSH;11;;
org.lwjgl.test.opengl.shaders.ShaderUNI;13;;
org.lwjgl.test.opengl.shaders.ShadersTest;23;0.8636363636363636;0.8636363636363636
org.lwjgl.util.Color;46;0.9777777777777777;0.9777777777777777
org.lwjgl.util.Dimension;15;0.9285714285714286;0.9285714285714286
org.lwjgl.util.Point;18;0.9411764705882353;0.9411764705882353
org.lwjgl.util.Rectangle;41;0.975;0.975
org.lwjgl.util.Timer;16;0.9333333333333333;0.8666666666666667
org.lwjgl.util.WaveData;12;0.9090909090909091;0.9090909090909091
org.lwjgl.util.XPMFile;18;0.8823529411764706;0.8823529411764706
org.lwjgl.util.applet.AppletLoader;84;0.9156626506024096;0.8313253012048193
org.lwjgl.util.generator.GeneratorVisitor;16;0.8666666666666667;0.9333333333333333
org.lwjgl.util.generator.JNITypeTranslator;14;0.9230769230769231;1.0
org.lwjgl.util.generator.JavaMethodsGenerator;23;0.9545454545454546;0.9545454545454546
org.lwjgl.util.generator.JavaTypeTranslator;16;0.8666666666666667;0.9333333333333333
org.lwjgl.util.generator.NativeMethodStubsGenerator;19;0.8888888888888888;0.9444444444444444
org.lwjgl.util.generator.NativeTypeTranslator;26;0.88;0.84
org.lwjgl.util.generator.PostfixTranslator;21;0.8;0.85
org.lwjgl.util.generator.SignatureTranslator;17;0.875;0.875
org.lwjgl.util.generator.TypeInfo;16;0.8;0.9333333333333333
org.lwjgl.util.generator.Utils;47;0.9130434782608695;0.8695652173913043
org.lwjgl.util.generator.openal.ALTypeMap;21;0.9;0.9
org.lwjgl.util.generator.opencl.CLGeneratorProcessorFactory;12;0.9090909090909091;0.8181818181818182
org.lwjgl.util.generator.opencl.CLTypeMap;21;0.9;0.9
org.lwjgl.util.generator.opengl.GLCapabilitiesGenerator;21;0.8;0.85
org.lwjgl.util.generator.opengl.GLTypeMap;21;0.9;0.95
org.lwjgl.util.glu.GLU;128;0.9921259842519685;0.9921259842519685
org.lwjgl.util.glu.GLUtessellatorCallbackAdapter;12;;
org.lwjgl.util.glu.PixelStoreState;11;0.9;1.0
org.lwjgl.util.glu.Project;18;0.9411764705882353;0.9411764705882353
org.lwjgl.util.glu.Quadric;17;0.875;0.8125
org.lwjgl.util.glu.tessellation.Dict;15;0.9285714285714286;0.9285714285714286
org.lwjgl.util.glu.tessellation.GLUhalfEdge;10;1.0;1.0
org.lwjgl.util.glu.tessellation.GLUtessellatorImpl;61;0.9;0.7166666666666667
org.lwjgl.util.glu.tessellation.Geom;14;0.9230769230769231;1.0
org.lwjgl.util.glu.tessellation.Mesh;20;0.7368421052631579;0.8421052631578947
org.lwjgl.util.glu.tessellation.Normal;11;0.7;0.8
org.lwjgl.util.glu.tessellation.PriorityQ;10;1.0;0.8888888888888888
org.lwjgl.util.glu.tessellation.PriorityQHeap;16;;
org.lwjgl.util.glu.tessellation.PriorityQSort;17;0.9375;0.875
org.lwjgl.util.glu.tessellation.Render;18;0.6470588235294118;0.7647058823529411
org.lwjgl.util.glu.tessellation.Sweep;38;0.8918918918918919;0.8648648648648649
org.lwjgl.util.input.ControllerAdapter;31;;
org.lwjgl.util.jinput.LWJGLMouse;12;0.7272727272727273;0.9090909090909091
org.lwjgl.util.vector.Matrix;11;0.9;1.0
org.lwjgl.util.vector.Matrix2f;28;0.9629629629629629;1.0
org.lwjgl.util.vector.Matrix3f;27;0.9615384615384616;1.0
org.lwjgl.util.vector.Matrix4f;39;0.9473684210526315;0.9736842105263158
org.lwjgl.util.vector.Quaternion;39;0.9736842105263158;0.9736842105263158
org.lwjgl.util.vector.Vector2f;24;0.9565217391304348;1.0
org.lwjgl.util.vector.Vector3f;28;0.9629629629629629;1.0
org.lwjgl.util.vector.Vector4f;30;0.9655172413793104;0.9655172413793104
