file;entities;metric;metric_random
net.sourceforge.pmd.AbstractDelegateRule;45;0.9772727272727273;1.0
net.sourceforge.pmd.AbstractJavaRule;118;0.9829059829059829;0.9572649572649573
net.sourceforge.pmd.CommandLineOptions;40;0.9743589743589743;0.8461538461538461
net.sourceforge.pmd.CommonAbstractRule;76;0.92;0.8
net.sourceforge.pmd.Language;12;0.8181818181818182;0.8181818181818182
net.sourceforge.pmd.PMD;30;0.8620689655172413;0.8620689655172413
net.sourceforge.pmd.Report;32;0.967741935483871;0.8387096774193549
net.sourceforge.pmd.RuleContext;19;0.9444444444444444;0.8888888888888888
net.sourceforge.pmd.RuleReference;27;0.6923076923076923;0.7692307692307693
net.sourceforge.pmd.RuleSet;39;0.9736842105263158;0.9210526315789473
net.sourceforge.pmd.RuleSetFactory;19;0.8888888888888888;0.8333333333333334
net.sourceforge.pmd.RuleSetReference;10;0.8888888888888888;0.8888888888888888
net.sourceforge.pmd.RuleSetWriter;20;0.9473684210526315;0.9473684210526315
net.sourceforge.pmd.RuleSets;16;0.9333333333333333;0.9333333333333333
net.sourceforge.pmd.RuleViolation;28;0.9259259259259259;0.8148148148148148
net.sourceforge.pmd.SourceType;15;0.9285714285714286;0.9285714285714286
net.sourceforge.pmd.ant.Formatter;25;0.9166666666666666;0.875
net.sourceforge.pmd.ant.PMDTask;45;0.9318181818181818;0.7954545454545454
net.sourceforge.pmd.cpd.AbstractTokenizer;17;0.875;0.8125
net.sourceforge.pmd.cpd.CPD;28;0.8518518518518519;0.8148148148148148
net.sourceforge.pmd.cpd.CPDTask;26;0.92;0.88
net.sourceforge.pmd.cpd.GUI;47;0.9565217391304348;0.9565217391304348
net.sourceforge.pmd.cpd.GridBagHelper;12;0.9090909090909091;0.9090909090909091
net.sourceforge.pmd.cpd.LanguageFactory;10;0.7777777777777778;0.8888888888888888
net.sourceforge.pmd.cpd.Match;29;0.9642857142857143;0.8571428571428571
net.sourceforge.pmd.cpd.MatchAlgorithm;17;0.9375;0.8125
net.sourceforge.pmd.cpd.MatchCollector;10;0.8888888888888888;1.0
net.sourceforge.pmd.cpd.TokenEntry;20;0.9473684210526315;0.8421052631578947
net.sourceforge.pmd.cpd.cppast.CPPParserTokenManager;59;0.9137931034482759;0.8448275862068966
net.sourceforge.pmd.cpd.cppast.ParseException;10;0.8888888888888888;0.8888888888888888
net.sourceforge.pmd.cpd.cppast.SimpleCharStream;52;0.9803921568627451;0.8235294117647058
net.sourceforge.pmd.cpd.cppast.TokenMgrError;11;0.8;0.8
net.sourceforge.pmd.dcd.ClassLoaderUtil;13;0.8333333333333334;0.9166666666666666
net.sourceforge.pmd.dcd.DumpNodeVisitor;13;0.9166666666666666;1.0
net.sourceforge.pmd.dcd.asm.TypeSignatureVisitor;36;0.9428571428571428;0.8571428571428571
net.sourceforge.pmd.dcd.graph.ClassNode;18;0.9411764705882353;0.8823529411764706
net.sourceforge.pmd.dcd.graph.MemberNode;22;0.9523809523809523;0.8571428571428571
net.sourceforge.pmd.dcd.graph.NodeVisitorAdapter;13;;
net.sourceforge.pmd.dcd.graph.UsageGraph;13;0.8333333333333334;0.9166666666666666
net.sourceforge.pmd.dcd.graph.UsageGraphBuilder;13;0.6666666666666666;0.75
net.sourceforge.pmd.dfa.DaaRule;15;0.8571428571428571;0.8571428571428571
net.sourceforge.pmd.dfa.DataFlowNode;25;0.9166666666666666;0.7916666666666666
net.sourceforge.pmd.dfa.Linker;11;0.9;0.9
net.sourceforge.pmd.dfa.StatementAndBraceFinder;16;0.9333333333333333;0.9333333333333333
net.sourceforge.pmd.dfa.Structure;11;0.8;0.8
net.sourceforge.pmd.dfa.pathfinder.CurrentPath;14;0.9230769230769231;0.9230769230769231
net.sourceforge.pmd.dfa.pathfinder.DAAPathFinder;27;0.9615384615384616;0.9615384615384616
net.sourceforge.pmd.dfa.report.AbstractReportNode;17;0.875;0.875
net.sourceforge.pmd.dfa.variableaccess.VariableAccess;13;0.9166666666666666;1.0
net.sourceforge.pmd.jaxen.AttributeAxisIterator;11;0.8;0.8
net.sourceforge.pmd.jaxen.DocumentNavigator;30;0.9655172413793104;1.0
net.sourceforge.pmd.jaxen.NodeIterator;12;0.8181818181818182;0.8181818181818182
net.sourceforge.pmd.jsp.ast.ASTAttribute;10;0.8888888888888888;1.0
net.sourceforge.pmd.jsp.ast.ASTDoctypeExternalId;11;0.9;0.9
net.sourceforge.pmd.jsp.ast.ASTElement;13;0.9166666666666666;0.9166666666666666
net.sourceforge.pmd.jsp.ast.ASTJspDirectiveAttribute;10;0.8888888888888888;0.8888888888888888
net.sourceforge.pmd.jsp.ast.JJTJspParserState;17;0.9375;0.875
net.sourceforge.pmd.jsp.ast.JspParser;110;0.9357798165137615;0.8348623853211009
net.sourceforge.pmd.jsp.ast.JspParserTokenManager;135;0.9328358208955224;0.8582089552238806
net.sourceforge.pmd.jsp.ast.JspParserVisitorAdapter;22;;
net.sourceforge.pmd.jsp.ast.ParseException;10;0.8888888888888888;0.8888888888888888
net.sourceforge.pmd.jsp.ast.TokenMgrError;11;0.8;0.8
net.sourceforge.pmd.jsp.rules.AbstractJspRule;29;0.8928571428571429;0.8928571428571429
net.sourceforge.pmd.properties.AbstractPMDProperty;28;0.8148148148148148;0.7407407407407407
net.sourceforge.pmd.properties.EnumeratedProperty;10;0.6666666666666666;0.8888888888888888
net.sourceforge.pmd.properties.StringProperty;11;0.6;0.8
net.sourceforge.pmd.renderers.AbstractRenderer;11;0.9;0.8
net.sourceforge.pmd.renderers.HTMLRenderer;14;0.8461538461538461;0.8461538461538461
net.sourceforge.pmd.renderers.IDEAJRenderer;11;0.9;0.9
net.sourceforge.pmd.renderers.PapariTextRenderer;12;0.8181818181818182;0.9090909090909091
net.sourceforge.pmd.renderers.XSLTRenderer;10;0.7777777777777778;0.8888888888888888
net.sourceforge.pmd.rules.AccessorClassGeneration;13;0.9166666666666666;0.8333333333333334
net.sourceforge.pmd.rules.ConstructorCallsOverridableMethod;21;0.95;0.85
net.sourceforge.pmd.rules.CouplingBetweenObjects;15;0.8571428571428571;0.8571428571428571
net.sourceforge.pmd.rules.CyclomaticComplexity;16;0.9333333333333333;0.9333333333333333
net.sourceforge.pmd.rules.SimplifyBooleanReturns;10;1.0;0.8888888888888888
net.sourceforge.pmd.rules.UselessOverridingMethod;12;0.8181818181818182;0.8181818181818182
net.sourceforge.pmd.rules.VariableNamingConventions;18;0.8235294117647058;0.8823529411764706
net.sourceforge.pmd.rules.XPathRule;10;0.7777777777777778;0.8888888888888888
net.sourceforge.pmd.rules.codesize.AbstractNcssCount;20;0.8421052631578947;0.8947368421052632
net.sourceforge.pmd.rules.design.GenericClassCounterRule;21;0.8;0.8
net.sourceforge.pmd.rules.design.NonThreadSafeSingleton;10;0.8888888888888888;0.8888888888888888
net.sourceforge.pmd.rules.design.NpathComplexity;14;0.9230769230769231;0.8461538461538461
net.sourceforge.pmd.rules.junit.AbstractJUnitRule;11;0.9;0.9
net.sourceforge.pmd.rules.strings.ConsecutiveLiteralAppends;14;0.8461538461538461;0.9230769230769231
net.sourceforge.pmd.rules.strings.InsufficientStringBufferDeclaration;12;0.9090909090909091;1.0
net.sourceforge.pmd.stat.DataPoint;12;0.9090909090909091;0.9090909090909091
net.sourceforge.pmd.stat.Metric;15;0.9285714285714286;0.9285714285714286
net.sourceforge.pmd.stat.StatisticalRule;16;0.9333333333333333;0.8666666666666667
net.sourceforge.pmd.symboltable.AbstractScope;12;0.9090909090909091;0.9090909090909091
net.sourceforge.pmd.symboltable.ClassScope;19;0.8888888888888888;0.7777777777777778
net.sourceforge.pmd.symboltable.DummyScope;13;0.9166666666666666;1.0
net.sourceforge.pmd.symboltable.MethodScope;10;0.8888888888888888;1.0
net.sourceforge.pmd.symboltable.NameOccurrence;30;0.896551724137931;0.7931034482758621
net.sourceforge.pmd.symboltable.ScopeAndDeclarationFinder;22;0.9523809523809523;0.9047619047619048
net.sourceforge.pmd.symboltable.SourceFileScope;16;0.9333333333333333;0.9333333333333333
net.sourceforge.pmd.symboltable.VariableNameDeclaration;13;;
net.sourceforge.pmd.typeresolution.ClassTypeResolver;58;0.9649122807017544;0.8421052631578947
net.sourceforge.pmd.typeresolution.rules.SignatureDeclareThrowsException;13;0.75;0.9166666666666666
net.sourceforge.pmd.typeresolution.visitors.PMDASMVisitor;23;0.8636363636363636;0.8636363636363636
net.sourceforge.pmd.util.Benchmark;26;0.84;0.88
net.sourceforge.pmd.util.CollectionUtil;12;0.9090909090909091;0.9090909090909091
net.sourceforge.pmd.util.StringUtil;16;0.8666666666666667;1.0
net.sourceforge.pmd.util.designer.Designer;33;0.90625;0.96875
net.sourceforge.pmd.util.filter.Filters;10;;
net.sourceforge.pmd.util.viewer.gui.MainFrame;16;0.8;0.9333333333333333
net.sourceforge.pmd.util.viewer.model.ASTModel;12;0.9090909090909091;0.9090909090909091
net.sourceforge.pmd.util.viewer.model.SimpleNodeTreeNodeAdapter;14;0.8461538461538461;0.9230769230769231
net.sourceforge.pmd.util.viewer.model.ViewerModel;14;0.9230769230769231;0.8461538461538461
net.sourceforge.pmd.util.viewer.model.ViewerModelEvent;12;0.9090909090909091;0.9090909090909091
