file;entities;metric;metric_random
net.sourceforge.stripes.action.ActionBeanContext;21;0.9;0.8
net.sourceforge.stripes.action.FileBean;17;0.875;0.875
net.sourceforge.stripes.action.ForwardResolution;11;0.9;0.9
net.sourceforge.stripes.action.OnwardResolution;17;0.875;0.75
net.sourceforge.stripes.action.RedirectResolution;15;0.7857142857142857;0.7857142857142857
net.sourceforge.stripes.action.SimpleMessage;11;0.7;0.7
net.sourceforge.stripes.action.StreamingResolution;27;0.9230769230769231;0.7692307692307693
net.sourceforge.stripes.ajax.JavaScriptBuilder;26;0.92;0.72
net.sourceforge.stripes.config.BootstrapPropertyResolver;15;0.7142857142857143;0.7857142857142857
net.sourceforge.stripes.config.DefaultConfiguration;55;0.7037037037037037;0.7222222222222222
net.sourceforge.stripes.config.RuntimeConfiguration;36;0.9714285714285714;0.7714285714285715
net.sourceforge.stripes.controller.AnnotatedClassActionResolver;30;0.7586206896551724;0.7241379310344828
net.sourceforge.stripes.controller.BindingPolicyManager;17;0.75;0.8125
net.sourceforge.stripes.controller.DefaultActionBeanPropertyBinder;20;0.6842105263157895;0.7894736842105263
net.sourceforge.stripes.controller.DefaultObjectFactory;15;0.8571428571428571;0.8571428571428571
net.sourceforge.stripes.controller.DispatcherHelper;16;0.9333333333333333;0.9333333333333333
net.sourceforge.stripes.controller.DispatcherServlet;18;0.7058823529411765;0.7647058823529411
net.sourceforge.stripes.controller.DynamicMappingFilter;22;0.9047619047619048;0.7142857142857143
net.sourceforge.stripes.controller.ExecutionContext;27;0.9230769230769231;0.8846153846153846
net.sourceforge.stripes.controller.FlashRequest;95;0.9468085106382979;0.7659574468085106
net.sourceforge.stripes.controller.FlashScope;25;0.75;0.75
net.sourceforge.stripes.controller.NameBasedActionResolver;15;0.7857142857142857;0.8571428571428571
net.sourceforge.stripes.controller.ParameterName;12;0.9090909090909091;0.8181818181818182
net.sourceforge.stripes.controller.StripesFilter;15;0.8571428571428571;0.8571428571428571
net.sourceforge.stripes.controller.StripesRequestWrapper;42;0.8292682926829268;0.7804878048780488
net.sourceforge.stripes.controller.UrlBinding;14;0.9230769230769231;0.7692307692307693
net.sourceforge.stripes.controller.UrlBindingFactory;22;0.9047619047619048;0.7619047619047619
net.sourceforge.stripes.controller.UrlBindingParameter;16;0.9333333333333333;0.8
net.sourceforge.stripes.controller.multipart.DefaultMultipartWrapperFactory;11;0.8;0.9
net.sourceforge.stripes.exception.DefaultExceptionHandler;12;0.7272727272727273;0.8181818181818182
net.sourceforge.stripes.exception.UrlBindingConflictException;12;0.8181818181818182;0.8181818181818182
net.sourceforge.stripes.format.DateFormatter;15;0.9285714285714286;0.8571428571428571
net.sourceforge.stripes.format.NumberFormatter;13;0.9166666666666666;0.9166666666666666
net.sourceforge.stripes.integration.spring.SpringHelper;10;0.7777777777777778;0.7777777777777778
net.sourceforge.stripes.localization.DefaultLocalizationBundleFactory;11;0.9;0.8
net.sourceforge.stripes.mock.MockHttpServletRequest;93;0.967391304347826;0.8369565217391305
net.sourceforge.stripes.mock.MockHttpServletResponse;52;0.9803921568627451;0.8431372549019608
net.sourceforge.stripes.mock.MockHttpSession;23;0.9545454545454546;0.9545454545454546
net.sourceforge.stripes.mock.MockRoundtrip;30;0.8275862068965517;0.8620689655172413
net.sourceforge.stripes.mock.MockServletContext;38;0.972972972972973;0.9459459459459459
net.sourceforge.stripes.tag.ErrorsTag;27;0.8461538461538461;0.7692307692307693
net.sourceforge.stripes.tag.FieldMetadataTag;25;0.875;0.8333333333333334
net.sourceforge.stripes.tag.FormTag;56;0.8909090909090909;0.7454545454545455
net.sourceforge.stripes.tag.FormatTag;14;0.8461538461538461;0.8461538461538461
net.sourceforge.stripes.tag.HtmlTagSupport;63;0.9354838709677419;0.8548387096774194
net.sourceforge.stripes.tag.InputCheckBoxTag;12;0.8181818181818182;0.8181818181818182
net.sourceforge.stripes.tag.InputImageTag;11;0.9;0.9
net.sourceforge.stripes.tag.InputLabelTag;10;0.7777777777777778;0.8888888888888888
net.sourceforge.stripes.tag.InputOptionTag;14;0.8461538461538461;0.7692307692307693
net.sourceforge.stripes.tag.InputOptionsCollectionTag;24;0.8695652173913043;0.7391304347826086
net.sourceforge.stripes.tag.InputRadioButtonTag;12;0.8181818181818182;0.9090909090909091
net.sourceforge.stripes.tag.InputSelectTag;13;0.8333333333333334;0.8333333333333334
net.sourceforge.stripes.tag.InputTagSupport;42;0.7317073170731707;0.7560975609756098
net.sourceforge.stripes.tag.InputTextAreaTag;11;0.8;0.9
net.sourceforge.stripes.tag.InputTextTag;12;0.8181818181818182;0.7272727272727273
net.sourceforge.stripes.tag.LinkTag;24;0.9130434782608695;0.9565217391304348
net.sourceforge.stripes.tag.LinkTagSupport;26;0.96;0.8
net.sourceforge.stripes.tag.ParamTag;19;0.9444444444444444;0.8888888888888888
net.sourceforge.stripes.tag.StripesTagSupport;17;0.8125;0.8125
net.sourceforge.stripes.tag.UrlTag;12;0.8181818181818182;0.9090909090909091
net.sourceforge.stripes.tag.UseActionBeanTag;23;0.9090909090909091;0.8181818181818182
net.sourceforge.stripes.tag.WizardFieldsTag;11;0.7;0.8
net.sourceforge.stripes.tag.layout.LayoutComponentRenderer;11;0.9;0.9
net.sourceforge.stripes.tag.layout.LayoutComponentTag;14;0.8461538461538461;0.7692307692307693
net.sourceforge.stripes.tag.layout.LayoutContext;33;0.9375;0.8125
net.sourceforge.stripes.tag.layout.LayoutRenderTag;12;0.9090909090909091;0.7272727272727273
net.sourceforge.stripes.tag.layout.LayoutWriter;14;0.7692307692307693;0.7692307692307693
net.sourceforge.stripes.util.Base64;43;0.9285714285714286;0.8333333333333334
net.sourceforge.stripes.util.ConcurrentHashSet;19;0.9444444444444444;0.9444444444444444
net.sourceforge.stripes.util.CryptoUtil;20;0.8421052631578947;0.7894736842105263
net.sourceforge.stripes.util.Literal;12;;
net.sourceforge.stripes.util.Log;17;0.875;1.0
net.sourceforge.stripes.util.Log4JLogger;26;0.96;0.88
net.sourceforge.stripes.util.Range;11;0.9;0.8
net.sourceforge.stripes.util.ReflectUtil;20;0.8421052631578947;0.7894736842105263
net.sourceforge.stripes.util.ResolverUtil;11;0.9;0.8
net.sourceforge.stripes.util.TypeHandlerCache;20;0.8947368421052632;0.8421052631578947
net.sourceforge.stripes.util.UrlBuilder;24;0.8695652173913043;0.7391304347826086
net.sourceforge.stripes.util.bean.Node;13;0.8333333333333334;0.75
net.sourceforge.stripes.util.bean.NodeEvaluation;21;0.95;0.85
net.sourceforge.stripes.util.bean.PropertyExpression;17;0.875;0.8125
net.sourceforge.stripes.util.bean.PropertyExpressionEvaluation;21;0.75;0.75
net.sourceforge.stripes.validation.DateTypeConverter;15;0.8571428571428571;0.7857142857142857
net.sourceforge.stripes.validation.DefaultValidationMetadataProvider;12;0.9090909090909091;0.8181818181818182
net.sourceforge.stripes.validation.ScopedLocalizableError;10;0.7777777777777778;0.7777777777777778
net.sourceforge.stripes.validation.SimpleError;19;0.8333333333333334;0.7222222222222222
net.sourceforge.stripes.validation.ValidationMetadata;44;0.9302325581395349;0.7906976744186046
net.sourceforge.stripes.vfs.VFS;13;0.5;0.75
