file;entities;metric;metric_random
com.eteks.sweethome3d.HomeFrameController;11;0.9;0.9
com.eteks.sweethome3d.HomeFramePane;19;0.9444444444444444;0.9444444444444444
com.eteks.sweethome3d.SweetHome3D;34;0.8484848484848485;0.8181818181818182
com.eteks.sweethome3d.applet.AppletApplication;47;0.9130434782608695;0.8260869565217391
com.eteks.sweethome3d.applet.AppletUserPreferences;40;0.9230769230769231;0.8205128205128205
com.eteks.sweethome3d.applet.HomeAppletController;10;0.7777777777777778;0.8888888888888888
com.eteks.sweethome3d.applet.HomeAppletRecorder;10;0.8888888888888888;0.8888888888888888
com.eteks.sweethome3d.applet.SweetHome3DApplet;10;0.7777777777777778;0.8888888888888888
com.eteks.sweethome3d.applet.ViewerHelper;10;0.8888888888888888;1.0
com.eteks.sweethome3d.io.AutoRecoveryManager;18;0.8823529411764706;0.9411764705882353
com.eteks.sweethome3d.io.DefaultFurnitureCatalog;24;0.9130434782608695;0.8260869565217391
com.eteks.sweethome3d.io.DefaultHomeOutputStream;13;0.8333333333333334;0.8333333333333334
com.eteks.sweethome3d.io.DefaultTexturesCatalog;16;0.9333333333333333;0.8666666666666667
com.eteks.sweethome3d.io.FileUserPreferences;84;0.927710843373494;0.8795180722891566
com.eteks.sweethome3d.j3d.Component3DManager;16;0.8666666666666667;0.8
com.eteks.sweethome3d.j3d.HomePieceOfFurniture3D;28;0.9259259259259259;0.9629629629629629
com.eteks.sweethome3d.j3d.ModelManager;38;0.8648648648648649;0.8108108108108109
com.eteks.sweethome3d.j3d.OBJLoader;24;0.9565217391304348;0.9130434782608695
com.eteks.sweethome3d.j3d.OBJMaterial;13;0.9166666666666666;0.9166666666666666
com.eteks.sweethome3d.j3d.OBJWriter;44;0.8837209302325582;0.813953488372093
com.eteks.sweethome3d.j3d.Object3DBranch;10;0.8888888888888888;0.8888888888888888
com.eteks.sweethome3d.j3d.PhotoRenderer;30;0.9655172413793104;0.896551724137931
com.eteks.sweethome3d.j3d.Room3D;15;0.8571428571428571;0.9285714285714286
com.eteks.sweethome3d.j3d.TextureManager;17;0.75;0.875
com.eteks.sweethome3d.j3d.Wall3D;22;0.9047619047619048;0.9047619047619048
com.eteks.sweethome3d.model.BackgroundImage;23;0.9545454545454546;0.8636363636363636
com.eteks.sweethome3d.model.Camera;40;0.9487179487179487;0.8205128205128205
com.eteks.sweethome3d.model.CatalogDoorOrWindow;12;0.9090909090909091;0.8181818181818182
com.eteks.sweethome3d.model.CatalogPieceOfFurniture;66;0.9384615384615385;0.7692307692307693
com.eteks.sweethome3d.model.CatalogTexture;26;0.92;0.76
com.eteks.sweethome3d.model.Compass;46;0.9333333333333333;0.8444444444444444
com.eteks.sweethome3d.model.DimensionLine;36;0.9142857142857143;0.8285714285714286
com.eteks.sweethome3d.model.FurnitureCatalog;12;0.7272727272727273;0.8181818181818182
com.eteks.sweethome3d.model.FurnitureCategory;15;0.7857142857142857;0.7857142857142857
com.eteks.sweethome3d.model.Home;126;0.968;0.776
com.eteks.sweethome3d.model.HomeApplication;13;0.9166666666666666;0.9166666666666666
com.eteks.sweethome3d.model.HomeDoorOrWindow;17;0.9375;0.8125
com.eteks.sweethome3d.model.HomeEnvironment;64;0.9682539682539683;0.7777777777777778
com.eteks.sweethome3d.model.HomeFurnitureGroup;51;0.92;0.76
com.eteks.sweethome3d.model.HomeLight;12;0.7272727272727273;0.8181818181818182
com.eteks.sweethome3d.model.HomePieceOfFurniture;109;0.9629629629629629;0.8148148148148148
com.eteks.sweethome3d.model.HomePrint;28;0.9629629629629629;0.8148148148148148
com.eteks.sweethome3d.model.HomeTexture;12;0.9090909090909091;0.8181818181818182
com.eteks.sweethome3d.model.Label;23;0.9090909090909091;0.9090909090909091
com.eteks.sweethome3d.model.LightSource;13;0.9166666666666666;0.8333333333333334
com.eteks.sweethome3d.model.ObserverCamera;18;0.8823529411764706;0.8823529411764706
com.eteks.sweethome3d.model.Room;81;0.925;0.825
com.eteks.sweethome3d.model.Sash;12;0.9090909090909091;0.8181818181818182
com.eteks.sweethome3d.model.TextStyle;17;0.8125;0.8125
com.eteks.sweethome3d.model.TexturesCatalog;12;0.7272727272727273;0.8181818181818182
com.eteks.sweethome3d.model.TexturesCategory;15;0.7857142857142857;0.7857142857142857
com.eteks.sweethome3d.model.UserPreferences;84;0.9156626506024096;0.7831325301204819
com.eteks.sweethome3d.model.Wall;80;0.8987341772151899;0.810126582278481
com.eteks.sweethome3d.plugin.Plugin;29;0.6428571428571429;0.7142857142857143
com.eteks.sweethome3d.plugin.PluginAction;14;0.8461538461538461;0.9230769230769231
com.eteks.sweethome3d.plugin.PluginManager;24;0.8695652173913043;0.8260869565217391
com.eteks.sweethome3d.swing.BackgroundImageWizardStepsPanel;30;0.9310344827586207;0.9655172413793104
com.eteks.sweethome3d.swing.ColorButton;11;0.9;0.9
com.eteks.sweethome3d.swing.CompassPanel;23;0.9090909090909091;0.9545454545454546
com.eteks.sweethome3d.swing.FileContentManager;33;0.90625;0.84375
com.eteks.sweethome3d.swing.FurnitureCatalogListPanel;18;0.8823529411764706;0.8823529411764706
com.eteks.sweethome3d.swing.FurnitureCatalogTree;11;0.8;0.8
com.eteks.sweethome3d.swing.FurnitureTable;17;0.8125;0.875
com.eteks.sweethome3d.swing.FurnitureTransferHandler;11;0.9;0.8
com.eteks.sweethome3d.swing.HelpPane;20;0.8947368421052632;0.9473684210526315
com.eteks.sweethome3d.swing.Home3DAttributesPanel;25;0.9166666666666666;0.9583333333333334
com.eteks.sweethome3d.swing.HomeComponent3D;73;0.9305555555555556;0.9027777777777778
com.eteks.sweethome3d.swing.HomeFurniturePanel;41;0.95;0.95
com.eteks.sweethome3d.swing.HomePane;121;0.9333333333333333;0.85
com.eteks.sweethome3d.swing.HomePrintableComponent;21;0.85;0.85
com.eteks.sweethome3d.swing.IconManager;17;0.9375;0.875
com.eteks.sweethome3d.swing.ImportedFurnitureWizardStepsPanel;60;0.9491525423728814;0.9661016949152542
com.eteks.sweethome3d.swing.ImportedTextureWizardStepsPanel;32;0.9354838709677419;0.967741935483871
com.eteks.sweethome3d.swing.LabelPanel;10;0.7777777777777778;1.0
com.eteks.sweethome3d.swing.LocatedTransferHandler;11;0.8;0.8
com.eteks.sweethome3d.swing.ModelPreviewComponent;40;0.7948717948717948;0.7692307692307693
com.eteks.sweethome3d.swing.NullableCheckBox;22;0.9047619047619048;0.8095238095238095
com.eteks.sweethome3d.swing.PageSetupPanel;26;0.88;0.92
com.eteks.sweethome3d.swing.PhotoPanel;52;0.9607843137254902;0.9803921568627451
com.eteks.sweethome3d.swing.PlanComponent;191;0.9157894736842105;0.8263157894736842
com.eteks.sweethome3d.swing.PlanTransferHandler;18;0.9411764705882353;0.9411764705882353
com.eteks.sweethome3d.swing.PrintPreviewPanel;12;0.8181818181818182;1.0
com.eteks.sweethome3d.swing.ProportionalLayout;15;0.9285714285714286;0.9285714285714286
com.eteks.sweethome3d.swing.RoomPanel;29;0.9285714285714286;0.9642857142857143
com.eteks.sweethome3d.swing.ScaledImageComponent;13;0.75;0.8333333333333334
com.eteks.sweethome3d.swing.SwingTools;17;0.8125;0.875
com.eteks.sweethome3d.swing.SwingViewFactory;23;;
com.eteks.sweethome3d.swing.ThreadedTaskPanel;13;0.8333333333333334;0.9166666666666666
com.eteks.sweethome3d.swing.UserPreferencesPanel;42;0.9512195121951219;0.975609756097561
com.eteks.sweethome3d.swing.VideoPanel;67;0.9696969696969697;0.9848484848484849
com.eteks.sweethome3d.swing.WallPanel;48;0.9574468085106383;1.0
com.eteks.sweethome3d.swing.WizardPane;12;0.8181818181818182;1.0
com.eteks.sweethome3d.tools.ExtensionsClassLoader;10;0.7777777777777778;1.0
com.eteks.sweethome3d.tools.OperatingSystem;13;0.8333333333333334;0.9166666666666666
com.eteks.sweethome3d.tools.URLContent;10;0.8888888888888888;0.8888888888888888
com.eteks.sweethome3d.viewcontroller.BackgroundImageWizardController;40;0.8974358974358975;0.7435897435897436
com.eteks.sweethome3d.viewcontroller.CompassController;38;0.9459459459459459;0.8378378378378378
com.eteks.sweethome3d.viewcontroller.FurnitureCatalogController;20;0.8421052631578947;0.8421052631578947
com.eteks.sweethome3d.viewcontroller.FurnitureController;49;0.8125;0.75
com.eteks.sweethome3d.viewcontroller.HelpController;36;0.7714285714285715;0.8
com.eteks.sweethome3d.viewcontroller.Home3DAttributesController;43;0.9523809523809523;0.7857142857142857
com.eteks.sweethome3d.viewcontroller.HomeController;108;0.8785046728971962;0.7570093457943925
com.eteks.sweethome3d.viewcontroller.HomeController3D;23;0.9090909090909091;0.7727272727272727
com.eteks.sweethome3d.viewcontroller.HomeFurnitureController;89;0.9204545454545454;0.8068181818181818
com.eteks.sweethome3d.viewcontroller.ImportedFurnitureWizardController;77;0.9210526315789473;0.7763157894736842
com.eteks.sweethome3d.viewcontroller.ImportedTextureWizardController;40;0.8717948717948718;0.7435897435897436
com.eteks.sweethome3d.viewcontroller.LabelController;25;0.8333333333333334;0.8333333333333334
com.eteks.sweethome3d.viewcontroller.PageSetupController;15;0.9285714285714286;0.9285714285714286
com.eteks.sweethome3d.viewcontroller.PhotoController;44;0.9069767441860465;0.7906976744186046
com.eteks.sweethome3d.viewcontroller.PlanController;236;0.8936170212765957;0.7531914893617021
com.eteks.sweethome3d.viewcontroller.RoomController;50;0.9591836734693877;0.8163265306122449
com.eteks.sweethome3d.viewcontroller.TextureChoiceController;18;0.9411764705882353;0.8235294117647058
com.eteks.sweethome3d.viewcontroller.ThreadedTaskController;13;0.9166666666666666;0.9166666666666666
com.eteks.sweethome3d.viewcontroller.UserPreferencesController;55;0.9629629629629629;0.8148148148148148
com.eteks.sweethome3d.viewcontroller.VideoController;41;0.9;0.8
com.eteks.sweethome3d.viewcontroller.WallController;82;0.9382716049382716;0.8148148148148148
com.eteks.sweethome3d.viewcontroller.WizardController;37;0.8055555555555556;0.8611111111111112
