file;entities;metric;metric_random
blogthisplugin.BlogSettings;11;0.9;0.9
blogthisplugin.BlogSettingsTab;13;0.8333333333333334;0.9166666666666666
blogthisplugin.BlogThisPlugin;29;0.7857142857142857;0.75
calendarexportplugin.CalendarExportPlugin;50;0.8367346938775511;0.7346938775510204
calendarexportplugin.CalendarExportSettings;36;0.8571428571428571;0.8571428571428571
calendarexportplugin.CalendarSettingsTab;17;0.875;0.875
calendarexportplugin.exporter.AppleSettingsDialog;10;0.7777777777777778;1.0
calendarexportplugin.exporter.CalExporter;10;0.7777777777777778;0.7777777777777778
calendarexportplugin.exporter.GoogleExporter;21;0.75;0.75
calendarexportplugin.exporter.GoogleSettingsDialog;21;0.9;0.95
calendarexportplugin.exporter.OutlookExporter;12;0.8181818181818182;0.9090909090909091
calendarexportplugin.utils.AbstractCalFile;10;0.7777777777777778;1.0
captureplugin.CapturePlugin;39;0.868421052631579;0.7894736842105263
captureplugin.CapturePluginData;12;0.9090909090909091;0.9090909090909091
captureplugin.CapturePluginPanel;10;0.6666666666666666;0.8888888888888888
captureplugin.CapturePluginSettingsTab;11;0.9;0.9
captureplugin.drivers.DeviceCreatorDialog;11;0.8;0.9
captureplugin.drivers.defaultdriver.AdditionalParams;25;0.875;0.875
captureplugin.drivers.defaultdriver.CaptureExecute;15;0.9285714285714286;0.8571428571428571
captureplugin.drivers.defaultdriver.CaptureParamLibrary;19;0.9444444444444444;0.8333333333333334
captureplugin.drivers.defaultdriver.DefaultDevice;27;0.9615384615384616;0.8846153846153846
captureplugin.drivers.defaultdriver.DefaultKonfigurator;13;0.75;0.8333333333333334
captureplugin.drivers.defaultdriver.DeviceConfig;84;0.963855421686747;0.8192771084337349
captureplugin.drivers.defaultdriver.ParamEntry;14;0.9230769230769231;0.9230769230769231
captureplugin.drivers.defaultdriver.ProgramTimeList;13;0.9166666666666666;1.0
captureplugin.drivers.defaultdriver.configpanels.ChannelTableModel;12;0.8181818181818182;0.8181818181818182
captureplugin.drivers.defaultdriver.configpanels.SettingsPanel;16;0.8666666666666667;0.8666666666666667
captureplugin.drivers.dreambox.DreamboxConfig;52;0.8823529411764706;0.803921568627451
captureplugin.drivers.dreambox.DreamboxConfigDialog;27;0.9230769230769231;0.8846153846153846
captureplugin.drivers.dreambox.DreamboxDevice;29;0.9285714285714286;0.8214285714285714
captureplugin.drivers.dreambox.connector.DreamboxChannel;10;0.7777777777777778;0.8888888888888888
captureplugin.drivers.dreambox.connector.DreamboxConnector;17;0.75;0.875
captureplugin.drivers.elgatodriver.ElgatoConnection;15;0.8571428571428571;0.9285714285714286
captureplugin.drivers.simpledevice.SimpleChannel;13;0.9166666666666666;1.0
captureplugin.drivers.simpledevice.SimpleConfig;17;0.9375;0.9375
captureplugin.drivers.simpledevice.SimpleConfigDialog;14;0.8461538461538461;0.8461538461538461
captureplugin.drivers.simpledevice.SimpleDevice;31;0.9;0.8333333333333334
captureplugin.drivers.thetubedriver.TheTubeConnection;12;0.9090909090909091;0.8181818181818182
captureplugin.drivers.topfield.TopfieldChannelTableModel;17;0.9375;0.8125
captureplugin.drivers.topfield.TopfieldConfiguration;60;0.9322033898305084;0.7627118644067796
captureplugin.drivers.topfield.TopfieldConfigurationDialog;124;0.967479674796748;0.967479674796748
captureplugin.drivers.topfield.TopfieldDevice;54;0.9811320754716981;0.8301886792452831
captureplugin.drivers.topfield.TopfieldServiceInfo;31;0.9333333333333333;0.7666666666666667
captureplugin.drivers.topfield.TopfieldTimerEntry;14;0.8461538461538461;0.8461538461538461
captureplugin.drivers.topfield.connector.TopfieldConnector;30;0.8275862068965517;0.896551724137931
captureplugin.drivers.utils.ProgramTime;28;0.8888888888888888;0.8888888888888888
captureplugin.drivers.utils.ProgramTimeDialog;12;0.8181818181818182;0.9090909090909091
captureplugin.tabs.DevicePanel;13;0.9166666666666666;1.0
captureplugin.tabs.DeviceTableModel;11;0.9;0.9
captureplugin.tabs.ProgramListPanel;10;0.8888888888888888;0.8888888888888888
captureplugin.utils.ConfigTableModel;12;0.9090909090909091;1.0
clipboardplugin.ClipboardPlugin;28;0.8518518518518519;0.7407407407407407
devplugin.AbstractTvDataService;33;0.84375;0.78125
devplugin.ActionMenu;20;0.9473684210526315;0.8947368421052632
devplugin.Channel;88;0.9080459770114943;0.8275862068965517
devplugin.ChannelGroupImpl;11;0.8;0.9
devplugin.ContextMenuSeparatorAction;11;0.8;0.8
devplugin.Date;45;0.8863636363636364;0.8181818181818182
devplugin.Plugin;65;0.84375;0.78125
devplugin.PluginInfo;19;0.9444444444444444;0.9444444444444444
devplugin.PluginTreeNode;65;0.859375;0.78125
devplugin.PluginsFilterComponent;10;0.8888888888888888;0.8888888888888888
devplugin.ProgramFieldType;72;0.9436619718309859;0.8591549295774648
devplugin.ProgramInfoHelper;12;0.8181818181818182;0.8181818181818182
devplugin.ProgramItem;16;0.8666666666666667;0.8
devplugin.ProgramReceiveTarget;21;0.8;0.8
devplugin.SettingsItem;20;1.0;1.0
devplugin.ThemeIcon;10;0.8888888888888888;0.8888888888888888
devplugin.Version;19;0.8888888888888888;0.8333333333333334
dreamboxdataservice.DreamboxChannelHandler;12;0.9090909090909091;0.8181818181818182
dreamboxdataservice.DreamboxDataService;24;0.9565217391304348;0.8695652173913043
dreamboxdataservice.DreamboxSettingsPanel;13;0.75;0.8333333333333334
emailplugin.EMailPlugin;28;0.8888888888888888;0.7777777777777778
emailplugin.EMailSettings;13;0.9166666666666666;0.9166666666666666
emailplugin.EMailSettingsTab;18;0.8823529411764706;0.8823529411764706
emailplugin.MailCreator;12;0.9090909090909091;0.9090909090909091
genreplugin.GenrePlugin;33;0.8125;0.71875
genreplugin.GenreSettings;11;0.8;0.8
genreplugin.GenreSettingsTab;15;0.8571428571428571;0.8571428571428571
growlplugin.GrowlContainer;11;0.9;0.9
growlplugin.GrowlPlugin;20;0.8947368421052632;0.7368421052631579
i18nplugin.AbstractHierarchicalNode;14;0.8461538461538461;0.8461538461538461
i18nplugin.I18NPlugin;15;0.7857142857142857;0.7857142857142857
i18nplugin.PropertiesEntryNode;14;0.7692307692307693;0.8461538461538461
i18nplugin.PropertiesNode;18;0.7058823529411765;0.8823529411764706
i18nplugin.TranslationDialog;22;0.8571428571428571;0.8571428571428571
i18nplugin.TranslatorEditor;16;0.8;0.8666666666666667
knotifyplugin.KNotifyPlugin;20;0.6842105263157895;0.7894736842105263
knotifyplugin.KNotifySettingsTab;10;0.8888888888888888;0.8888888888888888
listviewplugin.ListTableModel;14;0.7692307692307693;0.8461538461538461
listviewplugin.ListViewDialog;35;0.9117647058823529;0.9705882352941176
listviewplugin.ListViewPlugin;19;0.8888888888888888;0.7777777777777778
newsplugin.News;15;0.9285714285714286;0.7857142857142857
newsplugin.NewsDialog;16;0.8;0.9333333333333333
newsplugin.NewsPlugin;22;0.9047619047619048;0.9047619047619048
primarydatamanager.PDSRunner;14;0.8461538461538461;0.8461538461538461
primarydatamanager.PrimaryDataManager;26;0.92;0.88
primarydatamanager.RawDataProcessor;22;0.9047619047619048;0.9047619047619048
primarydatamanager.mirrorupdater.MirrorUpdater;22;0.8571428571428571;0.9047619047619048
primarydatamanager.mirrorupdater.config.PropertiesConfiguration;13;0.8333333333333334;0.8333333333333334
primarydatamanager.mirrorupdater.data.FtpDataTarget;14;0.8461538461538461;0.8461538461538461
primarydatamanager.primarydataservice.AbstractPrimaryDataService;19;0.8333333333333334;0.8333333333333334
primarydatamanager.primarydataservice.Entry;12;0.9090909090909091;1.0
primarydatamanager.primarydataservice.HTMLFilterReader;15;0.8571428571428571;0.9285714285714286
primarydatamanager.primarydataservice.MeasuringInputStream;13;0.9166666666666666;0.9166666666666666
primarydatamanager.primarydataservice.ProgramFrameDispatcher;15;0.7857142857142857;0.8571428571428571
primarydatamanager.primarydataservice.util.RtfFilterReader;15;0.8571428571428571;0.8571428571428571
primarydatamanager.primarydataservice.util.html2txt.Html2TxtConverter;14;0.8461538461538461;0.8461538461538461
primarydatamanager.primarydataservice.util.html2txt.TagReader;20;0.8421052631578947;0.7894736842105263
primarydatamanager.primarydataservice.util.htmlparser.HTMLParser;12;0.9090909090909091;0.9090909090909091
primarydatamanager.primarydataservice.util.htmlparser.Tag;27;0.9615384615384616;0.8461538461538461
primarydatamanager.primarydataservice.util.httpsession.HttpSession;13;0.8333333333333334;0.9166666666666666
primarydatamanager.tvlistingstool.HtmlMirrorVisualizer;16;0.8;0.8666666666666667
printplugin.PrintPlugin;38;0.8918918918918919;0.7567567567567568
printplugin.dlgs.MainPrintDialog;11;0.8;0.9
printplugin.dlgs.PreviewDlg;32;0.8709677419354839;0.8709677419354839
printplugin.dlgs.SettingsDialog;15;0.8571428571428571;0.8571428571428571
printplugin.dlgs.components.FontsDialog;13;0.8333333333333334;0.8333333333333334
printplugin.dlgs.components.ProgramItemFieldsConfigDlg;10;0.6666666666666666;0.7777777777777778
printplugin.dlgs.components.ProgramPreviewPanel;16;0.9333333333333333;0.8666666666666667
printplugin.dlgs.printdayprogramsdialog.LayoutTab;11;0.9;0.9
printplugin.dlgs.printdayprogramsdialog.ListingsTab;15;0.9285714285714286;0.8571428571428571
printplugin.dlgs.printdayprogramsdialog.PrintDayProgramsDialogContent;13;0.9166666666666666;0.8333333333333334
printplugin.dlgs.printfromqueuedialog.GeneralTab;10;0.7777777777777778;0.8888888888888888
printplugin.dlgs.printfromqueuedialog.PrintFromQueueDialogContent;14;0.9230769230769231;0.7692307692307693
printplugin.printer.AbstractPrintJob;10;0.5555555555555556;0.8888888888888888
printplugin.printer.ProgramIcon;25;0.875;0.875
printplugin.printer.ProgramItem;13;0.9166666666666666;0.9166666666666666
printplugin.printer.dayprogramprinter.ProgramTableIcon;30;0.896551724137931;0.8275862068965517
printplugin.printer.singleprogramprinter.DocumentRenderer;18;0.8823529411764706;0.7647058823529411
printplugin.settings.DayProgramPrinterSettings;22;0.9523809523809523;0.8571428571428571
printplugin.settings.MutableProgramIconSettings;24;0.9565217391304348;0.8695652173913043
printplugin.settings.PrinterProgramIconSettings;17;0.875;0.875
printplugin.settings.ProgramInfoPrintSettings;19;0.9444444444444444;0.8333333333333334
printplugin.settings.Scheme;10;0.6666666666666666;0.7777777777777778
programlistplugin.ProgramListPlugin;31;0.9;0.8666666666666667
programlistplugin.ProgramListSettings;10;0.8888888888888888;0.8888888888888888
radiotimesdataservice.RadioTimesDataService;21;0.95;0.85
radiotimesdataservice.RadioTimesFileParser;35;0.9117647058823529;0.9411764705882353
schedulesdirectdataservice.SchedulesDirectDataService;29;0.9285714285714286;0.8214285714285714
schedulesdirectdataservice.SchedulesDirectSettingsPanel;11;0.7;0.9
simplemarkerplugin.ManagePanel;19;0.8888888888888888;0.9444444444444444
simplemarkerplugin.MarkList;41;0.825;0.7
simplemarkerplugin.MarkListsVector;10;0.7777777777777778;0.8888888888888888
simplemarkerplugin.SimpleMarkerPlugin;53;0.9038461538461539;0.75
simplemarkerplugin.SimpleMarkerPluginSettingsTab;22;0.9047619047619048;0.9047619047619048
simplemarkerplugin.SimpleMarkerSettings;19;0.6666666666666666;0.7777777777777778
simplemarkerplugin.table.MarkListTableModel;11;0.8;0.8
swedbtvdataservice.DataHydraChannelContainer;19;0.8333333333333334;0.8333333333333334
swedbtvdataservice.DataHydraChannelGroup;14;0.8461538461538461;0.7692307692307693
swedbtvdataservice.DataHydraChannelParser;16;0.8666666666666667;0.8
swedbtvdataservice.DataHydraDayParser;23;0.9090909090909091;0.7727272727272727
swedbtvdataservice.SweDBTvDataService;38;0.8918918918918919;0.8378378378378378
tvbrowser.TVBrowser;59;0.8793103448275862;0.8275862068965517
tvbrowser.core.ChannelList;60;0.8813559322033898;0.847457627118644
tvbrowser.core.ChannelUserSettings;25;0.9583333333333334;0.875
tvbrowser.core.PluginLoader;33;0.84375;0.84375
tvbrowser.core.Settings;248;0.9757085020242915;0.9271255060728745
tvbrowser.core.TvDataBase;50;0.8367346938775511;0.8571428571428571
tvbrowser.core.TvDataInventory;12;0.9090909090909091;1.0
tvbrowser.core.TvDataUpdater;22;0.8095238095238095;0.8571428571428571
tvbrowser.core.contextmenu.ContextMenuManager;21;0.95;0.85
tvbrowser.core.data.OnDemandDayProgramFile;20;0.7894736842105263;0.8421052631578947
tvbrowser.core.filters.FilterComponentList;14;0.8461538461538461;0.8461538461538461
tvbrowser.core.filters.FilterList;23;0.8636363636363636;0.8181818181818182
tvbrowser.core.filters.FilterManagerImpl;11;0.9;0.9
tvbrowser.core.filters.Token;60;0.847457627118644;0.7627118644067796
tvbrowser.core.filters.filtercomponents.AgeLimitFilterComponent;12;0.8181818181818182;0.8181818181818182
tvbrowser.core.filters.filtercomponents.BeanShellFilterComponent;15;0.7142857142857143;0.7857142857142857
tvbrowser.core.filters.filtercomponents.ChannelFilterComponent;13;0.8333333333333334;0.8333333333333334
tvbrowser.core.filters.filtercomponents.DateFilterComponent;14;0.9230769230769231;0.8461538461538461
tvbrowser.core.filters.filtercomponents.DayFilterComponent;13;0.8333333333333334;0.9166666666666666
tvbrowser.core.filters.filtercomponents.FavoritesFilterComponent;10;0.7777777777777778;0.8888888888888888
tvbrowser.core.filters.filtercomponents.KeywordFilterComponent;15;0.7857142857142857;0.8571428571428571
tvbrowser.core.filters.filtercomponents.MassFilterComponent;17;0.8125;0.875
tvbrowser.core.filters.filtercomponents.PluginFilterComponent;13;0.8333333333333334;0.8333333333333334
tvbrowser.core.filters.filtercomponents.PluginIconFilterComponent;12;0.8181818181818182;0.8181818181818182
tvbrowser.core.filters.filtercomponents.ProgramInfoFilterComponent;13;0.9166666666666666;0.8333333333333334
tvbrowser.core.filters.filtercomponents.ProgramLengthFilterComponent;18;1.0;0.8823529411764706
tvbrowser.core.filters.filtercomponents.ProgramMarkingPriorityFilterComponent;12;0.9090909090909091;0.8181818181818182
tvbrowser.core.filters.filtercomponents.ProgramRunningFilterComponent;16;1.0;0.8666666666666667
tvbrowser.core.filters.filtercomponents.ProgramTypeFilterComponent;13;0.9166666666666666;0.8333333333333334
tvbrowser.core.filters.filtercomponents.ReminderFilterComponent;10;0.7777777777777778;0.8888888888888888
tvbrowser.core.filters.filtercomponents.SingleTitleFilterComponent;13;0.8333333333333334;0.75
tvbrowser.core.filters.filtercomponents.TimeFilterComponent;16;0.8666666666666667;0.8
tvbrowser.core.icontheme.Directory;22;0.9523809523809523;0.8571428571428571
tvbrowser.core.icontheme.IconLoader;18;0.8823529411764706;0.9411764705882353
tvbrowser.core.icontheme.IconTheme;19;0.7777777777777778;0.7777777777777778
tvbrowser.core.plugin.AbstractPluginProxy;75;0.581081081081081;0.7702702702702703
tvbrowser.core.plugin.ActionProxy;10;0.8888888888888888;1.0
tvbrowser.core.plugin.BeanShellPluginProxy;41;0.85;0.75
tvbrowser.core.plugin.JavaPluginProxy;48;0.8723404255319149;0.723404255319149
tvbrowser.core.plugin.PluginManagerImpl;51;0.9;0.84
tvbrowser.core.plugin.PluginProxyManager;61;0.8166666666666667;0.8166666666666667
tvbrowser.core.plugin.programformating.GlobalPluginProgramFormating;15;0.8571428571428571;0.8571428571428571
tvbrowser.core.plugin.programformating.GlobalPluginProgramFormatingManager;12;0.8181818181818182;0.8181818181818182
tvbrowser.core.search.booleansearch.BooleanSearcher;10;0.7777777777777778;0.7777777777777778
tvbrowser.core.search.booleansearch.StringMatcherRegEx;10;0.8888888888888888;0.7777777777777778
tvbrowser.core.tvdataservice.ChannelGroupManager;16;0.8666666666666667;0.8666666666666667
tvbrowser.core.tvdataservice.DefaultTvDataServiceProxy;26;0.88;0.88
tvbrowser.core.tvdataservice.TvDataServiceProxyManager;19;0.8888888888888888;0.8888888888888888
tvbrowser.extras.common.ChannelItem;13;0.9166666666666666;0.8333333333333334
tvbrowser.extras.common.LimitationConfiguration;30;0.9655172413793104;0.8620689655172413
tvbrowser.extras.common.ReminderConfiguration;11;0.9;1.0
tvbrowser.extras.favoritesplugin.ContextMenuProvider;14;0.9230769230769231;0.8461538461538461
tvbrowser.extras.favoritesplugin.FavoritesPlugin;81;0.825;0.725
tvbrowser.extras.favoritesplugin.FavoritesPluginProxy;26;0.84;0.8
tvbrowser.extras.favoritesplugin.FavoritesSettingTab;11;0.8;0.9
tvbrowser.extras.favoritesplugin.core.ActorsFavorite;12;0.6363636363636364;0.8181818181818182
tvbrowser.extras.favoritesplugin.core.AdvancedFavorite;17;0.6875;0.75
tvbrowser.extras.favoritesplugin.core.Exclusion;23;0.9545454545454546;0.8181818181818182
tvbrowser.extras.favoritesplugin.core.Favorite;68;0.835820895522388;0.7910447761194029
tvbrowser.extras.favoritesplugin.dlgs.EditFavoriteDialog;35;0.9117647058823529;0.9411764705882353
tvbrowser.extras.favoritesplugin.dlgs.ExclusionPanel;13;0.8333333333333334;0.75
tvbrowser.extras.favoritesplugin.dlgs.FavoriteNode;14;0.6923076923076923;0.8461538461538461
tvbrowser.extras.favoritesplugin.dlgs.FavoriteTree;34;0.8181818181818182;0.7575757575757576
tvbrowser.extras.favoritesplugin.dlgs.FavoriteTreeModel;32;0.8387096774193549;0.9032258064516129
tvbrowser.extras.favoritesplugin.dlgs.ManageFavoritesDialog;38;0.8108108108108109;0.7297297297297297
tvbrowser.extras.favoritesplugin.wizards.ExcludeWizardStep;43;0.9285714285714286;0.8571428571428571
tvbrowser.extras.favoritesplugin.wizards.FinishWizardStep;10;0.8888888888888888;0.8888888888888888
tvbrowser.extras.favoritesplugin.wizards.LimitationsWizardStep;20;0.8947368421052632;0.8947368421052632
tvbrowser.extras.favoritesplugin.wizards.NotificationWizardStep;13;0.9166666666666666;0.9166666666666666
tvbrowser.extras.favoritesplugin.wizards.RenameWizardStep;11;0.8;0.8
tvbrowser.extras.favoritesplugin.wizards.TypeWizardStep;28;0.8888888888888888;0.8148148148148148
tvbrowser.extras.favoritesplugin.wizards.WizardDlg;27;0.8846153846153846;0.8076923076923077
tvbrowser.extras.favoritesplugin.wizards.WizardHandler;14;0.9230769230769231;0.9230769230769231
tvbrowser.extras.programinfo.ProgramInfo;38;0.8378378378378378;0.7027027027027027
tvbrowser.extras.programinfo.ProgramInfoDialog;36;0.8;0.8
tvbrowser.extras.programinfo.ProgramInfoProxy;12;0.9090909090909091;0.9090909090909091
tvbrowser.extras.programinfo.ProgramInfoSettings;88;0.9425287356321839;0.7931034482758621
tvbrowser.extras.programinfo.ProgramInfoSettingsTab;29;0.8928571428571429;0.9285714285714286
tvbrowser.extras.reminderplugin.ReminderDialog;16;0.8;0.8666666666666667
tvbrowser.extras.reminderplugin.ReminderFrame;27;0.8846153846153846;0.8461538461538461
tvbrowser.extras.reminderplugin.ReminderList;33;0.8125;0.8125
tvbrowser.extras.reminderplugin.ReminderListDialog;17;0.875;0.9375
tvbrowser.extras.reminderplugin.ReminderListItem;20;0.8947368421052632;0.9473684210526315
tvbrowser.extras.reminderplugin.ReminderPlugin;53;0.8076923076923077;0.7115384615384616
tvbrowser.extras.reminderplugin.ReminderPluginProxy;24;0.9565217391304348;0.8695652173913043
tvbrowser.extras.reminderplugin.ReminderSettingsTab;26;0.92;0.88
tvbrowser.extras.reminderplugin.ReminderTableModel;17;0.875;0.875
tvbrowser.extras.searchplugin.RepetitionDialog;10;0.7777777777777778;0.7777777777777778
tvbrowser.extras.searchplugin.SearchDialog;11;0.7;0.8
tvbrowser.extras.searchplugin.SearchPlugin;25;0.7916666666666666;0.75
tvbrowser.extras.searchplugin.SearchPluginProxy;13;0.9166666666666666;0.9166666666666666
tvbrowser.ui.SkinPanel;15;0.9285714285714286;0.8571428571428571
tvbrowser.ui.configassistant.AbstractCardPanel;13;0.8333333333333334;0.9166666666666666
tvbrowser.ui.configassistant.ConfigAssistant;13;0.6666666666666666;0.8333333333333334
tvbrowser.ui.configassistant.NetworkCardPanel;18;0.8823529411764706;0.8823529411764706
tvbrowser.ui.configassistant.TvBrowserPictureSettingsUpdateDialog;10;0.6666666666666666;1.0
tvbrowser.ui.filter.dlgs.EditFilterComponentDlg;18;0.8235294117647058;0.8235294117647058
tvbrowser.ui.filter.dlgs.EditFilterDlg;20;0.8947368421052632;0.7894736842105263
tvbrowser.ui.filter.dlgs.SelectFilterDlg;13;0.9166666666666666;0.8333333333333334
tvbrowser.ui.finder.AbstractDateSelector;20;0.7894736842105263;0.7894736842105263
tvbrowser.ui.finder.FinderItem;16;0.9333333333333333;0.9333333333333333
tvbrowser.ui.finder.FinderItemRenderer;26;0.88;0.8
tvbrowser.ui.finder.calendar.CalendarTableModel;13;0.8333333333333334;0.8333333333333334
tvbrowser.ui.finder.calendar.CalendarTablePanel;11;0.8;0.7
tvbrowser.ui.licensebox.LicenseBox;10;0.8888888888888888;0.8888888888888888
tvbrowser.ui.mainframe.ChannelChooserPanel;11;0.8;0.9
tvbrowser.ui.mainframe.MainFrame;154;0.8888888888888888;0.7712418300653595
tvbrowser.ui.mainframe.MenuBar;50;0.7551020408163265;0.6938775510204082
tvbrowser.ui.mainframe.SoftwareUpdater;10;0.7777777777777778;0.7777777777777778
tvbrowser.ui.mainframe.TimeChooserPanel;13;0.8333333333333334;0.9166666666666666
tvbrowser.ui.mainframe.UpdateDlg;21;0.8;0.8
tvbrowser.ui.mainframe.actions.TVBrowserAction;16;0.8;0.8
tvbrowser.ui.mainframe.actions.TVBrowserActions;30;0.9655172413793104;0.9655172413793104
tvbrowser.ui.mainframe.searchfield.SearchField;17;0.8125;0.9375
tvbrowser.ui.mainframe.searchfield.SearchFilter;13;0.8333333333333334;0.8333333333333334
tvbrowser.ui.mainframe.toolbar.ContextMenu;10;0.8888888888888888;0.7777777777777778
tvbrowser.ui.mainframe.toolbar.DefaultToolBarModel;33;0.84375;0.71875
tvbrowser.ui.mainframe.toolbar.ToolBar;47;0.8695652173913043;0.8043478260869565
tvbrowser.ui.pluginview.Node;35;0.9705882352941176;0.8529411764705882
tvbrowser.ui.pluginview.PluginTree;31;0.8666666666666667;0.8333333333333334
tvbrowser.ui.pluginview.PluginTreeModel;14;0.8461538461538461;0.8461538461538461
tvbrowser.ui.pluginview.PluginView;16;0.8;0.8
tvbrowser.ui.pluginview.contextmenu.AbstractContextMenu;10;0.7777777777777778;0.8888888888888888
tvbrowser.ui.pluginview.contextmenu.PluginContextMenu;11;0.7;0.8
tvbrowser.ui.programtable.DefaultProgramTableModel;44;0.813953488372093;0.7674418604651163
tvbrowser.ui.programtable.KeyboardAction;14;0.9230769230769231;0.9230769230769231
tvbrowser.ui.programtable.ProgramTable;93;0.8913043478260869;0.7608695652173914
tvbrowser.ui.programtable.ProgramTableScrollPane;37;0.8888888888888888;0.8333333333333334
tvbrowser.ui.programtable.background.TimeBlockBackPainter;13;0.8333333333333334;0.8333333333333334
tvbrowser.ui.settings.BlockedPlugin;14;0.6923076923076923;0.8461538461538461
tvbrowser.ui.settings.BlockedPluginArrayProperty;14;0.6923076923076923;0.8461538461538461
tvbrowser.ui.settings.ChannelIconAndNameSettingsTab;12;0.9090909090909091;1.0
tvbrowser.ui.settings.ChannelsSettingsTab;44;0.8837209302325582;0.8837209302325582
tvbrowser.ui.settings.ConfigPluginSettingsTab;14;0.9230769230769231;0.8461538461538461
tvbrowser.ui.settings.ContextmenuSettingsTab;10;0.7777777777777778;0.8888888888888888
tvbrowser.ui.settings.DirectoriesSettingsTab;10;0.8888888888888888;0.8888888888888888
tvbrowser.ui.settings.FontsSettingsTab;13;0.8333333333333334;0.9166666666666666
tvbrowser.ui.settings.LocaleSettingsTab;16;0.9333333333333333;0.8666666666666667
tvbrowser.ui.settings.LookAndFeelSettingsTab;23;0.8636363636363636;0.8636363636363636
tvbrowser.ui.settings.MausSettingsTab;11;0.8;0.8
tvbrowser.ui.settings.PictureSettingsTab;21;0.9;0.9
tvbrowser.ui.settings.PluginInfoPanel;11;0.9;0.9
tvbrowser.ui.settings.PluginSettingsTab;27;0.9230769230769231;0.8846153846153846
tvbrowser.ui.settings.PluginTableCellRenderer;13;0.8333333333333334;0.9166666666666666
tvbrowser.ui.settings.ProgramPanelSettingsTab;18;0.8823529411764706;0.9411764705882353
tvbrowser.ui.settings.ProgramTableSettingsTab;29;0.8928571428571429;0.8928571428571429
tvbrowser.ui.settings.SettingsDialog;29;0.8214285714285714;0.8571428571428571
tvbrowser.ui.settings.StartupSettingsTab;28;0.9259259259259259;0.9259259259259259
tvbrowser.ui.settings.ToolBarDragAndDropSettings;38;0.8918918918918919;0.8108108108108109
tvbrowser.ui.settings.TrayBaseSettingsTab;10;0.8888888888888888;0.7777777777777778
tvbrowser.ui.settings.TrayImportantSettingsTab;17;0.875;0.875
tvbrowser.ui.settings.TrayNowSettingsTab;14;0.8461538461538461;0.8461538461538461
tvbrowser.ui.settings.TrayOnTimeSettingsTab;17;0.875;0.875
tvbrowser.ui.settings.TrayProgramsChannelsSettingsTab;20;0.8947368421052632;0.7368421052631579
tvbrowser.ui.settings.TraySoonSettingsTab;13;0.8333333333333334;0.8333333333333334
tvbrowser.ui.settings.WebbrowserSettingsTab;12;0.8181818181818182;0.9090909090909091
tvbrowser.ui.settings.channel.AvailableChannelsTableModel;10;0.8888888888888888;1.0
tvbrowser.ui.settings.channel.ChannelConfigDlg;21;0.9;0.9
tvbrowser.ui.settings.channel.ChannelFilter;11;0.9;0.9
tvbrowser.ui.settings.channel.MultiChannelConfigDlg;10;0.7777777777777778;0.8888888888888888
tvbrowser.ui.settings.tablebackgroundstyles.DayTimeBackgroundStyle;10;0.8888888888888888;0.8888888888888888
tvbrowser.ui.settings.tablebackgroundstyles.SingleImageBackgroundStyle;10;0.8888888888888888;0.8888888888888888
tvbrowser.ui.settings.tablebackgroundstyles.TimeBlockBackgroundStyle;15;0.8571428571428571;0.8571428571428571
tvbrowser.ui.splashscreen.SplashScreen;19;0.8888888888888888;0.8333333333333334
tvbrowser.ui.tray.Java6Tray;19;0.8888888888888888;0.8333333333333334
tvbrowser.ui.tray.ProgramMenuItem;34;0.8181818181818182;0.7575757575757576
tvbrowser.ui.tray.SystemTray;39;0.9210526315789473;0.8947368421052632
tvbrowser.ui.update.SoftwareUpdateDlg;17;0.875;0.875
tvbrowser.ui.update.SoftwareUpdateItem;22;0.8095238095238095;0.8571428571428571
tvbrowserdataservice.TvBrowserDataService;54;0.8113207547169812;0.7169811320754716
tvbrowserdataservice.TvBrowserDataServiceChannelGroup;35;0.7941176470588235;0.7941176470588235
tvbrowserdataservice.TvBrowserDataServiceSettings;14;0.8461538461538461;0.9230769230769231
tvbrowserdataservice.TvBrowserDataServiceSettingsPanel;19;0.8333333333333334;0.8888888888888888
tvbrowserdataservice.TvDataBaseUpdater;10;0.8888888888888888;0.8888888888888888
tvbrowserdataservice.file.ChannelList;16;0.9333333333333333;0.8666666666666667
tvbrowserdataservice.file.DayProgramFile;44;0.9069767441860465;0.8604651162790697
tvbrowserdataservice.file.ProgramField;36;0.8571428571428571;0.7714285714285715
tvbrowserdataservice.file.ProgramFrame;19;0.8888888888888888;0.9444444444444444
tvbrowserdataservice.file.SummaryFile;15;0.7857142857142857;0.9285714285714286
tvdataservice.MarkedProgramsList;15;0.7142857142857143;0.7857142857142857
tvdataservice.MutableChannelDayProgram;20;0.9473684210526315;0.9473684210526315
tvdataservice.MutableProgram;86;0.8;0.7764705882352941
tvraterplugin.Database;16;0.8666666666666667;0.9333333333333333
tvraterplugin.DialogOverview;13;0.6666666666666666;0.8333333333333334
tvraterplugin.DialogRating;20;0.8947368421052632;0.8947368421052632
tvraterplugin.Rating;51;0.84;0.74
tvraterplugin.TVRaterFilter;12;0.9090909090909091;0.8181818181818182
tvraterplugin.TVRaterFilterAllCategories;23;0.9545454545454546;0.8636363636363636
tvraterplugin.TVRaterPlugin;52;0.803921568627451;0.7450980392156863
tvraterplugin.TVRaterSettings;17;0.9375;0.875
tvraterplugin.TVRaterSettingsTab;11;0.9;0.9
tvraterplugin.Updater;19;0.9444444444444444;0.8888888888888888
util.browserlauncher.BrowserLauncher;48;0.9787234042553191;0.9787234042553191
util.exc.ErrorHandler;13;0.8333333333333334;0.8333333333333334
util.exc.ErrorWindow;21;0.9;0.9
util.exc.MonitoringErrorStream;11;0.9;0.9
util.exc.TvBrowserException;16;0.9333333333333333;0.8666666666666667
util.io.BufferedRandomAccessFile;14;0.7692307692307693;0.8461538461538461
util.io.CheckNetworkConnection;10;0.7777777777777778;0.8888888888888888
util.io.DownloadManager;13;0.9166666666666666;0.8333333333333334
util.io.ExecutionHandler;23;0.9090909090909091;0.8636363636363636
util.io.IOUtilities;38;0.918918918918919;0.918918918918919
util.io.Mirror;29;0.7142857142857143;0.8214285714285714
util.io.NtpMessage;22;;
util.io.stream.StreamUtilities;24;0.9130434782608695;0.9565217391304348
util.misc.AbstractXmlTvDataHandler;36;0.8857142857142857;0.8285714285714286
util.misc.HashCodeUtilities;18;0.9411764705882353;0.8823529411764706
util.misc.JavaVersion;10;;
util.misc.TextLineBreakerStringWidth;24;0.782608695652174;0.8695652173913043
util.paramhandler.ParamCheckDialog;12;0.7272727272727273;0.8181818181818182
util.paramhandler.ParamInputField;12;0.8181818181818182;0.9090909090909091
util.paramhandler.ParamLibrary;20;0.8947368421052632;0.7894736842105263
util.paramhandler.ParamParser;16;0.8666666666666667;0.8666666666666667
util.program.AbstractPluginProgramFormating;22;0.9047619047619048;0.8571428571428571
util.program.CompoundedProgramFieldType;13;0.9166666666666666;0.8333333333333334
util.program.ProgramTextCreator;25;0.9166666666666666;0.875
util.program.ProgramUtilities;15;0.7142857142857143;0.8571428571428571
util.settings.ChoiceProperty;10;0.7777777777777778;0.7777777777777778
util.settings.PluginPictureSettings;11;0.9;1.0
util.settings.ProgramPanelSettings;43;0.9761904761904762;0.8809523809523809
util.settings.Property;11;0.8;0.8
util.settings.PropertyBasedSettings;16;0.8666666666666667;0.8666666666666667
util.settings.PropertyManager;15;0.8571428571428571;0.7857142857142857
util.settings.StringArrayProperty;15;0.7857142857142857;0.7857142857142857
util.settings.StringProperty;11;0.8;0.8
util.settings.WindowSetting;11;0.9;1.0
util.tvdataservice.IconLoader;14;0.8461538461538461;0.9230769230769231
util.ui.AlphaColorChooser;21;0.75;0.8
util.ui.AutoCompletion;19;0.9444444444444444;0.8888888888888888
util.ui.CaretPositionCorrector;14;0.9230769230769231;1.0
util.ui.ChannelChooserDlg;16;0.7333333333333333;0.8
util.ui.ChannelContextMenu;14;0.8461538461538461;0.8461538461538461
util.ui.ChannelLabel;25;0.9166666666666666;0.7916666666666666
util.ui.ChannelListCellRenderer;16;0.9333333333333333;0.8
util.ui.ColorButton;11;0.8;0.8
util.ui.CreditsScrollerPanel;10;0.8888888888888888;0.8888888888888888
util.ui.DefaultMarkingPrioritySelectionPanel;18;0.9411764705882353;0.8235294117647058
util.ui.DisclosureTriangle;20;0.7894736842105263;0.8421052631578947
util.ui.ExecuteSettingsDialog;20;0.8421052631578947;0.7368421052631579
util.ui.FileCheckBox;18;0.8823529411764706;0.8823529411764706
util.ui.FontChooserPanel;17;0.9375;0.875
util.ui.GridFlowLayout;12;0.8181818181818182;0.9090909090909091
util.ui.HelpDialog;22;0.8095238095238095;0.7619047619047619
util.ui.LineNumberHeader;13;0.8333333333333334;0.8333333333333334
util.ui.LinkButton;10;0.7777777777777778;1.0
util.ui.ListDragAndDropHandler;16;0.9333333333333333;0.8666666666666667
util.ui.LocalPluginProgramFormatingSettingsDialog;14;0.8461538461538461;0.8461538461538461
util.ui.Localizer;65;0.875;0.8125
util.ui.MarkerChooserDlg;11;0.8;0.9
util.ui.MultipleFieldReader;15;0.8571428571428571;0.9285714285714286
util.ui.OrderChooser;35;0.9117647058823529;0.8823529411764706
util.ui.OverlayListener;11;0.7;0.8
util.ui.PictureAreaIcon;14;0.9230769230769231;0.8461538461538461
util.ui.PluginChooserDlg;21;0.8;0.8
util.ui.PluginProgramConfigurationPanel;10;0.8888888888888888;0.8888888888888888
util.ui.ProgramList;30;0.8275862068965517;0.8275862068965517
util.ui.ProgramListCellRenderer;10;0.7777777777777778;0.8888888888888888
util.ui.ProgramPanel;83;0.9024390243902439;0.7804878048780488
util.ui.ScrollableMenu;43;0.9523809523809523;0.7619047619047619
util.ui.SearchForm;41;0.875;0.775
util.ui.SearchFormSettings;32;0.967741935483871;0.9032258064516129
util.ui.SearchHelper;16;0.9333333333333333;0.8666666666666667
util.ui.SendToPluginDialog;15;0.7142857142857143;0.7857142857142857
util.ui.SingleAndDoubleClickTreeUI;16;0.8666666666666667;0.8666666666666667
util.ui.TVBrowserIcons;32;0.967741935483871;0.967741935483871
util.ui.TabLayout;14;0.8461538461538461;0.8461538461538461
util.ui.TextAreaIcon;18;0.9411764705882353;0.8235294117647058
util.ui.TimePeriodChooser;16;0.8666666666666667;0.8666666666666667
util.ui.UiUtilities;30;0.9655172413793104;0.9655172413793104
util.ui.beanshell.SyntaxDocument;33;0.9375;0.84375
util.ui.customizableitems.CustomizableItemsPanel;37;0.9166666666666666;0.8333333333333334
util.ui.customizableitems.SelectableItemList;34;0.9090909090909091;0.8181818181818182
util.ui.customizableitems.SortableItemList;32;0.9354838709677419;0.8387096774193549
util.ui.findasyoutype.FindAction;39;0.7894736842105263;0.7368421052631579
util.ui.findasyoutype.TextComponentFindAction;24;0.8695652173913043;0.8260869565217391
util.ui.login.LoginDialog;15;0.8571428571428571;0.8571428571428571
util.ui.progress.ProgressInputStream;10;0.7777777777777778;0.8888888888888888
util.ui.progress.ProgressMonitorGroup;10;0.8888888888888888;0.8888888888888888
util.ui.table.TableSorter;43;0.7619047619047619;0.7857142857142857
util.ui.view.Node;19;0.8888888888888888;0.8888888888888888
util.ui.view.SplitViewProperty;17;0.75;0.8125
webplugin.WebAddress;25;0.9583333333333334;0.875
webplugin.WebAddressEditDialog;12;0.8181818181818182;0.9090909090909091
webplugin.WebPlugin;39;0.8421052631578947;0.7631578947368421
webplugin.WebSettingsTab;30;0.896551724137931;0.8620689655172413
