file;entities;metric;metric_random
wicket.AccessStackPageMap;16;0.8666666666666667;0.8666666666666667
wicket.Application;59;0.9310344827586207;0.7931034482758621
wicket.AttributeModifier;22;0.8095238095238095;0.7619047619047619
wicket.Component;173;0.936046511627907;0.7093023255813954
wicket.Localizer;12;0.9090909090909091;0.9090909090909091
wicket.MarkupContainer;49;0.7708333333333334;0.7083333333333334
wicket.Page;70;0.7681159420289855;0.6811594202898551
wicket.PageMap;30;0.7241379310344828;0.6896551724137931
wicket.Request;14;0.9230769230769231;0.9230769230769231
wicket.RequestCycle;68;0.9402985074626866;0.7761194029850746
wicket.RequestListenerInterface;15;0.7857142857142857;0.9285714285714286
wicket.Resource;15;0.8571428571428571;0.7857142857142857
wicket.ResourceReference;20;0.8421052631578947;0.7894736842105263
wicket.Response;17;0.9375;0.9375
wicket.Session;76;0.92;0.7333333333333333
wicket.SharedResources;13;0.75;0.8333333333333334
wicket.ajax.AbstractDefaultAjaxBehavior;15;0.6428571428571429;0.7142857142857143
wicket.ajax.AjaxEventBehavior;13;0.5833333333333334;0.8333333333333334
wicket.ajax.AjaxRequestTarget;24;0.8260869565217391;0.7391304347826086
wicket.behavior.AbstractAjaxBehavior;14;0.7692307692307693;0.7692307692307693
wicket.behavior.AbstractBehavior;11;0.9;0.9
wicket.behavior.HeaderContributor;14;0.8461538461538461;0.8461538461538461
wicket.feedback.FeedbackMessage;27;0.9230769230769231;0.8461538461538461
wicket.feedback.FeedbackMessages;24;0.8695652173913043;0.8695652173913043
wicket.feedback.FeedbackMessagesModel;16;0.8666666666666667;0.8666666666666667
wicket.markup.ComponentTag;78;0.948051948051948;0.8831168831168831
wicket.markup.ContainerInfo;12;0.9090909090909091;0.8181818181818182
wicket.markup.Markup;31;0.8;0.7666666666666667
wicket.markup.MarkupCache;19;0.8333333333333334;0.8333333333333334
wicket.markup.MarkupFragment;19;0.7777777777777778;0.7777777777777778
wicket.markup.MarkupParser;22;0.8571428571428571;0.8095238095238095
wicket.markup.MarkupResourceStream;18;0.9411764705882353;0.8823529411764706
wicket.markup.MarkupStream;35;0.9411764705882353;0.9117647058823529
wicket.markup.html.PackageResource;20;0.7894736842105263;0.7368421052631579
wicket.markup.html.PackageResourceReference;12;0.9090909090909091;0.8181818181818182
wicket.markup.html.WebMarkupContainerWithAssociatedMarkup;10;0.8888888888888888;0.7777777777777778
wicket.markup.html.WebPage;23;0.7272727272727273;0.7272727272727273
wicket.markup.html.body.BodyTagAttributeModifier;10;0.7777777777777778;0.8888888888888888
wicket.markup.html.border.Border;15;0.7857142857142857;0.7857142857142857
wicket.markup.html.form.AbstractChoice;23;0.8181818181818182;0.8181818181818182
wicket.markup.html.form.AbstractSingleSelectChoice;19;0.8888888888888888;0.8333333333333334
wicket.markup.html.form.Button;17;0.6875;0.8125
wicket.markup.html.form.CheckBox;10;0.8888888888888888;0.7777777777777778
wicket.markup.html.form.CheckBoxMultipleChoice;17;0.9375;0.9375
wicket.markup.html.form.CheckGroup;11;0.8;0.7
wicket.markup.html.form.DropDownChoice;15;0.8571428571428571;0.7857142857142857
wicket.markup.html.form.Form;63;0.7741935483870968;0.7096774193548387
wicket.markup.html.form.FormComponent;65;0.875;0.765625
wicket.markup.html.form.ListChoice;20;0.8421052631578947;0.7894736842105263
wicket.markup.html.form.ListMultipleChoice;21;0.9;0.8
wicket.markup.html.form.PasswordTextField;11;0.7;0.8
wicket.markup.html.form.RadioChoice;21;0.9;0.8
wicket.markup.html.form.persistence.CookieValuePersister;14;0.9230769230769231;0.8461538461538461
wicket.markup.html.form.persistence.CookieValuePersisterSettings;15;0.9285714285714286;0.8571428571428571
wicket.markup.html.form.upload.FileUpload;11;0.8;0.8
wicket.markup.html.form.upload.FileUploadField;11;0.9;0.8
wicket.markup.html.form.validation.NumberValidator;10;;
wicket.markup.html.form.validation.PatternValidator;11;0.8;0.8
wicket.markup.html.image.Image;18;0.8823529411764706;0.7647058823529411
wicket.markup.html.image.resource.DefaultButtonImageResource;27;0.9615384615384616;0.8461538461538461
wicket.markup.html.image.resource.DynamicImageResource;12;0.8181818181818182;0.8181818181818182
wicket.markup.html.image.resource.LocalizedImageResource;19;0.9444444444444444;0.8333333333333334
wicket.markup.html.image.resource.RenderedDynamicImageResource;17;0.8125;0.8125
wicket.markup.html.include.Include;11;0.8;0.8
wicket.markup.html.internal.HeaderResponse;11;0.9;0.9
wicket.markup.html.internal.HtmlHeaderContainer;10;0.5555555555555556;0.8888888888888888
wicket.markup.html.link.BookmarkablePageLink;16;0.8666666666666667;0.8
wicket.markup.html.link.ExternalLink;12;0.9090909090909091;0.8181818181818182
wicket.markup.html.link.InternalFrame;10;0.7777777777777778;0.7777777777777778
wicket.markup.html.link.Link;29;0.8928571428571429;0.75
wicket.markup.html.link.PopupSettings;30;0.896551724137931;0.8620689655172413
wicket.markup.html.link.ResourceLink;10;0.7777777777777778;0.7777777777777778
wicket.markup.html.list.ListItemModel;10;0.8888888888888888;0.7777777777777778
wicket.markup.html.list.ListView;25;0.8333333333333334;0.75
wicket.markup.html.list.PageableListView;12;0.8181818181818182;0.9090909090909091
wicket.markup.html.navigation.paging.PagingNavigation;22;0.8095238095238095;0.7619047619047619
wicket.markup.html.pages.BrowserInfoPage;10;0.7777777777777778;0.7777777777777778
wicket.markup.html.panel.FeedbackPanel;21;0.9;0.85
wicket.markup.html.panel.Fragment;14;0.7692307692307693;0.7692307692307693
wicket.markup.html.tree.AbstractTree;58;0.9298245614035088;0.7368421052631579
wicket.markup.html.tree.DefaultAbstractTree;25;0.9583333333333334;0.75
wicket.markup.html.tree.DefaultTreeState;18;0.9411764705882353;0.8235294117647058
wicket.markup.html.tree.table.AbstractColumn;10;0.8888888888888888;0.8888888888888888
wicket.markup.html.tree.table.AbstractRenderableColumn;10;0.8888888888888888;0.8888888888888888
wicket.markup.html.tree.table.PropertyRenderableColumn;11;0.8;0.8
wicket.markup.html.tree.table.PropertyTreeColumn;10;0.7777777777777778;0.7777777777777778
wicket.markup.html.tree.table.SideColumnsView;12;0.9090909090909091;0.9090909090909091
wicket.markup.html.tree.table.TreeTable;13;0.75;0.75
wicket.markup.loader.InheritedMarkupMarkupLoader;11;0.9;0.9
wicket.markup.parser.XmlPullParser;22;0.8095238095238095;0.8571428571428571
wicket.markup.parser.XmlTag;49;0.9375;0.8541666666666666
wicket.markup.transformer.AbstractOutputTransformerContainer;11;0.7;0.8
wicket.model.AbstractDetachableAssignmentAwareModel;16;0.7333333333333333;0.8
wicket.model.AbstractDetachableInheritableModel;16;0.7333333333333333;0.8
wicket.model.AbstractDetachableModel;15;0.8571428571428571;0.8571428571428571
wicket.model.AbstractPropertyAssignmentAwareModel;11;0.7;0.8
wicket.model.AbstractPropertyInheritableModel;11;0.7;0.9
wicket.model.BoundCompoundPropertyModel;11;0.8;0.8
wicket.model.LoadableDetachableModel;12;0.7272727272727273;0.7272727272727273
wicket.model.Model;11;0.8;0.9
wicket.model.StringResourceModel;22;0.8571428571428571;0.7619047619047619
wicket.protocol.http.AbstractHttpSessionStore;14;0.8461538461538461;0.8461538461538461
wicket.protocol.http.BufferedHttpServletResponse;53;0.8846153846153846;0.7884615384615384
wicket.protocol.http.BufferedWebResponse;10;0.5555555555555556;0.7777777777777778
wicket.protocol.http.ClientPageSavingSessionStore;10;0.7777777777777778;0.8888888888888888
wicket.protocol.http.ClientProperties;48;0.9787234042553191;0.9361702127659575
wicket.protocol.http.MockHttpServletRequest;79;0.9743589743589743;0.8846153846153846
wicket.protocol.http.MockHttpServletResponse;60;0.9830508474576272;0.847457627118644
wicket.protocol.http.MockHttpSession;25;0.8333333333333334;0.8333333333333334
wicket.protocol.http.MockServletContext;33;0.96875;0.9375
wicket.protocol.http.MockWebApplication;33;0.875;0.8125
wicket.protocol.http.RequestLogger;19;0.8888888888888888;0.7777777777777778
wicket.protocol.http.WebApplication;39;0.8157894736842105;0.6842105263157895
wicket.protocol.http.WebRequest;11;0.8;0.8
wicket.protocol.http.WebRequestCycle;12;0.8181818181818182;0.8181818181818182
wicket.protocol.http.WebResponse;25;0.8333333333333334;0.7916666666666666
wicket.protocol.http.WebSession;12;0.7272727272727273;0.7272727272727273
wicket.protocol.http.WicketFilter;19;0.8333333333333334;0.7777777777777778
wicket.protocol.http.documentvalidation.HtmlDocumentParser;23;0.9090909090909091;0.8181818181818182
wicket.protocol.http.documentvalidation.HtmlDocumentValidator;15;0.9285714285714286;0.9285714285714286
wicket.protocol.http.documentvalidation.Tag;13;0.9166666666666666;0.9166666666666666
wicket.protocol.http.portlet.PortletApplication;24;0.7391304347826086;0.7391304347826086
wicket.protocol.http.portlet.PortletPage;17;0.8125;0.75
wicket.protocol.http.portlet.PortletRequestCodingStrategy;26;0.88;0.84
wicket.protocol.http.portlet.PortletSessionStore;22;0.8095238095238095;0.8095238095238095
wicket.protocol.http.portlet.WicketPortletRequest;11;0.8;0.9
wicket.protocol.http.request.AbstractWebRequestCodingStrategy;18;0.9411764705882353;0.7647058823529411
wicket.protocol.http.request.CryptedUrlWebRequestCodingStrategy;14;0.9230769230769231;0.7692307692307693
wicket.protocol.http.request.WebClientInfo;12;0.8181818181818182;0.9090909090909091
wicket.protocol.http.request.WebErrorCodeResponseTarget;12;0.9090909090909091;0.8181818181818182
wicket.protocol.http.request.WebExternalResourceRequestTarget;10;0.8888888888888888;0.8888888888888888
wicket.protocol.http.request.WebRequestCodingStrategy;11;0.9;0.9
wicket.protocol.http.servlet.MultipartServletWebRequest;15;0.7857142857142857;0.7142857142857143
wicket.protocol.http.servlet.ServletWebRequest;15;0.9285714285714286;0.9285714285714286
wicket.request.RequestParameters;35;0.9705882352941176;0.8529411764705882
wicket.request.compound.CompoundRequestCycleProcessor;18;0.8823529411764706;0.7058823529411765
wicket.request.target.basic.EmptyRequestTarget;10;0.8888888888888888;0.7777777777777778
wicket.request.target.component.BookmarkablePageRequestTarget;21;0.8;0.8
wicket.request.target.component.listener.AbstractListenerInterfaceRequestTarget;12;0.8181818181818182;0.8181818181818182
wicket.request.target.resource.ComponentResourceRequestTarget;10;0.8888888888888888;0.8888888888888888
wicket.request.target.resource.ResourceStreamRequestTarget;13;0.8333333333333334;0.75
wicket.request.target.resource.SharedResourceRequestTarget;11;0.7;0.8
wicket.resource.PropertiesFactory;12;0.8181818181818182;0.9090909090909091
wicket.settings.Settings;149;0.9864864864864865;0.8040540540540541
wicket.util.collections.IntHashMap;47;0.8043478260869565;0.8260869565217391
wicket.util.collections.MicroMap;19;0.8888888888888888;0.9444444444444444
wicket.util.collections.MiniMap;26;0.88;0.84
wicket.util.convert.ConversionException;19;0.9444444444444444;0.8888888888888888
wicket.util.convert.converters.DateConverter;10;0.7777777777777778;0.7777777777777778
wicket.util.crypt.AbstractCrypt;14;0.9230769230769231;0.8461538461538461
wicket.util.crypt.Base64;24;0.9130434782608695;0.782608695652174
wicket.util.crypt.Base64UrlSafe;19;0.8888888888888888;0.8333333333333334
wicket.util.diff.Chunk;25;0.9166666666666666;0.875
wicket.util.diff.Delta;16;0.8;0.8
wicket.util.diff.Diff;19;0.8888888888888888;0.8888888888888888
wicket.util.diff.Revision;14;0.8461538461538461;0.9230769230769231
wicket.util.file.File;11;0.9;1.0
wicket.util.file.Folder;14;0.8461538461538461;0.9230769230769231
wicket.util.file.Path;10;0.8888888888888888;1.0
wicket.util.io.ByteArrayOutputStream;18;0.7647058823529411;0.7647058823529411
wicket.util.io.FullyBufferedReader;22;0.9047619047619048;0.8571428571428571
wicket.util.io.IOUtils;35;0.9705882352941176;0.9705882352941176
wicket.util.io.StringBufferWriter;12;0.8181818181818182;0.8181818181818182
wicket.util.io.ThresholdingOutputStream;15;0.8571428571428571;0.7857142857142857
wicket.util.io.XmlReader;15;0.8571428571428571;0.8571428571428571
wicket.util.lang.Bytes;24;0.8695652173913043;0.8695652173913043
wicket.util.lang.Objects;37;0.9166666666666666;0.7777777777777778
wicket.util.lang.PropertyResolver;10;0.8888888888888888;0.8888888888888888
wicket.util.parse.metapattern.MetaPattern;66;0.9846153846153847;0.8769230769230769
wicket.util.parse.metapattern.parsers.MetaPatternParser;10;0.7777777777777778;0.7777777777777778
wicket.util.resource.AbstractStringResourceStream;10;0.8888888888888888;0.8888888888888888
wicket.util.resource.FileResourceStream;11;0.8;0.8
wicket.util.resource.PackagedTextTemplate;10;0.8888888888888888;0.8888888888888888
wicket.util.resource.StringBufferResourceStream;10;0.7777777777777778;0.7777777777777778
wicket.util.resource.TextTemplateDecorator;19;0.8333333333333334;0.8888888888888888
wicket.util.resource.UrlResourceStream;17;0.8125;0.8125
wicket.util.string.AbstractStringList;10;1.0;1.0
wicket.util.string.AppendingStringBuffer;62;0.8852459016393442;0.8852459016393442
wicket.util.string.JavascriptUtils;17;0.9375;1.0
wicket.util.string.PrependingStringBuffer;11;0.8;0.9
wicket.util.string.StringList;26;0.84;0.84
wicket.util.string.StringValue;50;0.9387755102040817;0.9183673469387755
wicket.util.string.Strings;35;0.9705882352941176;0.9117647058823529
wicket.util.tester.ExternalPageViewer;10;0.7777777777777778;0.7777777777777778
wicket.util.tester.FormTester;15;0.8571428571428571;0.8571428571428571
wicket.util.tester.TagTester;14;0.9230769230769231;0.8461538461538461
wicket.util.tester.WicketTester;38;0.8918918918918919;0.918918918918919
wicket.util.thread.Task;14;0.7692307692307693;0.7692307692307693
wicket.util.time.Duration;36;0.8857142857142857;0.9142857142857143
wicket.util.time.Time;41;0.9;0.9
wicket.util.time.TimeFrame;14;0.8461538461538461;0.9230769230769231
wicket.util.time.TimeOfDay;24;0.9130434782608695;0.8260869565217391
wicket.util.upload.DiskFileItem;34;0.8787878787878788;0.7878787878787878
wicket.util.upload.DiskFileItemFactory;10;0.8888888888888888;0.8888888888888888
wicket.util.upload.FileUploadBase;24;0.9565217391304348;0.8260869565217391
wicket.util.upload.MultipartFormInputStream;33;0.96875;0.75
wicket.util.upload.ParameterParser;17;0.875;0.875
wicket.util.value.CopyOnWriteValueMap;33;0.90625;0.9375
wicket.util.value.IntValue;11;0.6;0.8
wicket.util.value.LongValue;11;0.6;0.8
wicket.util.value.ValueMap;31;0.8666666666666667;0.8666666666666667
wicket.version.undo.UndoPageVersionManager;19;0.9444444444444444;0.8333333333333334
