DEFECT_ID,SEVERITY,PRIORITY,CODE_REV,DESIGN_REV,STATUS,CLOSE_REASON,COST,DEFERRED_ON,EST_FIX_HOURS,EST_SLOC_COUNT,FIX_HOURS,HOW_FOUND,MODE,PROBLEM_TYPE,SLOC_COUNT
3601,0,0,,,Closed,,,,,,,,,Trouble,
3602,0,0,,,Closed,,,,,,,,,Trouble,
3603,0,0,,,Closed,,,,,,,,,Trouble,
3604,0,0,,,Cancelled,,,,,,,,,Trouble,
3605,0,0,,,Closed,,,,,,,,,Trouble,
3606,0,0,,,Closed,,,,,,,,,Trouble,
3607,0,0,,,Closed,,,,,,,,,Trouble,
3608,0,0,,,Closed,,,,,,,,,Trouble,
3609,0,0,,,Closed,,,,,,,,,Trouble,
3610,0,0,,,Closed,,,,,,,,,Trouble,
3611,0,0,,,Closed,,,,,,,,,Trouble,
3612,0,0,,,Closed,,,,,,,,,Trouble,
3613,0,0,,,Closed,,,,,,,,,Trouble,
3614,0,0,,,Closed,,,,,,,,,Trouble,
3615,0,0,,,Closed,,,,,,,,,Trouble,
3616,0,0,,,Closed,,,,,,,,,Trouble,
3617,0,0,,,Closed,,,,,,,,,Trouble,
3618,0,0,,,Closed,,,,,,,,,Trouble,
3619,0,0,,,Closed,,,,,,,,,Trouble,
3620,0,0,,,Closed,,,,,,,,,Trouble,
3621,0,0,,,Closed,,,,,,,,,Trouble,
3622,0,0,,,Closed,,,,,,,,,Trouble,
3623,0,0,,,Closed,,,,,,,,,Trouble,
3624,0,0,,,Closed,,,,,,,,,Trouble,
3625,0,0,,,Closed,,,,,,,,,Trouble,
3626,0,0,,,Closed,,,,,,,,,Trouble,
3627,0,0,,,Closed,,,,,,,,,Trouble,
3628,0,0,,,Closed,,,,,,,,,Trouble,
3629,0,0,,,Closed,,,,,,,,,Trouble,
3630,0,0,,,Closed,,,,,,,,,Trouble,
3631,0,0,,,Closed,,,,,,,,,Trouble,
3632,0,0,,,Closed,,,,,,,,,Trouble,
3633,0,0,,,Closed,,,,,,,,,Trouble,
3634,0,0,,,Closed,,,,,,,,,Trouble,
3635,0,0,,,Closed,,,,,,,,,Trouble,
3636,0,0,,,Closed,,,,,,,,,Trouble,
3637,0,0,,,Closed,,,,,,,,,Trouble,
3638,0,0,,,Closed,,,,,,,,,Trouble,
3639,0,0,,,Closed,,,,,,,,,Trouble,
3640,0,0,,,Closed,,,,,,,,,Trouble,
3641,0,0,,,Closed,,,,,,,,,Trouble,
3642,0,0,,,Closed,,,,,,,,,Trouble,
3643,0,0,,,Closed,,,,,,,,,Trouble,
3644,0,0,,,Closed,,,,,,,,,Trouble,
3645,0,0,,,Closed,,,,,,,,,Trouble,
3646,0,0,,,Closed,,,,,,,,,Trouble,
3647,0,0,,,Closed,,,,,,,,,Trouble,
3648,0,0,,,Closed,,,,,,,,,Trouble,
3649,0,0,,,Closed,,,,,,,,,Trouble,
3650,0,0,,,Closed,,,,,,,,,Trouble,
3651,0,0,,,Closed,,,,,,,,,Trouble,
3652,0,0,,,Closed,,,,,,,,,Trouble,
3653,0,0,,,Closed,,,,,,,,,Trouble,
3654,0,0,,,Closed,,,,,,,,,Trouble,
3655,0,0,,,Closed,,,,,,,,,Trouble,
3656,0,0,,,Closed,,,,,,,,,Trouble,
3657,0,0,,,Closed,,,,,,,,,Trouble,
3658,0,0,,,Closed,,,,,,,,,Trouble,
3659,0,0,,,Closed,,,,,,,,,Trouble,
3660,0,0,,,Closed,,,,,,,,,Trouble,
3661,0,0,,,Closed,,,,,,,,,Trouble,
3662,0,0,,,Closed,,,,,,,,,Trouble,
3663,0,0,,,Closed,,,,,,,,,Trouble,
3664,0,0,,,Closed,,,,,,,,,Trouble,
3665,0,0,,,Closed,,,,,,,,,Trouble,
3666,0,0,,,Closed,,,,,,,,,Trouble,
3667,0,0,,,Closed,,,,,,,,,Trouble,
3668,0,0,,,Closed,,,,,,,,,Trouble,
3669,0,0,,,Closed,,,,,,,,,Trouble,
3670,0,0,,,Closed,,,,,,,,,Trouble,
3671,0,0,,,Closed,,,,,,,,,Trouble,
3672,0,0,,,Closed,,,,,,,,,Trouble,
