DEFECT_ID,TYPE
3601,Trouble
3602,Trouble
3603,Trouble
3604,Trouble
3605,Trouble
3606,Trouble
3607,Trouble
3608,Trouble
3609,Trouble
3610,Trouble
3611,Trouble
3612,Trouble
3613,Trouble
3614,Trouble
3615,Trouble
3616,Trouble
3617,Trouble
3618,Trouble
3619,Trouble
3620,Trouble
3621,Trouble
3622,Trouble
3623,Trouble
3624,Trouble
3625,Trouble
3626,Trouble
3627,Trouble
3628,Trouble
3629,Trouble
3630,Trouble
3631,Trouble
3632,Trouble
3633,Trouble
3634,Trouble
3635,Trouble
3636,Trouble
3637,Trouble
3638,Trouble
3639,Trouble
3640,Trouble
3641,Trouble
3642,Trouble
3643,Trouble
3644,Trouble
3645,Trouble
3646,Trouble
3647,Trouble
3648,Trouble
3649,Trouble
3650,Trouble
3651,Trouble
3652,Trouble
3653,Trouble
3654,Trouble
3655,Trouble
3656,Trouble
3657,Trouble
3658,Trouble
3659,Trouble
3660,Trouble
3661,Trouble
3662,Trouble
3663,Trouble
3664,Trouble
3665,Trouble
3666,Trouble
3667,Trouble
3668,Trouble
3669,Trouble
3670,Trouble
3671,Trouble
3672,Trouble
