DEFECT_ID,ENTRY_TYPE,ENTRY_DATE,ENTRY_SEVERITY,ENTRY_PRIORITY,ENTRY_DATA
3601,OPENED,17-FEB-2000 00:00:00,0,0,
3601,CLOSED,28-SEP-2000 00:00:00,0,0,
3601,DEFECT_TYPE,28-SEP-2000 00:00:00,0,0,Trouble
3602,OPENED,07-MAR-2000 00:00:00,0,0,
3602,CLOSED,13-MAR-2001 00:00:00,0,0,
3602,DEFECT_TYPE,13-MAR-2001 00:00:00,0,0,Trouble
3603,OPENED,13-MAR-2000 00:00:00,0,0,
3603,CLOSED,13-MAR-2001 00:00:00,0,0,
3603,DEFECT_TYPE,13-MAR-2001 00:00:00,0,0,Trouble
3604,OPENED,14-MAR-2000 00:00:00,0,0,
3604,CLOSED,,0,0,
3604,DEFECT_TYPE,,0,0,Trouble
3605,OPENED,14-MAR-2000 00:00:00,0,0,
3605,CLOSED,13-MAR-2001 00:00:00,0,0,
3605,DEFECT_TYPE,13-MAR-2001 00:00:00,0,0,Trouble
3606,OPENED,16-MAR-2000 00:00:00,0,0,
3606,CLOSED,19-JUN-2001 00:00:00,0,0,
3606,DEFECT_TYPE,19-JUN-2001 00:00:00,0,0,Trouble
3607,OPENED,30-MAR-2000 00:00:00,0,0,
3607,CLOSED,27-JUN-2000 00:00:00,0,0,
3607,DEFECT_TYPE,27-JUN-2000 00:00:00,0,0,Trouble
3608,OPENED,11-APR-2000 00:00:00,0,0,
3608,CLOSED,13-MAR-2001 00:00:00,0,0,
3608,DEFECT_TYPE,13-MAR-2001 00:00:00,0,0,Trouble
3609,OPENED,08-JAN-1998 00:00:00,0,0,
3609,CLOSED,03-FEB-1999 00:00:00,0,0,
3609,DEFECT_TYPE,03-FEB-1999 00:00:00,0,0,Trouble
3610,OPENED,06-JUL-2000 00:00:00,0,0,
3610,CLOSED,16-AUG-2000 00:00:00,0,0,
3610,DEFECT_TYPE,16-AUG-2000 00:00:00,0,0,Trouble
3611,OPENED,18-AUG-2000 00:00:00,0,0,
3611,CLOSED,19-JUN-2001 00:00:00,0,0,
3611,DEFECT_TYPE,19-JUN-2001 00:00:00,0,0,Trouble
3612,OPENED,18-AUG-2000 00:00:00,0,0,
3612,CLOSED,13-MAR-2001 00:00:00,0,0,
3612,DEFECT_TYPE,13-MAR-2001 00:00:00,0,0,Trouble
3613,OPENED,18-AUG-2000 00:00:00,0,0,
3613,CLOSED,19-JUN-2001 00:00:00,0,0,
3613,DEFECT_TYPE,19-JUN-2001 00:00:00,0,0,Trouble
3614,OPENED,04-OCT-2000 00:00:00,0,0,
3614,CLOSED,14-MAR-2001 00:00:00,0,0,
3614,DEFECT_TYPE,14-MAR-2001 00:00:00,0,0,Trouble
3615,OPENED,12-JAN-1998 00:00:00,0,0,
3615,CLOSED,27-JAN-1998 00:00:00,0,0,
3615,DEFECT_TYPE,27-JAN-1998 00:00:00,0,0,Trouble
3616,OPENED,19-OCT-2000 00:00:00,0,0,
3616,CLOSED,14-MAR-2001 00:00:00,0,0,
3616,DEFECT_TYPE,14-MAR-2001 00:00:00,0,0,Trouble
3617,OPENED,23-OCT-2000 00:00:00,0,0,
3617,CLOSED,15-NOV-2000 00:00:00,0,0,
3617,DEFECT_TYPE,15-NOV-2000 00:00:00,0,0,Trouble
3618,OPENED,23-OCT-2000 00:00:00,0,0,
3618,CLOSED,19-JUN-2001 00:00:00,0,0,
3618,DEFECT_TYPE,19-JUN-2001 00:00:00,0,0,Trouble
3619,OPENED,26-OCT-2000 00:00:00,0,0,
3619,CLOSED,05-APR-2001 00:00:00,0,0,
3619,DEFECT_TYPE,05-APR-2001 00:00:00,0,0,Trouble
3620,OPENED,26-OCT-2000 00:00:00,0,0,
3620,CLOSED,04-SEP-2001 00:00:00,0,0,
3620,DEFECT_TYPE,04-SEP-2001 00:00:00,0,0,Trouble
3621,OPENED,02-NOV-2000 00:00:00,0,0,
3621,CLOSED,04-SEP-2001 00:00:00,0,0,
3621,DEFECT_TYPE,04-SEP-2001 00:00:00,0,0,Trouble
3622,OPENED,06-NOV-2000 00:00:00,0,0,
3622,CLOSED,04-FEB-2001 00:00:00,0,0,
3622,DEFECT_TYPE,04-FEB-2001 00:00:00,0,0,Trouble
3623,OPENED,27-NOV-2000 00:00:00,0,0,
3623,CLOSED,19-JUN-2001 00:00:00,0,0,
3623,DEFECT_TYPE,19-JUN-2001 00:00:00,0,0,Trouble
3624,OPENED,24-JAN-2001 00:00:00,0,0,
3624,CLOSED,19-JUN-2001 00:00:00,0,0,
3624,DEFECT_TYPE,19-JUN-2001 00:00:00,0,0,Trouble
3625,OPENED,26-JAN-2001 00:00:00,0,0,
3625,CLOSED,19-JUN-2001 00:00:00,0,0,
3625,DEFECT_TYPE,19-JUN-2001 00:00:00,0,0,Trouble
3626,OPENED,15-MAR-2001 00:00:00,0,0,
3626,CLOSED,19-JUN-2001 00:00:00,0,0,
3626,DEFECT_TYPE,19-JUN-2001 00:00:00,0,0,Trouble
3627,OPENED,21-MAR-2001 00:00:00,0,0,
3627,CLOSED,28-MAR-2001 00:00:00,0,0,
3627,DEFECT_TYPE,28-MAR-2001 00:00:00,0,0,Trouble
3628,OPENED,21-MAR-2001 00:00:00,0,0,
3628,CLOSED,25-JUN-2001 00:00:00,0,0,
3628,DEFECT_TYPE,25-JUN-2001 00:00:00,0,0,Trouble
3629,OPENED,12-APR-2001 00:00:00,0,0,
3629,CLOSED,19-APR-2001 00:00:00,0,0,
3629,DEFECT_TYPE,19-APR-2001 00:00:00,0,0,Trouble
3630,OPENED,15-MAY-2001 00:00:00,0,0,
3630,CLOSED,04-SEP-2001 00:00:00,0,0,
3630,DEFECT_TYPE,04-SEP-2001 00:00:00,0,0,Trouble
3631,OPENED,31-MAY-2001 00:00:00,0,0,
3631,CLOSED,04-SEP-2001 00:00:00,0,0,
3631,DEFECT_TYPE,04-SEP-2001 00:00:00,0,0,Trouble
3632,OPENED,09-FEB-1998 00:00:00,0,0,
3632,CLOSED,23-SEP-1998 00:00:00,0,0,
3632,DEFECT_TYPE,23-SEP-1998 00:00:00,0,0,Trouble
3633,OPENED,10-FEB-1998 00:00:00,0,0,
3633,CLOSED,23-SEP-1998 00:00:00,0,0,
3633,DEFECT_TYPE,23-SEP-1998 00:00:00,0,0,Trouble
3634,OPENED,19-FEB-1998 00:00:00,0,0,
3634,CLOSED,23-SEP-1998 00:00:00,0,0,
3634,DEFECT_TYPE,23-SEP-1998 00:00:00,0,0,Trouble
3635,OPENED,20-FEB-1998 00:00:00,0,0,
3635,CLOSED,23-SEP-1998 00:00:00,0,0,
3635,DEFECT_TYPE,23-SEP-1998 00:00:00,0,0,Trouble
3636,OPENED,20-FEB-1998 00:00:00,0,0,
3636,CLOSED,23-SEP-1998 00:00:00,0,0,
3636,DEFECT_TYPE,23-SEP-1998 00:00:00,0,0,Trouble
3637,OPENED,04-MAR-1998 00:00:00,0,0,
3637,CLOSED,14-JUL-1998 00:00:00,0,0,
3637,DEFECT_TYPE,14-JUL-1998 00:00:00,0,0,Trouble
3638,OPENED,05-MAR-1998 00:00:00,0,0,
3638,CLOSED,06-MAY-1999 00:00:00,0,0,
3638,DEFECT_TYPE,06-MAY-1999 00:00:00,0,0,Trouble
3639,OPENED,09-MAR-1998 00:00:00,0,0,
3639,CLOSED,23-SEP-1998 00:00:00,0,0,
3639,DEFECT_TYPE,23-SEP-1998 00:00:00,0,0,Trouble
3640,OPENED,24-APR-1998 00:00:00,0,0,
3640,CLOSED,23-SEP-1998 00:00:00,0,0,
3640,DEFECT_TYPE,23-SEP-1998 00:00:00,0,0,Trouble
3641,OPENED,24-APR-1998 00:00:00,0,0,
3641,CLOSED,23-SEP-1998 00:00:00,0,0,
3641,DEFECT_TYPE,23-SEP-1998 00:00:00,0,0,Trouble
3642,OPENED,29-MAY-1998 00:00:00,0,0,
3642,CLOSED,23-SEP-1998 00:00:00,0,0,
3642,DEFECT_TYPE,23-SEP-1998 00:00:00,0,0,Trouble
3643,OPENED,09-OCT-1997 00:00:00,0,0,
3643,CLOSED,23-SEP-1998 00:00:00,0,0,
3643,DEFECT_TYPE,23-SEP-1998 00:00:00,0,0,Trouble
3644,OPENED,09-JUN-1998 00:00:00,0,0,
3644,CLOSED,06-MAY-1999 00:00:00,0,0,
3644,DEFECT_TYPE,06-MAY-1999 00:00:00,0,0,Trouble
3645,OPENED,11-JUN-1998 00:00:00,0,0,
3645,CLOSED,23-SEP-1998 00:00:00,0,0,
3645,DEFECT_TYPE,23-SEP-1998 00:00:00,0,0,Trouble
3646,OPENED,10-AUG-1998 00:00:00,0,0,
3646,CLOSED,26-JAN-1999 00:00:00,0,0,
3646,DEFECT_TYPE,26-JAN-1999 00:00:00,0,0,Trouble
3647,OPENED,03-DEC-1997 00:00:00,0,0,
3647,CLOSED,18-FEB-1998 00:00:00,0,0,
3647,DEFECT_TYPE,18-FEB-1998 00:00:00,0,0,Trouble
3648,OPENED,21-JAN-1999 00:00:00,0,0,
3648,CLOSED,18-MAY-2001 00:00:00,0,0,
3648,DEFECT_TYPE,18-MAY-2001 00:00:00,0,0,Trouble
3649,OPENED,26-JAN-1999 00:00:00,0,0,
3649,CLOSED,06-APR-1999 00:00:00,0,0,
3649,DEFECT_TYPE,06-APR-1999 00:00:00,0,0,Trouble
3650,OPENED,17-FEB-1999 00:00:00,0,0,
3650,CLOSED,31-AUG-1999 00:00:00,0,0,
3650,DEFECT_TYPE,31-AUG-1999 00:00:00,0,0,Trouble
3651,OPENED,24-FEB-1999 00:00:00,0,0,
3651,CLOSED,28-JUN-2001 00:00:00,0,0,
3651,DEFECT_TYPE,28-JUN-2001 00:00:00,0,0,Trouble
3652,OPENED,24-FEB-1999 00:00:00,0,0,
3652,CLOSED,28-JUN-2001 00:00:00,0,0,
3652,DEFECT_TYPE,28-JUN-2001 00:00:00,0,0,Trouble
3653,OPENED,25-FEB-1999 00:00:00,0,0,
3653,CLOSED,19-APR-2000 00:00:00,0,0,
3653,DEFECT_TYPE,19-APR-2000 00:00:00,0,0,Trouble
3654,OPENED,01-MAR-1999 00:00:00,0,0,
3654,CLOSED,27-JUN-2000 00:00:00,0,0,
3654,DEFECT_TYPE,27-JUN-2000 00:00:00,0,0,Trouble
3655,OPENED,10-DEC-1997 00:00:00,0,0,
3655,CLOSED,07-OCT-1998 00:00:00,0,0,
3655,DEFECT_TYPE,07-OCT-1998 00:00:00,0,0,Trouble
3656,OPENED,09-APR-1999 00:00:00,0,0,
3656,CLOSED,14-MAR-2001 00:00:00,0,0,
3656,DEFECT_TYPE,14-MAR-2001 00:00:00,0,0,Trouble
3657,OPENED,13-APR-1999 00:00:00,0,0,
3657,CLOSED,27-JUN-2000 00:00:00,0,0,
3657,DEFECT_TYPE,27-JUN-2000 00:00:00,0,0,Trouble
3658,OPENED,02-JUN-1999 00:00:00,0,0,
3658,CLOSED,19-JUN-2001 00:00:00,0,0,
3658,DEFECT_TYPE,19-JUN-2001 00:00:00,0,0,Trouble
3659,OPENED,08-JUN-1999 00:00:00,0,0,
3659,CLOSED,31-AUG-1999 00:00:00,0,0,
3659,DEFECT_TYPE,31-AUG-1999 00:00:00,0,0,Trouble
3660,OPENED,08-JUN-1999 00:00:00,0,0,
3660,CLOSED,31-AUG-1999 00:00:00,0,0,
3660,DEFECT_TYPE,31-AUG-1999 00:00:00,0,0,Trouble
3661,OPENED,08-JUN-1999 00:00:00,0,0,
3661,CLOSED,09-NOV-1999 00:00:00,0,0,
3661,DEFECT_TYPE,09-NOV-1999 00:00:00,0,0,Trouble
3662,OPENED,08-JUN-1999 00:00:00,0,0,
3662,CLOSED,16-NOV-1999 00:00:00,0,0,
3662,DEFECT_TYPE,16-NOV-1999 00:00:00,0,0,Trouble
3663,OPENED,09-JUN-1999 00:00:00,0,0,
3663,CLOSED,13-MAR-2001 00:00:00,0,0,
3663,DEFECT_TYPE,13-MAR-2001 00:00:00,0,0,Trouble
3664,OPENED,11-JUN-1999 00:00:00,0,0,
3664,CLOSED,27-JUN-2000 00:00:00,0,0,
3664,DEFECT_TYPE,27-JUN-2000 00:00:00,0,0,Trouble
3665,OPENED,28-JUN-1999 00:00:00,0,0,
3665,CLOSED,01-JUL-1999 00:00:00,0,0,
3665,DEFECT_TYPE,01-JUL-1999 00:00:00,0,0,Trouble
3666,OPENED,01-JUL-1999 00:00:00,0,0,
3666,CLOSED,14-MAR-2001 00:00:00,0,0,
3666,DEFECT_TYPE,14-MAR-2001 00:00:00,0,0,Trouble
3667,OPENED,10-JUL-1999 00:00:00,0,0,
3667,CLOSED,15-FEB-2000 00:00:00,0,0,
3667,DEFECT_TYPE,15-FEB-2000 00:00:00,0,0,Trouble
3668,OPENED,14-JUL-1999 00:00:00,0,0,
3668,CLOSED,09-NOV-1999 00:00:00,0,0,
3668,DEFECT_TYPE,09-NOV-1999 00:00:00,0,0,Trouble
3669,OPENED,21-JUL-1999 00:00:00,0,0,
3669,CLOSED,26-AUG-1999 00:00:00,0,0,
3669,DEFECT_TYPE,26-AUG-1999 00:00:00,0,0,Trouble
3670,OPENED,05-OCT-1999 00:00:00,0,0,
3670,CLOSED,14-MAR-2001 00:00:00,0,0,
3670,DEFECT_TYPE,14-MAR-2001 00:00:00,0,0,Trouble
3671,OPENED,05-OCT-1999 00:00:00,0,0,
3671,CLOSED,14-MAR-2001 00:00:00,0,0,
3671,DEFECT_TYPE,14-MAR-2001 00:00:00,0,0,Trouble
3672,OPENED,18-NOV-1999 00:00:00,0,0,
3672,CLOSED,22-JAN-2001 00:00:00,0,0,
3672,DEFECT_TYPE,22-JAN-2001 00:00:00,0,0,Trouble
