file;entities;metric;metric_random
com.puppycrawl.tools.checkstyle.CheckStyleTask;36;1.0;0.7714285714285715
com.puppycrawl.tools.checkstyle.Checker;39;1.0;0.8157894736842105
com.puppycrawl.tools.checkstyle.ConfigurationLoader;23;0.9545454545454546;0.6818181818181818
com.puppycrawl.tools.checkstyle.DefaultConfiguration;14;1.0;0.8461538461538461
com.puppycrawl.tools.checkstyle.DefaultLogger;14;1.0;0.7692307692307693
com.puppycrawl.tools.checkstyle.PackageNamesLoader;13;1.0;0.75
com.puppycrawl.tools.checkstyle.PropertyCacheFile;13;0.9166666666666666;0.75
com.puppycrawl.tools.checkstyle.StringArrayReader;12;1.0;0.8181818181818182
com.puppycrawl.tools.checkstyle.TreeWalker;31;0.9666666666666667;0.8
com.puppycrawl.tools.checkstyle.XMLLogger;15;0.9285714285714286;0.7857142857142857
com.puppycrawl.tools.checkstyle.api.AbstractFileSetCheck;17;1.0;0.9375
com.puppycrawl.tools.checkstyle.api.AbstractViolationReporter;13;1.0;1.0
com.puppycrawl.tools.checkstyle.api.AuditEvent;14;1.0;0.7692307692307693
com.puppycrawl.tools.checkstyle.api.Check;27;1.0;0.8846153846153846
com.puppycrawl.tools.checkstyle.api.Comment;13;1.0;0.8333333333333334
com.puppycrawl.tools.checkstyle.api.DetailAST;27;1.0;0.8461538461538461
com.puppycrawl.tools.checkstyle.api.FastStack;11;1.0;1.0
com.puppycrawl.tools.checkstyle.api.FileContents;22;1.0;0.8571428571428571
com.puppycrawl.tools.checkstyle.api.FullIdent;13;1.0;0.8333333333333334
com.puppycrawl.tools.checkstyle.api.LocalizedMessage;30;0.9310344827586207;0.6896551724137931
com.puppycrawl.tools.checkstyle.api.ScopeUtils;10;1.0;1.0
com.puppycrawl.tools.checkstyle.api.SeverityLevelCounter;10;1.0;0.8888888888888888
com.puppycrawl.tools.checkstyle.api.TokenTypes;165;0.9939024390243902;0.9817073170731707
com.puppycrawl.tools.checkstyle.api.Utils;15;1.0;0.9285714285714286
com.puppycrawl.tools.checkstyle.checks.AbstractFormatCheck;10;1.0;0.7777777777777778
com.puppycrawl.tools.checkstyle.checks.AbstractTypeAwareCheck;29;0.9642857142857143;0.9285714285714286
com.puppycrawl.tools.checkstyle.checks.CheckUtils;17;0.9375;0.875
com.puppycrawl.tools.checkstyle.checks.DescendantTokenCheck;21;1.0;0.9
com.puppycrawl.tools.checkstyle.checks.RegexpCheck;24;1.0;0.782608695652174
com.puppycrawl.tools.checkstyle.checks.TranslationCheck;11;1.0;0.9
com.puppycrawl.tools.checkstyle.checks.UncommentedMainCheck;19;1.0;0.8888888888888888
com.puppycrawl.tools.checkstyle.checks.annotation.AnnotationUseStyleCheck;19;1.0;0.8888888888888888
com.puppycrawl.tools.checkstyle.checks.annotation.MissingDeprecatedCheck;11;1.0;0.9
com.puppycrawl.tools.checkstyle.checks.annotation.MissingOverrideCheck;10;1.0;0.8888888888888888
com.puppycrawl.tools.checkstyle.checks.annotation.SuppressWarningsCheck;13;1.0;0.9166666666666666
com.puppycrawl.tools.checkstyle.checks.coding.FallThroughCheck;18;1.0;0.8823529411764706
com.puppycrawl.tools.checkstyle.checks.coding.HiddenFieldCheck;21;1.0;0.9
com.puppycrawl.tools.checkstyle.checks.coding.IllegalInstantiationCheck;18;1.0;0.8823529411764706
com.puppycrawl.tools.checkstyle.checks.coding.IllegalTypeCheck;22;1.0;0.8095238095238095
com.puppycrawl.tools.checkstyle.checks.coding.InnerAssignmentCheck;10;1.0;1.0
com.puppycrawl.tools.checkstyle.checks.coding.JUnitTestCaseCheck;14;1.0;0.9230769230769231
com.puppycrawl.tools.checkstyle.checks.coding.ModifiedControlVariableCheck;13;1.0;0.9166666666666666
com.puppycrawl.tools.checkstyle.checks.coding.MultipleStringLiteralsCheck;13;0.9166666666666666;0.8333333333333334
com.puppycrawl.tools.checkstyle.checks.coding.ParameterAssignmentCheck;13;1.0;0.9166666666666666
com.puppycrawl.tools.checkstyle.checks.coding.RequireThisCheck;11;0.9;0.9
com.puppycrawl.tools.checkstyle.checks.coding.ReturnCountCheck;14;1.0;0.8461538461538461
com.puppycrawl.tools.checkstyle.checks.coding.UnnecessaryParenthesesCheck;13;1.0;0.75
com.puppycrawl.tools.checkstyle.checks.design.MutableExceptionCheck;12;1.0;0.8181818181818182
com.puppycrawl.tools.checkstyle.checks.design.VisibilityModifierCheck;16;1.0;0.8666666666666667
com.puppycrawl.tools.checkstyle.checks.duplicates.StrictDuplicateCodeCheck;28;1.0;0.7777777777777778
com.puppycrawl.tools.checkstyle.checks.header.AbstractHeaderCheck;12;1.0;0.8181818181818182
com.puppycrawl.tools.checkstyle.checks.imports.AccessResult;19;1.0;0.8333333333333334
com.puppycrawl.tools.checkstyle.checks.imports.Guard;11;1.0;0.8
com.puppycrawl.tools.checkstyle.checks.imports.ImportControlLoader;13;0.9166666666666666;0.8333333333333334
com.puppycrawl.tools.checkstyle.checks.imports.ImportOrderCheck;24;1.0;0.8260869565217391
com.puppycrawl.tools.checkstyle.checks.imports.PkgControl;11;1.0;0.9
com.puppycrawl.tools.checkstyle.checks.imports.UnusedImportsCheck;12;1.0;0.8181818181818182
com.puppycrawl.tools.checkstyle.checks.indentation.ArrayInitHandler;10;1.0;1.0
com.puppycrawl.tools.checkstyle.checks.indentation.BlockParentHandler;22;0.9523809523809523;0.9523809523809523
com.puppycrawl.tools.checkstyle.checks.indentation.ExpressionHandler;36;1.0;0.8857142857142857
com.puppycrawl.tools.checkstyle.checks.indentation.HandlerFactory;10;0.7777777777777778;0.8888888888888888
com.puppycrawl.tools.checkstyle.checks.indentation.IndentationCheck;20;1.0;0.8947368421052632
com.puppycrawl.tools.checkstyle.checks.javadoc.HtmlTag;15;1.0;0.7857142857142857
com.puppycrawl.tools.checkstyle.checks.javadoc.JavadocMethodCheck;47;1.0;0.7608695652173914
com.puppycrawl.tools.checkstyle.checks.javadoc.JavadocStyleCheck;32;1.0;0.7741935483870968
com.puppycrawl.tools.checkstyle.checks.javadoc.JavadocTag;17;1.0;0.8125
com.puppycrawl.tools.checkstyle.checks.javadoc.JavadocTypeCheck;21;1.0;0.9
com.puppycrawl.tools.checkstyle.checks.javadoc.TagParser;12;1.0;0.9090909090909091
com.puppycrawl.tools.checkstyle.checks.javadoc.WriteTagCheck;13;1.0;0.9166666666666666
com.puppycrawl.tools.checkstyle.checks.metrics.AbstractClassCouplingCheck;16;1.0;0.8
com.puppycrawl.tools.checkstyle.checks.metrics.AbstractComplexityCheck;20;1.0;0.8421052631578947
com.puppycrawl.tools.checkstyle.checks.metrics.BooleanExpressionComplexityCheck;15;1.0;0.8571428571428571
com.puppycrawl.tools.checkstyle.checks.metrics.JavaNCSSCheck;19;1.0;0.8333333333333334
com.puppycrawl.tools.checkstyle.checks.metrics.NPathComplexityCheck;10;1.0;0.8888888888888888
com.puppycrawl.tools.checkstyle.checks.naming.AbstractAccessControlNameCheck;15;1.0;0.8571428571428571
com.puppycrawl.tools.checkstyle.checks.regexp.DetectorOptions;23;1.0;0.7727272727272727
com.puppycrawl.tools.checkstyle.checks.regexp.RegexpSinglelineJavaCheck;12;1.0;0.9090909090909091
com.puppycrawl.tools.checkstyle.checks.sizes.ExecutableStatementCountCheck;15;1.0;0.8571428571428571
com.puppycrawl.tools.checkstyle.doclets.CheckDocsDoclet;10;1.0;1.0
com.puppycrawl.tools.checkstyle.filters.SuppressElement;19;1.0;0.7777777777777778
com.puppycrawl.tools.checkstyle.filters.SuppressWithNearbyCommentFilter;27;1.0;0.7692307692307693
com.puppycrawl.tools.checkstyle.filters.SuppressionCommentFilter;27;1.0;0.7692307692307693
com.puppycrawl.tools.checkstyle.filters.SuppressionsLoader;11;1.0;0.9
com.puppycrawl.tools.checkstyle.gui.AbstractCellEditor;10;1.0;1.0
com.puppycrawl.tools.checkstyle.gui.AbstractTreeTableModel;16;1.0;0.8666666666666667
com.puppycrawl.tools.checkstyle.gui.ParseTreeInfoPanel;10;0.8888888888888888;0.8888888888888888
com.puppycrawl.tools.checkstyle.gui.ParseTreeModel;11;1.0;0.9
com.puppycrawl.tools.checkstyle.gui.TreeTableModelAdapter;12;1.0;0.8181818181818182
