file;entities;metric;metric_random
net.sourceforge.cobertura.ant.CheckTask;22;1.0;0.8095238095238095
net.sourceforge.cobertura.ant.CommonMatchingTask;22;1.0;0.9047619047619048
net.sourceforge.cobertura.ant.InstrumentTask;23;1.0;0.8636363636363636
net.sourceforge.cobertura.ant.ReportTask;12;1.0;0.8181818181818182
net.sourceforge.cobertura.check.Main;16;0.9333333333333333;0.8666666666666667
net.sourceforge.cobertura.check.PackageCoverage;12;1.0;0.8181818181818182
net.sourceforge.cobertura.coveragedata.ClassData;38;1.0;0.8648648648648649
net.sourceforge.cobertura.coveragedata.CoverageDataContainer;18;1.0;0.8823529411764706
net.sourceforge.cobertura.coveragedata.JumpData;20;1.0;0.8421052631578947
net.sourceforge.cobertura.coveragedata.LineData;42;1.0;0.8780487804878049
net.sourceforge.cobertura.coveragedata.PackageData;12;1.0;0.8181818181818182
net.sourceforge.cobertura.coveragedata.ProjectData;15;1.0;0.9285714285714286
net.sourceforge.cobertura.coveragedata.SourceFileData;16;1.0;0.8666666666666667
net.sourceforge.cobertura.coveragedata.SwitchData;23;1.0;0.8181818181818182
net.sourceforge.cobertura.coveragedata.TouchCollector;12;1.0;0.8181818181818182
net.sourceforge.cobertura.instrument.ClassInstrumenter;16;0.9333333333333333;0.8
net.sourceforge.cobertura.instrument.FirstPassMethodInstrumenter;32;1.0;0.8064516129032258
net.sourceforge.cobertura.instrument.Main;15;1.0;0.8571428571428571
net.sourceforge.cobertura.instrument.SecondPassMethodInstrumenter;37;0.9722222222222222;0.8333333333333334
net.sourceforge.cobertura.reporting.ComplexityCalculator;14;1.0;0.8461538461538461
net.sourceforge.cobertura.reporting.Main;11;1.0;0.8
net.sourceforge.cobertura.reporting.html.HTMLReport;28;1.0;0.8888888888888888
net.sourceforge.cobertura.reporting.xml.XMLReport;27;1.0;0.8461538461538461
net.sourceforge.cobertura.util.CommandLineBuilder;11;1.0;0.9
net.sourceforge.cobertura.util.FileFinder;11;1.0;0.9
