file;entities;metric;metric_random
net.sourceforge.cruisecontrol.BuildLoopInformation;12;1.0;0.8181818181818182
net.sourceforge.cruisecontrol.BuildQueue;15;1.0;0.9285714285714286
net.sourceforge.cruisecontrol.Builder;22;0.9523809523809523;0.8571428571428571
net.sourceforge.cruisecontrol.CruiseControlConfig;42;0.9512195121951219;0.7317073170731707
net.sourceforge.cruisecontrol.CruiseControlController;36;0.9714285714285714;0.8285714285714286
net.sourceforge.cruisecontrol.GenericPluginDetail;11;1.0;0.9
net.sourceforge.cruisecontrol.Log;42;0.975609756097561;0.8048780487804879
net.sourceforge.cruisecontrol.Main;44;0.9767441860465116;0.8372093023255814
net.sourceforge.cruisecontrol.Modification;42;1.0;0.7317073170731707
net.sourceforge.cruisecontrol.ModificationSet;29;0.9642857142857143;0.7857142857142857
net.sourceforge.cruisecontrol.PluginRegistry;25;0.9583333333333334;0.875
net.sourceforge.cruisecontrol.PluginType;38;1.0;0.8378378378378378
net.sourceforge.cruisecontrol.PluginXMLHelper;11;1.0;0.8
net.sourceforge.cruisecontrol.ProgressImpl;10;1.0;0.7777777777777778
net.sourceforge.cruisecontrol.Project;106;1.0;0.8285714285714286
net.sourceforge.cruisecontrol.ProjectConfig;61;1.0;0.85
net.sourceforge.cruisecontrol.ProjectState;20;1.0;0.8421052631578947
net.sourceforge.cruisecontrol.ProjectWrapper;10;0.8888888888888888;0.7777777777777778
net.sourceforge.cruisecontrol.ProjectXMLHelper;16;1.0;0.8666666666666667
net.sourceforge.cruisecontrol.Schedule;44;1.0;0.8372093023255814
net.sourceforge.cruisecontrol.bootstrappers.AccurevBootstrapper;13;1.0;0.9166666666666666
net.sourceforge.cruisecontrol.bootstrappers.CMSynergyBaselineBootstrapper;21;0.95;0.8
net.sourceforge.cruisecontrol.bootstrappers.CMSynergyBootstrapper;13;0.9166666666666666;0.8333333333333334
net.sourceforge.cruisecontrol.bootstrappers.CVSBootstrapper;16;1.0;0.8666666666666667
net.sourceforge.cruisecontrol.bootstrappers.ClearCaseBootstrapper;11;1.0;0.9
net.sourceforge.cruisecontrol.bootstrappers.ClearCaseViewstrapper;15;1.0;0.9285714285714286
net.sourceforge.cruisecontrol.bootstrappers.DarcsBootstrapper;12;1.0;0.8181818181818182
net.sourceforge.cruisecontrol.bootstrappers.P4Bootstrapper;15;1.0;0.8571428571428571
net.sourceforge.cruisecontrol.bootstrappers.PlasticSCMBootstrapper;15;1.0;0.9285714285714286
net.sourceforge.cruisecontrol.bootstrappers.SSCMBootstrapper;24;0.9130434782608695;0.782608695652174
net.sourceforge.cruisecontrol.bootstrappers.SVNBootstrapper;15;1.0;0.7857142857142857
net.sourceforge.cruisecontrol.bootstrappers.TFSBootstrapper;18;1.0;0.7647058823529411
net.sourceforge.cruisecontrol.bootstrappers.VssBootstrapper;15;1.0;0.8571428571428571
net.sourceforge.cruisecontrol.builders.AbstractAntBuilderDelegate;26;1.0;0.96
net.sourceforge.cruisecontrol.builders.AntBuilder;56;1.0;0.7818181818181819
net.sourceforge.cruisecontrol.builders.AntScript;67;0.9848484848484849;0.7575757575757576
net.sourceforge.cruisecontrol.builders.CompositeBuilder;19;1.0;0.8333333333333334
net.sourceforge.cruisecontrol.builders.ExecBuilder;25;1.0;0.8333333333333334
net.sourceforge.cruisecontrol.builders.ExecScript;22;1.0;0.8095238095238095
net.sourceforge.cruisecontrol.builders.Maven2Builder;38;1.0;0.8108108108108109
net.sourceforge.cruisecontrol.builders.Maven2Script;27;1.0;0.7692307692307693
net.sourceforge.cruisecontrol.builders.MavenBuilder;13;1.0;0.9166666666666666
net.sourceforge.cruisecontrol.builders.MavenScript;20;1.0;0.7894736842105263
net.sourceforge.cruisecontrol.builders.NantBuilder;34;1.0;0.7878787878787878
net.sourceforge.cruisecontrol.builders.NantScript;26;1.0;0.88
net.sourceforge.cruisecontrol.builders.PhingBuilder;37;1.0;0.7777777777777778
net.sourceforge.cruisecontrol.builders.PhingScript;25;1.0;0.8333333333333334
net.sourceforge.cruisecontrol.builders.PipedExecBuilder;16;1.0;0.8666666666666667
net.sourceforge.cruisecontrol.builders.RakeBuilder;19;1.0;0.8333333333333334
net.sourceforge.cruisecontrol.builders.RakeScript;20;1.0;0.7894736842105263
net.sourceforge.cruisecontrol.builders.ScriptRunner;12;1.0;0.9090909090909091
net.sourceforge.cruisecontrol.builders.XcodeBuilder;26;1.0;0.84
net.sourceforge.cruisecontrol.buildloggers.MergeLogger;15;1.0;0.8571428571428571
net.sourceforge.cruisecontrol.config.DashboardConfigurationPlugin;10;1.0;0.8888888888888888
net.sourceforge.cruisecontrol.config.DefaultPropertiesPlugin;14;1.0;0.8461538461538461
net.sourceforge.cruisecontrol.config.XMLConfigManager;15;1.0;0.7857142857142857
net.sourceforge.cruisecontrol.gendoc.AttributeInfo;13;1.0;0.9166666666666666
net.sourceforge.cruisecontrol.gendoc.MemberInfo;14;1.0;0.7692307692307693
net.sourceforge.cruisecontrol.gendoc.PluginInfo;39;1.0;0.8157894736842105
net.sourceforge.cruisecontrol.gendoc.PluginInfoParser;26;1.0;0.88
net.sourceforge.cruisecontrol.gendoc.html.HtmlUtils;13;1.0;0.9166666666666666
net.sourceforge.cruisecontrol.jmx.CruiseControlControllerAgent;19;0.9444444444444444;0.7777777777777778
net.sourceforge.cruisecontrol.jmx.CruiseControlControllerJMXAdaptor;39;1.0;0.868421052631579
net.sourceforge.cruisecontrol.jmx.ProjectController;39;0.9736842105263158;0.9210526315789473
net.sourceforge.cruisecontrol.labelincrementers.DefaultLabelIncrementer;13;1.0;0.8333333333333334
net.sourceforge.cruisecontrol.labelincrementers.FormattedLabelIncrementer;16;1.0;0.8
net.sourceforge.cruisecontrol.labelincrementers.P4ChangelistLabelIncrementer;38;1.0;0.8108108108108109
net.sourceforge.cruisecontrol.labelincrementers.PropertyFileLabelIncrementer;14;1.0;0.8461538461538461
net.sourceforge.cruisecontrol.labelincrementers.SVNLabelIncrementer;14;1.0;0.8461538461538461
net.sourceforge.cruisecontrol.launch.Launcher;20;0.8947368421052632;0.8421052631578947
net.sourceforge.cruisecontrol.listeners.CMSynergySessionMonitor;13;1.0;0.9166666666666666
net.sourceforge.cruisecontrol.listeners.CurrentBuildStatusPageListener;21;0.9;0.8
net.sourceforge.cruisecontrol.logmanipulators.BaseManipulator;10;1.0;0.8888888888888888
net.sourceforge.cruisecontrol.publishers.ArtifactsPublisher;19;1.0;0.8333333333333334
net.sourceforge.cruisecontrol.publishers.CMSynergyBaselinePublisher;19;1.0;0.7777777777777778
net.sourceforge.cruisecontrol.publishers.CMSynergyPublisher;18;1.0;0.8235294117647058
net.sourceforge.cruisecontrol.publishers.ClearCaseBaselinePublisher;18;0.9411764705882353;0.9411764705882353
net.sourceforge.cruisecontrol.publishers.EmailPublisher;83;0.926829268292683;0.7804878048780488
net.sourceforge.cruisecontrol.publishers.FTPPublisher;11;1.0;0.8
net.sourceforge.cruisecontrol.publishers.HTMLEmailPublisher;35;1.0;0.8529411764705882
net.sourceforge.cruisecontrol.publishers.HTTPPublisher;12;1.0;0.8181818181818182
net.sourceforge.cruisecontrol.publishers.JabberPublisher;26;0.96;0.8
net.sourceforge.cruisecontrol.publishers.JnlpPublisher;16;1.0;0.8666666666666667
net.sourceforge.cruisecontrol.publishers.OrigoPublisher;30;0.9655172413793104;0.7586206896551724
net.sourceforge.cruisecontrol.publishers.RSSPublisher;15;1.0;0.8571428571428571
net.sourceforge.cruisecontrol.publishers.SCPPublisher;31;1.0;0.8666666666666667
net.sourceforge.cruisecontrol.publishers.SocketPublisher;19;1.0;0.7777777777777778
net.sourceforge.cruisecontrol.publishers.WeblogPublisher;62;0.9836065573770492;0.7868852459016393
net.sourceforge.cruisecontrol.publishers.X10Publisher;21;1.0;0.9
net.sourceforge.cruisecontrol.publishers.XSLTLogPublisher;12;1.0;0.9090909090909091
net.sourceforge.cruisecontrol.publishers.email.LDAPMapper;28;1.0;0.8148148148148148
net.sourceforge.cruisecontrol.publishers.email.MavenMapperHelper;11;0.9;0.8
net.sourceforge.cruisecontrol.publishers.rss.CruiseControlFeed;10;1.0;0.8888888888888888
net.sourceforge.cruisecontrol.publishers.rss.Feed;19;1.0;0.8333333333333334
net.sourceforge.cruisecontrol.publishers.rss.Item;17;1.0;0.8125
net.sourceforge.cruisecontrol.publishers.rss.RSS;14;0.9230769230769231;1.0
net.sourceforge.cruisecontrol.publishers.sfee.SfeeDocumentManagerPublisher;25;1.0;0.8333333333333334
net.sourceforge.cruisecontrol.publishers.sfee.SfeeFrsPublisher;10;1.0;1.0
net.sourceforge.cruisecontrol.publishers.sfee.SfeePublisher;11;1.0;0.9
net.sourceforge.cruisecontrol.publishers.sfee.SfeeTrackerPublisher;15;1.0;0.8571428571428571
net.sourceforge.cruisecontrol.report.BuildLoopStatusReportTask;12;0.9090909090909091;0.7272727272727273
net.sourceforge.cruisecontrol.sourcecontrols.Accurev;15;1.0;0.7857142857142857
net.sourceforge.cruisecontrol.sourcecontrols.AlienBrain;16;1.0;0.8
net.sourceforge.cruisecontrol.sourcecontrols.AlienBrainCore;24;1.0;0.8260869565217391
net.sourceforge.cruisecontrol.sourcecontrols.BuildStatus;17;1.0;0.8125
net.sourceforge.cruisecontrol.sourcecontrols.CMSynergy;61;1.0;0.7833333333333333
net.sourceforge.cruisecontrol.sourcecontrols.CMSynergyModification;33;1.0;0.8125
net.sourceforge.cruisecontrol.sourcecontrols.ClearCase;28;0.9629629629629629;0.7777777777777778
net.sourceforge.cruisecontrol.sourcecontrols.ClearCaseModification;11;1.0;0.7
net.sourceforge.cruisecontrol.sourcecontrols.Compound;11;1.0;0.9
net.sourceforge.cruisecontrol.sourcecontrols.ConcurrentVersionsSystem;60;0.9830508474576272;0.7457627118644068
net.sourceforge.cruisecontrol.sourcecontrols.Darcs;18;1.0;0.8235294117647058
net.sourceforge.cruisecontrol.sourcecontrols.Git;17;1.0;0.8125
net.sourceforge.cruisecontrol.sourcecontrols.IvySourceControl;13;1.0;0.9166666666666666
net.sourceforge.cruisecontrol.sourcecontrols.MKS;18;1.0;0.8823529411764706
net.sourceforge.cruisecontrol.sourcecontrols.Maven2SnapshotDependency;27;0.9615384615384616;0.8076923076923077
net.sourceforge.cruisecontrol.sourcecontrols.MavenSnapshotDependency;20;0.9473684210526315;0.8421052631578947
net.sourceforge.cruisecontrol.sourcecontrols.Mercurial;26;0.96;0.84
net.sourceforge.cruisecontrol.sourcecontrols.P4;40;0.9743589743589743;0.8205128205128205
net.sourceforge.cruisecontrol.sourcecontrols.PVCS;31;1.0;0.8333333333333334
net.sourceforge.cruisecontrol.sourcecontrols.PlasticSCM;18;0.8823529411764706;0.8235294117647058
net.sourceforge.cruisecontrol.sourcecontrols.SSCM;26;1.0;0.84
net.sourceforge.cruisecontrol.sourcecontrols.SVN;37;1.0;0.8055555555555556
net.sourceforge.cruisecontrol.sourcecontrols.SnapshotCM;20;0.8947368421052632;0.7894736842105263
net.sourceforge.cruisecontrol.sourcecontrols.SourceControlProperties;11;1.0;0.8
net.sourceforge.cruisecontrol.sourcecontrols.Store;28;1.0;0.8148148148148148
net.sourceforge.cruisecontrol.sourcecontrols.TeamFoundationServer;28;1.0;0.8148148148148148
net.sourceforge.cruisecontrol.sourcecontrols.UCM;45;0.9772727272727273;0.8181818181818182
net.sourceforge.cruisecontrol.sourcecontrols.Veto;11;1.0;0.9
net.sourceforge.cruisecontrol.sourcecontrols.Vss;36;1.0;0.8571428571428571
net.sourceforge.cruisecontrol.sourcecontrols.VssJournal;31;1.0;0.8
net.sourceforge.cruisecontrol.sourcecontrols.accurev.AccurevCommand;11;1.0;0.8
net.sourceforge.cruisecontrol.sourcecontrols.accurev.AccurevCommandline;35;0.9705882352941176;0.8235294117647058
net.sourceforge.cruisecontrol.util.AbstractFTPClass;27;1.0;0.8076923076923077
net.sourceforge.cruisecontrol.util.BuildOutputLogger;21;1.0;0.8
net.sourceforge.cruisecontrol.util.CommandExecutor;10;1.0;0.6666666666666666
net.sourceforge.cruisecontrol.util.Commandline;40;0.9743589743589743;0.8461538461538461
net.sourceforge.cruisecontrol.util.DateUtil;20;0.9473684210526315;0.8421052631578947
net.sourceforge.cruisecontrol.util.EmptyElementFilter;12;1.0;0.8181818181818182
net.sourceforge.cruisecontrol.util.IO;14;1.0;1.0
net.sourceforge.cruisecontrol.util.ManagedCommandline;23;1.0;0.7727272727272727
net.sourceforge.cruisecontrol.util.OSEnvironment;12;1.0;0.9090909090909091
net.sourceforge.cruisecontrol.util.PruneElementFilter;10;1.0;0.7777777777777778
net.sourceforge.cruisecontrol.util.StdoutBuffer;13;0.9166666666666666;0.8333333333333334
net.sourceforge.cruisecontrol.util.StreamLogger;11;1.0;0.9
net.sourceforge.cruisecontrol.util.Util;12;1.0;1.0
net.sourceforge.cruisecontrol.util.ValidationHelper;16;1.0;0.9333333333333333
net.sourceforge.cruisecontrol.util.XMLLogHelper;16;1.0;0.9333333333333333
net.sourceforge.cruisecontrol.util.XPathAwareChild;17;1.0;0.8125
net.sourceforge.cruisecontrol.util.threadpool.ThreadQueue;27;0.9615384615384616;0.8076923076923077
