file;entities;metric;metric_random
com.itextpdf.text.Anchor;20;1.0;0.7894736842105263
com.itextpdf.text.Annotation;59;1.0;0.6896551724137931
com.itextpdf.text.BaseColor;31;1.0;0.7666666666666667
com.itextpdf.text.Chunk;81;0.7625;0.7375
com.itextpdf.text.DocWriter;40;1.0;0.7692307692307693
com.itextpdf.text.Document;69;1.0;0.8088235294117647
com.itextpdf.text.ElementTags;127;1.0;0.9920634920634921
com.itextpdf.text.ExceptionConverter;13;1.0;0.9166666666666666
com.itextpdf.text.Font;48;1.0;0.7659574468085106
com.itextpdf.text.FontFactory;46;1.0;0.8
com.itextpdf.text.FontFactoryImp;30;0.9655172413793104;0.8620689655172413
com.itextpdf.text.Image;170;0.8875739644970414;0.7751479289940828
com.itextpdf.text.Jpeg;19;1.0;0.7777777777777778
com.itextpdf.text.Jpeg2000;21;1.0;0.8
com.itextpdf.text.List;62;1.0;0.7704918032786885
com.itextpdf.text.ListItem;15;1.0;0.8571428571428571
com.itextpdf.text.MarkedObject;11;1.0;0.8
com.itextpdf.text.MarkedSection;20;1.0;0.9473684210526315
com.itextpdf.text.Meta;13;1.0;0.8333333333333334
com.itextpdf.text.PageSize;53;1.0;0.9807692307692307
com.itextpdf.text.Paragraph;45;1.0;0.7727272727272727
com.itextpdf.text.Phrase;37;0.9722222222222222;0.7777777777777778
com.itextpdf.text.Rectangle;88;1.0;0.7931034482758621
com.itextpdf.text.RectangleReadOnly;28;1.0;0.9629629629629629
com.itextpdf.text.Section;68;1.0;0.8208955223880597
com.itextpdf.text.Utilities;22;;
com.itextpdf.text.error_messages.MessageLocalization;16;1.0;0.8666666666666667
com.itextpdf.text.factories.ElementFactory;11;;
com.itextpdf.text.html.HtmlTags;86;;
com.itextpdf.text.html.Markup;72;1.0;0.9436619718309859
com.itextpdf.text.html.simpleparser.FactoryProperties;16;0.9333333333333333;0.8666666666666667
com.itextpdf.text.html.simpleparser.HTMLWorker;40;0.9743589743589743;0.7948717948717948
com.itextpdf.text.html.simpleparser.IncCell;10;1.0;0.8888888888888888
com.itextpdf.text.html.simpleparser.IncTable;14;1.0;0.8461538461538461
com.itextpdf.text.pdf.AcroFields;91;0.9555555555555556;0.7777777777777778
com.itextpdf.text.pdf.ArabicLigaturizer;50;0.9795918367346939;0.8775510204081632
com.itextpdf.text.pdf.AsianFontMapper;21;1.0;0.9
com.itextpdf.text.pdf.Barcode;65;0.984375;0.765625
com.itextpdf.text.pdf.Barcode128;32;1.0;0.8064516129032258
com.itextpdf.text.pdf.Barcode39;10;1.0;0.7777777777777778
com.itextpdf.text.pdf.BarcodeDatamatrix;49;1.0;0.7708333333333334
com.itextpdf.text.pdf.BarcodeEAN;30;1.0;0.8275862068965517
com.itextpdf.text.pdf.BarcodePDF417;114;0.9911504424778761;0.7256637168141593
com.itextpdf.text.pdf.BaseField;76;0.9866666666666667;0.72
com.itextpdf.text.pdf.BaseFont;148;0.9863945578231292;0.7346938775510204
com.itextpdf.text.pdf.BidiLine;47;0.9782608695652174;0.8043478260869565
com.itextpdf.text.pdf.BidiOrder;57;0.9642857142857143;0.7678571428571429
com.itextpdf.text.pdf.ByteBuffer;37;0.9722222222222222;0.8055555555555556
com.itextpdf.text.pdf.CFFFont;34;0.9090909090909091;0.7575757575757576
com.itextpdf.text.pdf.CFFFontSubset;59;1.0;0.7758620689655172
com.itextpdf.text.pdf.CJKFont;52;0.9803921568627451;0.7843137254901961
com.itextpdf.text.pdf.CMYKColor;13;1.0;0.8333333333333334
com.itextpdf.text.pdf.CMapAwareDocumentFont;12;1.0;0.8181818181818182
com.itextpdf.text.pdf.ColumnText;118;0.9914529914529915;0.7777777777777778
com.itextpdf.text.pdf.DefaultFontMapper;12;1.0;0.9090909090909091
com.itextpdf.text.pdf.DocumentFont;51;0.98;0.8
com.itextpdf.text.pdf.ExtendedColor;14;1.0;0.9230769230769231
com.itextpdf.text.pdf.FdfReader;15;1.0;0.7857142857142857
com.itextpdf.text.pdf.FdfWriter;18;1.0;0.8823529411764706
com.itextpdf.text.pdf.FontDetails;19;1.0;0.8333333333333334
com.itextpdf.text.pdf.IntHashtable;22;1.0;0.8095238095238095
com.itextpdf.text.pdf.LZWDecoder;16;1.0;0.8666666666666667
com.itextpdf.text.pdf.MappedRandomAccessFile;13;1.0;0.8333333333333334
com.itextpdf.text.pdf.MultiColumnText;41;1.0;0.8
com.itextpdf.text.pdf.OutputStreamCounter;10;1.0;0.8888888888888888
com.itextpdf.text.pdf.OutputStreamEncryption;15;0.9285714285714286;0.7857142857142857
com.itextpdf.text.pdf.PRAcroForm;13;1.0;0.8333333333333334
com.itextpdf.text.pdf.PRStream;22;1.0;0.7619047619047619
com.itextpdf.text.pdf.PRTokeniser;38;1.0;0.8378378378378378
com.itextpdf.text.pdf.PageResources;26;1.0;0.84
com.itextpdf.text.pdf.PdfAcroForm;40;1.0;0.9230769230769231
com.itextpdf.text.pdf.PdfAction;48;1.0;0.723404255319149
com.itextpdf.text.pdf.PdfAnnotation;96;1.0;0.7789473684210526
com.itextpdf.text.pdf.PdfArray;31;1.0;0.9333333333333333
com.itextpdf.text.pdf.PdfChunk;55;1.0;0.7962962962962963
com.itextpdf.text.pdf.PdfContentByte;203;0.995049504950495;0.8960396039603961
com.itextpdf.text.pdf.PdfContentParser;10;1.0;0.8888888888888888
com.itextpdf.text.pdf.PdfCopy;31;1.0;0.8666666666666667
com.itextpdf.text.pdf.PdfCopyFields;19;1.0;0.8888888888888888
com.itextpdf.text.pdf.PdfCopyFieldsImp;48;0.9787234042553191;0.7872340425531915
com.itextpdf.text.pdf.PdfCopyForms;19;1.0;0.9444444444444444
com.itextpdf.text.pdf.PdfDestination;16;1.0;0.8
com.itextpdf.text.pdf.PdfDictionary;36;1.0;0.8571428571428571
com.itextpdf.text.pdf.PdfDocument;125;0.7338709677419355;0.7741935483870968
com.itextpdf.text.pdf.PdfEncodings;25;0.9583333333333334;0.8333333333333334
com.itextpdf.text.pdf.PdfEncryption;51;0.98;0.74
com.itextpdf.text.pdf.PdfEncryptor;16;1.0;1.0
com.itextpdf.text.pdf.PdfFileSpecification;16;1.0;0.9333333333333333
com.itextpdf.text.pdf.PdfFont;14;1.0;0.8461538461538461
com.itextpdf.text.pdf.PdfFormField;74;1.0;0.7534246575342466
com.itextpdf.text.pdf.PdfGState;22;1.0;0.8571428571428571
com.itextpdf.text.pdf.PdfGraphics2D;132;0.9770992366412213;0.7862595419847328
com.itextpdf.text.pdf.PdfImportedPage;19;1.0;0.8888888888888888
com.itextpdf.text.pdf.PdfIndirectObject;12;0.9090909090909091;0.8181818181818182
com.itextpdf.text.pdf.PdfLayer;30;0.9655172413793104;0.8275862068965517
com.itextpdf.text.pdf.PdfLayerMembership;14;1.0;0.7692307692307693
com.itextpdf.text.pdf.PdfLine;38;1.0;0.8108108108108109
com.itextpdf.text.pdf.PdfName;659;1.0;0.9878419452887538
com.itextpdf.text.pdf.PdfObject;36;1.0;0.7142857142857143
com.itextpdf.text.pdf.PdfOutline;47;1.0;0.7391304347826086
com.itextpdf.text.pdf.PdfPCell;93;1.0;0.8260869565217391
com.itextpdf.text.pdf.PdfPKCS7;88;0.9425287356321839;0.7471264367816092
com.itextpdf.text.pdf.PdfPRow;25;1.0;0.75
com.itextpdf.text.pdf.PdfPTable;122;1.0;0.8181818181818182
com.itextpdf.text.pdf.PdfPage;13;1.0;0.75
com.itextpdf.text.pdf.PdfPageEventHelper;11;;
com.itextpdf.text.pdf.PdfPageLabels;17;1.0;0.8125
com.itextpdf.text.pdf.PdfPages;13;1.0;0.8333333333333334
com.itextpdf.text.pdf.PdfPatternPainter;42;1.0;0.926829268292683
com.itextpdf.text.pdf.PdfPublicKeySecurityHandler;11;1.0;0.8
com.itextpdf.text.pdf.PdfReader;186;0.9945945945945946;0.7891891891891892
com.itextpdf.text.pdf.PdfReaderInstance;18;1.0;0.7647058823529411
com.itextpdf.text.pdf.PdfRectangle;26;1.0;0.8
com.itextpdf.text.pdf.PdfShading;32;1.0;0.8387096774193549
com.itextpdf.text.pdf.PdfShadingPattern;16;1.0;0.8666666666666667
com.itextpdf.text.pdf.PdfSigGenericPKCS;13;1.0;0.8333333333333334
com.itextpdf.text.pdf.PdfSignatureAppearance;122;0.9752066115702479;0.768595041322314
com.itextpdf.text.pdf.PdfStamper;51;1.0;0.92
com.itextpdf.text.pdf.PdfStamperImp;86;1.0;0.8352941176470589
com.itextpdf.text.pdf.PdfStream;26;0.96;0.68
com.itextpdf.text.pdf.PdfString;20;1.0;0.7894736842105263
com.itextpdf.text.pdf.PdfStructureTreeRoot;10;1.0;0.7777777777777778
com.itextpdf.text.pdf.PdfTemplate;34;1.0;0.8181818181818182
com.itextpdf.text.pdf.PdfTextArray;10;1.0;0.7777777777777778
com.itextpdf.text.pdf.PdfTransition;24;1.0;0.8260869565217391
com.itextpdf.text.pdf.PdfWriter;286;0.8596491228070176;0.7263157894736842
com.itextpdf.text.pdf.Pfm2afm;58;0.9824561403508771;0.8771929824561403
com.itextpdf.text.pdf.PushbuttonField;43;0.9761904761904762;0.7619047619047619
com.itextpdf.text.pdf.RadioCheckField;23;1.0;0.7727272727272727
com.itextpdf.text.pdf.RandomAccessFileOrArray;57;0.9642857142857143;0.8571428571428571
com.itextpdf.text.pdf.SequenceList;28;1.0;0.7037037037037037
com.itextpdf.text.pdf.SimpleBookmark;22;1.0;0.9523809523809523
com.itextpdf.text.pdf.SimpleNamedDestination;18;1.0;0.8823529411764706
com.itextpdf.text.pdf.StandardDecryption;11;0.9;0.9
com.itextpdf.text.pdf.TSAClientBouncyCastle;11;1.0;0.8
com.itextpdf.text.pdf.TextField;40;0.9487179487179487;0.8461538461538461
com.itextpdf.text.pdf.TrueTypeFont;70;1.0;0.7971014492753623
com.itextpdf.text.pdf.TrueTypeFontSubSet;45;1.0;0.7045454545454546
com.itextpdf.text.pdf.TrueTypeFontUnicode;19;0.9444444444444444;0.8888888888888888
com.itextpdf.text.pdf.Type1Font;44;0.9767441860465116;0.7906976744186046
com.itextpdf.text.pdf.Type3Font;30;1.0;0.8620689655172413
com.itextpdf.text.pdf.VerticalText;33;1.0;0.78125
com.itextpdf.text.pdf.XfaForm;42;0.9512195121951219;0.8292682926829268
com.itextpdf.text.pdf.XfdfReader;19;1.0;0.7777777777777778
com.itextpdf.text.pdf.codec.Base64;43;0.9761904761904762;0.8333333333333334
com.itextpdf.text.pdf.codec.BmpImage;68;0.9850746268656716;0.7164179104477612
com.itextpdf.text.pdf.codec.CCITTG4Encoder;40;0.9743589743589743;0.7435897435897436
com.itextpdf.text.pdf.codec.GifImage;54;0.9811320754716981;0.7547169811320755
com.itextpdf.text.pdf.codec.JBIG2SegmentReader;41;1.0;0.775
com.itextpdf.text.pdf.codec.LZWCompressor;12;1.0;0.9090909090909091
com.itextpdf.text.pdf.codec.LZWStringTable;19;1.0;0.7777777777777778
com.itextpdf.text.pdf.codec.PngImage;71;1.0;0.7428571428571429
com.itextpdf.text.pdf.codec.PngWriter;21;1.0;0.75
com.itextpdf.text.pdf.codec.TIFFConstants;210;;
com.itextpdf.text.pdf.codec.TIFFDirectory;39;0.9473684210526315;0.868421052631579
com.itextpdf.text.pdf.codec.TIFFFaxDecoder;36;0.9714285714285714;0.7428571428571429
com.itextpdf.text.pdf.codec.TIFFFaxDecompressor;41;0.975;0.725
com.itextpdf.text.pdf.codec.TIFFField;39;1.0;0.7631578947368421
com.itextpdf.text.pdf.codec.TIFFLZWDecoder;18;1.0;0.8823529411764706
com.itextpdf.text.pdf.codec.wmf.InputMeta;10;1.0;1.0
com.itextpdf.text.pdf.codec.wmf.MetaBrush;19;1.0;0.8333333333333334
com.itextpdf.text.pdf.codec.wmf.MetaDo;85;1.0;0.8571428571428571
com.itextpdf.text.pdf.codec.wmf.MetaFont;37;1.0;0.7777777777777778
com.itextpdf.text.pdf.codec.wmf.MetaPen;15;1.0;0.7857142857142857
com.itextpdf.text.pdf.codec.wmf.MetaState;66;1.0;0.7538461538461538
com.itextpdf.text.pdf.collection.PdfCollectionField;15;1.0;0.7857142857142857
com.itextpdf.text.pdf.collection.PdfCollectionItem;11;1.0;1.0
com.itextpdf.text.pdf.crypto.ARCFOUREncryption;10;1.0;0.8888888888888888
com.itextpdf.text.pdf.draw.LineSeparator;16;1.0;0.8
com.itextpdf.text.pdf.draw.VerticalPositionMark;14;1.0;0.8461538461538461
com.itextpdf.text.pdf.events.FieldPositioningEvents;15;0.8571428571428571;0.7857142857142857
com.itextpdf.text.pdf.events.IndexEvents;13;0.8333333333333334;0.9166666666666666
com.itextpdf.text.pdf.events.PdfPageEventForwarder;13;1.0;0.9166666666666666
com.itextpdf.text.pdf.fonts.cmaps.CMap;10;1.0;0.8888888888888888
com.itextpdf.text.pdf.fonts.cmaps.CMapParser;16;1.0;0.8
com.itextpdf.text.pdf.hyphenation.ByteVector;16;1.0;0.8
com.itextpdf.text.pdf.hyphenation.CharVector;18;1.0;0.7647058823529411
com.itextpdf.text.pdf.hyphenation.HyphenationTree;19;1.0;0.8888888888888888
com.itextpdf.text.pdf.hyphenation.Hyphenator;19;0.9444444444444444;0.8333333333333334
com.itextpdf.text.pdf.hyphenation.SimplePatternParser;25;0.9583333333333334;0.75
com.itextpdf.text.pdf.hyphenation.TernaryTree;32;0.967741935483871;0.8064516129032258
com.itextpdf.text.pdf.internal.PdfAnnotationsImp;15;1.0;0.8571428571428571
com.itextpdf.text.pdf.internal.PdfVersionImp;15;1.0;0.9285714285714286
com.itextpdf.text.pdf.internal.PdfViewerPreferencesImp;17;0.9375;0.75
com.itextpdf.text.pdf.internal.PdfXConformanceImp;18;1.0;0.8235294117647058
com.itextpdf.text.pdf.internal.PolylineShape;15;1.0;0.8571428571428571
com.itextpdf.text.pdf.parser.GraphicsState;22;1.0;0.8095238095238095
com.itextpdf.text.pdf.parser.ImageRenderInfo;12;1.0;0.9090909090909091
com.itextpdf.text.pdf.parser.InlineImageUtils;11;0.9;0.9
com.itextpdf.text.pdf.parser.Matrix;20;1.0;0.7368421052631579
com.itextpdf.text.pdf.parser.PdfContentStreamProcessor;26;1.0;0.76
com.itextpdf.text.pdf.parser.PdfImageObject;25;0.9166666666666666;0.7083333333333334
com.itextpdf.text.pdf.parser.TextMarginFinder;11;1.0;1.0
com.itextpdf.text.pdf.parser.TextRenderInfo;17;1.0;0.8125
com.itextpdf.text.pdf.parser.Vector;16;1.0;0.8
com.itextpdf.text.pdf.qrcode.BitArray;14;1.0;0.9230769230769231
com.itextpdf.text.pdf.qrcode.BitMatrix;16;1.0;0.8
com.itextpdf.text.pdf.qrcode.BitVector;14;0.9230769230769231;0.8461538461538461
com.itextpdf.text.pdf.qrcode.ByteArray;13;1.0;0.8333333333333334
com.itextpdf.text.pdf.qrcode.ByteMatrix;12;1.0;0.8181818181818182
com.itextpdf.text.pdf.qrcode.CharacterSetECI;10;0.8888888888888888;0.7777777777777778
com.itextpdf.text.pdf.qrcode.Encoder;24;1.0;0.9130434782608695
com.itextpdf.text.pdf.qrcode.ErrorCorrectionLevel;14;1.0;0.8461538461538461
com.itextpdf.text.pdf.qrcode.FormatInformation;13;1.0;0.75
com.itextpdf.text.pdf.qrcode.GF256;15;1.0;0.7857142857142857
com.itextpdf.text.pdf.qrcode.GF256Poly;14;1.0;0.8461538461538461
com.itextpdf.text.pdf.qrcode.MatrixUtil;30;0.9655172413793104;0.8275862068965517
com.itextpdf.text.pdf.qrcode.Mode;18;1.0;0.7647058823529411
com.itextpdf.text.pdf.qrcode.QRCode;36;1.0;0.8
com.itextpdf.text.pdf.qrcode.Version;18;1.0;0.8235294117647058
com.itextpdf.text.pdf.richmedia.RichMediaAnnotation;20;1.0;0.7368421052631579
com.itextpdf.text.xml.XmlDomWriter;12;1.0;0.8181818181818182
com.itextpdf.text.xml.simpleparser.SimpleXMLParser;49;1.0;0.7291666666666666
com.itextpdf.text.xml.xmp.DublinCoreSchema;27;1.0;0.8461538461538461
com.itextpdf.text.xml.xmp.PdfSchema;10;1.0;0.7777777777777778
com.itextpdf.text.xml.xmp.XmpBasicSchema;19;1.0;0.8888888888888888
com.itextpdf.text.xml.xmp.XmpMMSchema;16;1.0;1.0
com.itextpdf.text.xml.xmp.XmpSchema;11;1.0;0.9
com.itextpdf.text.xml.xmp.XmpWriter;21;0.9;0.7
