file;entities;metric;metric_random
org.jfree.chart.ChartColor;26;1.0;0.96
org.jfree.chart.ChartFactory;41;1.0;1.0
org.jfree.chart.ChartPanel;184;0.9890710382513661;0.7377049180327869
org.jfree.chart.ChartRenderingInfo;16;1.0;0.8666666666666667
org.jfree.chart.ChartUtilities;27;;
org.jfree.chart.JFreeChart;94;0.989247311827957;0.8172043010752689
org.jfree.chart.LegendItem;74;0.9863013698630136;0.7397260273972602
org.jfree.chart.LegendItemCollection;10;1.0;0.8888888888888888
org.jfree.chart.PaintMap;11;1.0;0.9
org.jfree.chart.PolarChartPanel;10;1.0;0.8888888888888888
org.jfree.chart.StandardChartTheme;120;0.9915966386554622;0.8319327731092437
org.jfree.chart.StrokeMap;11;1.0;0.8
org.jfree.chart.annotations.AbstractXYAnnotation;11;1.0;0.9
org.jfree.chart.annotations.CategoryLineAnnotation;26;1.0;0.84
org.jfree.chart.annotations.CategoryPointerAnnotation;37;1.0;0.7777777777777778
org.jfree.chart.annotations.CategoryTextAnnotation;15;1.0;0.8571428571428571
org.jfree.chart.annotations.TextAnnotation;29;1.0;0.7857142857142857
org.jfree.chart.annotations.XYBoxAnnotation;17;1.0;0.75
org.jfree.chart.annotations.XYDataImageAnnotation;22;1.0;0.8571428571428571
org.jfree.chart.annotations.XYDrawableAnnotation;13;1.0;0.8333333333333334
org.jfree.chart.annotations.XYImageAnnotation;17;1.0;0.8125
org.jfree.chart.annotations.XYLineAnnotation;15;1.0;0.7142857142857143
org.jfree.chart.annotations.XYPointerAnnotation;37;1.0;0.7777777777777778
org.jfree.chart.annotations.XYPolygonAnnotation;18;1.0;0.8235294117647058
org.jfree.chart.annotations.XYShapeAnnotation;14;1.0;0.8461538461538461
org.jfree.chart.annotations.XYTextAnnotation;49;1.0;0.7916666666666666
org.jfree.chart.annotations.XYTitleAnnotation;23;1.0;0.8181818181818182
org.jfree.chart.axis.Axis;111;1.0;0.7545454545454545
org.jfree.chart.axis.AxisCollection;10;1.0;0.7777777777777778
org.jfree.chart.axis.AxisLocation;12;1.0;0.9090909090909091
org.jfree.chart.axis.AxisSpace;24;1.0;0.8695652173913043
org.jfree.chart.axis.AxisState;16;1.0;0.9333333333333333
org.jfree.chart.axis.CategoryAxis;62;1.0;0.8360655737704918
org.jfree.chart.axis.CategoryLabelPosition;19;1.0;0.7222222222222222
org.jfree.chart.axis.CategoryLabelPositions;21;0.95;0.8
org.jfree.chart.axis.CompassFormat;10;1.0;0.8888888888888888
org.jfree.chart.axis.CyclicNumberAxis;45;1.0;0.7954545454545454
org.jfree.chart.axis.DateAxis;63;0.9838709677419355;0.8387096774193549
org.jfree.chart.axis.DateTickUnit;24;1.0;0.782608695652174
org.jfree.chart.axis.DateTickUnitType;14;1.0;0.7692307692307693
org.jfree.chart.axis.ExtendedCategoryAxis;15;1.0;0.8571428571428571
org.jfree.chart.axis.LogAxis;38;1.0;0.8648648648648649
org.jfree.chart.axis.LogarithmicAxis;38;1.0;0.8108108108108109
org.jfree.chart.axis.MarkerAxisBand;15;1.0;0.7857142857142857
org.jfree.chart.axis.ModuloAxis;20;1.0;0.8947368421052632
org.jfree.chart.axis.MonthDateFormat;14;1.0;0.7692307692307693
org.jfree.chart.axis.NumberAxis;49;1.0;0.8125
org.jfree.chart.axis.PeriodAxis;62;1.0;0.819672131147541
org.jfree.chart.axis.PeriodAxisLabelInfo;30;1.0;0.7931034482758621
org.jfree.chart.axis.QuarterDateFormat;13;1.0;0.75
org.jfree.chart.axis.SegmentedTimeline;66;1.0;0.7692307692307693
org.jfree.chart.axis.SubCategoryAxis;17;1.0;0.8125
org.jfree.chart.axis.SymbolAxis;28;1.0;0.8148148148148148
org.jfree.chart.axis.Tick;13;1.0;0.8333333333333334
org.jfree.chart.axis.TickUnit;11;1.0;0.8
org.jfree.chart.axis.TickUnits;11;1.0;0.8
org.jfree.chart.axis.ValueAxis;100;1.0;0.8080808080808081
org.jfree.chart.block.AbstractBlock;44;1.0;0.8604651162790697
org.jfree.chart.block.BlockBorder;15;1.0;0.7142857142857143
org.jfree.chart.block.BlockContainer;17;1.0;0.8125
org.jfree.chart.block.BlockParams;10;1.0;0.7777777777777778
org.jfree.chart.block.BorderArrangement;16;1.0;0.7333333333333333
org.jfree.chart.block.CenterArrangement;14;1.0;0.9230769230769231
org.jfree.chart.block.ColorBlock;10;1.0;0.8888888888888888
org.jfree.chart.block.ColumnArrangement;16;1.0;0.8
org.jfree.chart.block.FlowArrangement;19;1.0;0.8333333333333334
org.jfree.chart.block.GridArrangement;17;1.0;0.8125
org.jfree.chart.block.LabelBlock;32;0.967741935483871;0.8064516129032258
org.jfree.chart.block.LengthConstraintType;10;1.0;0.7777777777777778
org.jfree.chart.block.LineBorder;13;1.0;0.75
org.jfree.chart.block.RectangleConstraint;26;1.0;0.76
org.jfree.chart.editor.DefaultAxisEditor;32;0.9354838709677419;0.7741935483870968
org.jfree.chart.editor.DefaultChartEditor;13;0.9166666666666666;0.8333333333333334
org.jfree.chart.editor.DefaultNumberAxisEditor;23;0.9545454545454546;0.8181818181818182
org.jfree.chart.editor.DefaultPlotEditor;32;0.967741935483871;0.7419354838709677
org.jfree.chart.editor.DefaultTitleEditor;19;0.9444444444444444;0.8333333333333334
org.jfree.chart.entity.AxisEntity;12;1.0;0.9090909090909091
org.jfree.chart.entity.CategoryItemEntity;13;1.0;0.8333333333333334
org.jfree.chart.entity.ChartEntity;24;1.0;0.8260869565217391
org.jfree.chart.entity.JFreeChartEntity;12;1.0;0.8181818181818182
org.jfree.chart.entity.LegendItemEntity;11;1.0;0.8
org.jfree.chart.entity.PieSectionEntity;17;1.0;0.8125
org.jfree.chart.entity.PlotEntity;12;1.0;0.8181818181818182
org.jfree.chart.entity.StandardEntityCollection;13;1.0;0.9166666666666666
org.jfree.chart.entity.TitleEntity;12;1.0;0.8181818181818182
org.jfree.chart.entity.XYItemEntity;13;1.0;0.8333333333333334
org.jfree.chart.event.ChartChangeEventType;10;1.0;0.7777777777777778
org.jfree.chart.event.ChartProgressEvent;12;1.0;0.8181818181818182
org.jfree.chart.labels.AbstractCategoryItemLabelGenerator;19;1.0;0.7777777777777778
org.jfree.chart.labels.AbstractPieItemLabelGenerator;13;1.0;0.8333333333333334
org.jfree.chart.labels.AbstractXYItemLabelGenerator;23;1.0;0.7272727272727273
org.jfree.chart.labels.BubbleXYItemLabelGenerator;14;1.0;0.7692307692307693
org.jfree.chart.labels.CustomXYToolTipGenerator;10;1.0;0.8888888888888888
org.jfree.chart.labels.HighLowItemLabelGenerator;10;1.0;0.7777777777777778
org.jfree.chart.labels.IntervalXYItemLabelGenerator;10;1.0;0.7777777777777778
org.jfree.chart.labels.ItemLabelAnchor;31;1.0;0.9
org.jfree.chart.labels.ItemLabelPosition;13;1.0;0.8333333333333334
org.jfree.chart.labels.MultipleXYSeriesLabelGenerator;14;1.0;0.7692307692307693
org.jfree.chart.labels.StandardCategorySeriesLabelGenerator;10;1.0;0.7777777777777778
org.jfree.chart.labels.StandardPieSectionLabelGenerator;14;1.0;0.8461538461538461
org.jfree.chart.labels.StandardXYItemLabelGenerator;10;1.0;1.0
org.jfree.chart.labels.StandardXYSeriesLabelGenerator;10;1.0;0.8888888888888888
org.jfree.chart.labels.StandardXYToolTipGenerator;11;0.9;0.8
org.jfree.chart.labels.StandardXYZToolTipGenerator;13;1.0;0.6666666666666666
org.jfree.chart.needle.MeterNeedle;35;0.9705882352941176;0.8235294117647058
org.jfree.chart.plot.CategoryMarker;10;1.0;0.7777777777777778
org.jfree.chart.plot.CategoryPlot;272;1.0;0.8339483394833949
org.jfree.chart.plot.CombinedDomainCategoryPlot;28;1.0;0.8888888888888888
org.jfree.chart.plot.CombinedDomainXYPlot;29;1.0;0.8571428571428571
org.jfree.chart.plot.CombinedRangeCategoryPlot;23;1.0;0.8636363636363636
org.jfree.chart.plot.CombinedRangeXYPlot;28;1.0;0.8888888888888888
org.jfree.chart.plot.CompassPlot;54;0.9811320754716981;0.7735849056603774
org.jfree.chart.plot.CrosshairState;34;1.0;0.8181818181818182
org.jfree.chart.plot.DefaultDrawingSupplier;36;1.0;0.7142857142857143
org.jfree.chart.plot.DialShape;10;1.0;0.7777777777777778
org.jfree.chart.plot.FastScatterPlot;67;0.9848484848484849;0.8181818181818182
org.jfree.chart.plot.IntervalMarker;15;1.0;0.7857142857142857
org.jfree.chart.plot.Marker;49;1.0;0.7708333333333334
org.jfree.chart.plot.MeterInterval;16;1.0;0.8
org.jfree.chart.plot.MeterPlot;83;0.9878048780487805;0.7804878048780488
org.jfree.chart.plot.MultiplePiePlot;33;1.0;0.875
org.jfree.chart.plot.PieLabelDistributor;10;1.0;0.8888888888888888
org.jfree.chart.plot.PieLabelRecord;24;1.0;0.782608695652174
org.jfree.chart.plot.PiePlot;188;0.9946524064171123;0.7914438502673797
org.jfree.chart.plot.PiePlot3D;15;1.0;0.8571428571428571
org.jfree.chart.plot.PiePlotState;31;1.0;0.8
org.jfree.chart.plot.Plot;96;1.0;0.8
org.jfree.chart.plot.PlotRenderingInfo;19;1.0;0.8333333333333334
org.jfree.chart.plot.PolarPlot;81;1.0;0.8125
org.jfree.chart.plot.RingPlot;28;1.0;0.8518518518518519
org.jfree.chart.plot.SpiderWebPlot;107;1.0;0.7735849056603774
org.jfree.chart.plot.ThermometerPlot;127;0.9920634920634921;0.7380952380952381
org.jfree.chart.plot.WaferMapPlot;23;1.0;0.7727272727272727
org.jfree.chart.plot.XYPlot;284;1.0;0.8409893992932862
org.jfree.chart.plot.dial.AbstractDialLayer;13;1.0;0.9166666666666666
org.jfree.chart.plot.dial.ArcDialFrame;33;1.0;0.84375
org.jfree.chart.plot.dial.DialBackground;16;1.0;0.8
org.jfree.chart.plot.dial.DialCap;21;1.0;0.9
org.jfree.chart.plot.dial.DialPlot;53;1.0;0.8653846153846154
org.jfree.chart.plot.dial.DialPointer;12;1.0;0.9090909090909091
org.jfree.chart.plot.dial.DialTextAnnotation;27;1.0;0.8461538461538461
org.jfree.chart.plot.dial.DialValueIndicator;52;1.0;0.8235294117647058
org.jfree.chart.plot.dial.StandardDialFrame;22;1.0;0.8571428571428571
org.jfree.chart.plot.dial.StandardDialRange;29;1.0;0.8571428571428571
org.jfree.chart.plot.dial.StandardDialScale;69;1.0;0.8235294117647058
org.jfree.chart.renderer.AbstractRenderer;211;0.9952380952380953;0.8095238095238095
org.jfree.chart.renderer.DefaultPolarItemRenderer;14;1.0;0.9230769230769231
org.jfree.chart.renderer.GrayPaintScale;13;1.0;0.8333333333333334
org.jfree.chart.renderer.LookupPaintScale;16;1.0;0.7333333333333333
org.jfree.chart.renderer.Outlier;13;1.0;0.9166666666666666
org.jfree.chart.renderer.OutlierList;12;1.0;0.8181818181818182
org.jfree.chart.renderer.OutlierListCollection;11;1.0;0.8
org.jfree.chart.renderer.WaferMapRenderer;22;0.9523809523809523;0.7619047619047619
org.jfree.chart.renderer.category.AbstractCategoryItemRenderer;78;1.0;0.8701298701298701
org.jfree.chart.renderer.category.BarRenderer;70;0.9710144927536232;0.7971014492753623
org.jfree.chart.renderer.category.BarRenderer3D;24;1.0;0.8260869565217391
org.jfree.chart.renderer.category.BoxAndWhiskerRenderer;32;1.0;0.8709677419354839
org.jfree.chart.renderer.category.CategoryItemRendererState;15;1.0;0.8571428571428571
org.jfree.chart.renderer.category.CategoryStepRenderer;12;1.0;0.8181818181818182
org.jfree.chart.renderer.category.GanttRenderer;21;1.0;0.85
org.jfree.chart.renderer.category.GradientBarPainter;12;1.0;0.8181818181818182
org.jfree.chart.renderer.category.LevelRenderer;17;1.0;0.8125
org.jfree.chart.renderer.category.LineAndShapeRenderer;47;1.0;0.8043478260869565
org.jfree.chart.renderer.category.LineRenderer3D;23;1.0;0.8181818181818182
org.jfree.chart.renderer.category.MinMaxCategoryRenderer;29;1.0;0.8214285714285714
org.jfree.chart.renderer.category.ScatterRenderer;30;1.0;0.8620689655172413
org.jfree.chart.renderer.category.StackedAreaRenderer;14;1.0;0.8461538461538461
org.jfree.chart.renderer.category.StackedBarRenderer;11;1.0;0.9
org.jfree.chart.renderer.category.StackedBarRenderer3D;20;1.0;0.7894736842105263
org.jfree.chart.renderer.category.StatisticalBarRenderer;14;1.0;0.8461538461538461
org.jfree.chart.renderer.category.StatisticalLineAndShapeRenderer;15;1.0;0.9285714285714286
org.jfree.chart.renderer.category.WaterfallBarRenderer;20;1.0;0.7894736842105263
org.jfree.chart.renderer.xy.AbstractXYItemRenderer;73;1.0;0.875
org.jfree.chart.renderer.xy.CandlestickRenderer;46;1.0;0.8222222222222222
org.jfree.chart.renderer.xy.ClusteredXYBarRenderer;10;1.0;0.7777777777777778
org.jfree.chart.renderer.xy.DeviationRenderer;13;1.0;0.9166666666666666
org.jfree.chart.renderer.xy.GradientXYBarPainter;12;1.0;0.9090909090909091
org.jfree.chart.renderer.xy.HighLowRenderer;23;1.0;0.8181818181818182
org.jfree.chart.renderer.xy.SamplingXYLineRenderer;12;1.0;0.9090909090909091
org.jfree.chart.renderer.xy.StackedXYAreaRenderer;19;1.0;0.8333333333333334
org.jfree.chart.renderer.xy.StackedXYAreaRenderer2;14;1.0;0.8461538461538461
org.jfree.chart.renderer.xy.StackedXYBarRenderer;12;1.0;0.8181818181818182
org.jfree.chart.renderer.xy.StandardXYItemRenderer;51;1.0;0.74
org.jfree.chart.renderer.xy.XYAreaRenderer;28;1.0;0.7407407407407407
org.jfree.chart.renderer.xy.XYAreaRenderer2;15;1.0;0.7857142857142857
org.jfree.chart.renderer.xy.XYBarRenderer;60;0.9661016949152542;0.8135593220338984
org.jfree.chart.renderer.xy.XYBlockRenderer;21;1.0;0.85
org.jfree.chart.renderer.xy.XYBoxAndWhiskerRenderer;28;1.0;0.8518518518518519
org.jfree.chart.renderer.xy.XYBubbleRenderer;12;1.0;0.8181818181818182
org.jfree.chart.renderer.xy.XYDifferenceRenderer;31;1.0;0.8666666666666667
org.jfree.chart.renderer.xy.XYDotRenderer;17;1.0;0.875
org.jfree.chart.renderer.xy.XYErrorRenderer;23;1.0;0.8181818181818182
org.jfree.chart.renderer.xy.XYItemRendererState;11;1.0;0.8
org.jfree.chart.renderer.xy.XYLine3DRenderer;22;1.0;0.8571428571428571
org.jfree.chart.renderer.xy.XYLineAndShapeRenderer;56;1.0;0.8363636363636363
org.jfree.chart.renderer.xy.XYShapeRenderer;32;1.0;0.8064516129032258
org.jfree.chart.renderer.xy.XYSplineRenderer;10;1.0;0.8888888888888888
org.jfree.chart.renderer.xy.XYStepAreaRenderer;28;1.0;0.7777777777777778
org.jfree.chart.renderer.xy.XYStepRenderer;11;1.0;0.9
org.jfree.chart.renderer.xy.YIntervalRenderer;10;1.0;0.8888888888888888
org.jfree.chart.servlet.ServletUtilities;16;1.0;1.0
org.jfree.chart.text.TextAnchor;22;1.0;0.8571428571428571
org.jfree.chart.text.TextBlock;17;1.0;0.875
org.jfree.chart.text.TextBlockAnchor;16;1.0;0.8
org.jfree.chart.text.TextBox;34;1.0;0.7878787878787878
org.jfree.chart.text.TextFragment;22;1.0;0.7619047619047619
org.jfree.chart.text.TextLine;15;1.0;0.8571428571428571
org.jfree.chart.text.TextUtilities;22;1.0;0.9047619047619048
org.jfree.chart.title.CompositeTitle;15;1.0;0.7857142857142857
org.jfree.chart.title.ImageTitle;12;1.0;0.8181818181818182
org.jfree.chart.title.LegendGraphic;53;1.0;0.8076923076923077
org.jfree.chart.title.LegendItemBlockContainer;12;1.0;0.9090909090909091
org.jfree.chart.title.LegendTitle;47;1.0;0.8043478260869565
org.jfree.chart.title.PaintScaleLegend;39;1.0;0.8157894736842105
org.jfree.chart.title.TextTitle;49;1.0;0.7916666666666666
org.jfree.chart.title.Title;33;1.0;0.78125
org.jfree.chart.ui.BasicProjectInfo;17;1.0;0.8125
org.jfree.chart.ui.FontChooserPanel;12;0.9090909090909091;0.8181818181818182
org.jfree.chart.ui.LCBLayout;15;1.0;0.7857142857142857
org.jfree.chart.ui.Library;16;1.0;0.8
org.jfree.chart.ui.ProjectInfo;12;1.0;0.8181818181818182
org.jfree.chart.urls.CustomPieURLGenerator;10;1.0;0.8888888888888888
org.jfree.chart.urls.CustomXYURLGenerator;10;1.0;0.8888888888888888
org.jfree.chart.urls.StandardCategoryURLGenerator;10;1.0;0.7777777777777778
org.jfree.chart.urls.StandardPieURLGenerator;10;1.0;0.7777777777777778
org.jfree.chart.urls.StandardXYURLGenerator;12;1.0;0.8181818181818182
org.jfree.chart.urls.TimeSeriesURLGenerator;13;1.0;0.75
org.jfree.chart.util.AbstractObjectList;18;1.0;0.7647058823529411
org.jfree.chart.util.Align;22;1.0;0.9523809523809523
org.jfree.chart.util.GradientPaintTransformType;11;1.0;0.8
org.jfree.chart.util.HashUtilities;10;;
org.jfree.chart.util.HexNumberFormat;12;1.0;0.7272727272727273
org.jfree.chart.util.HorizontalAlignment;10;1.0;0.8888888888888888
org.jfree.chart.util.LengthAdjustmentType;10;1.0;0.7777777777777778
org.jfree.chart.util.LogFormat;17;1.0;0.8125
org.jfree.chart.util.ObjectUtilities;23;1.0;0.8636363636363636
org.jfree.chart.util.RectangleAnchor;18;1.0;0.7647058823529411
org.jfree.chart.util.RectangleEdge;15;1.0;0.7857142857142857
org.jfree.chart.util.RectangleInsets;36;1.0;0.8285714285714286
org.jfree.chart.util.RefineryUtilities;12;1.0;0.9090909090909091
org.jfree.chart.util.RelativeDateFormat;43;0.9761904761904762;0.7619047619047619
org.jfree.chart.util.Rotation;11;1.0;0.8
org.jfree.chart.util.SerialUtilities;14;1.0;0.9230769230769231
org.jfree.chart.util.ShapeUtilities;23;0.9545454545454546;0.9545454545454546
org.jfree.chart.util.Size2D;12;1.0;0.8181818181818182
org.jfree.chart.util.VerticalAlignment;10;1.0;0.7777777777777778
org.jfree.data.ComparableObjectItem;11;1.0;0.9
org.jfree.data.ComparableObjectSeries;24;1.0;0.8260869565217391
org.jfree.data.DefaultKeyedValue;11;1.0;0.9
org.jfree.data.DefaultKeyedValues;26;1.0;0.88
org.jfree.data.DefaultKeyedValues2D;28;1.0;0.8518518518518519
org.jfree.data.DomainOrder;10;1.0;0.7777777777777778
org.jfree.data.KeyToGroupMap;16;1.0;0.8
org.jfree.data.KeyedObjects;18;1.0;0.8823529411764706
org.jfree.data.KeyedObjects2D;26;1.0;0.88
org.jfree.data.Range;22;1.0;0.9047619047619048
org.jfree.data.RangeType;10;1.0;0.7777777777777778
org.jfree.data.category.CategoryToPieDataset;16;1.0;0.8666666666666667
org.jfree.data.category.DefaultCategoryDataset;27;1.0;0.9615384615384616
org.jfree.data.category.DefaultIntervalCategoryDataset;36;1.0;0.8571428571428571
org.jfree.data.category.SlidingCategoryDataset;22;1.0;0.9047619047619048
org.jfree.data.gantt.SlidingGanttCategoryDataset;36;1.0;0.9142857142857143
org.jfree.data.gantt.Task;20;1.0;0.8421052631578947
org.jfree.data.gantt.TaskSeries;11;1.0;0.9
org.jfree.data.gantt.TaskSeriesCollection;40;1.0;0.9487179487179487
org.jfree.data.gantt.XYTaskDataset;33;1.0;0.9375
org.jfree.data.general.AbstractDataset;15;1.0;0.8571428571428571
org.jfree.data.general.DatasetUtilities;52;1.0;1.0
org.jfree.data.general.DefaultHeatMapDataset;22;1.0;0.8095238095238095
org.jfree.data.general.DefaultKeyedValueDataset;12;1.0;0.8181818181818182
org.jfree.data.general.DefaultPieDataset;21;1.0;0.9
org.jfree.data.general.Series;26;1.0;0.84
org.jfree.data.general.WaferMapDataset;26;0.96;0.84
org.jfree.data.jdbc.JDBCCategoryDataset;10;1.0;0.6666666666666666
org.jfree.data.jdbc.JDBCXYDataset;24;1.0;0.8260869565217391
org.jfree.data.statistics.BoxAndWhiskerItem;23;1.0;0.7727272727272727
org.jfree.data.statistics.DefaultBoxAndWhiskerCategoryDataset;51;1.0;0.92
org.jfree.data.statistics.DefaultBoxAndWhiskerXYDataset;35;1.0;0.8529411764705882
org.jfree.data.statistics.DefaultMultiValueCategoryDataset;23;1.0;0.9090909090909091
org.jfree.data.statistics.DefaultStatisticalCategoryDataset;42;1.0;0.8292682926829268
org.jfree.data.statistics.HistogramBin;12;1.0;0.8181818181818182
org.jfree.data.statistics.HistogramDataset;24;1.0;0.9130434782608695
org.jfree.data.statistics.HistogramType;10;1.0;0.7777777777777778
org.jfree.data.statistics.MeanAndStandardDeviation;11;1.0;0.8
org.jfree.data.statistics.SimpleHistogramBin;17;1.0;0.875
org.jfree.data.statistics.SimpleHistogramDataset;31;1.0;0.9
org.jfree.data.statistics.Statistics;13;;
org.jfree.data.time.DateRange;12;1.0;0.7272727272727273
org.jfree.data.time.Day;30;1.0;0.8275862068965517
org.jfree.data.time.DynamicTimeSeriesCollection;64;1.0;0.7777777777777778
org.jfree.data.time.FixedMillisecond;19;1.0;0.8333333333333334
org.jfree.data.time.Hour;30;1.0;0.7931034482758621
org.jfree.data.time.Millisecond;27;1.0;0.7692307692307693
org.jfree.data.time.Minute;29;1.0;0.75
org.jfree.data.time.Month;29;1.0;0.7857142857142857
org.jfree.data.time.Quarter;31;1.0;0.7666666666666667
org.jfree.data.time.RegularTimePeriod;15;;
org.jfree.data.time.Second;27;1.0;0.7307692307692307
org.jfree.data.time.SerialDate;78;1.0;0.8051948051948052
org.jfree.data.time.SimpleTimePeriod;12;1.0;0.8181818181818182
org.jfree.data.time.SpreadsheetDate;25;1.0;0.8333333333333334
org.jfree.data.time.TimePeriodAnchor;10;1.0;0.8888888888888888
org.jfree.data.time.TimePeriodValue;12;1.0;0.8181818181818182
org.jfree.data.time.TimePeriodValues;39;1.0;0.8157894736842105
org.jfree.data.time.TimePeriodValuesCollection;25;1.0;0.875
org.jfree.data.time.TimeSeries;52;1.0;0.8431372549019608
org.jfree.data.time.TimeSeriesCollection;36;1.0;0.8571428571428571
org.jfree.data.time.TimeSeriesDataItem;12;1.0;0.8181818181818182
org.jfree.data.time.TimeSeriesTableModel;15;1.0;0.7857142857142857
org.jfree.data.time.TimeTableXYDataset;36;1.0;0.8857142857142857
org.jfree.data.time.Week;32;1.0;0.7419354838709677
org.jfree.data.time.Year;25;1.0;0.75
org.jfree.data.time.ohlc.OHLC;10;1.0;0.8888888888888888
org.jfree.data.time.ohlc.OHLCSeriesCollection;26;1.0;0.96
org.jfree.data.xml.ItemHandler;11;1.0;0.8
org.jfree.data.xy.CategoryTableXYDataset;28;1.0;0.9259259259259259
org.jfree.data.xy.DefaultHighLowDataset;26;1.0;0.84
org.jfree.data.xy.DefaultIntervalXYDataset;22;1.0;0.9047619047619048
org.jfree.data.xy.DefaultOHLCDataset;22;1.0;0.9047619047619048
org.jfree.data.xy.DefaultTableXYDataset;41;1.0;0.9
org.jfree.data.xy.DefaultWindDataset;24;0.9565217391304348;0.8260869565217391
org.jfree.data.xy.DefaultXYDataset;17;1.0;0.9375
org.jfree.data.xy.DefaultXYZDataset;19;1.0;0.9444444444444444
org.jfree.data.xy.IntervalXYDelegate;28;1.0;0.8518518518518519
org.jfree.data.xy.MatrixSeries;13;1.0;0.8333333333333334
org.jfree.data.xy.MatrixSeriesCollection;18;1.0;0.8823529411764706
org.jfree.data.xy.OHLCDataItem;16;1.0;0.8
org.jfree.data.xy.VectorSeriesCollection;19;1.0;0.9444444444444444
org.jfree.data.xy.XIntervalSeriesCollection;21;1.0;0.95
org.jfree.data.xy.XYBarDataset;24;1.0;0.9130434782608695
org.jfree.data.xy.XYCoordinate;10;1.0;0.7777777777777778
org.jfree.data.xy.XYDataItem;16;1.0;0.8666666666666667
org.jfree.data.xy.XYDatasetTableModel;11;1.0;0.9
org.jfree.data.xy.XYInterval;12;1.0;0.8181818181818182
org.jfree.data.xy.XYIntervalSeries;10;1.0;0.8888888888888888
org.jfree.data.xy.XYIntervalSeriesCollection;23;1.0;0.9545454545454546
org.jfree.data.xy.XYSeries;52;1.0;0.8431372549019608
org.jfree.data.xy.XYSeriesCollection;38;1.0;0.918918918918919
org.jfree.data.xy.YIntervalSeriesCollection;21;1.0;0.95
