file;entities;metric;metric_random
net.sf.jftp.JFtp;57;0.9821428571428571;0.8035714285714286
net.sf.jftp.config.Settings;92;0.967032967032967;0.9230769230769231
net.sf.jftp.event.FtpEventHandler;12;0.9090909090909091;0.8181818181818182
net.sf.jftp.gui.AppMenuBar;19;0.9444444444444444;0.8888888888888888
net.sf.jftp.gui.DirEntry;35;0.9705882352941176;0.7647058823529411
net.sf.jftp.gui.DirLister;15;1.0;0.8571428571428571
net.sf.jftp.gui.DirPanel;22;1.0;0.8571428571428571
net.sf.jftp.gui.DownloadList;22;0.9523809523809523;0.8095238095238095
net.sf.jftp.gui.HostChooser;35;1.0;0.8235294117647058
net.sf.jftp.gui.HostList;48;1.0;0.8297872340425532
net.sf.jftp.gui.LocalDir;57;0.9821428571428571;0.8035714285714286
net.sf.jftp.gui.RemoteDir;52;0.9803921568627451;0.7450980392156863
net.sf.jftp.gui.SmbHostChooser;21;0.95;0.8
net.sf.jftp.gui.StatusCanvas;12;1.0;0.8181818181818182
net.sf.jftp.gui.StatusPanel;11;1.0;0.8
net.sf.jftp.gui.framework.GUIDefaults;20;;
net.sf.jftp.gui.framework.HImageButton;22;1.0;0.8571428571428571
net.sf.jftp.net.DataConnection;31;0.9666666666666667;0.7
net.sf.jftp.net.FilesystemConnection;38;0.972972972972973;0.8378378378378378
net.sf.jftp.net.FtpClient;12;1.0;0.9090909090909091
net.sf.jftp.net.FtpConnection;127;0.9841269841269841;0.7380952380952381
net.sf.jftp.net.FtpServerSocket;50;0.9795918367346939;0.7959183673469388
net.sf.jftp.net.FtpURLConnection;16;1.0;0.8666666666666667
net.sf.jftp.net.JConnection;20;1.0;0.8421052631578947
net.sf.jftp.net.SmbConnection;43;0.9761904761904762;0.8333333333333334
net.sf.jftp.net.Transfer;28;0.9629629629629629;0.7777777777777778
net.sf.jftp.util.Log4JLogger;13;1.0;1.0
net.sf.jftp.util.StringUtils;10;;
net.sf.jftp.util.SystemLogger;13;;
