file;entities;metric;metric_random
org.jhotdraw.app.AbstractApplication;60;0.9661016949152542;0.8305084745762712
org.jhotdraw.app.AbstractApplicationModel;31;0.9666666666666667;0.8
org.jhotdraw.app.AbstractView;36;1.0;0.8285714285714286
org.jhotdraw.app.AppletApplication;15;1.0;0.8571428571428571
org.jhotdraw.app.DefaultMenuBuilder;22;;
org.jhotdraw.app.EmptyMenuBuilder;22;;
org.jhotdraw.app.MDIApplication;24;1.0;0.8695652173913043
org.jhotdraw.app.OSXApplication;30;1.0;0.9310344827586207
org.jhotdraw.app.SDIApplication;22;1.0;0.9523809523809523
org.jhotdraw.app.action.AbstractApplicationAction;11;1.0;0.8
org.jhotdraw.app.action.AbstractViewAction;19;0.9444444444444444;0.8333333333333334
org.jhotdraw.app.action.app.ExitAction;13;1.0;0.8333333333333334
org.jhotdraw.app.action.edit.RedoAction;10;1.0;0.7777777777777778
org.jhotdraw.app.action.edit.UndoAction;10;1.0;0.8888888888888888
org.jhotdraw.app.action.view.ToggleViewPropertyAction;14;1.0;0.7692307692307693
org.jhotdraw.app.action.view.ViewPropertyAction;12;1.0;0.8181818181818182
org.jhotdraw.app.action.window.FocusWindowAction;11;1.0;0.8
org.jhotdraw.app.osx.OSXAdapter;19;0.8888888888888888;0.8333333333333334
org.jhotdraw.app.osx.OSXPaletteHandler;16;1.0;0.8
org.jhotdraw.beans.AbstractBean;10;1.0;1.0
org.jhotdraw.beans.PropertyChangeEdit;21;1.0;0.75
org.jhotdraw.color.AbstractColorWheelImageProducer;21;1.0;0.85
org.jhotdraw.color.CIELABColorSpace;20;0.9473684210526315;0.7894736842105263
org.jhotdraw.color.CIELCHabColorSpace;20;0.9473684210526315;0.8421052631578947
org.jhotdraw.color.CIEXYChromaticityDiagramImageProducer;22;1.0;0.8095238095238095
org.jhotdraw.color.CMYKNominalColorSpace;13;0.9166666666666666;0.9166666666666666
org.jhotdraw.color.ColorSliderUI;33;0.96875;0.8125
org.jhotdraw.color.ColorSquareImageProducer;12;1.0;0.8181818181818182
org.jhotdraw.color.ColorTrackImageProducer;19;1.0;0.8333333333333334
org.jhotdraw.color.ColorUtil;11;1.0;0.9
org.jhotdraw.color.ColorWheelChooser;12;0.9090909090909091;0.8181818181818182
org.jhotdraw.color.ComplexColorWheelImageProducer;13;1.0;0.8333333333333334
org.jhotdraw.color.DefaultColorSliderModel;22;1.0;0.8571428571428571
org.jhotdraw.color.DefaultHarmonicColorModel;33;1.0;0.875
org.jhotdraw.color.HSBColorSpace;13;0.9166666666666666;1.0
org.jhotdraw.color.HSLColorSpace;13;0.9166666666666666;0.9166666666666666
org.jhotdraw.color.HSLHarmonicColorWheelImageProducer;11;1.0;0.9
org.jhotdraw.color.HSLPhysiologicColorSpace;13;0.9166666666666666;1.0
org.jhotdraw.color.HSVColorSpace;13;0.9166666666666666;1.0
org.jhotdraw.color.HSVHarmonicColorWheelImageProducer;11;1.0;0.8
org.jhotdraw.color.HSVPhysiologicColorSpace;13;0.9166666666666666;0.9166666666666666
org.jhotdraw.color.JColorWheel;39;1.0;0.8157894736842105
org.jhotdraw.color.JHarmonicColorWheel;20;1.0;0.7894736842105263
org.jhotdraw.color.QuantizingColorWheelImageProducer;12;1.0;0.8181818181818182
org.jhotdraw.draw.AbstractAttributedCompositeFigure;29;1.0;0.9285714285714286
org.jhotdraw.draw.AbstractAttributedDecoratedFigure;16;1.0;0.9333333333333333
org.jhotdraw.draw.AbstractAttributedFigure;27;1.0;0.9230769230769231
org.jhotdraw.draw.AbstractCompositeFigure;65;1.0;0.9375
org.jhotdraw.draw.AbstractDrawing;22;0.9523809523809523;0.8095238095238095
org.jhotdraw.draw.AbstractFigure;67;1.0;0.9090909090909091
org.jhotdraw.draw.AttributeKey;25;1.0;0.8333333333333334
org.jhotdraw.draw.AttributeKeys;52;1.0;0.9019607843137255
org.jhotdraw.draw.BezierFigure;57;1.0;0.9642857142857143
org.jhotdraw.draw.DefaultDrawing;22;1.0;0.9047619047619048
org.jhotdraw.draw.DefaultDrawingEditor;35;1.0;0.8529411764705882
org.jhotdraw.draw.DefaultDrawingView;110;0.9724770642201835;0.8165137614678899
org.jhotdraw.draw.DefaultDrawingViewBeanInfo;25;0.8333333333333334;0.8333333333333334
org.jhotdraw.draw.DefaultDrawingViewTransferHandler;15;1.0;0.8571428571428571
org.jhotdraw.draw.DiamondFigure;16;1.0;0.8666666666666667
org.jhotdraw.draw.DrawingEditorProxy;27;1.0;0.9230769230769231
org.jhotdraw.draw.EllipseFigure;15;1.0;0.8571428571428571
org.jhotdraw.draw.GraphicalCompositeFigure;33;1.0;0.90625
org.jhotdraw.draw.GridConstrainer;31;0.9666666666666667;0.7666666666666667
org.jhotdraw.draw.ImageFigure;30;1.0;0.896551724137931
org.jhotdraw.draw.LabelFigure;14;1.0;0.9230769230769231
org.jhotdraw.draw.LabeledLineConnectionFigure;41;1.0;0.925
org.jhotdraw.draw.LineConnectionFigure;41;1.0;0.9
org.jhotdraw.draw.QuadTreeCompositeFigure;29;1.0;0.9285714285714286
org.jhotdraw.draw.QuadTreeDrawing;29;1.0;0.9642857142857143
org.jhotdraw.draw.RectangleFigure;13;1.0;0.9166666666666666
org.jhotdraw.draw.RoundRectangleFigure;26;0.96;0.88
org.jhotdraw.draw.TextAreaFigure;40;0.9743589743589743;0.8974358974358975
org.jhotdraw.draw.TextFigure;39;1.0;0.9210526315789473
org.jhotdraw.draw.TriangleFigure;20;1.0;0.8421052631578947
org.jhotdraw.draw.action.AbstractDrawingEditorAction;13;1.0;0.9166666666666666
org.jhotdraw.draw.action.AbstractDrawingViewAction;18;1.0;0.8235294117647058
org.jhotdraw.draw.action.AbstractSelectedAction;15;1.0;0.9285714285714286
org.jhotdraw.draw.action.AttributeAction;10;1.0;0.8888888888888888
org.jhotdraw.draw.action.AttributeToggler;10;1.0;0.7777777777777778
org.jhotdraw.draw.action.ButtonFactory;78;1.0;0.9090909090909091
org.jhotdraw.draw.action.ColorIcon;15;0.9285714285714286;0.7857142857142857
org.jhotdraw.draw.action.DefaultAttributeAction;13;1.0;0.8333333333333334
org.jhotdraw.draw.action.EditCanvasAction;10;1.0;0.7777777777777778
org.jhotdraw.draw.action.EditCanvasPanel;20;0.9473684210526315;0.7894736842105263
org.jhotdraw.draw.action.EditGridAction;10;1.0;0.7777777777777778
org.jhotdraw.draw.action.EditGridPanel;12;0.9090909090909091;0.8181818181818182
org.jhotdraw.draw.action.EditorColorChooserAction;10;0.8888888888888888;0.8888888888888888
org.jhotdraw.draw.action.GroupAction;12;1.0;0.7272727272727273
org.jhotdraw.draw.action.ImageBevelBorder;11;1.0;0.8
org.jhotdraw.draw.connector.AbstractConnector;24;1.0;0.8695652173913043
org.jhotdraw.draw.connector.LocatorConnector;10;1.0;0.7777777777777778
org.jhotdraw.draw.connector.StickyRectangleConnector;13;0.9166666666666666;0.9166666666666666
org.jhotdraw.draw.decoration.AbstractLineDecoration;16;1.0;0.8666666666666667
org.jhotdraw.draw.decoration.ArrowTip;10;1.0;0.7777777777777778
org.jhotdraw.draw.event.AbstractAttributeEditorHandler;30;1.0;0.7931034482758621
org.jhotdraw.draw.event.FigureEvent;11;1.0;0.8
org.jhotdraw.draw.event.HandleMulticaster;11;1.0;0.9
org.jhotdraw.draw.event.SelectionComponentDisplayer;13;1.0;0.8333333333333334
org.jhotdraw.draw.event.TransformEdit;10;1.0;0.7777777777777778
org.jhotdraw.draw.gui.JAttributeSlider;14;1.0;0.8461538461538461
org.jhotdraw.draw.gui.JAttributeSliderBeanInfo;25;0.8333333333333334;0.875
org.jhotdraw.draw.gui.JAttributeTextArea;11;1.0;0.9
org.jhotdraw.draw.gui.JAttributeTextAreaBeanInfo;25;0.8333333333333334;0.7916666666666666
org.jhotdraw.draw.gui.JAttributeTextField;11;1.0;0.9
org.jhotdraw.draw.gui.JAttributeTextFieldBeanInfo;25;0.8333333333333334;0.8333333333333334
org.jhotdraw.draw.handle.AbstractConnectionHandle;31;1.0;0.9
org.jhotdraw.draw.handle.AbstractHandle;45;1.0;0.9090909090909091
org.jhotdraw.draw.handle.AbstractRotateHandle;21;1.0;0.9
org.jhotdraw.draw.handle.BezierControlPointHandle;21;1.0;0.85
org.jhotdraw.draw.handle.BezierNodeHandle;22;1.0;0.8571428571428571
org.jhotdraw.draw.handle.BezierOutlineHandle;10;1.0;0.7777777777777778
org.jhotdraw.draw.handle.BezierScaleHandle;16;1.0;0.8666666666666667
org.jhotdraw.draw.handle.BoundsOutlineHandle;17;1.0;0.75
org.jhotdraw.draw.handle.ConnectorHandle;24;1.0;0.8260869565217391
org.jhotdraw.draw.handle.FontSizeHandle;13;1.0;0.8333333333333334
org.jhotdraw.draw.handle.HandleAttributeKeys;106;;
org.jhotdraw.draw.handle.MoveHandle;17;1.0;0.9375
org.jhotdraw.draw.handle.OrientationHandle;11;1.0;0.8
org.jhotdraw.draw.handle.ResizeHandleKit;13;1.0;0.9166666666666666
org.jhotdraw.draw.handle.RoundRectangleRadiusHandle;11;1.0;0.9
org.jhotdraw.draw.handle.TransformHandleKit;15;1.0;0.9285714285714286
org.jhotdraw.draw.io.DOMStorableInputOutputFormat;24;1.0;0.8260869565217391
org.jhotdraw.draw.io.ImageInputFormat;19;1.0;0.7777777777777778
org.jhotdraw.draw.io.ImageOutputFormat;19;1.0;0.8888888888888888
org.jhotdraw.draw.io.SerializationInputOutputFormat;23;1.0;0.8181818181818182
org.jhotdraw.draw.io.TextInputFormat;18;1.0;0.7647058823529411
org.jhotdraw.draw.locator.BezierLabelLocator;11;1.0;0.8
org.jhotdraw.draw.locator.RelativeDecoratorLocator;14;1.0;0.9230769230769231
org.jhotdraw.draw.locator.RelativeLocator;29;1.0;0.8571428571428571
org.jhotdraw.draw.text.FloatingTextArea;14;1.0;0.8461538461538461
org.jhotdraw.draw.text.FloatingTextField;14;1.0;0.8461538461538461
org.jhotdraw.draw.tool.AbstractTool;52;1.0;0.8823529411764706
org.jhotdraw.draw.tool.BezierTool;31;1.0;0.8
org.jhotdraw.draw.tool.ConnectionTool;31;1.0;0.7666666666666667
org.jhotdraw.draw.tool.CreationTool;26;1.0;0.76
org.jhotdraw.draw.tool.DefaultDragTracker;15;1.0;0.8571428571428571
org.jhotdraw.draw.tool.DefaultHandleTracker;24;1.0;0.8260869565217391
org.jhotdraw.draw.tool.DefaultSelectAreaTracker;18;1.0;0.8235294117647058
org.jhotdraw.draw.tool.DelegationSelectionTool;20;1.0;0.7894736842105263
org.jhotdraw.draw.tool.DnDTracker;14;1.0;0.8461538461538461
org.jhotdraw.draw.tool.ImageTool;11;1.0;0.9
org.jhotdraw.draw.tool.SelectionTool;31;0.9666666666666667;0.8333333333333334
org.jhotdraw.draw.tool.TextAreaCreationTool;14;1.0;0.8461538461538461
org.jhotdraw.draw.tool.TextAreaEditingTool;11;1.0;0.9
org.jhotdraw.draw.tool.TextCreationTool;15;1.0;0.9285714285714286
org.jhotdraw.draw.tool.TextEditingTool;13;1.0;0.8333333333333334
org.jhotdraw.geom.Bezier;37;1.0;0.9722222222222222
org.jhotdraw.geom.BezierPath;52;1.0;0.8431372549019608
org.jhotdraw.geom.BezierPathIterator;11;0.9;0.7
org.jhotdraw.geom.Dimension2DDouble;13;1.0;0.8333333333333334
org.jhotdraw.geom.DoubleStroke;12;1.0;0.9090909090909091
org.jhotdraw.geom.Geom;47;0.9782608695652174;0.9347826086956522
org.jhotdraw.geom.Insets2D;16;1.0;0.9333333333333333
org.jhotdraw.geom.Polygon2D;21;0.95;0.9
org.jhotdraw.geom.QuadTree;14;1.0;0.8461538461538461
org.jhotdraw.gui.JDisclosureToolBar;10;0.8888888888888888;0.8888888888888888
org.jhotdraw.gui.JDisclosureToolBarBeanInfo;25;0.8333333333333334;0.7916666666666666
org.jhotdraw.gui.JFontChooser;35;0.9411764705882353;0.7647058823529411
org.jhotdraw.gui.JLifeFormattedTexAreaBeanInfo;25;0.8333333333333334;0.8333333333333334
org.jhotdraw.gui.JLifeFormattedTextField;11;1.0;0.8
org.jhotdraw.gui.JLifeFormattedTextFieldBeanInfo;25;0.8333333333333334;0.8333333333333334
org.jhotdraw.gui.JMDIDesktopPane;20;0.9473684210526315;0.8947368421052632
org.jhotdraw.gui.JPopupButton;36;0.9714285714285714;0.7714285714285715
org.jhotdraw.gui.JPopupButtonBeanInfo;25;0.8333333333333334;0.875
org.jhotdraw.gui.JSheet;57;0.9821428571428571;0.8392857142857143
org.jhotdraw.gui.ToolBarLayout;15;1.0;0.8571428571428571
org.jhotdraw.gui.VerticalGridLayout;26;1.0;0.8
org.jhotdraw.gui.Worker;12;1.0;1.0
org.jhotdraw.gui.event.SheetEvent;15;1.0;0.7857142857142857
org.jhotdraw.gui.fontchooser.AbstractFontChooserModel;10;1.0;1.0
org.jhotdraw.gui.fontchooser.DefaultFontChooserModel;12;1.0;0.9090909090909091
org.jhotdraw.gui.fontchooser.FontCollectionNode;29;1.0;0.8571428571428571
org.jhotdraw.gui.fontchooser.FontFaceNode;25;1.0;0.875
org.jhotdraw.gui.fontchooser.FontFamilyNode;27;1.0;0.8846153846153846
org.jhotdraw.gui.plaf.palette.MultiIcon;13;1.0;0.8333333333333334
org.jhotdraw.gui.plaf.palette.PaletteColorChooserUI;20;0.9473684210526315;0.8947368421052632
org.jhotdraw.gui.plaf.palette.PaletteFontChooserSelectionPanel;18;0.9411764705882353;0.8823529411764706
org.jhotdraw.gui.plaf.palette.PaletteFontChooserUI;24;1.0;0.8695652173913043
org.jhotdraw.gui.plaf.palette.PaletteLabelUI;12;1.0;0.9090909090909091
org.jhotdraw.gui.plaf.palette.PaletteLazyActionMap;14;0.9230769230769231;0.9230769230769231
org.jhotdraw.gui.plaf.palette.PaletteLookAndFeel;23;1.0;0.9545454545454546
org.jhotdraw.gui.plaf.palette.PaletteSliderThumbIcon;14;1.0;0.7692307692307693
org.jhotdraw.gui.plaf.palette.PaletteSliderUI;16;0.9333333333333333;0.8666666666666667
org.jhotdraw.gui.plaf.palette.PaletteTabbedPaneUI;22;1.0;0.8571428571428571
org.jhotdraw.gui.plaf.palette.PaletteToolBarBorder;12;1.0;0.9090909090909091
org.jhotdraw.gui.plaf.palette.PaletteToolBarUI;88;0.9770114942528736;0.7586206896551724
org.jhotdraw.gui.plaf.palette.colorchooser.ColorIcon;15;0.9285714285714286;0.8571428571428571
org.jhotdraw.gui.plaf.palette.colorchooser.PaletteCMYKChooser;37;0.9722222222222222;0.8333333333333334
org.jhotdraw.gui.plaf.palette.colorchooser.PaletteColorSlidersChooser;12;0.9090909090909091;0.8181818181818182
org.jhotdraw.gui.plaf.palette.colorchooser.PaletteColorWheelChooser;12;0.9090909090909091;0.8181818181818182
org.jhotdraw.gui.plaf.palette.colorchooser.PaletteHSBChooser;31;0.9666666666666667;0.8333333333333334
org.jhotdraw.gui.plaf.palette.colorchooser.PaletteRGBChooser;25;0.9583333333333334;0.7916666666666666
org.jhotdraw.gui.plaf.palette.colorchooser.PaletteSwatchesChooser;14;0.8461538461538461;0.8461538461538461
org.jhotdraw.io.Base64;31;1.0;0.8
org.jhotdraw.io.BoundedRangeInputStream;26;1.0;0.92
org.jhotdraw.io.StreamPosTokenizer;65;0.953125;0.71875
org.jhotdraw.net.ClientHttpRequest;48;0.9361702127659575;0.8936170212765957
org.jhotdraw.samples.color.JMixer;58;0.9824561403508771;0.8947368421052632
org.jhotdraw.samples.color.WheelsAndSlidersMain;15;0.9285714285714286;0.8571428571428571
org.jhotdraw.samples.draw.DrawApplet;15;0.9285714285714286;0.8571428571428571
org.jhotdraw.samples.draw.DrawLiveConnectApplet;17;0.9375;0.8125
org.jhotdraw.samples.draw.DrawView;16;0.9333333333333333;0.8
org.jhotdraw.samples.draw.DrawingPanel;17;0.9375;0.875
org.jhotdraw.samples.draw.DrawingPanelBeanInfo;25;0.8333333333333334;0.8333333333333334
org.jhotdraw.samples.mini.BezierDemo;25;0.9583333333333334;0.8333333333333334
org.jhotdraw.samples.mini.SVGDrawingPanelSample;17;0.9375;0.875
org.jhotdraw.samples.mini.StraightLineFigure;11;1.0;0.9
org.jhotdraw.samples.net.NetApplet;15;0.9285714285714286;0.9285714285714286
org.jhotdraw.samples.net.NetApplicationModel;12;1.0;0.9090909090909091
org.jhotdraw.samples.net.NetPanel;16;0.9333333333333333;0.8
org.jhotdraw.samples.net.NetView;22;0.9523809523809523;0.8095238095238095
org.jhotdraw.samples.net.figures.NodeFigure;17;0.9375;0.875
org.jhotdraw.samples.odg.ODGApplicationModel;16;1.0;0.9333333333333333
org.jhotdraw.samples.odg.ODGAttributeKeys;14;0.9230769230769231;0.8461538461538461
org.jhotdraw.samples.odg.ODGDrawingPanel;17;0.9375;0.8125
org.jhotdraw.samples.odg.ODGDrawingPanelBeanInfo;25;0.8333333333333334;0.875
org.jhotdraw.samples.odg.ODGPropertiesPanel;15;0.9285714285714286;0.8571428571428571
org.jhotdraw.samples.odg.ODGPropertiesPanelBeanInfo;25;0.8333333333333334;0.8333333333333334
org.jhotdraw.samples.odg.ODGView;29;0.9642857142857143;0.7857142857142857
org.jhotdraw.samples.odg.figures.ODGEllipseFigure;24;1.0;0.9130434782608695
org.jhotdraw.samples.odg.figures.ODGGroupFigure;12;1.0;0.9090909090909091
org.jhotdraw.samples.odg.figures.ODGPathFigure;27;0.9615384615384616;0.9230769230769231
org.jhotdraw.samples.odg.figures.ODGPathOutlineHandle;10;1.0;0.8888888888888888
org.jhotdraw.samples.odg.figures.ODGRectFigure;33;1.0;0.875
org.jhotdraw.samples.odg.figures.ODGRectRadiusHandle;12;1.0;0.8181818181818182
org.jhotdraw.samples.odg.geom.EnhancedPath;28;1.0;0.9259259259259259
org.jhotdraw.samples.odg.io.ODGInputFormat;50;1.0;0.9387755102040817
org.jhotdraw.samples.odg.io.ODGStylesReader;29;1.0;0.8928571428571429
org.jhotdraw.samples.pert.PertApplet;15;0.9285714285714286;0.8571428571428571
org.jhotdraw.samples.pert.PertApplicationModel;12;1.0;0.9090909090909091
org.jhotdraw.samples.pert.PertPanel;16;0.9333333333333333;0.8666666666666667
org.jhotdraw.samples.pert.PertView;21;0.95;0.85
org.jhotdraw.samples.pert.figures.TaskFigure;24;1.0;0.9565217391304348
org.jhotdraw.samples.svg.LinearGradient;33;1.0;0.78125
org.jhotdraw.samples.svg.RadialGradient;33;1.0;0.8125
org.jhotdraw.samples.svg.SVGApplet;20;1.0;0.8947368421052632
org.jhotdraw.samples.svg.SVGApplicationModel;14;1.0;0.7692307692307693
org.jhotdraw.samples.svg.SVGAttributeKeys;20;1.0;0.9473684210526315
org.jhotdraw.samples.svg.SVGConstants;11;1.0;1.0
org.jhotdraw.samples.svg.SVGCreateFromFileTool;14;1.0;0.8461538461538461
org.jhotdraw.samples.svg.SVGDrawingPanel;40;0.9487179487179487;0.7948717948717948
org.jhotdraw.samples.svg.SVGDrawingPanelBeanInfo;25;0.8333333333333334;0.8333333333333334
org.jhotdraw.samples.svg.SVGView;22;0.9523809523809523;0.8095238095238095
org.jhotdraw.samples.svg.action.CombineAction;15;1.0;0.7142857142857143
org.jhotdraw.samples.svg.figures.ConvexHullOutlineHandle;20;1.0;0.7894736842105263
org.jhotdraw.samples.svg.figures.SVGBezierFigure;12;1.0;0.9090909090909091
org.jhotdraw.samples.svg.figures.SVGEllipseFigure;24;1.0;0.8695652173913043
org.jhotdraw.samples.svg.figures.SVGGroupFigure;12;1.0;1.0
org.jhotdraw.samples.svg.figures.SVGImageFigure;36;1.0;0.8857142857142857
org.jhotdraw.samples.svg.figures.SVGPathFigure;28;0.9629629629629629;0.8888888888888888
org.jhotdraw.samples.svg.figures.SVGPathOutlineHandle;10;1.0;0.8888888888888888
org.jhotdraw.samples.svg.figures.SVGRectFigure;34;1.0;0.8181818181818182
org.jhotdraw.samples.svg.figures.SVGRectRadiusHandle;12;1.0;0.8181818181818182
org.jhotdraw.samples.svg.figures.SVGTextAreaFigure;42;0.975609756097561;0.8536585365853658
org.jhotdraw.samples.svg.figures.SVGTextFigure;45;1.0;0.8863636363636364
org.jhotdraw.samples.svg.gui.AbstractToolBar;17;1.0;0.875
org.jhotdraw.samples.svg.gui.AbstractToolBarBeanInfo;25;0.8333333333333334;0.8333333333333334
org.jhotdraw.samples.svg.gui.ActionsToolBar;13;1.0;0.9166666666666666
org.jhotdraw.samples.svg.gui.ActionsToolBarBeanInfo;25;0.8333333333333334;0.8333333333333334
org.jhotdraw.samples.svg.gui.AlignToolBarBeanInfo;25;0.8333333333333334;0.8333333333333334
org.jhotdraw.samples.svg.gui.ArrangeToolBarBeanInfo;25;0.8333333333333334;0.9166666666666666
org.jhotdraw.samples.svg.gui.CanvasToolBarBeanInfo;25;0.8333333333333334;0.7916666666666666
org.jhotdraw.samples.svg.gui.FigureToolBarBeanInfo;25;0.8333333333333334;0.8333333333333334
org.jhotdraw.samples.svg.gui.FillToolBarBeanInfo;25;0.8333333333333334;0.875
org.jhotdraw.samples.svg.gui.FontToolBarBeanInfo;25;0.8333333333333334;0.875
org.jhotdraw.samples.svg.gui.LinkToolBarBeanInfo;25;0.8333333333333334;0.8333333333333334
org.jhotdraw.samples.svg.gui.MessagePanel;13;0.9166666666666666;0.9166666666666666
org.jhotdraw.samples.svg.gui.ProgressIndicator;21;0.95;0.8
org.jhotdraw.samples.svg.gui.StrokeToolBarBeanInfo;25;0.8333333333333334;0.8333333333333334
org.jhotdraw.samples.svg.gui.SummaryToolBarBeanInfo;25;0.8333333333333334;0.8333333333333334
org.jhotdraw.samples.svg.gui.ToolsToolBarBeanInfo;25;0.8333333333333334;0.8333333333333334
org.jhotdraw.samples.svg.gui.ViewToolBarBeanInfo;25;0.8333333333333334;0.8333333333333334
org.jhotdraw.samples.svg.io.DefaultSVGFigureFactory;14;1.0;1.0
org.jhotdraw.samples.svg.io.ImageMapOutputFormat;30;0.9655172413793104;0.896551724137931
org.jhotdraw.samples.svg.io.SVGInputFormat;78;0.987012987012987;0.8831168831168831
org.jhotdraw.samples.svg.io.SVGOutputFormat;61;0.9833333333333333;0.8833333333333333
org.jhotdraw.samples.teddy.CharacterSetAccessory;12;0.9090909090909091;0.8181818181818182
org.jhotdraw.samples.teddy.FindDialog;32;0.967741935483871;0.8064516129032258
org.jhotdraw.samples.teddy.JEditorArea;11;1.0;0.9
org.jhotdraw.samples.teddy.TeddyView;39;0.9736842105263158;0.8421052631578947
org.jhotdraw.samples.teddy.regex.Matcher;18;1.0;0.8823529411764706
org.jhotdraw.text.ColorFormatter;26;0.96;0.72
org.jhotdraw.text.FontFormatter;15;1.0;0.7857142857142857
org.jhotdraw.text.JavaNumberFormatter;49;1.0;0.8125
org.jhotdraw.undo.CompositeEdit;14;0.9230769230769231;0.7692307692307693
org.jhotdraw.undo.UndoRedoManager;28;0.8888888888888888;0.8148148148148148
org.jhotdraw.util.Methods;23;1.0;1.0
org.jhotdraw.util.ResourceBundleUtil;40;0.9743589743589743;0.8717948717948718
org.jhotdraw.util.prefs.PreferencesUtil;50;0.9591836734693877;0.9183673469387755
org.jhotdraw.util.prefs.ToolBarPrefsHandler;12;1.0;0.9090909090909091
org.jhotdraw.xml.DefaultDOMFactory;16;1.0;0.8
org.jhotdraw.xml.JavaxDOMInput;25;0.9166666666666666;0.8333333333333334
org.jhotdraw.xml.JavaxDOMOutput;27;1.0;0.8461538461538461
org.jhotdraw.xml.NanoXMLDOMInput;24;1.0;0.8695652173913043
org.jhotdraw.xml.NanoXMLDOMOutput;29;1.0;0.8214285714285714
org.jhotdraw.xml.css.CSSRule;12;1.0;0.8181818181818182
