file;entities;metric;metric_random
junit.framework.Assert;39;1.0;1.0
junit.framework.ComparisonCompactor;16;1.0;0.8
junit.framework.JUnit4TestAdapter;15;1.0;0.8571428571428571
junit.framework.TestCase;14;1.0;0.9230769230769231
junit.framework.TestResult;23;1.0;0.8636363636363636
junit.framework.TestSuite;26;0.96;0.84
junit.runner.BaseTestRunner;34;1.0;0.9090909090909091
junit.textui.ResultPrinter;19;1.0;0.9444444444444444
junit.textui.TestRunner;22;0.9523809523809523;0.8571428571428571
org.junit.Assert;47;1.0;0.9782608695652174
org.junit.experimental.theories.ParameterSignature;14;0.9230769230769231;0.9230769230769231
org.junit.experimental.theories.internal.Assignments;17;1.0;0.875
org.junit.internal.TextListener;13;1.0;0.9166666666666666
org.junit.internal.runners.ClassRoadie;10;1.0;0.8888888888888888
org.junit.internal.runners.JUnit4ClassRunner;20;1.0;0.9473684210526315
org.junit.internal.runners.MethodRoadie;13;1.0;0.9166666666666666
org.junit.internal.runners.TestClass;13;1.0;0.9166666666666666
org.junit.internal.runners.TestMethod;11;1.0;0.9
org.junit.runner.Description;23;0.9545454545454546;0.8181818181818182
org.junit.runner.JUnitCore;14;1.0;0.9230769230769231
org.junit.runner.Request;10;;
org.junit.runner.Result;12;1.0;0.9090909090909091
org.junit.runner.notification.RunNotifier;13;1.0;0.9166666666666666
org.junit.runners.BlockJUnit4ClassRunner;24;1.0;1.0
org.junit.runners.ParentRunner;26;1.0;0.92
org.junit.runners.Suite;10;0.8888888888888888;0.8888888888888888
org.junit.runners.model.FrameworkMethod;15;1.0;0.9285714285714286
org.junit.runners.model.TestClass;14;1.0;0.8461538461538461
