file;entities;metric;metric_random
org.lwjgl.BufferChecks;31;1.0;0.9666666666666667
org.lwjgl.BufferUtils;18;;
org.lwjgl.LWJGLUtil;24;1.0;0.8260869565217391
org.lwjgl.NondirectBufferWrapper;51;1.0;0.98
org.lwjgl.PointerBuffer;50;1.0;0.9183673469387755
org.lwjgl.Sys;17;0.9375;0.8125
org.lwjgl.WindowsSysImplementation;13;1.0;1.0
org.lwjgl.examples.Game;11;1.0;0.8
org.lwjgl.examples.spaceinvaders.AlienEntity;14;1.0;0.7692307692307693
org.lwjgl.examples.spaceinvaders.Entity;19;1.0;0.8333333333333334
org.lwjgl.examples.spaceinvaders.Game;53;0.9615384615384616;0.7884615384615384
org.lwjgl.examples.spaceinvaders.SoundManager;13;1.0;0.8333333333333334
org.lwjgl.examples.spaceinvaders.Texture;20;1.0;0.8421052631578947
org.lwjgl.examples.spaceinvaders.TextureLoader;11;1.0;0.9
org.lwjgl.input.ControllerEvent;21;1.0;0.8
org.lwjgl.input.Controllers;24;1.0;0.9130434782608695
org.lwjgl.input.Cursor;19;1.0;0.8333333333333334
org.lwjgl.input.JInputController;48;1.0;0.8085106382978723
org.lwjgl.input.Keyboard;165;1.0;0.8902439024390244
org.lwjgl.input.Mouse;68;1.0;0.7761194029850746
org.lwjgl.openal.AL;16;1.0;0.8666666666666667
org.lwjgl.openal.ALC10;52;1.0;0.8235294117647058
org.lwjgl.openal.ALC11;19;1.0;0.8333333333333334
org.lwjgl.opencl.APIUtil;49;0.9791666666666666;0.8541666666666666
org.lwjgl.opencl.CL;12;1.0;0.9090909090909091
org.lwjgl.opencl.CLCommandQueue;10;1.0;0.8888888888888888
org.lwjgl.opencl.CLContext;31;0.9666666666666667;0.8
org.lwjgl.opencl.CLDevice;21;1.0;0.8
org.lwjgl.opencl.CLKernel;16;1.0;0.9333333333333333
org.lwjgl.opencl.CLMem;18;1.0;0.9411764705882353
org.lwjgl.opencl.CLPlatform;21;0.95;0.85
org.lwjgl.opencl.CLProgram;16;1.0;0.8666666666666667
org.lwjgl.opencl.CallbackUtil;16;1.0;0.9333333333333333
org.lwjgl.opencl.FastLongMap;17;1.0;0.875
org.lwjgl.opencl.InfoUtilAbstract;10;1.0;1.0
org.lwjgl.opencl.InfoUtilFactory;10;0.8888888888888888;0.8888888888888888
org.lwjgl.opengl.APIUtil;27;1.0;0.8461538461538461
org.lwjgl.opengl.AWTGLCanvas;45;0.9772727272727273;0.7954545454545454
org.lwjgl.opengl.AWTSurfaceLock;10;1.0;0.8888888888888888
org.lwjgl.opengl.AWTUtil;11;;
org.lwjgl.opengl.AbstractDrawable;11;1.0;0.9
org.lwjgl.opengl.BaseReferences;12;1.0;0.8181818181818182
org.lwjgl.opengl.CallbackUtil;12;1.0;0.9090909090909091
org.lwjgl.opengl.Context;28;0.9629629629629629;0.8148148148148148
org.lwjgl.opengl.ContextAttribs;35;1.0;0.7941176470588235
org.lwjgl.opengl.Display;77;0.9736842105263158;0.8421052631578947
org.lwjgl.opengl.DisplayMode;13;1.0;0.8333333333333334
org.lwjgl.opengl.FastIntMap;17;1.0;0.875
org.lwjgl.opengl.GLChecks;24;1.0;0.9565217391304348
org.lwjgl.opengl.GLContext;21;1.0;0.9
org.lwjgl.opengl.KeyboardEventQueue;23;1.0;0.8181818181818182
org.lwjgl.opengl.LinuxContextAttribs;19;1.0;0.8333333333333334
org.lwjgl.opengl.LinuxContextImplementation;18;;
org.lwjgl.opengl.LinuxDisplay;196;1.0;0.8
org.lwjgl.opengl.LinuxEvent;68;1.0;0.8507462686567164
org.lwjgl.opengl.LinuxKeyboard;61;1.0;0.75
org.lwjgl.opengl.LinuxKeycodes;366;1.0;0.9972602739726028
org.lwjgl.opengl.LinuxMouse;49;1.0;0.7708333333333334
org.lwjgl.opengl.MacOSXCanvasListener;15;1.0;0.8571428571428571
org.lwjgl.opengl.MacOSXContextAttribs;19;1.0;0.7777777777777778
org.lwjgl.opengl.MacOSXContextImplementation;20;;
org.lwjgl.opengl.MacOSXDisplay;65;0.984375;0.875
org.lwjgl.opengl.MacOSXFrame;30;1.0;0.8275862068965517
org.lwjgl.opengl.MacOSXMouseEventQueue;12;0.9090909090909091;0.8181818181818182
org.lwjgl.opengl.MouseEventQueue;38;1.0;0.8378378378378378
org.lwjgl.opengl.Pbuffer;30;1.0;0.7586206896551724
org.lwjgl.opengl.PeerInfo;11;1.0;0.9
org.lwjgl.opengl.PixelFormat;45;1.0;0.7954545454545454
org.lwjgl.opengl.RenderTexture;38;1.0;0.9459459459459459
org.lwjgl.opengl.StateTracker;18;1.0;0.8823529411764706
org.lwjgl.opengl.WindowsContextAttribs;19;1.0;0.8333333333333334
org.lwjgl.opengl.WindowsContextImplementation;18;;
org.lwjgl.opengl.WindowsDisplay;204;0.9950738916256158;0.7635467980295566
org.lwjgl.opengl.WindowsKeyboard;33;1.0;0.75
org.lwjgl.opengl.WindowsKeycodes;197;1.0;0.9948979591836735
org.lwjgl.opengl.WindowsMouse;30;1.0;0.8275862068965517
org.lwjgl.opengl.WindowsPbufferPeerInfo;14;1.0;0.9230769230769231
org.lwjgl.opengl.XRandR;10;0.8888888888888888;0.8888888888888888
org.lwjgl.test.SysTest;10;1.0;1.0
org.lwjgl.test.WindowCreationTest;18;1.0;0.8235294117647058
org.lwjgl.test.applet.GearsApplet;23;1.0;0.8636363636363636
org.lwjgl.test.glu.tessellation.TessellationTest;14;1.0;0.9230769230769231
org.lwjgl.test.input.HWCursorTest;16;1.0;0.9333333333333333
org.lwjgl.test.input.KeyboardTest;12;1.0;0.9090909090909091
org.lwjgl.test.input.MouseTest;29;0.9285714285714286;0.75
org.lwjgl.test.openal.PositionTest;28;0.9629629629629629;0.7777777777777778
org.lwjgl.test.openal.StressTest;10;1.0;0.8888888888888888
org.lwjgl.test.opencl.gl.DemoFractal;62;1.0;0.8524590163934426
org.lwjgl.test.opengl.FullScreenWindowedTest;18;0.9411764705882353;0.8235294117647058
org.lwjgl.test.opengl.Gears;13;1.0;0.9166666666666666
org.lwjgl.test.opengl.PbufferTest;21;0.95;0.8
org.lwjgl.test.opengl.VBOIndexTest;15;1.0;0.8571428571428571
org.lwjgl.test.opengl.VBOTest;11;1.0;0.9
org.lwjgl.test.opengl.awt.AWTGears;12;1.0;0.8181818181818182
org.lwjgl.test.opengl.awt.AWTGearsCanvas;17;1.0;0.875
org.lwjgl.test.opengl.multithread.BackgroundLoadTest;13;1.0;0.9166666666666666
org.lwjgl.test.opengl.multithread.BackgroundLoader;15;1.0;0.7857142857142857
org.lwjgl.test.opengl.pbuffers.PbufferTest;23;0.9545454545454546;0.7727272727272727
org.lwjgl.test.opengl.shaders.ShaderFSH;11;1.0;0.9
org.lwjgl.test.opengl.shaders.ShaderUNI;13;1.0;0.9166666666666666
org.lwjgl.test.opengl.shaders.ShadersTest;23;1.0;0.8181818181818182
org.lwjgl.util.Color;46;1.0;0.9111111111111111
org.lwjgl.util.Dimension;15;1.0;0.7857142857142857
org.lwjgl.util.Point;18;1.0;0.8823529411764706
org.lwjgl.util.Rectangle;41;1.0;0.925
org.lwjgl.util.Timer;16;1.0;0.7333333333333333
org.lwjgl.util.WaveData;12;1.0;0.8181818181818182
org.lwjgl.util.XPMFile;18;0.9411764705882353;0.8235294117647058
org.lwjgl.util.applet.AppletLoader;84;0.9879518072289156;0.7469879518072289
org.lwjgl.util.generator.GeneratorVisitor;16;1.0;0.8666666666666667
org.lwjgl.util.generator.JNITypeTranslator;14;1.0;1.0
org.lwjgl.util.generator.JavaMethodsGenerator;23;1.0;0.9545454545454546
org.lwjgl.util.generator.JavaTypeTranslator;16;1.0;0.9333333333333333
org.lwjgl.util.generator.NativeMethodStubsGenerator;19;0.9444444444444444;0.8333333333333334
org.lwjgl.util.generator.NativeTypeTranslator;26;1.0;0.88
org.lwjgl.util.generator.PostfixTranslator;21;1.0;0.9
org.lwjgl.util.generator.SignatureTranslator;17;1.0;0.9375
org.lwjgl.util.generator.TypeInfo;16;1.0;0.8
org.lwjgl.util.generator.Utils;47;1.0;0.8478260869565217
org.lwjgl.util.generator.openal.ALTypeMap;21;1.0;1.0
org.lwjgl.util.generator.opencl.CLGeneratorProcessorFactory;12;1.0;0.9090909090909091
org.lwjgl.util.generator.opencl.CLTypeMap;21;1.0;1.0
org.lwjgl.util.generator.opengl.GLCapabilitiesGenerator;21;1.0;0.9
org.lwjgl.util.generator.opengl.GLTypeMap;21;1.0;1.0
org.lwjgl.util.glu.GLU;128;1.0;0.937007874015748
org.lwjgl.util.glu.GLUtessellatorCallbackAdapter;12;;
org.lwjgl.util.glu.PixelStoreState;11;1.0;0.9
org.lwjgl.util.glu.Project;18;1.0;0.8823529411764706
org.lwjgl.util.glu.Quadric;17;1.0;0.9375
org.lwjgl.util.glu.tessellation.Dict;15;1.0;0.8571428571428571
org.lwjgl.util.glu.tessellation.GLUhalfEdge;10;1.0;1.0
org.lwjgl.util.glu.tessellation.GLUtessellatorImpl;61;0.9833333333333333;0.75
org.lwjgl.util.glu.tessellation.Geom;14;1.0;1.0
org.lwjgl.util.glu.tessellation.Mesh;20;1.0;0.9473684210526315
org.lwjgl.util.glu.tessellation.Normal;11;0.9;0.8
org.lwjgl.util.glu.tessellation.PriorityQ;10;1.0;1.0
org.lwjgl.util.glu.tessellation.PriorityQHeap;16;1.0;0.8666666666666667
org.lwjgl.util.glu.tessellation.PriorityQSort;17;1.0;0.8125
org.lwjgl.util.glu.tessellation.Render;18;0.8823529411764706;0.8235294117647058
org.lwjgl.util.glu.tessellation.Sweep;38;0.9459459459459459;0.9459459459459459
org.lwjgl.util.input.ControllerAdapter;31;;
org.lwjgl.util.jinput.LWJGLMouse;12;1.0;0.7272727272727273
org.lwjgl.util.vector.Matrix;11;1.0;1.0
org.lwjgl.util.vector.Matrix2f;28;1.0;0.9259259259259259
org.lwjgl.util.vector.Matrix3f;27;1.0;0.9230769230769231
org.lwjgl.util.vector.Matrix4f;39;1.0;0.9473684210526315
org.lwjgl.util.vector.Quaternion;39;1.0;0.9210526315789473
org.lwjgl.util.vector.Vector2f;24;1.0;0.8695652173913043
org.lwjgl.util.vector.Vector3f;28;1.0;0.9259259259259259
org.lwjgl.util.vector.Vector4f;30;1.0;0.896551724137931
