file;entities;metric;metric_random
net.sourceforge.stripes.action.ActionBeanContext;21;1.0;0.85
net.sourceforge.stripes.action.FileBean;17;1.0;0.8125
net.sourceforge.stripes.action.ForwardResolution;11;0.9;0.8
net.sourceforge.stripes.action.OnwardResolution;17;1.0;0.75
net.sourceforge.stripes.action.RedirectResolution;15;1.0;0.7857142857142857
net.sourceforge.stripes.action.SimpleMessage;11;1.0;0.8
net.sourceforge.stripes.action.StreamingResolution;27;1.0;0.7307692307692307
net.sourceforge.stripes.ajax.JavaScriptBuilder;26;1.0;0.76
net.sourceforge.stripes.config.BootstrapPropertyResolver;15;0.9285714285714286;0.8571428571428571
net.sourceforge.stripes.config.DefaultConfiguration;55;1.0;0.8333333333333334
net.sourceforge.stripes.config.RuntimeConfiguration;36;1.0;0.8
net.sourceforge.stripes.controller.AnnotatedClassActionResolver;30;1.0;0.8620689655172413
net.sourceforge.stripes.controller.BindingPolicyManager;17;0.9375;0.8125
net.sourceforge.stripes.controller.DefaultActionBeanPropertyBinder;20;1.0;0.9473684210526315
net.sourceforge.stripes.controller.DefaultObjectFactory;15;1.0;0.8571428571428571
net.sourceforge.stripes.controller.DispatcherHelper;16;1.0;0.9333333333333333
net.sourceforge.stripes.controller.DispatcherServlet;18;0.9411764705882353;0.8235294117647058
net.sourceforge.stripes.controller.DynamicMappingFilter;22;1.0;0.7619047619047619
net.sourceforge.stripes.controller.ExecutionContext;27;0.9615384615384616;0.8076923076923077
net.sourceforge.stripes.controller.FlashRequest;95;0.9893617021276596;0.7659574468085106
net.sourceforge.stripes.controller.FlashScope;25;1.0;0.7916666666666666
net.sourceforge.stripes.controller.NameBasedActionResolver;15;1.0;0.9285714285714286
net.sourceforge.stripes.controller.ParameterName;12;1.0;0.8181818181818182
net.sourceforge.stripes.controller.StripesFilter;15;0.9285714285714286;0.8571428571428571
net.sourceforge.stripes.controller.StripesRequestWrapper;42;0.9512195121951219;0.8780487804878049
net.sourceforge.stripes.controller.UrlBinding;14;1.0;0.8461538461538461
net.sourceforge.stripes.controller.UrlBindingFactory;22;1.0;0.9047619047619048
net.sourceforge.stripes.controller.UrlBindingParameter;16;1.0;0.7333333333333333
net.sourceforge.stripes.controller.multipart.DefaultMultipartWrapperFactory;11;1.0;0.8
net.sourceforge.stripes.exception.DefaultExceptionHandler;12;1.0;0.9090909090909091
net.sourceforge.stripes.exception.UrlBindingConflictException;12;0.9090909090909091;0.8181818181818182
net.sourceforge.stripes.format.DateFormatter;15;1.0;0.8571428571428571
net.sourceforge.stripes.format.NumberFormatter;13;1.0;0.9166666666666666
net.sourceforge.stripes.integration.spring.SpringHelper;10;1.0;0.8888888888888888
net.sourceforge.stripes.localization.DefaultLocalizationBundleFactory;11;1.0;0.8
net.sourceforge.stripes.mock.MockHttpServletRequest;93;1.0;0.8478260869565217
net.sourceforge.stripes.mock.MockHttpServletResponse;52;1.0;0.8235294117647058
net.sourceforge.stripes.mock.MockHttpSession;23;1.0;0.9545454545454546
net.sourceforge.stripes.mock.MockRoundtrip;30;1.0;0.8275862068965517
net.sourceforge.stripes.mock.MockServletContext;38;1.0;0.918918918918919
net.sourceforge.stripes.tag.ErrorsTag;27;1.0;0.7692307692307693
net.sourceforge.stripes.tag.FieldMetadataTag;25;0.9583333333333334;0.8333333333333334
net.sourceforge.stripes.tag.FormTag;56;1.0;0.8909090909090909
net.sourceforge.stripes.tag.FormatTag;14;1.0;0.8461538461538461
net.sourceforge.stripes.tag.HtmlTagSupport;63;1.0;0.967741935483871
net.sourceforge.stripes.tag.InputCheckBoxTag;12;1.0;0.9090909090909091
net.sourceforge.stripes.tag.InputImageTag;11;1.0;1.0
net.sourceforge.stripes.tag.InputLabelTag;10;1.0;1.0
net.sourceforge.stripes.tag.InputOptionTag;14;1.0;0.8461538461538461
net.sourceforge.stripes.tag.InputOptionsCollectionTag;24;1.0;0.8260869565217391
net.sourceforge.stripes.tag.InputRadioButtonTag;12;1.0;0.9090909090909091
net.sourceforge.stripes.tag.InputSelectTag;13;1.0;1.0
net.sourceforge.stripes.tag.InputTagSupport;42;1.0;0.9024390243902439
net.sourceforge.stripes.tag.InputTextAreaTag;11;1.0;0.9
net.sourceforge.stripes.tag.InputTextTag;12;1.0;0.9090909090909091
net.sourceforge.stripes.tag.LinkTag;24;;
net.sourceforge.stripes.tag.LinkTagSupport;26;1.0;0.84
net.sourceforge.stripes.tag.ParamTag;19;1.0;0.8333333333333334
net.sourceforge.stripes.tag.StripesTagSupport;17;1.0;0.875
net.sourceforge.stripes.tag.UrlTag;12;1.0;1.0
net.sourceforge.stripes.tag.UseActionBeanTag;23;1.0;0.8636363636363636
net.sourceforge.stripes.tag.WizardFieldsTag;11;1.0;1.0
net.sourceforge.stripes.tag.layout.LayoutComponentRenderer;11;1.0;0.8
net.sourceforge.stripes.tag.layout.LayoutComponentTag;14;1.0;0.7692307692307693
net.sourceforge.stripes.tag.layout.LayoutContext;33;0.96875;0.78125
net.sourceforge.stripes.tag.layout.LayoutRenderTag;12;1.0;0.9090909090909091
net.sourceforge.stripes.tag.layout.LayoutWriter;14;1.0;0.8461538461538461
net.sourceforge.stripes.util.Base64;43;0.9761904761904762;0.7857142857142857
net.sourceforge.stripes.util.ConcurrentHashSet;19;1.0;0.8333333333333334
net.sourceforge.stripes.util.CryptoUtil;20;1.0;0.7894736842105263
net.sourceforge.stripes.util.Literal;12;;
net.sourceforge.stripes.util.Log;17;0.9375;0.9375
net.sourceforge.stripes.util.Log4JLogger;26;0.96;0.88
net.sourceforge.stripes.util.Range;11;1.0;0.9
net.sourceforge.stripes.util.ReflectUtil;20;0.9473684210526315;0.8947368421052632
net.sourceforge.stripes.util.ResolverUtil;11;1.0;0.9
net.sourceforge.stripes.util.TypeHandlerCache;20;1.0;0.8421052631578947
net.sourceforge.stripes.util.UrlBuilder;24;1.0;0.8260869565217391
net.sourceforge.stripes.util.bean.Node;13;1.0;0.8333333333333334
net.sourceforge.stripes.util.bean.NodeEvaluation;21;1.0;0.85
net.sourceforge.stripes.util.bean.PropertyExpression;17;1.0;0.75
net.sourceforge.stripes.util.bean.PropertyExpressionEvaluation;21;1.0;0.85
net.sourceforge.stripes.validation.DateTypeConverter;15;0.9285714285714286;0.7857142857142857
net.sourceforge.stripes.validation.DefaultValidationMetadataProvider;12;1.0;0.9090909090909091
net.sourceforge.stripes.validation.ScopedLocalizableError;10;1.0;0.7777777777777778
net.sourceforge.stripes.validation.SimpleError;19;1.0;0.8333333333333334
net.sourceforge.stripes.validation.ValidationMetadata;44;1.0;0.7906976744186046
net.sourceforge.stripes.vfs.VFS;13;1.0;1.0
