file;entities;metric;metric_random
com.eteks.sweethome3d.HomeFrameController;11;1.0;0.8
com.eteks.sweethome3d.HomeFramePane;19;0.9444444444444444;0.7222222222222222
com.eteks.sweethome3d.SweetHome3D;34;1.0;0.7878787878787878
com.eteks.sweethome3d.applet.AppletApplication;47;1.0;0.7608695652173914
com.eteks.sweethome3d.applet.AppletUserPreferences;40;1.0;0.6923076923076923
com.eteks.sweethome3d.applet.HomeAppletController;10;1.0;0.7777777777777778
com.eteks.sweethome3d.applet.HomeAppletRecorder;10;1.0;0.7777777777777778
com.eteks.sweethome3d.applet.SweetHome3DApplet;10;1.0;0.8888888888888888
com.eteks.sweethome3d.applet.ViewerHelper;10;1.0;0.7777777777777778
com.eteks.sweethome3d.io.AutoRecoveryManager;18;1.0;0.7647058823529411
com.eteks.sweethome3d.io.DefaultFurnitureCatalog;24;0.9565217391304348;0.7391304347826086
com.eteks.sweethome3d.io.DefaultHomeOutputStream;13;1.0;0.75
com.eteks.sweethome3d.io.DefaultTexturesCatalog;16;0.9333333333333333;0.8666666666666667
com.eteks.sweethome3d.io.FileUserPreferences;84;1.0;0.7590361445783133
com.eteks.sweethome3d.j3d.Component3DManager;16;1.0;0.8
com.eteks.sweethome3d.j3d.HomePieceOfFurniture3D;28;1.0;0.8518518518518519
com.eteks.sweethome3d.j3d.ModelManager;38;1.0;0.8108108108108109
com.eteks.sweethome3d.j3d.OBJLoader;24;1.0;0.8260869565217391
com.eteks.sweethome3d.j3d.OBJMaterial;13;1.0;0.9166666666666666
com.eteks.sweethome3d.j3d.OBJWriter;44;1.0;0.7906976744186046
com.eteks.sweethome3d.j3d.Object3DBranch;10;1.0;0.8888888888888888
com.eteks.sweethome3d.j3d.PhotoRenderer;30;1.0;0.7931034482758621
com.eteks.sweethome3d.j3d.Room3D;15;1.0;0.7857142857142857
com.eteks.sweethome3d.j3d.TextureManager;17;1.0;0.8125
com.eteks.sweethome3d.j3d.Wall3D;22;1.0;0.8571428571428571
com.eteks.sweethome3d.model.BackgroundImage;23;1.0;0.8181818181818182
com.eteks.sweethome3d.model.Camera;40;1.0;0.7948717948717948
com.eteks.sweethome3d.model.CatalogDoorOrWindow;12;1.0;0.8181818181818182
com.eteks.sweethome3d.model.CatalogPieceOfFurniture;66;0.9846153846153847;0.7230769230769231
com.eteks.sweethome3d.model.CatalogTexture;26;0.96;0.76
com.eteks.sweethome3d.model.Compass;46;0.9777777777777777;0.8
com.eteks.sweethome3d.model.DimensionLine;36;1.0;0.8285714285714286
com.eteks.sweethome3d.model.FurnitureCatalog;12;1.0;0.9090909090909091
com.eteks.sweethome3d.model.FurnitureCategory;15;0.9285714285714286;0.8571428571428571
com.eteks.sweethome3d.model.Home;126;1.0;0.768
com.eteks.sweethome3d.model.HomeApplication;13;1.0;0.9166666666666666
com.eteks.sweethome3d.model.HomeDoorOrWindow;17;1.0;0.8125
com.eteks.sweethome3d.model.HomeEnvironment;64;1.0;0.7777777777777778
com.eteks.sweethome3d.model.HomeFurnitureGroup;51;1.0;0.82
com.eteks.sweethome3d.model.HomeLight;12;1.0;0.7272727272727273
com.eteks.sweethome3d.model.HomePieceOfFurniture;109;0.9907407407407407;0.8055555555555556
com.eteks.sweethome3d.model.HomePrint;28;1.0;0.7777777777777778
com.eteks.sweethome3d.model.HomeTexture;12;1.0;0.8181818181818182
com.eteks.sweethome3d.model.Label;23;1.0;0.8636363636363636
com.eteks.sweethome3d.model.LightSource;13;1.0;0.75
com.eteks.sweethome3d.model.ObserverCamera;18;1.0;0.8235294117647058
com.eteks.sweethome3d.model.Room;81;1.0;0.8375
com.eteks.sweethome3d.model.Sash;12;1.0;0.8181818181818182
com.eteks.sweethome3d.model.TextStyle;17;0.9375;0.8125
com.eteks.sweethome3d.model.TexturesCatalog;12;1.0;0.8181818181818182
com.eteks.sweethome3d.model.TexturesCategory;15;0.9285714285714286;0.8571428571428571
com.eteks.sweethome3d.model.UserPreferences;84;1.0;0.8192771084337349
com.eteks.sweethome3d.model.Wall;80;1.0;0.8227848101265823
com.eteks.sweethome3d.plugin.Plugin;29;1.0;0.8571428571428571
com.eteks.sweethome3d.plugin.PluginAction;14;1.0;0.8461538461538461
com.eteks.sweethome3d.plugin.PluginManager;24;1.0;0.7391304347826086
com.eteks.sweethome3d.swing.BackgroundImageWizardStepsPanel;30;0.9655172413793104;0.7931034482758621
com.eteks.sweethome3d.swing.ColorButton;11;1.0;0.8
com.eteks.sweethome3d.swing.CompassPanel;23;1.0;0.9090909090909091
com.eteks.sweethome3d.swing.FileContentManager;33;1.0;0.71875
com.eteks.sweethome3d.swing.FurnitureCatalogListPanel;18;1.0;0.8235294117647058
com.eteks.sweethome3d.swing.FurnitureCatalogTree;11;1.0;0.9
com.eteks.sweethome3d.swing.FurnitureTable;17;1.0;0.875
com.eteks.sweethome3d.swing.FurnitureTransferHandler;11;1.0;0.9
com.eteks.sweethome3d.swing.HelpPane;20;1.0;0.8421052631578947
com.eteks.sweethome3d.swing.Home3DAttributesPanel;25;1.0;0.875
com.eteks.sweethome3d.swing.HomeComponent3D;73;1.0;0.7777777777777778
com.eteks.sweethome3d.swing.HomeFurniturePanel;41;1.0;0.875
com.eteks.sweethome3d.swing.HomePane;121;0.9916666666666667;0.8166666666666667
com.eteks.sweethome3d.swing.HomePrintableComponent;21;1.0;0.8
com.eteks.sweethome3d.swing.IconManager;17;1.0;0.875
com.eteks.sweethome3d.swing.ImportedFurnitureWizardStepsPanel;60;1.0;0.7966101694915254
com.eteks.sweethome3d.swing.ImportedTextureWizardStepsPanel;32;0.967741935483871;0.8064516129032258
com.eteks.sweethome3d.swing.LabelPanel;10;1.0;0.7777777777777778
com.eteks.sweethome3d.swing.LocatedTransferHandler;11;1.0;0.9
com.eteks.sweethome3d.swing.ModelPreviewComponent;40;1.0;0.8461538461538461
com.eteks.sweethome3d.swing.NullableCheckBox;22;1.0;0.8095238095238095
com.eteks.sweethome3d.swing.PageSetupPanel;26;1.0;0.76
com.eteks.sweethome3d.swing.PhotoPanel;52;0.9803921568627451;0.7450980392156863
com.eteks.sweethome3d.swing.PlanComponent;191;0.9947368421052631;0.7526315789473684
com.eteks.sweethome3d.swing.PlanTransferHandler;18;1.0;0.8235294117647058
com.eteks.sweethome3d.swing.PrintPreviewPanel;12;1.0;0.8181818181818182
com.eteks.sweethome3d.swing.ProportionalLayout;15;1.0;0.8571428571428571
com.eteks.sweethome3d.swing.RoomPanel;29;1.0;0.8214285714285714
com.eteks.sweethome3d.swing.ScaledImageComponent;13;1.0;0.8333333333333334
com.eteks.sweethome3d.swing.SwingTools;17;0.9375;0.9375
com.eteks.sweethome3d.swing.SwingViewFactory;23;;
com.eteks.sweethome3d.swing.ThreadedTaskPanel;13;1.0;0.8333333333333334
com.eteks.sweethome3d.swing.UserPreferencesPanel;42;1.0;0.9024390243902439
com.eteks.sweethome3d.swing.VideoPanel;67;0.9848484848484849;0.7272727272727273
com.eteks.sweethome3d.swing.WallPanel;48;1.0;0.8936170212765957
com.eteks.sweethome3d.swing.WizardPane;12;1.0;0.8181818181818182
com.eteks.sweethome3d.tools.ExtensionsClassLoader;10;1.0;0.8888888888888888
com.eteks.sweethome3d.tools.OperatingSystem;13;1.0;0.8333333333333334
com.eteks.sweethome3d.tools.URLContent;10;1.0;0.8888888888888888
com.eteks.sweethome3d.viewcontroller.BackgroundImageWizardController;40;1.0;0.7948717948717948
com.eteks.sweethome3d.viewcontroller.CompassController;38;1.0;0.8378378378378378
com.eteks.sweethome3d.viewcontroller.FurnitureCatalogController;20;1.0;0.7894736842105263
com.eteks.sweethome3d.viewcontroller.FurnitureController;49;1.0;0.875
com.eteks.sweethome3d.viewcontroller.HelpController;36;1.0;0.8285714285714286
com.eteks.sweethome3d.viewcontroller.Home3DAttributesController;43;1.0;0.8333333333333334
com.eteks.sweethome3d.viewcontroller.HomeController;108;0.9906542056074766;0.8504672897196262
com.eteks.sweethome3d.viewcontroller.HomeController3D;23;1.0;0.8636363636363636
com.eteks.sweethome3d.viewcontroller.HomeFurnitureController;89;1.0;0.8068181818181818
com.eteks.sweethome3d.viewcontroller.ImportedFurnitureWizardController;77;1.0;0.75
com.eteks.sweethome3d.viewcontroller.ImportedTextureWizardController;40;1.0;0.7692307692307693
com.eteks.sweethome3d.viewcontroller.LabelController;25;1.0;0.8333333333333334
com.eteks.sweethome3d.viewcontroller.PageSetupController;15;1.0;0.7857142857142857
com.eteks.sweethome3d.viewcontroller.PhotoController;44;1.0;0.7906976744186046
com.eteks.sweethome3d.viewcontroller.PlanController;236;1.0;0.851063829787234
com.eteks.sweethome3d.viewcontroller.RoomController;50;1.0;0.8367346938775511
com.eteks.sweethome3d.viewcontroller.TextureChoiceController;18;1.0;0.8235294117647058
com.eteks.sweethome3d.viewcontroller.ThreadedTaskController;13;1.0;0.8333333333333334
com.eteks.sweethome3d.viewcontroller.UserPreferencesController;55;1.0;0.8148148148148148
com.eteks.sweethome3d.viewcontroller.VideoController;41;1.0;0.825
com.eteks.sweethome3d.viewcontroller.WallController;82;1.0;0.8148148148148148
com.eteks.sweethome3d.viewcontroller.WizardController;37;1.0;0.8055555555555556
