file;entities;metric;metric_random
blogthisplugin.BlogSettings;11;1.0;0.9
blogthisplugin.BlogSettingsTab;13;1.0;0.8333333333333334
blogthisplugin.BlogThisPlugin;29;1.0;0.8214285714285714
calendarexportplugin.CalendarExportPlugin;50;0.9795918367346939;0.7551020408163265
calendarexportplugin.CalendarExportSettings;36;1.0;0.9142857142857143
calendarexportplugin.CalendarSettingsTab;17;1.0;0.8125
calendarexportplugin.exporter.AppleSettingsDialog;10;1.0;0.7777777777777778
calendarexportplugin.exporter.CalExporter;10;1.0;0.7777777777777778
calendarexportplugin.exporter.GoogleExporter;21;1.0;0.85
calendarexportplugin.exporter.GoogleSettingsDialog;21;1.0;0.8
calendarexportplugin.exporter.OutlookExporter;12;1.0;0.9090909090909091
calendarexportplugin.utils.AbstractCalFile;10;1.0;0.8888888888888888
captureplugin.CapturePlugin;39;0.9473684210526315;0.8157894736842105
captureplugin.CapturePluginData;12;1.0;0.8181818181818182
captureplugin.CapturePluginPanel;10;1.0;0.7777777777777778
captureplugin.CapturePluginSettingsTab;11;1.0;0.8
captureplugin.drivers.DeviceCreatorDialog;11;1.0;0.8
captureplugin.drivers.defaultdriver.AdditionalParams;25;1.0;0.7916666666666666
captureplugin.drivers.defaultdriver.CaptureExecute;15;0.9285714285714286;0.7857142857142857
captureplugin.drivers.defaultdriver.CaptureParamLibrary;19;1.0;0.8888888888888888
captureplugin.drivers.defaultdriver.DefaultDevice;27;0.9615384615384616;0.8846153846153846
captureplugin.drivers.defaultdriver.DefaultKonfigurator;13;0.9166666666666666;0.75
captureplugin.drivers.defaultdriver.DeviceConfig;84;1.0;0.8072289156626506
captureplugin.drivers.defaultdriver.ParamEntry;14;1.0;0.8461538461538461
captureplugin.drivers.defaultdriver.ProgramTimeList;13;1.0;0.9166666666666666
captureplugin.drivers.defaultdriver.configpanels.ChannelTableModel;12;1.0;0.9090909090909091
captureplugin.drivers.defaultdriver.configpanels.SettingsPanel;16;1.0;0.8
captureplugin.drivers.dreambox.DreamboxConfig;52;1.0;0.803921568627451
captureplugin.drivers.dreambox.DreamboxConfigDialog;27;1.0;0.8461538461538461
captureplugin.drivers.dreambox.DreamboxDevice;29;1.0;0.8214285714285714
captureplugin.drivers.dreambox.connector.DreamboxChannel;10;1.0;0.8888888888888888
captureplugin.drivers.dreambox.connector.DreamboxConnector;17;0.9375;0.875
captureplugin.drivers.elgatodriver.ElgatoConnection;15;0.9285714285714286;0.8571428571428571
captureplugin.drivers.simpledevice.SimpleChannel;13;1.0;0.8333333333333334
captureplugin.drivers.simpledevice.SimpleConfig;17;1.0;0.875
captureplugin.drivers.simpledevice.SimpleConfigDialog;14;0.9230769230769231;0.7692307692307693
captureplugin.drivers.simpledevice.SimpleDevice;31;1.0;0.8333333333333334
captureplugin.drivers.thetubedriver.TheTubeConnection;12;0.9090909090909091;0.8181818181818182
captureplugin.drivers.topfield.TopfieldChannelTableModel;17;1.0;0.75
captureplugin.drivers.topfield.TopfieldConfiguration;60;1.0;0.7966101694915254
captureplugin.drivers.topfield.TopfieldConfigurationDialog;124;1.0;0.6991869918699187
captureplugin.drivers.topfield.TopfieldDevice;54;1.0;0.7924528301886793
captureplugin.drivers.topfield.TopfieldServiceInfo;31;1.0;0.7
captureplugin.drivers.topfield.TopfieldTimerEntry;14;1.0;0.8461538461538461
captureplugin.drivers.topfield.connector.TopfieldConnector;30;1.0;0.8275862068965517
captureplugin.drivers.utils.ProgramTime;28;1.0;0.8518518518518519
captureplugin.drivers.utils.ProgramTimeDialog;12;1.0;0.9090909090909091
captureplugin.tabs.DevicePanel;13;0.9166666666666666;0.8333333333333334
captureplugin.tabs.DeviceTableModel;11;1.0;0.8
captureplugin.tabs.ProgramListPanel;10;1.0;0.8888888888888888
captureplugin.utils.ConfigTableModel;12;1.0;0.8181818181818182
clipboardplugin.ClipboardPlugin;28;1.0;0.8518518518518519
devplugin.AbstractTvDataService;33;0.96875;0.9375
devplugin.ActionMenu;20;1.0;0.8421052631578947
devplugin.Channel;88;1.0;0.7471264367816092
devplugin.ChannelGroupImpl;11;1.0;0.9
devplugin.ContextMenuSeparatorAction;11;1.0;0.8
devplugin.Date;45;1.0;0.7727272727272727
devplugin.Plugin;65;0.984375;0.90625
devplugin.PluginInfo;19;1.0;0.8333333333333334
devplugin.PluginTreeNode;65;0.96875;0.8125
devplugin.PluginsFilterComponent;10;1.0;0.8888888888888888
devplugin.ProgramFieldType;72;1.0;0.8028169014084507
devplugin.ProgramInfoHelper;12;1.0;0.8181818181818182
devplugin.ProgramItem;16;1.0;0.8
devplugin.ProgramReceiveTarget;21;0.95;0.8
devplugin.SettingsItem;20;1.0;1.0
devplugin.ThemeIcon;10;1.0;0.8888888888888888
devplugin.Version;19;0.9444444444444444;0.7777777777777778
dreamboxdataservice.DreamboxChannelHandler;12;1.0;0.8181818181818182
dreamboxdataservice.DreamboxDataService;24;1.0;0.8695652173913043
dreamboxdataservice.DreamboxSettingsPanel;13;1.0;0.8333333333333334
emailplugin.EMailPlugin;28;0.9629629629629629;0.8518518518518519
emailplugin.EMailSettings;13;1.0;0.8333333333333334
emailplugin.EMailSettingsTab;18;1.0;0.8235294117647058
emailplugin.MailCreator;12;1.0;0.9090909090909091
genreplugin.GenrePlugin;33;0.96875;0.8125
genreplugin.GenreSettings;11;1.0;0.8
genreplugin.GenreSettingsTab;15;1.0;0.7857142857142857
growlplugin.GrowlContainer;11;1.0;0.8
growlplugin.GrowlPlugin;20;1.0;0.7894736842105263
i18nplugin.AbstractHierarchicalNode;14;1.0;0.8461538461538461
i18nplugin.I18NPlugin;15;1.0;0.8571428571428571
i18nplugin.PropertiesEntryNode;14;1.0;0.7692307692307693
i18nplugin.PropertiesNode;18;1.0;0.8823529411764706
i18nplugin.TranslationDialog;22;1.0;0.8095238095238095
i18nplugin.TranslatorEditor;16;1.0;0.8666666666666667
knotifyplugin.KNotifyPlugin;20;1.0;0.8421052631578947
knotifyplugin.KNotifySettingsTab;10;1.0;0.8888888888888888
listviewplugin.ListTableModel;14;1.0;0.9230769230769231
listviewplugin.ListViewDialog;35;0.9705882352941176;0.7941176470588235
listviewplugin.ListViewPlugin;19;0.9444444444444444;0.7777777777777778
newsplugin.News;15;1.0;0.7142857142857143
newsplugin.NewsDialog;16;1.0;0.8
newsplugin.NewsPlugin;22;0.9523809523809523;0.7619047619047619
primarydatamanager.PDSRunner;14;0.9230769230769231;0.7692307692307693
primarydatamanager.PrimaryDataManager;26;0.96;0.8
primarydatamanager.RawDataProcessor;22;1.0;0.8571428571428571
primarydatamanager.mirrorupdater.MirrorUpdater;22;0.9523809523809523;0.7619047619047619
primarydatamanager.mirrorupdater.config.PropertiesConfiguration;13;1.0;0.8333333333333334
primarydatamanager.mirrorupdater.data.FtpDataTarget;14;1.0;0.7692307692307693
primarydatamanager.primarydataservice.AbstractPrimaryDataService;19;0.9444444444444444;0.7777777777777778
primarydatamanager.primarydataservice.Entry;12;0.9090909090909091;0.8181818181818182
primarydatamanager.primarydataservice.HTMLFilterReader;15;1.0;0.7857142857142857
primarydatamanager.primarydataservice.MeasuringInputStream;13;1.0;0.9166666666666666
primarydatamanager.primarydataservice.ProgramFrameDispatcher;15;1.0;0.7142857142857143
primarydatamanager.primarydataservice.util.RtfFilterReader;15;0.9285714285714286;0.7857142857142857
primarydatamanager.primarydataservice.util.html2txt.Html2TxtConverter;14;1.0;0.7692307692307693
primarydatamanager.primarydataservice.util.html2txt.TagReader;20;0.9473684210526315;0.7894736842105263
primarydatamanager.primarydataservice.util.htmlparser.HTMLParser;12;1.0;0.8181818181818182
primarydatamanager.primarydataservice.util.htmlparser.Tag;27;1.0;0.8461538461538461
primarydatamanager.primarydataservice.util.httpsession.HttpSession;13;1.0;0.8333333333333334
primarydatamanager.tvlistingstool.HtmlMirrorVisualizer;16;0.9333333333333333;0.8
printplugin.PrintPlugin;38;1.0;0.8378378378378378
printplugin.dlgs.MainPrintDialog;11;1.0;0.8
printplugin.dlgs.PreviewDlg;32;0.9354838709677419;0.7741935483870968
printplugin.dlgs.SettingsDialog;15;1.0;0.7142857142857143
printplugin.dlgs.components.FontsDialog;13;1.0;0.75
printplugin.dlgs.components.ProgramItemFieldsConfigDlg;10;0.8888888888888888;0.7777777777777778
printplugin.dlgs.components.ProgramPreviewPanel;16;1.0;0.8
printplugin.dlgs.printdayprogramsdialog.LayoutTab;11;1.0;0.8
printplugin.dlgs.printdayprogramsdialog.ListingsTab;15;1.0;0.7857142857142857
printplugin.dlgs.printdayprogramsdialog.PrintDayProgramsDialogContent;13;1.0;0.75
printplugin.dlgs.printfromqueuedialog.GeneralTab;10;1.0;1.0
printplugin.dlgs.printfromqueuedialog.PrintFromQueueDialogContent;14;1.0;0.7692307692307693
printplugin.printer.AbstractPrintJob;10;1.0;0.7777777777777778
printplugin.printer.ProgramIcon;25;0.9166666666666666;0.75
printplugin.printer.ProgramItem;13;1.0;0.8333333333333334
printplugin.printer.dayprogramprinter.ProgramTableIcon;30;0.9655172413793104;0.7241379310344828
printplugin.printer.singleprogramprinter.DocumentRenderer;18;1.0;0.8235294117647058
printplugin.settings.DayProgramPrinterSettings;22;1.0;0.8095238095238095
printplugin.settings.MutableProgramIconSettings;24;1.0;0.8695652173913043
printplugin.settings.PrinterProgramIconSettings;17;1.0;0.8125
printplugin.settings.ProgramInfoPrintSettings;19;0.9444444444444444;0.7777777777777778
printplugin.settings.Scheme;10;1.0;0.8888888888888888
programlistplugin.ProgramListPlugin;31;0.9666666666666667;0.8
programlistplugin.ProgramListSettings;10;1.0;0.8888888888888888
radiotimesdataservice.RadioTimesDataService;21;1.0;0.85
radiotimesdataservice.RadioTimesFileParser;35;0.9705882352941176;0.8235294117647058
schedulesdirectdataservice.SchedulesDirectDataService;29;0.9642857142857143;0.8214285714285714
schedulesdirectdataservice.SchedulesDirectSettingsPanel;11;1.0;0.9
simplemarkerplugin.ManagePanel;19;1.0;0.8333333333333334
simplemarkerplugin.MarkList;41;1.0;0.825
simplemarkerplugin.MarkListsVector;10;1.0;1.0
simplemarkerplugin.SimpleMarkerPlugin;53;1.0;0.8846153846153846
simplemarkerplugin.SimpleMarkerPluginSettingsTab;22;1.0;0.8571428571428571
simplemarkerplugin.SimpleMarkerSettings;19;1.0;0.8888888888888888
simplemarkerplugin.table.MarkListTableModel;11;1.0;0.8
swedbtvdataservice.DataHydraChannelContainer;19;1.0;0.8333333333333334
swedbtvdataservice.DataHydraChannelGroup;14;1.0;0.8461538461538461
swedbtvdataservice.DataHydraChannelParser;16;0.9333333333333333;0.8
swedbtvdataservice.DataHydraDayParser;23;1.0;0.8181818181818182
swedbtvdataservice.SweDBTvDataService;38;0.972972972972973;0.7837837837837838
tvbrowser.TVBrowser;59;0.9827586206896551;0.7931034482758621
tvbrowser.core.ChannelList;60;1.0;0.847457627118644
tvbrowser.core.ChannelUserSettings;25;0.9166666666666666;0.8333333333333334
tvbrowser.core.PluginLoader;33;1.0;0.78125
tvbrowser.core.Settings;248;0.9878542510121457;0.9473684210526315
tvbrowser.core.TvDataBase;50;1.0;0.8571428571428571
tvbrowser.core.TvDataInventory;12;1.0;0.8181818181818182
tvbrowser.core.TvDataUpdater;22;1.0;0.8571428571428571
tvbrowser.core.contextmenu.ContextMenuManager;21;1.0;0.85
tvbrowser.core.data.OnDemandDayProgramFile;20;1.0;0.7894736842105263
tvbrowser.core.filters.FilterComponentList;14;1.0;0.9230769230769231
tvbrowser.core.filters.FilterList;23;0.9545454545454546;0.8181818181818182
tvbrowser.core.filters.FilterManagerImpl;11;1.0;0.9
tvbrowser.core.filters.Token;60;0.8813559322033898;0.7457627118644068
tvbrowser.core.filters.filtercomponents.AgeLimitFilterComponent;12;0.9090909090909091;0.8181818181818182
tvbrowser.core.filters.filtercomponents.BeanShellFilterComponent;15;1.0;0.8571428571428571
tvbrowser.core.filters.filtercomponents.ChannelFilterComponent;13;1.0;0.75
tvbrowser.core.filters.filtercomponents.DateFilterComponent;14;1.0;0.8461538461538461
tvbrowser.core.filters.filtercomponents.DayFilterComponent;13;1.0;0.75
tvbrowser.core.filters.filtercomponents.FavoritesFilterComponent;10;1.0;0.8888888888888888
tvbrowser.core.filters.filtercomponents.KeywordFilterComponent;15;1.0;0.7857142857142857
tvbrowser.core.filters.filtercomponents.MassFilterComponent;17;1.0;0.8125
tvbrowser.core.filters.filtercomponents.PluginFilterComponent;13;1.0;0.9166666666666666
tvbrowser.core.filters.filtercomponents.PluginIconFilterComponent;12;1.0;0.8181818181818182
tvbrowser.core.filters.filtercomponents.ProgramInfoFilterComponent;13;0.8333333333333334;0.8333333333333334
tvbrowser.core.filters.filtercomponents.ProgramLengthFilterComponent;18;0.9411764705882353;0.7647058823529411
tvbrowser.core.filters.filtercomponents.ProgramMarkingPriorityFilterComponent;12;1.0;0.8181818181818182
tvbrowser.core.filters.filtercomponents.ProgramRunningFilterComponent;16;0.8666666666666667;0.7333333333333333
tvbrowser.core.filters.filtercomponents.ProgramTypeFilterComponent;13;1.0;0.75
tvbrowser.core.filters.filtercomponents.ReminderFilterComponent;10;1.0;0.8888888888888888
tvbrowser.core.filters.filtercomponents.SingleTitleFilterComponent;13;0.9166666666666666;0.8333333333333334
tvbrowser.core.filters.filtercomponents.TimeFilterComponent;16;1.0;0.8
tvbrowser.core.icontheme.Directory;22;1.0;0.8571428571428571
tvbrowser.core.icontheme.IconLoader;18;1.0;0.8235294117647058
tvbrowser.core.icontheme.IconTheme;19;0.9444444444444444;0.8888888888888888
tvbrowser.core.plugin.AbstractPluginProxy;75;1.0;0.9594594594594594
tvbrowser.core.plugin.ActionProxy;10;1.0;0.7777777777777778
tvbrowser.core.plugin.BeanShellPluginProxy;41;1.0;0.925
tvbrowser.core.plugin.JavaPluginProxy;48;1.0;0.8936170212765957
tvbrowser.core.plugin.PluginManagerImpl;51;0.98;0.9
tvbrowser.core.plugin.PluginProxyManager;61;1.0;0.8166666666666667
tvbrowser.core.plugin.programformating.GlobalPluginProgramFormating;15;1.0;0.8571428571428571
tvbrowser.core.plugin.programformating.GlobalPluginProgramFormatingManager;12;1.0;0.8181818181818182
tvbrowser.core.search.booleansearch.BooleanSearcher;10;0.8888888888888888;0.8888888888888888
tvbrowser.core.search.booleansearch.StringMatcherRegEx;10;1.0;0.7777777777777778
tvbrowser.core.tvdataservice.ChannelGroupManager;16;1.0;0.8
tvbrowser.core.tvdataservice.DefaultTvDataServiceProxy;26;1.0;0.92
tvbrowser.core.tvdataservice.TvDataServiceProxyManager;19;1.0;0.8333333333333334
tvbrowser.extras.common.ChannelItem;13;1.0;0.75
tvbrowser.extras.common.LimitationConfiguration;30;1.0;0.7586206896551724
tvbrowser.extras.common.ReminderConfiguration;11;1.0;0.8
tvbrowser.extras.favoritesplugin.ContextMenuProvider;14;1.0;0.9230769230769231
tvbrowser.extras.favoritesplugin.FavoritesPlugin;81;0.9625;0.8125
tvbrowser.extras.favoritesplugin.FavoritesPluginProxy;26;1.0;0.84
tvbrowser.extras.favoritesplugin.FavoritesSettingTab;11;1.0;0.8
tvbrowser.extras.favoritesplugin.core.ActorsFavorite;12;1.0;0.8181818181818182
tvbrowser.extras.favoritesplugin.core.AdvancedFavorite;17;1.0;0.8125
tvbrowser.extras.favoritesplugin.core.Exclusion;23;1.0;0.7272727272727273
tvbrowser.extras.favoritesplugin.core.Favorite;68;1.0;0.8507462686567164
tvbrowser.extras.favoritesplugin.dlgs.EditFavoriteDialog;35;1.0;0.7941176470588235
tvbrowser.extras.favoritesplugin.dlgs.ExclusionPanel;13;1.0;0.75
tvbrowser.extras.favoritesplugin.dlgs.FavoriteNode;14;1.0;0.8461538461538461
tvbrowser.extras.favoritesplugin.dlgs.FavoriteTree;34;0.9696969696969697;0.8484848484848485
tvbrowser.extras.favoritesplugin.dlgs.FavoriteTreeModel;32;1.0;0.9032258064516129
tvbrowser.extras.favoritesplugin.dlgs.ManageFavoritesDialog;38;0.972972972972973;0.8108108108108109
tvbrowser.extras.favoritesplugin.wizards.ExcludeWizardStep;43;1.0;0.8095238095238095
tvbrowser.extras.favoritesplugin.wizards.FinishWizardStep;10;1.0;0.8888888888888888
tvbrowser.extras.favoritesplugin.wizards.LimitationsWizardStep;20;1.0;0.8421052631578947
tvbrowser.extras.favoritesplugin.wizards.NotificationWizardStep;13;1.0;0.75
tvbrowser.extras.favoritesplugin.wizards.RenameWizardStep;11;1.0;0.8
tvbrowser.extras.favoritesplugin.wizards.TypeWizardStep;28;1.0;0.7777777777777778
tvbrowser.extras.favoritesplugin.wizards.WizardDlg;27;1.0;0.8076923076923077
tvbrowser.extras.favoritesplugin.wizards.WizardHandler;14;1.0;0.8461538461538461
tvbrowser.extras.programinfo.ProgramInfo;38;0.9459459459459459;0.7837837837837838
tvbrowser.extras.programinfo.ProgramInfoDialog;36;0.9714285714285714;0.7714285714285715
tvbrowser.extras.programinfo.ProgramInfoProxy;12;1.0;0.9090909090909091
tvbrowser.extras.programinfo.ProgramInfoSettings;88;1.0;0.7931034482758621
tvbrowser.extras.programinfo.ProgramInfoSettingsTab;29;1.0;0.8928571428571429
tvbrowser.extras.reminderplugin.ReminderDialog;16;1.0;0.7333333333333333
tvbrowser.extras.reminderplugin.ReminderFrame;27;1.0;0.7307692307692307
tvbrowser.extras.reminderplugin.ReminderList;33;1.0;0.875
tvbrowser.extras.reminderplugin.ReminderListDialog;17;0.9375;0.75
tvbrowser.extras.reminderplugin.ReminderListItem;20;1.0;0.7894736842105263
tvbrowser.extras.reminderplugin.ReminderPlugin;53;0.9615384615384616;0.8269230769230769
tvbrowser.extras.reminderplugin.ReminderPluginProxy;24;1.0;0.8695652173913043
tvbrowser.extras.reminderplugin.ReminderSettingsTab;26;1.0;0.8
tvbrowser.extras.reminderplugin.ReminderTableModel;17;1.0;0.8125
tvbrowser.extras.searchplugin.RepetitionDialog;10;1.0;0.7777777777777778
tvbrowser.extras.searchplugin.SearchDialog;11;1.0;0.8
tvbrowser.extras.searchplugin.SearchPlugin;25;0.9583333333333334;0.7916666666666666
tvbrowser.extras.searchplugin.SearchPluginProxy;13;1.0;0.9166666666666666
tvbrowser.ui.SkinPanel;15;0.9285714285714286;0.7857142857142857
tvbrowser.ui.configassistant.AbstractCardPanel;13;1.0;0.9166666666666666
tvbrowser.ui.configassistant.ConfigAssistant;13;0.9166666666666666;0.8333333333333334
tvbrowser.ui.configassistant.NetworkCardPanel;18;1.0;0.8235294117647058
tvbrowser.ui.configassistant.TvBrowserPictureSettingsUpdateDialog;10;1.0;0.7777777777777778
tvbrowser.ui.filter.dlgs.EditFilterComponentDlg;18;1.0;0.7647058823529411
tvbrowser.ui.filter.dlgs.EditFilterDlg;20;1.0;0.7368421052631579
tvbrowser.ui.filter.dlgs.SelectFilterDlg;13;1.0;0.8333333333333334
tvbrowser.ui.finder.AbstractDateSelector;20;1.0;0.8947368421052632
tvbrowser.ui.finder.FinderItem;16;0.9333333333333333;0.8666666666666667
tvbrowser.ui.finder.FinderItemRenderer;26;0.96;0.76
tvbrowser.ui.finder.calendar.CalendarTableModel;13;1.0;0.8333333333333334
tvbrowser.ui.finder.calendar.CalendarTablePanel;11;1.0;0.8
tvbrowser.ui.licensebox.LicenseBox;10;0.8888888888888888;0.8888888888888888
tvbrowser.ui.mainframe.ChannelChooserPanel;11;1.0;0.9
tvbrowser.ui.mainframe.MainFrame;154;0.9803921568627451;0.8235294117647058
tvbrowser.ui.mainframe.MenuBar;50;1.0;0.8571428571428571
tvbrowser.ui.mainframe.SoftwareUpdater;10;1.0;0.8888888888888888
tvbrowser.ui.mainframe.TimeChooserPanel;13;1.0;0.8333333333333334
tvbrowser.ui.mainframe.UpdateDlg;21;0.95;0.75
tvbrowser.ui.mainframe.actions.TVBrowserAction;16;0.9333333333333333;0.8666666666666667
tvbrowser.ui.mainframe.actions.TVBrowserActions;30;1.0;0.9655172413793104
tvbrowser.ui.mainframe.searchfield.SearchField;17;0.9375;0.8125
tvbrowser.ui.mainframe.searchfield.SearchFilter;13;1.0;0.8333333333333334
tvbrowser.ui.mainframe.toolbar.ContextMenu;10;1.0;0.7777777777777778
tvbrowser.ui.mainframe.toolbar.DefaultToolBarModel;33;0.96875;0.875
tvbrowser.ui.mainframe.toolbar.ToolBar;47;1.0;0.7608695652173914
tvbrowser.ui.pluginview.Node;35;0.9705882352941176;0.7352941176470589
tvbrowser.ui.pluginview.PluginTree;31;0.9666666666666667;0.8333333333333334
tvbrowser.ui.pluginview.PluginTreeModel;14;1.0;0.8461538461538461
tvbrowser.ui.pluginview.PluginView;16;1.0;0.9333333333333333
tvbrowser.ui.pluginview.contextmenu.AbstractContextMenu;10;1.0;0.8888888888888888
tvbrowser.ui.pluginview.contextmenu.PluginContextMenu;11;1.0;0.8
tvbrowser.ui.programtable.DefaultProgramTableModel;44;1.0;0.8372093023255814
tvbrowser.ui.programtable.KeyboardAction;14;1.0;0.8461538461538461
tvbrowser.ui.programtable.ProgramTable;93;1.0;0.8369565217391305
tvbrowser.ui.programtable.ProgramTableScrollPane;37;1.0;0.8888888888888888
tvbrowser.ui.programtable.background.TimeBlockBackPainter;13;1.0;0.75
tvbrowser.ui.settings.BlockedPlugin;14;1.0;0.8461538461538461
tvbrowser.ui.settings.BlockedPluginArrayProperty;14;1.0;0.8461538461538461
tvbrowser.ui.settings.ChannelIconAndNameSettingsTab;12;1.0;0.8181818181818182
tvbrowser.ui.settings.ChannelsSettingsTab;44;0.9767441860465116;0.7906976744186046
tvbrowser.ui.settings.ConfigPluginSettingsTab;14;1.0;0.7692307692307693
tvbrowser.ui.settings.ContextmenuSettingsTab;10;0.8888888888888888;0.8888888888888888
tvbrowser.ui.settings.DirectoriesSettingsTab;10;1.0;0.7777777777777778
tvbrowser.ui.settings.FontsSettingsTab;13;1.0;0.75
tvbrowser.ui.settings.LocaleSettingsTab;16;0.9333333333333333;0.8
tvbrowser.ui.settings.LookAndFeelSettingsTab;23;1.0;0.8181818181818182
tvbrowser.ui.settings.MausSettingsTab;11;0.9;0.8
tvbrowser.ui.settings.PictureSettingsTab;21;1.0;0.8
tvbrowser.ui.settings.PluginInfoPanel;11;1.0;0.8
tvbrowser.ui.settings.PluginSettingsTab;27;1.0;0.8461538461538461
tvbrowser.ui.settings.PluginTableCellRenderer;13;0.8333333333333334;0.8333333333333334
tvbrowser.ui.settings.ProgramPanelSettingsTab;18;1.0;0.8235294117647058
tvbrowser.ui.settings.ProgramTableSettingsTab;29;1.0;0.8571428571428571
tvbrowser.ui.settings.SettingsDialog;29;0.9642857142857143;0.8571428571428571
tvbrowser.ui.settings.StartupSettingsTab;28;0.9629629629629629;0.8148148148148148
tvbrowser.ui.settings.ToolBarDragAndDropSettings;38;0.972972972972973;0.8378378378378378
tvbrowser.ui.settings.TrayBaseSettingsTab;10;0.8888888888888888;0.7777777777777778
tvbrowser.ui.settings.TrayImportantSettingsTab;17;0.9375;0.75
tvbrowser.ui.settings.TrayNowSettingsTab;14;0.8461538461538461;0.7692307692307693
tvbrowser.ui.settings.TrayOnTimeSettingsTab;17;0.8125;0.8125
tvbrowser.ui.settings.TrayProgramsChannelsSettingsTab;20;0.8947368421052632;0.7894736842105263
tvbrowser.ui.settings.TraySoonSettingsTab;13;0.8333333333333334;0.75
tvbrowser.ui.settings.WebbrowserSettingsTab;12;1.0;0.8181818181818182
tvbrowser.ui.settings.channel.AvailableChannelsTableModel;10;1.0;0.8888888888888888
tvbrowser.ui.settings.channel.ChannelConfigDlg;21;1.0;0.8
tvbrowser.ui.settings.channel.ChannelFilter;11;1.0;0.7
tvbrowser.ui.settings.channel.MultiChannelConfigDlg;10;1.0;0.8888888888888888
tvbrowser.ui.settings.tablebackgroundstyles.DayTimeBackgroundStyle;10;1.0;0.7777777777777778
tvbrowser.ui.settings.tablebackgroundstyles.SingleImageBackgroundStyle;10;1.0;0.7777777777777778
tvbrowser.ui.settings.tablebackgroundstyles.TimeBlockBackgroundStyle;15;1.0;0.7857142857142857
tvbrowser.ui.splashscreen.SplashScreen;19;1.0;0.8333333333333334
tvbrowser.ui.tray.Java6Tray;19;0.9444444444444444;0.7777777777777778
tvbrowser.ui.tray.ProgramMenuItem;34;0.9393939393939394;0.7575757575757576
tvbrowser.ui.tray.SystemTray;39;0.9473684210526315;0.8157894736842105
tvbrowser.ui.update.SoftwareUpdateDlg;17;1.0;0.75
tvbrowser.ui.update.SoftwareUpdateItem;22;1.0;0.9523809523809523
tvbrowserdataservice.TvBrowserDataService;54;0.9622641509433962;0.7924528301886793
tvbrowserdataservice.TvBrowserDataServiceChannelGroup;35;0.9705882352941176;0.8235294117647058
tvbrowserdataservice.TvBrowserDataServiceSettings;14;0.9230769230769231;0.8461538461538461
tvbrowserdataservice.TvBrowserDataServiceSettingsPanel;19;0.9444444444444444;0.8333333333333334
tvbrowserdataservice.TvDataBaseUpdater;10;1.0;0.7777777777777778
tvbrowserdataservice.file.ChannelList;16;1.0;0.8
tvbrowserdataservice.file.DayProgramFile;44;0.9767441860465116;0.8372093023255814
tvbrowserdataservice.file.ProgramField;36;0.9714285714285714;0.8285714285714286
tvbrowserdataservice.file.ProgramFrame;19;1.0;0.8888888888888888
tvbrowserdataservice.file.SummaryFile;15;1.0;0.8571428571428571
tvdataservice.MarkedProgramsList;15;1.0;0.8571428571428571
tvdataservice.MutableChannelDayProgram;20;1.0;0.8421052631578947
tvdataservice.MutableProgram;86;0.9882352941176471;0.8352941176470589
tvraterplugin.Database;16;1.0;0.9333333333333333
tvraterplugin.DialogOverview;13;1.0;0.9166666666666666
tvraterplugin.DialogRating;20;1.0;0.7368421052631579
tvraterplugin.Rating;51;0.96;0.76
tvraterplugin.TVRaterFilter;12;1.0;0.9090909090909091
tvraterplugin.TVRaterFilterAllCategories;23;0.9545454545454546;0.7727272727272727
tvraterplugin.TVRaterPlugin;52;0.9607843137254902;0.8431372549019608
tvraterplugin.TVRaterSettings;17;1.0;0.8125
tvraterplugin.TVRaterSettingsTab;11;1.0;0.7
tvraterplugin.Updater;19;1.0;0.8333333333333334
util.browserlauncher.BrowserLauncher;48;1.0;0.8723404255319149
util.exc.ErrorHandler;13;1.0;0.9166666666666666
util.exc.ErrorWindow;21;1.0;0.85
util.exc.MonitoringErrorStream;11;1.0;0.7
util.exc.TvBrowserException;16;1.0;0.8
util.io.BufferedRandomAccessFile;14;0.9230769230769231;0.7692307692307693
util.io.CheckNetworkConnection;10;0.8888888888888888;0.7777777777777778
util.io.DownloadManager;13;1.0;0.8333333333333334
util.io.ExecutionHandler;23;1.0;0.7727272727272727
util.io.IOUtilities;38;1.0;0.9459459459459459
util.io.Mirror;29;0.9642857142857143;0.7857142857142857
util.io.NtpMessage;22;1.0;0.8571428571428571
util.io.stream.StreamUtilities;24;;
util.misc.AbstractXmlTvDataHandler;36;1.0;0.7428571428571429
util.misc.HashCodeUtilities;18;0.9411764705882353;0.9411764705882353
util.misc.JavaVersion;10;1.0;1.0
util.misc.TextLineBreakerStringWidth;24;0.9565217391304348;0.782608695652174
util.paramhandler.ParamCheckDialog;12;1.0;0.8181818181818182
util.paramhandler.ParamInputField;12;1.0;0.8181818181818182
util.paramhandler.ParamLibrary;20;1.0;0.8947368421052632
util.paramhandler.ParamParser;16;1.0;0.8
util.program.AbstractPluginProgramFormating;22;1.0;0.9047619047619048
util.program.CompoundedProgramFieldType;13;1.0;0.8333333333333334
util.program.ProgramTextCreator;25;1.0;0.9166666666666666
util.program.ProgramUtilities;15;0.9285714285714286;0.9285714285714286
util.settings.ChoiceProperty;10;1.0;0.8888888888888888
util.settings.PluginPictureSettings;11;1.0;0.8
util.settings.ProgramPanelSettings;43;1.0;0.7142857142857143
util.settings.Property;11;1.0;0.9
util.settings.PropertyBasedSettings;16;1.0;0.9333333333333333
util.settings.PropertyManager;15;1.0;0.8571428571428571
util.settings.StringArrayProperty;15;1.0;0.9285714285714286
util.settings.StringProperty;11;1.0;0.8
util.settings.WindowSetting;11;1.0;0.8
util.tvdataservice.IconLoader;14;0.9230769230769231;0.6923076923076923
util.ui.AlphaColorChooser;21;1.0;0.7
util.ui.AutoCompletion;19;1.0;0.7777777777777778
util.ui.CaretPositionCorrector;14;1.0;0.8461538461538461
util.ui.ChannelChooserDlg;16;0.9333333333333333;0.7333333333333333
util.ui.ChannelContextMenu;14;1.0;0.8461538461538461
util.ui.ChannelLabel;25;1.0;0.7916666666666666
util.ui.ChannelListCellRenderer;16;1.0;0.8
util.ui.ColorButton;11;1.0;0.8
util.ui.CreditsScrollerPanel;10;1.0;0.8888888888888888
util.ui.DefaultMarkingPrioritySelectionPanel;18;1.0;0.7058823529411765
util.ui.DisclosureTriangle;20;0.9473684210526315;0.8421052631578947
util.ui.ExecuteSettingsDialog;20;1.0;0.7368421052631579
util.ui.FileCheckBox;18;1.0;0.8235294117647058
util.ui.FontChooserPanel;17;0.9375;0.75
util.ui.GridFlowLayout;12;1.0;0.8181818181818182
util.ui.HelpDialog;22;1.0;0.7619047619047619
util.ui.LineNumberHeader;13;1.0;0.9166666666666666
util.ui.LinkButton;10;1.0;0.8888888888888888
util.ui.ListDragAndDropHandler;16;1.0;0.8
util.ui.LocalPluginProgramFormatingSettingsDialog;14;0.9230769230769231;0.8461538461538461
util.ui.Localizer;65;0.984375;0.78125
util.ui.MarkerChooserDlg;11;0.9;0.7
util.ui.MultipleFieldReader;15;1.0;0.7857142857142857
util.ui.OrderChooser;35;1.0;0.7647058823529411
util.ui.OverlayListener;11;0.9;0.8
util.ui.PictureAreaIcon;14;1.0;0.8461538461538461
util.ui.PluginChooserDlg;21;0.95;0.8
util.ui.PluginProgramConfigurationPanel;10;1.0;0.7777777777777778
util.ui.ProgramList;30;0.9655172413793104;0.8275862068965517
util.ui.ProgramListCellRenderer;10;1.0;0.7777777777777778
util.ui.ProgramPanel;83;0.9878048780487805;0.7195121951219512
util.ui.ScrollableMenu;43;0.9761904761904762;0.8333333333333334
util.ui.SearchForm;41;1.0;0.725
util.ui.SearchFormSettings;32;1.0;0.7419354838709677
util.ui.SearchHelper;16;1.0;0.8
util.ui.SendToPluginDialog;15;1.0;0.7857142857142857
util.ui.SingleAndDoubleClickTreeUI;16;1.0;0.8666666666666667
util.ui.TVBrowserIcons;32;1.0;0.967741935483871
util.ui.TabLayout;14;1.0;0.8461538461538461
util.ui.TextAreaIcon;18;1.0;0.7647058823529411
util.ui.TimePeriodChooser;16;1.0;0.7333333333333333
util.ui.UiUtilities;30;1.0;0.9310344827586207
util.ui.beanshell.SyntaxDocument;33;1.0;0.84375
util.ui.customizableitems.CustomizableItemsPanel;37;1.0;0.9166666666666666
util.ui.customizableitems.SelectableItemList;34;1.0;0.7878787878787878
util.ui.customizableitems.SortableItemList;32;0.967741935483871;0.7741935483870968
util.ui.findasyoutype.FindAction;39;0.9736842105263158;0.8157894736842105
util.ui.findasyoutype.TextComponentFindAction;24;1.0;0.8695652173913043
util.ui.login.LoginDialog;15;1.0;0.8571428571428571
util.ui.progress.ProgressInputStream;10;1.0;0.7777777777777778
util.ui.progress.ProgressMonitorGroup;10;1.0;0.8888888888888888
util.ui.table.TableSorter;43;0.9761904761904762;0.7857142857142857
util.ui.view.Node;19;1.0;0.8333333333333334
util.ui.view.SplitViewProperty;17;1.0;0.8125
webplugin.WebAddress;25;1.0;0.7916666666666666
webplugin.WebAddressEditDialog;12;1.0;0.8181818181818182
webplugin.WebPlugin;39;0.9736842105263158;0.7631578947368421
webplugin.WebSettingsTab;30;1.0;0.7931034482758621
