file;entities;metric;metric_random
wicket.AccessStackPageMap;16;1.0;0.8666666666666667
wicket.Application;59;0.9827586206896551;0.8103448275862069
wicket.AttributeModifier;22;1.0;0.7142857142857143
wicket.Component;173;0.9941860465116279;0.8313953488372093
wicket.Localizer;12;1.0;0.9090909090909091
wicket.MarkupContainer;49;1.0;0.9166666666666666
wicket.Page;70;1.0;0.8115942028985508
wicket.PageMap;30;0.9655172413793104;0.8620689655172413
wicket.Request;14;1.0;0.9230769230769231
wicket.RequestCycle;68;0.9850746268656716;0.8059701492537313
wicket.RequestListenerInterface;15;0.9285714285714286;0.7857142857142857
wicket.Resource;15;0.9285714285714286;0.7857142857142857
wicket.ResourceReference;20;1.0;0.7894736842105263
wicket.Response;17;1.0;1.0
wicket.Session;76;0.9866666666666667;0.84
wicket.SharedResources;13;0.9166666666666666;0.9166666666666666
wicket.ajax.AbstractDefaultAjaxBehavior;15;1.0;0.9285714285714286
wicket.ajax.AjaxEventBehavior;13;1.0;0.8333333333333334
wicket.ajax.AjaxRequestTarget;24;0.9565217391304348;0.8260869565217391
wicket.behavior.AbstractAjaxBehavior;14;1.0;0.9230769230769231
wicket.behavior.AbstractBehavior;11;1.0;1.0
wicket.behavior.HeaderContributor;14;0.9230769230769231;0.8461538461538461
wicket.feedback.FeedbackMessage;27;1.0;0.7692307692307693
wicket.feedback.FeedbackMessages;24;1.0;0.8695652173913043
wicket.feedback.FeedbackMessagesModel;16;1.0;0.8
wicket.markup.ComponentTag;78;1.0;0.8961038961038961
wicket.markup.ContainerInfo;12;1.0;0.8181818181818182
wicket.markup.Markup;31;1.0;0.8333333333333334
wicket.markup.MarkupCache;19;1.0;0.8333333333333334
wicket.markup.MarkupFragment;19;1.0;0.7777777777777778
wicket.markup.MarkupParser;22;1.0;0.8095238095238095
wicket.markup.MarkupResourceStream;18;1.0;0.8823529411764706
wicket.markup.MarkupStream;35;1.0;0.9411764705882353
wicket.markup.html.PackageResource;20;0.9473684210526315;0.7368421052631579
wicket.markup.html.PackageResourceReference;12;1.0;0.8181818181818182
wicket.markup.html.WebMarkupContainerWithAssociatedMarkup;10;1.0;0.7777777777777778
wicket.markup.html.WebPage;23;1.0;0.7272727272727273
wicket.markup.html.body.BodyTagAttributeModifier;10;1.0;0.7777777777777778
wicket.markup.html.border.Border;15;1.0;0.7857142857142857
wicket.markup.html.form.AbstractChoice;23;1.0;0.7727272727272727
wicket.markup.html.form.AbstractSingleSelectChoice;19;1.0;0.7777777777777778
wicket.markup.html.form.Button;17;1.0;0.8125
wicket.markup.html.form.CheckBox;10;1.0;0.8888888888888888
wicket.markup.html.form.CheckBoxMultipleChoice;17;1.0;0.75
wicket.markup.html.form.CheckGroup;11;1.0;0.9
wicket.markup.html.form.DropDownChoice;15;1.0;0.8571428571428571
wicket.markup.html.form.Form;63;1.0;0.8870967741935484
wicket.markup.html.form.FormComponent;65;0.984375;0.84375
wicket.markup.html.form.ListChoice;20;0.8947368421052632;0.7894736842105263
wicket.markup.html.form.ListMultipleChoice;21;0.95;0.8
wicket.markup.html.form.PasswordTextField;11;1.0;0.8
wicket.markup.html.form.RadioChoice;21;1.0;0.8
wicket.markup.html.form.persistence.CookieValuePersister;14;1.0;1.0
wicket.markup.html.form.persistence.CookieValuePersisterSettings;15;1.0;0.8571428571428571
wicket.markup.html.form.upload.FileUpload;11;1.0;0.9
wicket.markup.html.form.upload.FileUploadField;11;1.0;0.9
wicket.markup.html.form.validation.NumberValidator;10;1.0;1.0
wicket.markup.html.form.validation.PatternValidator;11;1.0;0.8
wicket.markup.html.image.Image;18;1.0;0.8235294117647058
wicket.markup.html.image.resource.DefaultButtonImageResource;27;0.9615384615384616;0.7692307692307693
wicket.markup.html.image.resource.DynamicImageResource;12;1.0;0.8181818181818182
wicket.markup.html.image.resource.LocalizedImageResource;19;1.0;0.8333333333333334
wicket.markup.html.image.resource.RenderedDynamicImageResource;17;1.0;0.75
wicket.markup.html.include.Include;11;1.0;0.8
wicket.markup.html.internal.HeaderResponse;11;1.0;0.8
wicket.markup.html.internal.HtmlHeaderContainer;10;1.0;0.8888888888888888
wicket.markup.html.link.BookmarkablePageLink;16;1.0;0.8666666666666667
wicket.markup.html.link.ExternalLink;12;1.0;0.7272727272727273
wicket.markup.html.link.InternalFrame;10;1.0;0.7777777777777778
wicket.markup.html.link.Link;29;1.0;0.8214285714285714
wicket.markup.html.link.PopupSettings;30;1.0;0.7586206896551724
wicket.markup.html.link.ResourceLink;10;1.0;0.7777777777777778
wicket.markup.html.list.ListItemModel;10;1.0;0.7777777777777778
wicket.markup.html.list.ListView;25;1.0;0.8333333333333334
wicket.markup.html.list.PageableListView;12;1.0;0.8181818181818182
wicket.markup.html.navigation.paging.PagingNavigation;22;1.0;0.8095238095238095
wicket.markup.html.pages.BrowserInfoPage;10;1.0;0.7777777777777778
wicket.markup.html.panel.FeedbackPanel;21;1.0;0.8
wicket.markup.html.panel.Fragment;14;1.0;0.7692307692307693
wicket.markup.html.tree.AbstractTree;58;0.9824561403508771;0.8421052631578947
wicket.markup.html.tree.DefaultAbstractTree;25;1.0;0.8333333333333334
wicket.markup.html.tree.DefaultTreeState;18;1.0;0.8823529411764706
wicket.markup.html.tree.table.AbstractColumn;10;1.0;0.7777777777777778
wicket.markup.html.tree.table.AbstractRenderableColumn;10;1.0;0.8888888888888888
wicket.markup.html.tree.table.PropertyRenderableColumn;11;1.0;0.8
wicket.markup.html.tree.table.PropertyTreeColumn;10;1.0;0.8888888888888888
wicket.markup.html.tree.table.SideColumnsView;12;1.0;0.8181818181818182
wicket.markup.html.tree.table.TreeTable;13;0.9166666666666666;0.8333333333333334
wicket.markup.loader.InheritedMarkupMarkupLoader;11;1.0;0.9
wicket.markup.parser.XmlPullParser;22;1.0;0.8571428571428571
wicket.markup.parser.XmlTag;49;1.0;0.8333333333333334
wicket.markup.transformer.AbstractOutputTransformerContainer;11;1.0;0.9
wicket.model.AbstractDetachableAssignmentAwareModel;16;1.0;0.9333333333333333
wicket.model.AbstractDetachableInheritableModel;16;1.0;0.9333333333333333
wicket.model.AbstractDetachableModel;15;1.0;0.9285714285714286
wicket.model.AbstractPropertyAssignmentAwareModel;11;1.0;0.9
wicket.model.AbstractPropertyInheritableModel;11;1.0;1.0
wicket.model.BoundCompoundPropertyModel;11;1.0;0.9
wicket.model.LoadableDetachableModel;12;1.0;0.8181818181818182
wicket.model.Model;11;1.0;0.8
wicket.model.StringResourceModel;22;1.0;0.7142857142857143
wicket.protocol.http.AbstractHttpSessionStore;14;1.0;0.8461538461538461
wicket.protocol.http.BufferedHttpServletResponse;53;1.0;0.8846153846153846
wicket.protocol.http.BufferedWebResponse;10;1.0;0.7777777777777778
wicket.protocol.http.ClientPageSavingSessionStore;10;1.0;1.0
wicket.protocol.http.ClientProperties;48;1.0;0.851063829787234
wicket.protocol.http.MockHttpServletRequest;79;1.0;0.8846153846153846
wicket.protocol.http.MockHttpServletResponse;60;1.0;0.847457627118644
wicket.protocol.http.MockHttpSession;25;1.0;0.7916666666666666
wicket.protocol.http.MockServletContext;33;1.0;0.90625
wicket.protocol.http.MockWebApplication;33;1.0;0.8125
wicket.protocol.http.RequestLogger;19;1.0;0.7777777777777778
wicket.protocol.http.WebApplication;39;0.9736842105263158;0.9473684210526315
wicket.protocol.http.WebRequest;11;;
wicket.protocol.http.WebRequestCycle;12;0.9090909090909091;0.9090909090909091
wicket.protocol.http.WebResponse;25;1.0;0.875
wicket.protocol.http.WebSession;12;1.0;0.8181818181818182
wicket.protocol.http.WicketFilter;19;1.0;0.7777777777777778
wicket.protocol.http.documentvalidation.HtmlDocumentParser;23;1.0;0.7727272727272727
wicket.protocol.http.documentvalidation.HtmlDocumentValidator;15;1.0;0.8571428571428571
wicket.protocol.http.documentvalidation.Tag;13;1.0;0.8333333333333334
wicket.protocol.http.portlet.PortletApplication;24;1.0;0.9130434782608695
wicket.protocol.http.portlet.PortletPage;17;1.0;0.8125
wicket.protocol.http.portlet.PortletRequestCodingStrategy;26;1.0;0.88
wicket.protocol.http.portlet.PortletSessionStore;22;1.0;0.9047619047619048
wicket.protocol.http.portlet.WicketPortletRequest;11;1.0;0.9
wicket.protocol.http.request.AbstractWebRequestCodingStrategy;18;1.0;0.8823529411764706
wicket.protocol.http.request.CryptedUrlWebRequestCodingStrategy;14;1.0;0.8461538461538461
wicket.protocol.http.request.WebClientInfo;12;1.0;0.8181818181818182
wicket.protocol.http.request.WebErrorCodeResponseTarget;12;1.0;0.8181818181818182
wicket.protocol.http.request.WebExternalResourceRequestTarget;10;1.0;0.8888888888888888
wicket.protocol.http.request.WebRequestCodingStrategy;11;0.9;0.8
wicket.protocol.http.servlet.MultipartServletWebRequest;15;1.0;0.8571428571428571
wicket.protocol.http.servlet.ServletWebRequest;15;0.9285714285714286;0.8571428571428571
wicket.request.RequestParameters;35;1.0;0.8235294117647058
wicket.request.compound.CompoundRequestCycleProcessor;18;1.0;0.8235294117647058
wicket.request.target.basic.EmptyRequestTarget;10;1.0;0.8888888888888888
wicket.request.target.component.BookmarkablePageRequestTarget;21;1.0;0.75
wicket.request.target.component.listener.AbstractListenerInterfaceRequestTarget;12;1.0;0.8181818181818182
wicket.request.target.resource.ComponentResourceRequestTarget;10;1.0;0.8888888888888888
wicket.request.target.resource.ResourceStreamRequestTarget;13;1.0;0.9166666666666666
wicket.request.target.resource.SharedResourceRequestTarget;11;1.0;0.9
wicket.resource.PropertiesFactory;12;1.0;0.8181818181818182
wicket.settings.Settings;149;1.0;0.7972972972972973
wicket.util.collections.IntHashMap;47;0.9347826086956522;0.8043478260869565
wicket.util.collections.MicroMap;19;1.0;0.8333333333333334
wicket.util.collections.MiniMap;26;1.0;0.88
wicket.util.convert.ConversionException;19;1.0;0.7777777777777778
wicket.util.convert.converters.DateConverter;10;1.0;0.7777777777777778
wicket.util.crypt.AbstractCrypt;14;1.0;0.9230769230769231
wicket.util.crypt.Base64;24;1.0;0.8260869565217391
wicket.util.crypt.Base64UrlSafe;19;1.0;0.8333333333333334
wicket.util.diff.Chunk;25;1.0;0.8333333333333334
wicket.util.diff.Delta;16;0.8666666666666667;0.8
wicket.util.diff.Diff;19;1.0;0.8333333333333334
wicket.util.diff.Revision;14;1.0;0.9230769230769231
wicket.util.file.File;11;1.0;0.9
wicket.util.file.Folder;14;1.0;0.8461538461538461
wicket.util.file.Path;10;1.0;0.7777777777777778
wicket.util.io.ByteArrayOutputStream;18;1.0;0.8235294117647058
wicket.util.io.FullyBufferedReader;22;1.0;0.8571428571428571
wicket.util.io.IOUtils;35;1.0;0.9705882352941176
wicket.util.io.StringBufferWriter;12;1.0;0.9090909090909091
wicket.util.io.ThresholdingOutputStream;15;1.0;0.8571428571428571
wicket.util.io.XmlReader;15;1.0;0.7857142857142857
wicket.util.lang.Bytes;24;1.0;0.8695652173913043
wicket.util.lang.Objects;37;0.9722222222222222;0.8333333333333334
wicket.util.lang.PropertyResolver;10;0.8888888888888888;0.8888888888888888
wicket.util.parse.metapattern.MetaPattern;66;0.9846153846153847;0.8615384615384616
wicket.util.parse.metapattern.parsers.MetaPatternParser;10;1.0;0.7777777777777778
wicket.util.resource.AbstractStringResourceStream;10;1.0;0.8888888888888888
wicket.util.resource.FileResourceStream;11;1.0;0.8
wicket.util.resource.PackagedTextTemplate;10;1.0;0.7777777777777778
wicket.util.resource.StringBufferResourceStream;10;1.0;0.8888888888888888
wicket.util.resource.TextTemplateDecorator;19;1.0;0.9444444444444444
wicket.util.resource.UrlResourceStream;17;1.0;0.75
wicket.util.string.AbstractStringList;10;;
wicket.util.string.AppendingStringBuffer;62;1.0;0.9344262295081968
wicket.util.string.JavascriptUtils;17;1.0;0.8125
wicket.util.string.PrependingStringBuffer;11;1.0;0.8
wicket.util.string.StringList;26;0.96;0.88
wicket.util.string.StringValue;50;0.9795918367346939;0.9387755102040817
wicket.util.string.Strings;35;0.9705882352941176;0.9411764705882353
wicket.util.tester.ExternalPageViewer;10;1.0;0.8888888888888888
wicket.util.tester.FormTester;15;1.0;0.8571428571428571
wicket.util.tester.TagTester;14;1.0;0.8461538461538461
wicket.util.tester.WicketTester;38;1.0;0.9459459459459459
wicket.util.thread.Task;14;1.0;0.7692307692307693
wicket.util.time.Duration;36;0.9714285714285714;0.8571428571428571
wicket.util.time.Time;41;0.975;0.925
wicket.util.time.TimeFrame;14;0.9230769230769231;0.9230769230769231
wicket.util.time.TimeOfDay;24;0.9565217391304348;0.8695652173913043
wicket.util.upload.DiskFileItem;34;1.0;0.7878787878787878
wicket.util.upload.DiskFileItemFactory;10;1.0;0.7777777777777778
wicket.util.upload.FileUploadBase;24;0.9565217391304348;0.8260869565217391
wicket.util.upload.MultipartFormInputStream;33;1.0;0.8125
wicket.util.upload.ParameterParser;17;1.0;0.8125
wicket.util.value.CopyOnWriteValueMap;33;1.0;0.96875
wicket.util.value.IntValue;11;1.0;0.9
wicket.util.value.LongValue;11;1.0;0.8
wicket.util.value.ValueMap;31;1.0;0.9
wicket.version.undo.UndoPageVersionManager;19;1.0;0.7777777777777778
