DEFECT_ID,ACTIVITY
13,development test
14,development test
15,development test
16,requirements analysis
1036,development test
1037,field
1038,development test
1040,field
1041,development test
1042,development test
1043,development test
1044,other
1045,requirements analysis
1046,integration
1047,other analysis
1048,development test
1049,development test
1052,development test
1053,development test
1054,development test
1056,other analysis
1057,other analysis
1058,development test
1059,integration
1060,field
1061,development test
1062,other analysis
1063,field
1064,development test
1065,other analysis
1067,development test
1068,requirements analysis
1069,other analysis
1070,integration
1073,requirements analysis
1075,other
1076,requirements analysis
1077,development test
1079,requirements analysis
1080,development test
1081,requirements analysis
1082,other
1083,development test
1084,development test
1085,development test
1086,requirements analysis
1088,requirements analysis
1089,development test
1090,development test
1091,development test
1094,requirements analysis
1096,requirements analysis
1097,development test
1098,field
1099,requirements analysis
1100,development test
1101,requirements analysis
1102,requirements analysis
1103,field
1104,other
1105,other analysis
1106,other
1107,requirements analysis
1109,development test
1110,requirements analysis
1111,requirements analysis
1112,field
1115,other
1116,development test
1117,requirements analysis
1119,requirements analysis
1120,requirements analysis
1121,design
1124,field
1125,field
1126,requirements analysis
1127,requirements analysis
1128,requirements analysis
1129,development test
1130,development test
1131,requirements analysis
1132,requirements analysis
1133,requirements analysis
1136,requirements analysis
1137,development test
1138,field
1139,field
1140,development test
1141,requirements analysis
1142,requirements analysis
1143,requirements analysis
1144,requirements analysis
1145,development test
1147,field
1148,field
1149,development test
1150,other
1151,field
1152,requirements analysis
1154,field
1157,field
1158,other analysis
1159,development test
1160,requirements analysis
1161,development test
1162,development test
1163,requirements analysis
1164,field
1165,development test
1166,development test
1167,requirements analysis
1168,development test
1171,requirements analysis
1172,requirements analysis
1173,field
1174,development test
1178,field
1179,requirements analysis
1180,field
1181,implementation
1182,requirements analysis
1183,requirements analysis
1184,field
1186,development test
1187,development test
1188,development test
1190,field
1192,development test
1193,requirements analysis
1194,field
1195,development test
1196,post-release
1199,post-release
1202,development test
1203,field
1206,other analysis
1207,development test
1208,requirements analysis
1210,field
1211,development test
1212,field
1213,field
1214,field
1215,field
1216,development test
1220,development test
1221,other analysis
1222,sys lev test
1223,development test
1227,field
1228,field
1231,development test
1233,other
1234,other
1235,other
1238,requirements analysis
1241,post-release
1242,other analysis
1244,development test
1245,field
1246,field
1248,other analysis
1250,requirements analysis
1251,other analysis
1252,requirements analysis
1253,field
1254,field
1255,field
1256,field
1257,field
1258,requirements analysis
1259,other analysis
1262,field
1263,development test
1264,sys lev test
1265,other
1266,development test
1268,field
1269,requirements analysis
1270,design
1272,development test
1273,other analysis
1274,development test
1275,other analysis
1276,field
1277,post-release
1278,development test
1279,requirements analysis
1280,requirements analysis
1284,development test
1285,field
1286,design
1287,development test
1288,field
1289,requirements analysis
1290,development test
1291,field
1292,post-release
1293,field
1294,development test
1295,ITG test
1296,field
1297,development test
1298,development test
1299,development test
1301,field
1304,requirements analysis
1305,development test
1306,development test
1307,field
1308,field
1309,design
1310,design
1312,other analysis
1313,field
1314,development test
1315,development test
1316,development test
1317,development test
1318,development test
1319,development test
1320,development test
1321,field
1325,field
1326,design
1329,field
1330,development test
1331,development test
1332,development test
1333,development test
1334,other
1335,requirements analysis
1337,field
1338,development test
1339,development test
1340,other analysis
1341,requirements analysis
1343,requirements analysis
1346,requirements analysis
1347,requirements analysis
1348,development test
1349,development test
1350,development test
1358,development test
1359,field
1360,development test
1363,development test
1367,development test
1369,other analysis
1373,development test
1376,development test
1383,development test
1388,other
1391,development test
1392,field
1397,other analysis
1398,development test
1401,other
1402,sys lev test
1404,requirements analysis
1405,development test
1410,other
1411,development test
1412,field
1414,other analysis
1415,development test
1416,requirements analysis
1418,development test
1419,field
1420,development test
1421,development test
1422,development test
1424,other analysis
1425,field
1426,development test
1427,other analysis
1430,other analysis
1431,development test
1432,requirements analysis
1433,requirements analysis
1434,other
1435,development test
1436,development test
1437,field
1438,requirements analysis
1439,field
1440,field
1441,development test
1442,field
1443,development test
1444,development test
1447,field
1448,development test
1451,requirements analysis
1452,requirements analysis
1453,field
1454,design
1456,design
1457,development test
1458,field
1461,implementation
1462,requirements analysis
1463,requirements analysis
1464,implementation
1465,development test
1466,other analysis
1467,requirements analysis
1468,requirements analysis
1469,requirements analysis
1473,field
1474,development test
1476,development test
1477,development test
1480,development test
1481,development test
1482,development test
1483,field
1484,development test
1485,requirements analysis
1486,development test
1487,other analysis
1488,field
1489,development test
1490,requirements analysis
1494,development test
1495,development test
1497,development test
1498,field
1499,development test
1500,other analysis
1501,requirements analysis
1502,development test
1503,development test
1504,development test
1505,development test
1506,field
1507,field
1508,development test
1509,requirements analysis
1510,development test
1514,development test
1515,requirements analysis
1517,field
1518,development test
1520,requirements analysis
1522,implementation
1523,field
1524,development test
1526,other analysis
1529,development test
1530,integration
1531,development test
1538,field
1540,field
1542,development test
1543,development test
1544,field
1546,field
1548,field
1549,development test
1550,development test
1551,other
1552,other analysis
1559,development test
1561,development test
1564,development test
1565,field
1566,other analysis
1567,other
1569,field
1570,development test
1571,development test
1575,field
1578,development test
1581,field
1582,development test
1583,field
1584,development test
1585,installation
1586,development test
1588,other
1589,installation
1594,other analysis
1595,development test
1599,development test
1601,field
1602,field
1603,field
1606,development test
1608,development test
1609,development test
1611,field
1613,field
1614,development test
1615,development test
1617,implementation
1620,field
1621,field
1623,other
1624,field
1625,field
1627,development test
1629,requirements analysis
1630,development test
1631,field
1633,requirements analysis
1634,field
1635,development test
1637,field
1648,requirements analysis
1649,other analysis
1651,development test
1652,other analysis
1653,requirements analysis
1656,development test
1657,development test
1658,field
1659,field
