file;entities;metric;metric_random
com.puppycrawl.tools.checkstyle.CheckStyleTask;12;0.8181818181818182;0.7272727272727273
com.puppycrawl.tools.checkstyle.Checker;13;0.5833333333333334;0.6666666666666666
com.puppycrawl.tools.checkstyle.ConfigurationLoader;5;0.5;0.75
com.puppycrawl.tools.checkstyle.StringArrayReader;6;0.4;0.8
com.puppycrawl.tools.checkstyle.TreeWalker;8;0.5714285714285714;0.7142857142857143
com.puppycrawl.tools.checkstyle.api.Check;5;0.5;0.75
com.puppycrawl.tools.checkstyle.api.Comment;5;0.5;0.75
com.puppycrawl.tools.checkstyle.api.DetailAST;6;0.4;0.8
com.puppycrawl.tools.checkstyle.api.FileContents;5;0.25;1.0
com.puppycrawl.tools.checkstyle.checks.DescendantTokenCheck;9;0.375;0.625
com.puppycrawl.tools.checkstyle.checks.RegexpCheck;10;0.3333333333333333;0.5555555555555556
com.puppycrawl.tools.checkstyle.checks.UncommentedMainCheck;5;0.5;0.75
com.puppycrawl.tools.checkstyle.checks.coding.HiddenFieldCheck;5;0.25;1.0
com.puppycrawl.tools.checkstyle.checks.coding.IllegalInstantiationCheck;5;0.5;0.75
com.puppycrawl.tools.checkstyle.checks.duplicates.StrictDuplicateCodeCheck;8;0.42857142857142855;0.8571428571428571
com.puppycrawl.tools.checkstyle.checks.imports.Guard;6;0.8;0.8
com.puppycrawl.tools.checkstyle.checks.imports.ImportOrderCheck;10;0.4444444444444444;0.6666666666666666
com.puppycrawl.tools.checkstyle.checks.indentation.ExpressionHandler;5;0.5;0.75
com.puppycrawl.tools.checkstyle.checks.indentation.IndentationCheck;5;0.5;0.75
com.puppycrawl.tools.checkstyle.checks.javadoc.HtmlTag;6;0.8;0.6
com.puppycrawl.tools.checkstyle.checks.javadoc.JavadocMethodCheck;9;0.25;0.75
com.puppycrawl.tools.checkstyle.checks.javadoc.JavadocStyleCheck;7;0.3333333333333333;0.8333333333333334
com.puppycrawl.tools.checkstyle.checks.javadoc.JavadocTypeCheck;8;0.42857142857142855;0.7142857142857143
com.puppycrawl.tools.checkstyle.checks.javadoc.WriteTagCheck;5;0.5;0.75
com.puppycrawl.tools.checkstyle.checks.metrics.AbstractClassCouplingCheck;5;0.5;0.75
com.puppycrawl.tools.checkstyle.checks.regexp.DetectorOptions;8;0.5714285714285714;0.7142857142857143
com.puppycrawl.tools.checkstyle.filters.SuppressElement;9;0.375;0.625
com.puppycrawl.tools.checkstyle.filters.SuppressWithNearbyCommentFilter;9;0.625;0.625
com.puppycrawl.tools.checkstyle.filters.SuppressionCommentFilter;9;0.75;0.625
com.puppycrawl.tools.checkstyle.gui.ParseTreeInfoPanel;6;0.4;0.8
