file;entities;metric;metric_random
net.sourceforge.cobertura.ant.CheckTask;10;0.7777777777777778;0.7777777777777778
net.sourceforge.cobertura.ant.CommonMatchingTask;5;0.75;0.75
net.sourceforge.cobertura.ant.InstrumentTask;9;0.5;0.75
net.sourceforge.cobertura.ant.ReportTask;5;0.5;0.75
net.sourceforge.cobertura.check.Main;5;0.5;0.75
net.sourceforge.cobertura.coveragedata.ClassData;5;1.0;0.75
net.sourceforge.cobertura.coveragedata.LineData;7;0.6666666666666666;0.8333333333333334
net.sourceforge.cobertura.coveragedata.SwitchData;5;0.75;0.75
net.sourceforge.cobertura.instrument.ClassInstrumenter;6;0.4;1.0
net.sourceforge.cobertura.instrument.FirstPassMethodInstrumenter;15;0.35714285714285715;0.6428571428571429
net.sourceforge.cobertura.instrument.Main;5;0.5;0.75
net.sourceforge.cobertura.instrument.SecondPassMethodInstrumenter;9;0.5;0.75
net.sourceforge.cobertura.reporting.html.HTMLReport;5;0.5;0.75
