file;entities;metric;metric_random
net.sourceforge.cruisecontrol.BuildLoopInformation;5;0.5;0.75
net.sourceforge.cruisecontrol.Builder;6;0.4;0.8
net.sourceforge.cruisecontrol.CruiseControlController;7;0.5;0.8333333333333334
net.sourceforge.cruisecontrol.Log;7;0.6666666666666666;0.8333333333333334
net.sourceforge.cruisecontrol.Modification;7;0.5;0.6666666666666666
net.sourceforge.cruisecontrol.ModificationSet;5;0.5;0.75
net.sourceforge.cruisecontrol.Project;26;0.52;0.64
net.sourceforge.cruisecontrol.ProjectConfig;13;0.6666666666666666;0.75
net.sourceforge.cruisecontrol.Schedule;6;0.6;0.8
net.sourceforge.cruisecontrol.bootstrappers.AccurevBootstrapper;5;0.5;0.75
net.sourceforge.cruisecontrol.bootstrappers.CMSynergyBaselineBootstrapper;9;0.625;0.75
net.sourceforge.cruisecontrol.bootstrappers.CMSynergyBootstrapper;5;1.0;0.75
net.sourceforge.cruisecontrol.bootstrappers.CVSBootstrapper;6;0.2;0.8
net.sourceforge.cruisecontrol.bootstrappers.P4Bootstrapper;5;0.25;1.0
net.sourceforge.cruisecontrol.bootstrappers.PlasticSCMBootstrapper;5;0.25;0.75
net.sourceforge.cruisecontrol.bootstrappers.SSCMBootstrapper;10;0.5555555555555556;0.6666666666666666
net.sourceforge.cruisecontrol.bootstrappers.SVNBootstrapper;5;0.5;0.75
net.sourceforge.cruisecontrol.bootstrappers.TFSBootstrapper;7;0.5;0.6666666666666666
net.sourceforge.cruisecontrol.bootstrappers.VssBootstrapper;5;0.5;0.75
net.sourceforge.cruisecontrol.builders.AntBuilder;21;0.65;0.55
net.sourceforge.cruisecontrol.builders.AntScript;23;0.5454545454545454;0.6363636363636364
net.sourceforge.cruisecontrol.builders.CompositeBuilder;5;0.5;0.75
net.sourceforge.cruisecontrol.builders.ExecBuilder;6;0.4;0.8
net.sourceforge.cruisecontrol.builders.ExecScript;8;0.42857142857142855;0.8571428571428571
net.sourceforge.cruisecontrol.builders.Maven2Builder;10;0.5555555555555556;0.6666666666666666
net.sourceforge.cruisecontrol.builders.Maven2Script;12;0.45454545454545453;0.5454545454545454
net.sourceforge.cruisecontrol.builders.MavenScript;8;0.7142857142857143;0.7142857142857143
net.sourceforge.cruisecontrol.builders.NantBuilder;12;0.7272727272727273;0.6363636363636364
net.sourceforge.cruisecontrol.builders.NantScript;11;0.6;0.8
net.sourceforge.cruisecontrol.builders.PhingBuilder;14;0.6153846153846154;0.6153846153846154
net.sourceforge.cruisecontrol.builders.PhingScript;11;0.6;0.7
net.sourceforge.cruisecontrol.builders.RakeBuilder;7;0.5;0.6666666666666666
net.sourceforge.cruisecontrol.builders.RakeScript;8;0.2857142857142857;0.8571428571428571
net.sourceforge.cruisecontrol.builders.XcodeBuilder;7;0.6666666666666666;0.6666666666666666
net.sourceforge.cruisecontrol.buildloggers.MergeLogger;5;0.5;0.75
net.sourceforge.cruisecontrol.config.DefaultPropertiesPlugin;6;0.4;0.6
net.sourceforge.cruisecontrol.config.XMLConfigManager;5;0.5;0.75
net.sourceforge.cruisecontrol.gendoc.PluginInfo;9;0.5;0.75
net.sourceforge.cruisecontrol.gendoc.PluginInfoParser;5;0.5;0.75
net.sourceforge.cruisecontrol.jmx.CruiseControlControllerAgent;8;0.7142857142857143;0.5714285714285714
net.sourceforge.cruisecontrol.labelincrementers.DefaultLabelIncrementer;5;0.5;0.75
net.sourceforge.cruisecontrol.labelincrementers.FormattedLabelIncrementer;6;0.4;0.8
net.sourceforge.cruisecontrol.labelincrementers.P4ChangelistLabelIncrementer;9;0.5;0.75
net.sourceforge.cruisecontrol.publishers.ArtifactsPublisher;6;0.6;0.8
net.sourceforge.cruisecontrol.publishers.CMSynergyBaselinePublisher;5;0.25;0.75
net.sourceforge.cruisecontrol.publishers.HTMLEmailPublisher;8;0.5714285714285714;0.7142857142857143
net.sourceforge.cruisecontrol.publishers.RSSPublisher;5;0.75;0.75
net.sourceforge.cruisecontrol.publishers.SCPPublisher;12;0.2727272727272727;0.6363636363636364
net.sourceforge.cruisecontrol.publishers.SocketPublisher;5;0.25;0.75
net.sourceforge.cruisecontrol.publishers.WeblogPublisher;15;0.5714285714285714;0.6428571428571429
net.sourceforge.cruisecontrol.publishers.X10Publisher;5;0.25;0.75
net.sourceforge.cruisecontrol.publishers.email.LDAPMapper;8;0.42857142857142855;0.7142857142857143
net.sourceforge.cruisecontrol.publishers.rss.Feed;6;0.4;0.8
net.sourceforge.cruisecontrol.publishers.rss.Item;5;0.5;0.75
net.sourceforge.cruisecontrol.publishers.sfee.SfeeDocumentManagerPublisher;9;0.375;0.625
net.sourceforge.cruisecontrol.publishers.sfee.SfeeTrackerPublisher;6;0.6;0.8
net.sourceforge.cruisecontrol.sourcecontrols.Accurev;5;0.5;0.75
net.sourceforge.cruisecontrol.sourcecontrols.AlienBrainCore;6;0.4;0.6
net.sourceforge.cruisecontrol.sourcecontrols.CMSynergy;23;0.5454545454545454;0.6363636363636364
net.sourceforge.cruisecontrol.sourcecontrols.ClearCase;7;0.6666666666666666;0.6666666666666666
net.sourceforge.cruisecontrol.sourcecontrols.MKS;6;0.2;0.8
net.sourceforge.cruisecontrol.sourcecontrols.Maven2SnapshotDependency;5;0.5;0.75
net.sourceforge.cruisecontrol.sourcecontrols.MavenSnapshotDependency;6;0.6;0.8
net.sourceforge.cruisecontrol.sourcecontrols.P4;9;0.5;0.625
net.sourceforge.cruisecontrol.sourcecontrols.PVCS;10;1.0;0.6666666666666666
net.sourceforge.cruisecontrol.sourcecontrols.SSCM;9;0.625;0.875
net.sourceforge.cruisecontrol.sourcecontrols.SVN;8;0.42857142857142855;0.7142857142857143
net.sourceforge.cruisecontrol.sourcecontrols.Store;8;0.42857142857142855;0.7142857142857143
net.sourceforge.cruisecontrol.sourcecontrols.TeamFoundationServer;9;0.5;0.75
net.sourceforge.cruisecontrol.sourcecontrols.UCM;9;0.5;0.75
net.sourceforge.cruisecontrol.sourcecontrols.Vss;8;0.2857142857142857;0.7142857142857143
net.sourceforge.cruisecontrol.sourcecontrols.VssJournal;9;0.625;0.75
net.sourceforge.cruisecontrol.util.AbstractFTPClass;7;0.5;0.6666666666666666
net.sourceforge.cruisecontrol.util.EmptyElementFilter;5;0.25;0.75
net.sourceforge.cruisecontrol.util.ManagedCommandline;5;0.75;0.75
net.sourceforge.cruisecontrol.util.StdoutBuffer;5;0.75;0.75
net.sourceforge.cruisecontrol.util.XPathAwareChild;5;0.5;0.75
net.sourceforge.cruisecontrol.util.threadpool.ThreadQueue;6;0.6;0.8
