file;entities;metric;metric_random
com.itextpdf.text.Annotation;6;0.8;0.8
com.itextpdf.text.DocWriter;6;0.4;0.8
com.itextpdf.text.Document;15;0.5714285714285714;0.6428571428571429
com.itextpdf.text.Font;5;0.5;0.75
com.itextpdf.text.List;13;0.5;0.6666666666666666
com.itextpdf.text.Paragraph;9;0.5;0.75
com.itextpdf.text.Rectangle;18;0.6470588235294118;0.6470588235294118
com.itextpdf.text.Section;14;0.38461538461538464;0.6153846153846154
com.itextpdf.text.html.simpleparser.HTMLWorker;14;0.23076923076923078;0.6153846153846154
com.itextpdf.text.pdf.BarcodeDatamatrix;7;0.5;0.6666666666666666
com.itextpdf.text.pdf.BaseField;16;0.4;0.6
com.itextpdf.text.pdf.BidiOrder;6;0.4;0.8
com.itextpdf.text.pdf.CFFFontSubset;16;0.4666666666666667;0.6666666666666666
com.itextpdf.text.pdf.CJKFont;9;0.5;0.75
com.itextpdf.text.pdf.DocumentFont;16;0.6;0.6
com.itextpdf.text.pdf.FontDetails;11;0.4;0.7
com.itextpdf.text.pdf.LZWDecoder;8;0.2857142857142857;0.5714285714285714
com.itextpdf.text.pdf.MultiColumnText;11;0.5;0.7
com.itextpdf.text.pdf.PRStream;5;0.25;0.75
com.itextpdf.text.pdf.PRTokeniser;6;0.4;0.6
com.itextpdf.text.pdf.PageResources;11;0.6;0.7
com.itextpdf.text.pdf.PdfAcroForm;5;0.25;1.0
com.itextpdf.text.pdf.PdfAnnotation;7;0.3333333333333333;0.8333333333333334
com.itextpdf.text.pdf.PdfChunk;12;0.45454545454545453;0.6363636363636364
com.itextpdf.text.pdf.PdfContentByte;9;0.5;0.75
com.itextpdf.text.pdf.PdfCopy;9;0.5;0.75
com.itextpdf.text.pdf.PdfCopyFieldsImp;17;0.5625;0.625
com.itextpdf.text.pdf.PdfLayer;6;0.6;0.6
com.itextpdf.text.pdf.PdfLine;10;0.5555555555555556;0.6666666666666666
com.itextpdf.text.pdf.PdfOutline;11;0.4;0.6
com.itextpdf.text.pdf.PdfPCell;18;0.5294117647058824;0.6470588235294118
com.itextpdf.text.pdf.PdfPRow;6;0.6;0.8
com.itextpdf.text.pdf.PdfPTable;27;0.5384615384615384;0.6153846153846154
com.itextpdf.text.pdf.PdfPages;5;0.5;0.75
com.itextpdf.text.pdf.PdfReaderInstance;7;0.5;0.6666666666666666
com.itextpdf.text.pdf.PdfShading;9;0.375;0.625
com.itextpdf.text.pdf.PdfShadingPattern;5;0.75;0.75
com.itextpdf.text.pdf.PdfSigGenericPKCS;7;0.3333333333333333;0.6666666666666666
com.itextpdf.text.pdf.PdfStamperImp;22;0.5714285714285714;0.6190476190476191
com.itextpdf.text.pdf.PdfStream;8;0.5714285714285714;0.7142857142857143
com.itextpdf.text.pdf.PdfString;6;0.2;0.6
com.itextpdf.text.pdf.PdfTemplate;7;0.3333333333333333;0.6666666666666666
com.itextpdf.text.pdf.RandomAccessFileOrArray;9;0.625;0.75
com.itextpdf.text.pdf.SequenceList;9;0.375;0.625
com.itextpdf.text.pdf.TrueTypeFont;27;0.5769230769230769;0.6538461538461539
com.itextpdf.text.pdf.TrueTypeFontSubSet;18;0.47058823529411764;0.5882352941176471
com.itextpdf.text.pdf.Type1Font;25;0.5;0.5833333333333334
com.itextpdf.text.pdf.Type3Font;7;0.5;0.8333333333333334
com.itextpdf.text.pdf.VerticalText;11;0.6;0.6
com.itextpdf.text.pdf.XfaForm;9;0.25;0.625
com.itextpdf.text.pdf.XfdfReader;6;0.4;0.6
com.itextpdf.text.pdf.codec.BitFile;5;0.5;1.0
com.itextpdf.text.pdf.codec.JBIG2SegmentReader;8;0.42857142857142855;0.8571428571428571
com.itextpdf.text.pdf.codec.LZWCompressor;9;0.625;0.75
com.itextpdf.text.pdf.codec.LZWStringTable;5;0.5;0.75
com.itextpdf.text.pdf.codec.PngImage;30;0.5517241379310345;0.6206896551724138
com.itextpdf.text.pdf.codec.TIFFDirectory;6;0.6;0.8
com.itextpdf.text.pdf.codec.TIFFFaxDecoder;12;0.5454545454545454;0.7272727272727273
com.itextpdf.text.pdf.codec.TIFFFaxDecompressor;17;0.5;0.625
com.itextpdf.text.pdf.codec.TIFFLZWDecoder;10;0.3333333333333333;0.7777777777777778
com.itextpdf.text.pdf.codec.wmf.MetaDo;8;0.7142857142857143;0.7142857142857143
com.itextpdf.text.pdf.codec.wmf.MetaFont;10;0.5555555555555556;0.6666666666666666
com.itextpdf.text.pdf.codec.wmf.MetaState;18;0.47058823529411764;0.5882352941176471
com.itextpdf.text.pdf.hyphenation.SimplePatternParser;6;0.6;0.8
com.itextpdf.text.pdf.hyphenation.TernaryTree;8;0.42857142857142855;0.7142857142857143
com.itextpdf.text.pdf.internal.PdfVersionImp;5;0.5;0.75
com.itextpdf.text.pdf.parser.GraphicsState;10;0.5555555555555556;0.5555555555555556
com.itextpdf.text.pdf.parser.PdfContentStreamProcessor;8;0.42857142857142855;0.8571428571428571
com.itextpdf.text.pdf.qrcode.QRCode;10;0.4444444444444444;0.6666666666666666
com.itextpdf.text.pdf.richmedia.RichMediaAnnotation;8;0.7142857142857143;0.7142857142857143
com.itextpdf.text.xml.simpleparser.SimpleXMLParser;19;0.5555555555555556;0.6111111111111112
