file;entities;metric;metric_random
net.sf.jabref.AdvancedTab;13;0.5;0.6666666666666666
net.sf.jabref.AppearancePrefsTab;9;0.625;0.625
net.sf.jabref.BasePanel;37;0.4722222222222222;0.6111111111111112
net.sf.jabref.BibtexDatabase;7;0.8333333333333334;0.8333333333333334
net.sf.jabref.BibtexEntry;5;0.5;0.75
net.sf.jabref.ContentSelectorDialog2;17;0.5;0.6875
net.sf.jabref.DatabaseSearch;8;0.5714285714285714;0.7142857142857143
net.sf.jabref.DuplicateResolverDialog;11;0.7;0.7
net.sf.jabref.EntryCustomizationDialog;15;0.5;0.6428571428571429
net.sf.jabref.EntryEditor;40;0.5384615384615384;0.5641025641025641
net.sf.jabref.EntrySorter;6;0.4;0.8
net.sf.jabref.ExternalTab;8;0.5714285714285714;0.7142857142857143
net.sf.jabref.FieldContentSelector;8;0.7142857142857143;0.5714285714285714
net.sf.jabref.FileTab;8;0.42857142857142855;0.7142857142857143
net.sf.jabref.FontSelector;10;0.5555555555555556;0.6666666666666666
net.sf.jabref.GeneralTab;6;0.4;0.8
net.sf.jabref.HelpDialog;5;0.25;0.75
net.sf.jabref.JabRef;6;0.6;0.8
net.sf.jabref.KeyBindingsDialog;7;0.6666666666666666;0.6666666666666666
net.sf.jabref.MetaData;5;0.25;0.75
net.sf.jabref.PreviewPrefsTab;9;0.5;0.75
net.sf.jabref.ReplaceStringDialog;13;0.5833333333333334;0.5833333333333334
net.sf.jabref.SearchManager2;17;0.6875;0.625
net.sf.jabref.SidePaneHeader;5;0.5;0.75
net.sf.jabref.SidePaneManager;5;0.75;0.75
net.sf.jabref.TabLabelPattern;13;0.5833333333333334;0.75
net.sf.jabref.TableColumnsTab;6;0.6;0.8
net.sf.jabref.TablePrefsTab;5;0.75;0.75
net.sf.jabref.XmpPrefsTab;5;0.5;0.75
net.sf.jabref.about.AboutPanel;16;0.6;0.7333333333333333
net.sf.jabref.about.AboutTextLine;9;0.5;0.75
net.sf.jabref.about.ExtendedInfoPanel;9;0.5;0.75
net.sf.jabref.collab.ChangeDisplayDialog;10;0.5555555555555556;0.6666666666666666
net.sf.jabref.collab.ChangeScanner;8;0.5714285714285714;0.7142857142857143
net.sf.jabref.collab.EntryDeleteChange;5;0.75;0.75
net.sf.jabref.collab.FileUpdatePanel;6;0.6;0.8
net.sf.jabref.collab.MetaDataChange;5;0.25;0.75
net.sf.jabref.collab.StringChange;5;0.5;0.75
net.sf.jabref.export.CustomExportDialog;10;0.4444444444444444;0.7777777777777778
net.sf.jabref.export.ExportFormat;8;0.42857142857142855;0.8571428571428571
net.sf.jabref.export.layout.LayoutEntry;7;0.6666666666666666;0.6666666666666666
net.sf.jabref.external.AutoSetExternalFileForEntries;7;0.5;0.8333333333333334
net.sf.jabref.external.DownloadExternalFile;6;0.4;0.8
net.sf.jabref.external.DroppedFileHandler;7;0.5;0.8333333333333334
net.sf.jabref.external.ExternalFileMenuItem;6;0.6;0.6
net.sf.jabref.external.ExternalFilePanel;7;0.6666666666666666;0.6666666666666666
net.sf.jabref.external.ExternalFileTypeEditor;9;0.5;0.75
net.sf.jabref.external.ExternalFileTypeEntryEditor;12;0.5454545454545454;0.6363636363636364
net.sf.jabref.external.IconSelection;7;0.6666666666666666;0.6666666666666666
net.sf.jabref.external.PushToLyx;5;0.75;0.75
net.sf.jabref.external.SynchronizeFileField;7;0.5;0.8333333333333334
net.sf.jabref.external.WriteXMPAction;6;0.4;1.0
net.sf.jabref.groups.AutoGroupDialog;14;0.38461538461538464;0.6153846153846154
net.sf.jabref.groups.GroupDialog;25;0.5833333333333334;0.625
net.sf.jabref.groups.GroupsPrefsTab;8;0.42857142857142855;0.7142857142857143
net.sf.jabref.groups.KeywordGroup;5;0.25;0.75
net.sf.jabref.groups.UndoableAddOrRemoveGroup;7;0.6666666666666666;0.6666666666666666
net.sf.jabref.groups.UndoableModifyGroup;5;0.5;0.75
net.sf.jabref.groups.UndoableModifySubtree;6;0.6;0.8
net.sf.jabref.groups.UndoableMoveGroup;6;0.6;0.8
net.sf.jabref.gui.AttachFileDialog;8;0.5714285714285714;0.5714285714285714
net.sf.jabref.gui.AutoCompleteListener;6;0.8;0.8
net.sf.jabref.gui.DatabasePropertiesDialog;8;0.5714285714285714;0.7142857142857143
net.sf.jabref.gui.EntryCustomizationDialog2;10;0.5555555555555556;0.8888888888888888
net.sf.jabref.gui.FieldSetComponent;12;0.6363636363636364;0.7272727272727273
net.sf.jabref.gui.FileListEditor;14;0.5384615384615384;0.6153846153846154
net.sf.jabref.gui.FileListEntryEditor;11;0.7;0.7
net.sf.jabref.gui.ImportInspectionDialog;33;0.46875;0.59375
net.sf.jabref.gui.MainTable;10;0.6666666666666666;0.6666666666666666
net.sf.jabref.gui.MainTableFormat;6;0.6;0.8
net.sf.jabref.gui.MainTableSelectionListener;13;0.6666666666666666;0.75
net.sf.jabref.gui.SearchResultsDialog;13;0.5833333333333334;0.5833333333333334
net.sf.jabref.imports.BibtexParser;8;0.42857142857142855;0.7142857142857143
net.sf.jabref.imports.CiteSeerEntryFetcherHandler;5;0.25;1.0
net.sf.jabref.imports.CiteSeerFetcher;9;0.625;0.625
net.sf.jabref.imports.CiteSeerUndoHandler;10;0.4444444444444444;0.5555555555555556
net.sf.jabref.imports.GeneralFetcher;10;0.4444444444444444;0.6666666666666666
net.sf.jabref.imports.ImportCustomizationDialog;12;0.45454545454545453;0.6363636363636364
net.sf.jabref.imports.MedlineHandler;8;0.7142857142857143;0.7142857142857143
net.sf.jabref.imports.OAI2Handler;5;0.25;0.75
net.sf.jabref.imports.ParserResult;12;0.5454545454545454;0.7272727272727273
net.sf.jabref.imports.RepecNepImporter;5;0.5;0.75
net.sf.jabref.imports.ZipFileChooser;6;0.4;0.8
net.sf.jabref.journals.JournalAbbreviations;5;0.75;0.75
net.sf.jabref.journals.ManageJournalsPanel;10;0.4444444444444444;0.6666666666666666
net.sf.jabref.msbib.MSBibEntry;75;0.527027027027027;0.581081081081081
net.sf.jabref.net.Cookie;6;0.6;0.8
net.sf.jabref.net.URLDownload;7;0.3333333333333333;0.8333333333333334
net.sf.jabref.plugin.ManagePluginsDialog;6;0.6;0.8
net.sf.jabref.sql.DBConnectDialog;16;0.3333333333333333;0.7333333333333333
net.sf.jabref.sql.DBStrings;8;0.2857142857142857;0.7142857142857143
net.sf.jabref.sql.DbImportAction;6;0.4;0.8
net.sf.jabref.util.MassSetFieldAction;7;0.5;0.6666666666666666
net.sf.jabref.util.QuotedStringTokenizer;5;0.75;1.0
net.sf.jabref.wizard.auximport.AuxSubGenerator;6;0.4;0.6
net.sf.jabref.wizard.integrity.IntegrityMessage;6;0.4;0.8
net.sf.jabref.wizard.integrity.gui.IntegrityMessagePanel;7;0.16666666666666666;0.6666666666666666
net.sf.jabref.wizard.integrity.gui.IntegrityWizard;5;0.75;0.75
