file;entities;metric;metric_random
installer.CBZip2InputStream;37;0.6944444444444444;0.5833333333333334
installer.CBZip2OutputStream;32;0.7741935483870968;0.5806451612903226
installer.InstallThread.InstallThread(Install,Progress,String,OperatingSystem;6;0.6;0.8
installer.SwingInstall;13;0.5833333333333334;0.6666666666666666
installer.TarBuffer;9;0.625;0.625
installer.TarHeader;14;0.5384615384615384;0.6153846153846154
installer.TarInputStream;9;0.625;0.75
installer.TarOutputStream;8;0.42857142857142855;0.5714285714285714
QuickNotepad;6;0.6;0.6
org.gjt.sp.jedit.ActionListHandler;9;0.625;0.75
org.gjt.sp.jedit.BeanShellAction;5;0.5;0.75
org.gjt.sp.jedit.EditPane;9;0.375;0.625
org.gjt.sp.jedit.EditServer;5;0.5;0.75
org.gjt.sp.jedit.JEditBeanShellAction;8;0.5714285714285714;0.7142857142857143
org.gjt.sp.jedit.Mode;8;0.42857142857142855;0.7142857142857143
org.gjt.sp.jedit.PluginJAR;18;0.5882352941176471;0.6470588235294118
org.gjt.sp.jedit.ServiceListHandler;7;0.3333333333333333;0.6666666666666666
org.gjt.sp.jedit.browser.BrowserIORequest;7;0.5;0.5
org.gjt.sp.jedit.browser.BrowserView;7;0.6666666666666666;0.6666666666666666
org.gjt.sp.jedit.browser.VFSDirectoryEntryTable;6;0.6;0.6
org.gjt.sp.jedit.browser.VFSFileChooserDialog;7;0.6666666666666666;0.6666666666666666
org.gjt.sp.jedit.bsh.BSHClassDeclaration;5;0.5;0.75
org.gjt.sp.jedit.bsh.BSHForStatement;8;0.42857142857142855;0.7142857142857143
org.gjt.sp.jedit.bsh.BSHMethodDeclaration;8;0.5714285714285714;0.8571428571428571
org.gjt.sp.jedit.bsh.BshClassManager;8;0.7142857142857143;0.7142857142857143
org.gjt.sp.jedit.bsh.BshMethod;10;0.5555555555555556;0.7777777777777778
org.gjt.sp.jedit.bsh.ClassGeneratorUtil;12;0.5454545454545454;0.7272727272727273
org.gjt.sp.jedit.bsh.DelayedEvalBshMethod;6;0.6;0.8
org.gjt.sp.jedit.bsh.Interpreter;12;0.45454545454545453;0.7272727272727273
org.gjt.sp.jedit.bsh.JJTParserState;5;0.5;0.75
org.gjt.sp.jedit.bsh.JavaCharStream;16;0.6;0.6666666666666666
org.gjt.sp.jedit.bsh.SimpleNode;5;0.5;0.75
org.gjt.sp.jedit.bsh.Token;5;0.75;1.0
org.gjt.sp.jedit.bsh.Variable;6;0.6;0.8
org.gjt.sp.jedit.bsh.classpath.ClassManagerImpl;7;0.6666666666666666;0.8333333333333334
org.gjt.sp.jedit.bsh.org.objectweb.asm.ClassWriter;20;0.6842105263157895;0.631578947368421
org.gjt.sp.jedit.bsh.org.objectweb.asm.Item;11;0.6;0.6
org.gjt.sp.jedit.bsh.org.objectweb.asm.Label;10;0.6666666666666666;0.7777777777777778
org.gjt.sp.jedit.buffer.LineManager;8;0.5714285714285714;0.7142857142857143
org.gjt.sp.jedit.buffer.UndoManager;10;0.5555555555555556;0.6666666666666666
org.gjt.sp.jedit.bufferio.BufferIORequest;6;0.4;0.8
org.gjt.sp.jedit.bufferio.MarkersSaveRequest;6;0.4;0.8
org.gjt.sp.jedit.gui.AbstractContextOptionPane;8;0.2857142857142857;0.8571428571428571
org.gjt.sp.jedit.gui.ActionBar;6;0.2;0.8
org.gjt.sp.jedit.gui.AddAbbrevDialog;5;0.5;0.75
org.gjt.sp.jedit.gui.AnimatedIcon;6;0.6;0.8
org.gjt.sp.jedit.gui.BufferOptions;5;0.25;0.75
org.gjt.sp.jedit.gui.CloseDialog;9;0.5;0.75
org.gjt.sp.jedit.gui.CompleteWord;5;0.25;0.75
org.gjt.sp.jedit.gui.ContextAddDialog;5;0.75;1.0
org.gjt.sp.jedit.gui.DockableLayout;7;0.6666666666666666;0.6666666666666666
org.gjt.sp.jedit.gui.EditAbbrevDialog;6;0.6;0.8
org.gjt.sp.jedit.gui.ExtendedGridLayoutConstraints;9;0.5;0.75
org.gjt.sp.jedit.gui.FilesChangedDialog;9;0.5;0.75
org.gjt.sp.jedit.gui.FilteredListModel;5;0.75;0.75
org.gjt.sp.jedit.gui.FilteredTableModel;5;0.75;0.75
org.gjt.sp.jedit.gui.FontSelectorDialog;11;0.6;0.6
org.gjt.sp.jedit.gui.GrabKeyDialog;10;0.5555555555555556;0.6666666666666666
org.gjt.sp.jedit.gui.HistoryText;6;0.4;0.8
org.gjt.sp.jedit.gui.LogViewer;7;0.5;0.6666666666666666
org.gjt.sp.jedit.gui.MarkerViewer;5;0.25;0.75
org.gjt.sp.jedit.gui.OptionsDialog;9;0.5;0.75
org.gjt.sp.jedit.gui.PasteFromListDialog;6;0.4;0.6
org.gjt.sp.jedit.gui.PingPongList;8;0.5714285714285714;0.8571428571428571
org.gjt.sp.jedit.gui.RegisterViewer;7;0.5;0.8333333333333334
org.gjt.sp.jedit.gui.SelectLineRange;5;0.25;0.75
org.gjt.sp.jedit.gui.StatusBar;20;0.47368421052631576;0.5789473684210527
org.gjt.sp.jedit.gui.StyleEditor;9;0.375;0.625
org.gjt.sp.jedit.gui.VariableGridLayout;14;0.38461538461538464;0.6153846153846154
org.gjt.sp.jedit.help.HelpTOCPanel;5;0.5;0.75
org.gjt.sp.jedit.help.HelpViewer;11;0.5;0.6
org.gjt.sp.jedit.help.HistoryButton;6;0.4;0.8
org.gjt.sp.jedit.menu.EnhancedMenu;5;0.25;0.75
org.gjt.sp.jedit.options.AbbrevsOptionPane;8;0.5714285714285714;0.8571428571428571
org.gjt.sp.jedit.options.AppearanceOptionPane;16;0.6;0.6666666666666666
org.gjt.sp.jedit.options.BrowserOptionPane;10;0.4444444444444444;0.6666666666666666
org.gjt.sp.jedit.options.BufferOptionPane;13;0.4166666666666667;0.75
org.gjt.sp.jedit.options.EditingOptionPane;21;0.5;0.6
org.gjt.sp.jedit.options.EncodingsOptionPane;7;0.8333333333333334;0.6666666666666666
org.gjt.sp.jedit.options.FirewallOptionPane;9;0.75;0.75
org.gjt.sp.jedit.options.GeneralOptionPane;11;0.6;0.7
org.gjt.sp.jedit.options.GutterOptionPane;23;0.45454545454545453;0.5454545454545454
org.gjt.sp.jedit.options.MouseOptionPane;5;0.75;1.0
org.gjt.sp.jedit.options.PluginManagerOptionPane;10;0.4444444444444444;0.6666666666666666
org.gjt.sp.jedit.options.PrintOptionPane;9;0.375;0.625
org.gjt.sp.jedit.options.SaveBackupOptionPane;11;0.5;0.7
org.gjt.sp.jedit.options.ShortcutsOptionPane;6;0.6;0.8
org.gjt.sp.jedit.options.StatusBarOptionPane;17;0.375;0.5625
org.gjt.sp.jedit.options.TextAreaOptionPane;26;0.64;0.56
org.gjt.sp.jedit.options.ViewOptionPane;14;0.5384615384615384;0.6923076923076923
org.gjt.sp.jedit.pluginmgr.InstallPanel;8;0.2857142857142857;0.7142857142857143
org.gjt.sp.jedit.pluginmgr.ManagePanel;9;0.5;0.75
org.gjt.sp.jedit.pluginmgr.MirrorListHandler;9;0.375;0.75
org.gjt.sp.jedit.pluginmgr.PluginList;7;0.3333333333333333;0.6666666666666666
org.gjt.sp.jedit.pluginmgr.PluginListHandler;23;0.6363636363636364;0.6363636363636364
org.gjt.sp.jedit.pluginmgr.PluginManager;11;0.6;0.7
org.gjt.sp.jedit.pluginmgr.PluginManagerProgress;7;0.5;0.8333333333333334
org.gjt.sp.jedit.print.BufferPrintable;17;0.5625;0.5625
org.gjt.sp.jedit.search.BoyerMooreSearchMatcher;7;0.5;0.8333333333333334
org.gjt.sp.jedit.search.DirectoryListSet;5;0.75;0.75
org.gjt.sp.jedit.search.HyperSearchRequest;7;0.6666666666666666;0.6666666666666666
org.gjt.sp.jedit.search.HyperSearchResult;6;0.6;0.8
org.gjt.sp.jedit.search.HyperSearchResults;10;0.4444444444444444;0.6666666666666666
org.gjt.sp.jedit.search.SearchBar;13;0.5;0.6666666666666666
org.gjt.sp.jedit.search.SearchDialog;14;0.6153846153846154;0.7692307692307693
org.gjt.sp.jedit.syntax.DisplayTokenHandler;10;0.3333333333333333;0.6666666666666666
org.gjt.sp.jedit.syntax.ParserRule;13;0.3333333333333333;0.6666666666666666
org.gjt.sp.jedit.syntax.ParserRuleSet;15;0.5;0.6428571428571429
org.gjt.sp.jedit.syntax.Token;5;0.5;0.75
org.gjt.sp.jedit.syntax.TokenMarker;12;0.5454545454545454;0.6363636363636364
org.gjt.sp.jedit.syntax.XModeHandler;10;0.3333333333333333;0.6666666666666666
org.gjt.sp.jedit.textarea.Anchor;6;0.6;0.8
org.gjt.sp.jedit.textarea.BufferHandler;7;0.5;0.6666666666666666
org.gjt.sp.jedit.textarea.ChunkCache;9;0.625;0.75
org.gjt.sp.jedit.textarea.Gutter;27;0.6153846153846154;0.6153846153846154
org.gjt.sp.jedit.textarea.InputMethodSupport;5;0.5;0.75
org.gjt.sp.jedit.textarea.ScrollLayout;5;0.75;0.75
org.gjt.sp.jedit.textarea.TextAreaMouseHandler;10;0.5555555555555556;0.7777777777777778
org.gjt.sp.util.WorkThread;8;0.42857142857142855;0.7142857142857143
