file;entities;metric;metric_random
org.jfree.chart.JFreeChart;15;0.42857142857142855;0.6428571428571429
org.jfree.chart.LegendItem;23;0.5454545454545454;0.5909090909090909
org.jfree.chart.StandardChartTheme;31;0.4666666666666667;0.6
org.jfree.chart.annotations.CategoryLineAnnotation;6;0.6;0.8
org.jfree.chart.annotations.CategoryPointerAnnotation;8;0.42857142857142855;0.7142857142857143
org.jfree.chart.annotations.TextAnnotation;6;0.6;0.8
org.jfree.chart.annotations.XYBoxAnnotation;7;0.3333333333333333;0.8333333333333334
org.jfree.chart.annotations.XYDataImageAnnotation;6;0.6;0.6
org.jfree.chart.annotations.XYDrawableAnnotation;6;0.6;0.8
org.jfree.chart.annotations.XYLineAnnotation;6;0.4;0.8
org.jfree.chart.annotations.XYPointerAnnotation;8;0.42857142857142855;0.7142857142857143
org.jfree.chart.annotations.XYTextAnnotation;12;0.5454545454545454;0.6363636363636364
org.jfree.chart.annotations.XYTitleAnnotation;7;0.5;0.6666666666666666
org.jfree.chart.axis.Axis;26;0.44;0.64
org.jfree.chart.axis.CategoryAxis;10;0.6666666666666666;0.7777777777777778
org.jfree.chart.axis.CategoryLabelPosition;6;0.6;0.8
org.jfree.chart.axis.CyclicNumberAxis;8;0.2857142857142857;0.7142857142857143
org.jfree.chart.axis.DateTickUnit;5;0.25;0.75
org.jfree.chart.axis.LogAxis;5;0.75;0.75
org.jfree.chart.axis.LogarithmicAxis;7;0.5;0.6666666666666666
org.jfree.chart.axis.MarkerAxisBand;7;0.5;0.8333333333333334
org.jfree.chart.axis.NumberAxis;6;0.4;0.6
org.jfree.chart.axis.PeriodAxis;14;0.5384615384615384;0.6923076923076923
org.jfree.chart.axis.PeriodAxisLabelInfo;8;0.2857142857142857;0.8571428571428571
org.jfree.chart.axis.SegmentedTimeline;13;0.16666666666666666;0.6666666666666666
org.jfree.chart.axis.ValueAxis;19;0.5555555555555556;0.6666666666666666
org.jfree.chart.block.AbstractBlock;7;0.5;0.6666666666666666
org.jfree.chart.block.BorderArrangement;5;0.75;0.75
org.jfree.chart.block.RectangleConstraint;6;0.4;0.8
org.jfree.chart.editor.DefaultAxisEditor;14;0.6923076923076923;0.6153846153846154
org.jfree.chart.editor.DefaultNumberAxisEditor;9;0.375;0.625
org.jfree.chart.editor.DefaultPlotEditor;13;0.5833333333333334;0.5833333333333334
org.jfree.chart.editor.DefaultTitleEditor;8;0.7142857142857143;0.5714285714285714
org.jfree.chart.labels.AbstractCategoryItemLabelGenerator;5;0.75;0.75
org.jfree.chart.labels.AbstractXYItemLabelGenerator;6;0.4;0.8
org.jfree.chart.needle.MeterNeedle;7;0.6666666666666666;0.6666666666666666
org.jfree.chart.plot.CategoryPlot;49;0.4375;0.5625
org.jfree.chart.plot.CrosshairState;10;0.6666666666666666;0.6666666666666666
org.jfree.chart.plot.DefaultDrawingSupplier;12;0.18181818181818182;0.6363636363636364
org.jfree.chart.plot.FastScatterPlot;14;0.38461538461538464;0.7692307692307693
org.jfree.chart.plot.Marker;13;0.6666666666666666;0.6666666666666666
org.jfree.chart.plot.MeterInterval;5;0.5;0.75
org.jfree.chart.plot.MultiplePiePlot;8;0.42857142857142855;0.7142857142857143
org.jfree.chart.plot.PieLabelRecord;8;0.5714285714285714;0.7142857142857143
org.jfree.chart.plot.PiePlot;47;0.5434782608695652;0.5652173913043478
org.jfree.chart.plot.PiePlotState;10;0.6666666666666666;0.6666666666666666
org.jfree.chart.plot.Plot;18;0.5882352941176471;0.5882352941176471
org.jfree.chart.plot.PolarPlot;15;0.35714285714285715;0.7142857142857143
org.jfree.chart.plot.RingPlot;6;0.4;0.8
org.jfree.chart.plot.SpiderWebPlot;26;0.68;0.64
org.jfree.chart.plot.ThermometerPlot;25;0.5416666666666666;0.5833333333333334
org.jfree.chart.plot.XYPlot;55;0.35185185185185186;0.5740740740740741
org.jfree.chart.plot.dial.ArcDialFrame;7;0.6666666666666666;0.6666666666666666
org.jfree.chart.plot.dial.DialPlot;12;0.6363636363636364;0.7272727272727273
org.jfree.chart.plot.dial.DialTextAnnotation;6;0.4;0.8
org.jfree.chart.plot.dial.DialValueIndicator;14;0.38461538461538464;0.6923076923076923
org.jfree.chart.plot.dial.StandardDialRange;6;0.4;0.8
org.jfree.chart.plot.dial.StandardDialScale;19;0.6666666666666666;0.6666666666666666
org.jfree.chart.renderer.AbstractRenderer;45;0.5454545454545454;0.5909090909090909
org.jfree.chart.renderer.category.AbstractCategoryItemRenderer;14;0.5384615384615384;0.6153846153846154
org.jfree.chart.renderer.category.BarRenderer;16;0.5333333333333333;0.6666666666666666
org.jfree.chart.renderer.category.BoxAndWhiskerRenderer;6;0.8;0.8
org.jfree.chart.renderer.category.LineAndShapeRenderer;11;0.5;0.7
org.jfree.chart.renderer.category.MinMaxCategoryRenderer;9;0.5;0.75
org.jfree.chart.renderer.category.ScatterRenderer;7;0.5;0.8333333333333334
org.jfree.chart.renderer.xy.AbstractXYItemRenderer;12;0.5454545454545454;0.6363636363636364
org.jfree.chart.renderer.xy.CandlestickRenderer;12;0.6363636363636364;0.6363636363636364
org.jfree.chart.renderer.xy.HighLowRenderer;5;0.5;1.0
org.jfree.chart.renderer.xy.StandardXYItemRenderer;10;0.4444444444444444;0.6666666666666666
org.jfree.chart.renderer.xy.XYAreaRenderer;5;0.25;0.75
org.jfree.chart.renderer.xy.XYBarRenderer;13;0.5833333333333334;0.5833333333333334
org.jfree.chart.renderer.xy.XYBlockRenderer;6;0.4;0.8
org.jfree.chart.renderer.xy.XYDifferenceRenderer;5;0.5;1.0
org.jfree.chart.renderer.xy.XYErrorRenderer;5;0.75;0.75
org.jfree.chart.renderer.xy.XYLineAndShapeRenderer;11;0.6;0.6
org.jfree.chart.renderer.xy.XYShapeRenderer;7;0.3333333333333333;0.6666666666666666
org.jfree.chart.renderer.xy.XYStepAreaRenderer;6;0.4;0.8
org.jfree.chart.text.TextBox;8;0.7142857142857143;0.7142857142857143
org.jfree.chart.title.LegendGraphic;14;0.46153846153846156;0.6153846153846154
org.jfree.chart.title.LegendTitle;13;0.5833333333333334;0.6666666666666666
org.jfree.chart.title.PaintScaleLegend;10;0.5555555555555556;0.6666666666666666
org.jfree.chart.title.TextTitle;10;0.5555555555555556;0.7777777777777778
org.jfree.chart.title.Title;6;0.4;0.8
org.jfree.chart.ui.LCBLayout;5;0.5;1.0
org.jfree.chart.util.LogFormat;6;0.6;0.8
org.jfree.chart.util.RectangleInsets;5;0.25;0.75
org.jfree.chart.util.RelativeDateFormat;12;0.8181818181818182;0.7272727272727273
org.jfree.data.general.DefaultHeatMapDataset;7;0.5;0.6666666666666666
org.jfree.data.general.Series;5;0.5;0.75
org.jfree.data.general.WaferMapDataset;6;0.8;0.6
org.jfree.data.jdbc.JDBCXYDataset;6;0.4;0.8
org.jfree.data.statistics.BoxAndWhiskerItem;9;0.625;0.75
org.jfree.data.statistics.DefaultBoxAndWhiskerCategoryDataset;7;0.5;0.6666666666666666
org.jfree.data.statistics.DefaultBoxAndWhiskerXYDataset;8;0.42857142857142855;0.8571428571428571
org.jfree.data.statistics.DefaultStatisticalCategoryDataset;13;0.5833333333333334;0.6666666666666666
org.jfree.data.statistics.SimpleHistogramBin;5;0.75;0.75
org.jfree.data.time.DynamicTimeSeriesCollection;19;0.5555555555555556;0.6111111111111112
org.jfree.data.time.Millisecond;6;0.6;0.8
org.jfree.data.time.Minute;5;0.75;1.0
org.jfree.data.time.Second;5;0.75;0.75
org.jfree.data.time.TimePeriodValues;9;0.5;0.75
org.jfree.data.time.TimeSeries;6;0.6;0.8
org.jfree.data.xy.DefaultHighLowDataset;7;0.6666666666666666;0.6666666666666666
org.jfree.data.xy.DefaultTableXYDataset;5;0.5;0.75
org.jfree.data.xy.IntervalXYDelegate;5;0.25;0.75
org.jfree.data.xy.OHLCDataItem;6;0.6;0.8
org.jfree.data.xy.XYInterval;5;0.5;0.75
org.jfree.data.xy.XYSeries;8;0.42857142857142855;0.7142857142857143
