file;entities;metric;metric_random
net.sf.jftp.gui.DirEntry;12;0.5454545454545454;0.6363636363636364
net.sf.jftp.gui.DirLister;7;0.16666666666666666;0.6666666666666666
net.sf.jftp.gui.DirPanel;8;0.2857142857142857;0.7142857142857143
net.sf.jftp.gui.DownloadList;8;0.42857142857142855;0.7142857142857143
net.sf.jftp.gui.HostChooser;16;0.5333333333333333;0.7333333333333333
net.sf.jftp.gui.HostList;30;0.3793103448275862;0.6206896551724138
net.sf.jftp.gui.Properties;6;0.6;0.8
net.sf.jftp.gui.Remover;5;0.5;0.75
net.sf.jftp.gui.Renamer;5;0.75;0.75
net.sf.jftp.gui.StatusCanvas;7;0.6666666666666666;0.8333333333333334
net.sf.jftp.gui.StatusPanel;5;0.5;0.75
net.sf.jftp.gui.framework.HImageButton;13;0.4166666666666667;0.6666666666666666
net.sf.jftp.net.DataConnection;14;0.6923076923076923;0.6153846153846154
net.sf.jftp.net.FilesystemConnection;6;0.4;0.6
net.sf.jftp.net.JConnection;11;0.4;0.6
net.sf.jftp.net.SmbConnection;9;0.375;0.75
