file;entities;metric;metric_random
org.lwjgl.examples.spaceinvaders.AlienEntity;6;0.4;0.8
org.lwjgl.examples.spaceinvaders.Entity;7;0.5;0.6666666666666666
org.lwjgl.examples.spaceinvaders.SoundManager;6;0.6;0.8
org.lwjgl.examples.spaceinvaders.Texture;8;0.42857142857142855;0.7142857142857143
org.lwjgl.input.ControllerEvent;6;0.6;0.6
org.lwjgl.input.JInputController;16;0.5333333333333333;0.6
org.lwjgl.opencl.CLContext;5;0.5;1.0
org.lwjgl.opengl.AWTGLCanvas;9;0.25;0.75
org.lwjgl.opengl.BaseReferences;9;0.375;0.625
org.lwjgl.opengl.Context;7;0.5;0.8333333333333334
org.lwjgl.opengl.ContextAttribs;10;0.4444444444444444;0.6666666666666666
org.lwjgl.opengl.KeyboardEventQueue;9;0.375;0.75
org.lwjgl.opengl.LinuxDisplay;27;0.5;0.6153846153846154
org.lwjgl.opengl.LinuxKeyboard;19;0.3333333333333333;0.6666666666666666
org.lwjgl.opengl.LinuxMouse;14;0.6923076923076923;0.5384615384615384
org.lwjgl.opengl.MacOSXDisplay;8;0.42857142857142855;0.8571428571428571
org.lwjgl.opengl.MacOSXFrame;7;0.5;0.8333333333333334
org.lwjgl.opengl.MouseEventQueue;10;0.6666666666666666;0.5555555555555556
org.lwjgl.opengl.PixelFormat;13;0.5;0.6666666666666666
org.lwjgl.opengl.WindowsKeyboard;12;0.6363636363636364;0.7272727272727273
org.lwjgl.opengl.WindowsMouse;13;0.5;0.5833333333333334
org.lwjgl.test.WindowCreationTest;8;0.5714285714285714;0.5714285714285714
org.lwjgl.test.applet.GearsApplet;13;0.75;0.6666666666666666
org.lwjgl.test.input.TestControllers;5;0.25;0.75
org.lwjgl.test.opencl.gl.DemoFractal;43;0.5952380952380952;0.6428571428571429
org.lwjgl.test.opengl.FullScreenWindowedTest;5;0.75;0.75
org.lwjgl.test.opengl.Gears;7;0.6666666666666666;0.8333333333333334
org.lwjgl.test.opengl.PbufferTest;5;0.75;0.75
org.lwjgl.test.opengl.awt.AWTGears;8;0.7142857142857143;0.7142857142857143
org.lwjgl.test.opengl.awt.AWTGearsCanvas;11;0.5;0.6
org.lwjgl.test.opengl.pbuffers.PbufferTest;7;0.5;0.6666666666666666
org.lwjgl.test.opengl.shaders.ShaderFP;6;0.4;0.8
org.lwjgl.test.opengl.shaders.ShaderFSH;8;0.5714285714285714;0.7142857142857143
org.lwjgl.test.opengl.shaders.ShaderUNI;10;0.5555555555555556;0.6666666666666666
org.lwjgl.test.opengl.shaders.ShaderVSH;5;0.5;0.75
org.lwjgl.util.applet.AppletLoader;30;0.4482758620689655;0.6551724137931034
org.lwjgl.util.generator.GeneratorVisitor;5;0.5;0.75
org.lwjgl.util.glu.PixelStoreState;8;0.2857142857142857;0.5714285714285714
org.lwjgl.util.glu.tessellation.ActiveRegion;7;0.6666666666666666;0.8333333333333334
org.lwjgl.util.glu.tessellation.GLUface;7;0.5;0.6666666666666666
org.lwjgl.util.glu.tessellation.GLUhalfEdge;9;0.375;0.75
org.lwjgl.util.glu.tessellation.GLUtessellatorImpl;31;0.5;0.5666666666666667
org.lwjgl.util.glu.tessellation.GLUvertex;7;0.5;0.6666666666666666
org.lwjgl.util.glu.tessellation.PriorityQHeap;6;0.6;0.8
org.lwjgl.util.glu.tessellation.PriorityQSort;6;0.8;0.8
