file;entities;metric;metric_random
net.sourceforge.pmd.CommandLineOptions;20;0.631578947368421;0.631578947368421
net.sourceforge.pmd.CommonAbstractRule;14;0.6153846153846154;0.6923076923076923
net.sourceforge.pmd.Report;9;0.375;0.75
net.sourceforge.pmd.RuleContext;5;0.75;0.75
net.sourceforge.pmd.RuleReference;8;0.7142857142857143;0.7142857142857143
net.sourceforge.pmd.RuleSet;8;0.42857142857142855;0.7142857142857143
net.sourceforge.pmd.RuleViolation;12;0.5454545454545454;0.7272727272727273
net.sourceforge.pmd.ant.PMDTask;16;0.5333333333333333;0.6
net.sourceforge.pmd.cpd.AbstractTokenizer;9;0.5;0.75
net.sourceforge.pmd.cpd.CPDTask;8;0.5714285714285714;0.5714285714285714
net.sourceforge.pmd.cpd.GridBagHelper;7;0.5;0.6666666666666666
net.sourceforge.pmd.cpd.Match;7;0.3333333333333333;0.8333333333333334
net.sourceforge.pmd.cpd.MatchAlgorithm;8;0.8571428571428571;0.7142857142857143
net.sourceforge.pmd.cpd.TokenEntry;5;0.25;0.75
net.sourceforge.pmd.cpd.cppast.Token;5;0.75;0.75
net.sourceforge.pmd.dcd.asm.TypeSignatureVisitor;6;0.4;0.8
net.sourceforge.pmd.dcd.graph.ClassNode;5;0.5;0.75
net.sourceforge.pmd.dcd.graph.MemberNode;6;0.4;0.6
net.sourceforge.pmd.dfa.DataFlowNode;8;0.5714285714285714;0.7142857142857143
net.sourceforge.pmd.dfa.pathfinder.DAAPathFinder;5;0.5;0.75
net.sourceforge.pmd.jsp.ast.JJTJspParserState;5;0.5;1.0
net.sourceforge.pmd.jsp.ast.Token;5;0.75;0.75
net.sourceforge.pmd.properties.AbstractPMDProperty;7;0.5;0.8333333333333334
net.sourceforge.pmd.renderers.PapariTextRenderer;7;0.3333333333333333;0.8333333333333334
net.sourceforge.pmd.rules.design.GenericClassCounterRule;6;0.6;0.8
net.sourceforge.pmd.stat.Metric;7;0.5;0.8333333333333334
net.sourceforge.pmd.symboltable.NameOccurrence;5;0.25;0.75
net.sourceforge.pmd.typeresolution.visitors.PMDASMVisitor;6;0.4;0.8
net.sourceforge.pmd.util.designer.CreateXMLRulePanel;6;0.4;0.6
net.sourceforge.pmd.util.designer.Designer;10;0.2222222222222222;0.6666666666666666
net.sourceforge.pmd.util.viewer.gui.MainFrame;10;0.7777777777777778;0.7777777777777778
