file;entities;metric;metric_random
net.sourceforge.stripes.action.ActionBeanContext;5;0.75;0.75
net.sourceforge.stripes.action.FileBean;5;0.5;0.75
net.sourceforge.stripes.action.StreamingResolution;10;0.4444444444444444;0.6666666666666666
net.sourceforge.stripes.ajax.JavaScriptBuilder;7;0.5;0.6666666666666666
net.sourceforge.stripes.config.DefaultConfiguration;16;0.3333333333333333;0.6
net.sourceforge.stripes.controller.BindingPolicyManager;5;0.75;0.75
net.sourceforge.stripes.controller.DynamicMappingFilter;5;0.75;0.75
net.sourceforge.stripes.controller.ExecutionContext;9;0.625;0.75
net.sourceforge.stripes.controller.FlashRequest;36;0.7428571428571429;0.5714285714285714
net.sourceforge.stripes.controller.FlashScope;5;0.5;0.75
net.sourceforge.stripes.mock.MockHttpServletRequest;20;0.631578947368421;0.631578947368421
net.sourceforge.stripes.mock.MockHttpServletResponse;11;0.5;0.7
net.sourceforge.stripes.mock.MockServletContext;5;0.75;0.75
net.sourceforge.stripes.tag.ErrorsTag;9;0.625;0.75
net.sourceforge.stripes.tag.FieldMetadataTag;5;0.25;0.75
net.sourceforge.stripes.tag.FormTag;10;0.5555555555555556;0.7777777777777778
net.sourceforge.stripes.tag.InputOptionsCollectionTag;7;0.5;0.6666666666666666
net.sourceforge.stripes.tag.InputTagSupport;7;0.3333333333333333;0.8333333333333334
net.sourceforge.stripes.tag.LinkTagSupport;7;0.3333333333333333;0.6666666666666666
net.sourceforge.stripes.tag.ParamTag;5;0.5;0.75
net.sourceforge.stripes.tag.UseActionBeanTag;6;0.6;0.8
net.sourceforge.stripes.tag.layout.LayoutContext;8;0.5714285714285714;0.7142857142857143
net.sourceforge.stripes.util.TypeHandlerCache;5;0.75;0.75
net.sourceforge.stripes.util.UrlBuilder;7;0.6666666666666666;0.6666666666666666
net.sourceforge.stripes.util.bean.NodeEvaluation;6;0.6;0.8
net.sourceforge.stripes.validation.ValidationMetadata;13;0.5;0.6666666666666666
