file;entities;metric;metric_random
com.eteks.sweethome3d.HomeFrameController;7;0.3333333333333333;0.6666666666666666
com.eteks.sweethome3d.SweetHome3D;9;0.5;0.75
com.eteks.sweethome3d.applet.AppletApplication;8;0.42857142857142855;0.5714285714285714
com.eteks.sweethome3d.applet.AppletUserPreferences;8;0.42857142857142855;0.7142857142857143
com.eteks.sweethome3d.io.AutoRecoveryManager;7;0.5;0.6666666666666666
com.eteks.sweethome3d.io.FileUserPreferences;6;0.6;0.8
com.eteks.sweethome3d.j3d.OBJLoader;7;0.16666666666666666;0.6666666666666666
com.eteks.sweethome3d.j3d.OBJWriter;11;0.6;0.7
com.eteks.sweethome3d.j3d.PhotoRenderer;10;0.4444444444444444;0.7777777777777778
com.eteks.sweethome3d.j3d.TextureManager;5;0.75;0.75
com.eteks.sweethome3d.model.BackgroundImage;9;0.75;0.75
com.eteks.sweethome3d.model.Camera;11;0.6;0.7
com.eteks.sweethome3d.model.CatalogPieceOfFurniture;25;0.5833333333333334;0.6666666666666666
com.eteks.sweethome3d.model.CatalogTexture;8;0.42857142857142855;0.5714285714285714
com.eteks.sweethome3d.model.Compass;13;0.4166666666666667;0.75
com.eteks.sweethome3d.model.DimensionLine;8;0.5714285714285714;0.7142857142857143
com.eteks.sweethome3d.model.Home;40;0.6666666666666666;0.5897435897435898
com.eteks.sweethome3d.model.HomeEnvironment;20;0.5789473684210527;0.631578947368421
com.eteks.sweethome3d.model.HomeFurnitureGroup;13;0.5833333333333334;0.6666666666666666
com.eteks.sweethome3d.model.HomePieceOfFurniture;33;0.59375;0.625
com.eteks.sweethome3d.model.HomePrint;13;0.4166666666666667;0.6666666666666666
com.eteks.sweethome3d.model.Label;5;0.5;0.75
com.eteks.sweethome3d.model.LightSource;5;0.75;0.75
com.eteks.sweethome3d.model.Room;20;0.5263157894736842;0.5789473684210527
com.eteks.sweethome3d.model.Sash;5;0.25;0.75
com.eteks.sweethome3d.model.UserPreferences;22;0.42857142857142855;0.6666666666666666
com.eteks.sweethome3d.model.Wall;19;0.5;0.6666666666666666
com.eteks.sweethome3d.plugin.Plugin;9;0.5;0.75
com.eteks.sweethome3d.swing.BackgroundImageWizardStepsPanel;17;0.625;0.625
com.eteks.sweethome3d.swing.CompassPanel;18;0.5882352941176471;0.5882352941176471
com.eteks.sweethome3d.swing.FileContentManager;9;0.375;0.75
com.eteks.sweethome3d.swing.FurnitureCatalogListPanel;6;0.4;0.8
com.eteks.sweethome3d.swing.FurnitureTransferHandler;5;0.25;0.75
com.eteks.sweethome3d.swing.HelpPane;5;0.5;0.75
com.eteks.sweethome3d.swing.Home3DAttributesPanel;18;0.5882352941176471;0.5882352941176471
com.eteks.sweethome3d.swing.HomeComponent3D;26;0.44;0.56
com.eteks.sweethome3d.swing.HomeFurniturePanel;33;0.6875;0.59375
com.eteks.sweethome3d.swing.HomePrintableComponent;11;0.6;0.7
com.eteks.sweethome3d.swing.ImportedFurnitureWizardStepsPanel;40;0.5384615384615384;0.5897435897435898
com.eteks.sweethome3d.swing.ImportedTextureWizardStepsPanel;17;0.5;0.6875
com.eteks.sweethome3d.swing.JPEGImagesToVideo;5;0.5;0.75
com.eteks.sweethome3d.swing.LabelPanel;5;0.5;0.75
com.eteks.sweethome3d.swing.ModelPreviewComponent;7;0.5;0.6666666666666666
com.eteks.sweethome3d.swing.NullableCheckBox;5;0.25;0.75
com.eteks.sweethome3d.swing.PageSetupPanel;16;0.6;0.7333333333333333
com.eteks.sweethome3d.swing.PhotoPanel;30;0.6206896551724138;0.5862068965517241
com.eteks.sweethome3d.swing.PlanComponent;43;0.6190476190476191;0.5476190476190477
com.eteks.sweethome3d.swing.PlanTransferHandler;6;0.4;0.8
com.eteks.sweethome3d.swing.RoomPanel;19;0.4444444444444444;0.6111111111111112
com.eteks.sweethome3d.swing.ThreadedTaskPanel;6;0.6;0.8
com.eteks.sweethome3d.swing.UserPreferencesPanel;36;0.4;0.5714285714285714
com.eteks.sweethome3d.swing.VideoPanel;32;0.6129032258064516;0.6129032258064516
com.eteks.sweethome3d.swing.WallPanel;37;0.6111111111111112;0.5555555555555556
com.eteks.sweethome3d.swing.WizardPane;6;0.4;0.8
com.eteks.sweethome3d.viewcontroller.BackgroundImageWizardController;19;0.6111111111111112;0.6111111111111112
com.eteks.sweethome3d.viewcontroller.CompassController;14;0.5384615384615384;0.6153846153846154
com.eteks.sweethome3d.viewcontroller.FurnitureCatalogController;7;0.5;0.8333333333333334
com.eteks.sweethome3d.viewcontroller.FurnitureController;7;0.6666666666666666;0.8333333333333334
com.eteks.sweethome3d.viewcontroller.HelpController;11;0.3;0.6
com.eteks.sweethome3d.viewcontroller.Home3DAttributesController;17;0.625;0.6875
com.eteks.sweethome3d.viewcontroller.HomeController3D;9;0.5;0.75
com.eteks.sweethome3d.viewcontroller.HomeFurnitureController;31;0.6;0.6
com.eteks.sweethome3d.viewcontroller.ImportedFurnitureWizardController;28;0.4444444444444444;0.5925925925925926
com.eteks.sweethome3d.viewcontroller.ImportedTextureWizardController;15;0.42857142857142855;0.7142857142857143
com.eteks.sweethome3d.viewcontroller.LabelController;9;0.5;0.625
com.eteks.sweethome3d.viewcontroller.PageSetupController;7;0.5;0.6666666666666666
com.eteks.sweethome3d.viewcontroller.PhotoController;16;0.5333333333333333;0.6666666666666666
com.eteks.sweethome3d.viewcontroller.PlanController;49;0.5208333333333334;0.5625
com.eteks.sweethome3d.viewcontroller.PrintPreviewController;5;0.5;0.75
com.eteks.sweethome3d.viewcontroller.RoomController;19;0.5555555555555556;0.6666666666666666
com.eteks.sweethome3d.viewcontroller.TextureChoiceController;7;0.5;0.6666666666666666
com.eteks.sweethome3d.viewcontroller.ThreadedTaskController;8;0.42857142857142855;0.7142857142857143
com.eteks.sweethome3d.viewcontroller.UserPreferencesController;18;0.47058823529411764;0.5882352941176471
com.eteks.sweethome3d.viewcontroller.VideoController;14;0.6153846153846154;0.6923076923076923
com.eteks.sweethome3d.viewcontroller.WallController;28;0.6666666666666666;0.5555555555555556
com.eteks.sweethome3d.viewcontroller.WizardController;13;0.5;0.6666666666666666
