file;entities;metric;metric_random
blogthisplugin.BlogSettingsTab;6;0.4;0.8
calendarexportplugin.CalendarSettingsTab;10;0.5555555555555556;0.6666666666666666
calendarexportplugin.exporter.GoogleSettingsDialog;10;0.2222222222222222;0.6666666666666666
captureplugin.CapturePluginSettingsTab;5;0.5;0.75
captureplugin.drivers.defaultdriver.AdditionalParams;10;0.7777777777777778;0.6666666666666666
captureplugin.drivers.defaultdriver.DeviceConfig;25;0.5;0.7083333333333334
captureplugin.drivers.defaultdriver.configpanels.SettingsPanel;11;0.3;0.7
captureplugin.drivers.dreambox.DreamboxConfig;14;0.46153846153846156;0.6153846153846154
captureplugin.drivers.dreambox.DreamboxConfigDialog;16;0.5333333333333333;0.6666666666666666
captureplugin.drivers.dreambox.DreamboxDevice;5;0.5;0.75
captureplugin.drivers.simpledevice.SimpleConfigDialog;6;0.4;0.6
captureplugin.drivers.simpledevice.SimpleDevice;5;0.5;0.75
captureplugin.drivers.topfield.TopfieldConfiguration;17;0.4375;0.625
captureplugin.drivers.topfield.TopfieldConfigurationDialog;42;0.4634146341463415;0.6341463414634146
captureplugin.drivers.topfield.TopfieldServiceInfo;8;0.7142857142857143;0.7142857142857143
captureplugin.drivers.topfield.TopfieldTimerEntry;5;1.0;0.75
captureplugin.drivers.utils.ProgramTime;5;0.5;0.75
captureplugin.drivers.utils.ProgramTimeDialog;6;0.6;0.8
devplugin.Channel;14;0.5384615384615384;0.6153846153846154
devplugin.PluginInfo;6;0.2;0.8
devplugin.PluginTreeNode;8;0.42857142857142855;0.7142857142857143
devplugin.ProgramFieldType;6;0.4;0.8
dreamboxdataservice.DreamboxChannelHandler;5;0.75;0.75
dreamboxdataservice.DreamboxSettingsPanel;7;0.6666666666666666;0.8333333333333334
emailplugin.EMailSettingsTab;10;0.5555555555555556;0.6666666666666666
genreplugin.GenreSettingsTab;8;0.5714285714285714;0.7142857142857143
growlplugin.GrowlContainer;5;0.5;0.75
i18nplugin.PropertiesNode;5;0.5;0.75
i18nplugin.TranslationDialog;9;0.5;0.75
i18nplugin.TranslatorEditor;8;0.42857142857142855;0.7142857142857143
newsplugin.News;6;0.2;0.8
newsplugin.NewsDialog;7;0.5;0.8333333333333334
primarydatamanager.PrimaryDataManager;8;0.5714285714285714;0.7142857142857143
primarydatamanager.mirrorupdater.MirrorUpdater;6;0.6;0.8
primarydatamanager.mirrorupdater.data.FtpDataTarget;6;0.6;0.6
primarydatamanager.primarydataservice.HTMLFilterReader;5;0.5;0.75
primarydatamanager.primarydataservice.ProgramFrameDispatcher;6;0.6;0.6
primarydatamanager.primarydataservice.util.htmlparser.Tag;5;0.25;0.75
primarydatamanager.tvlistingstool.HtmlMirrorVisualizer;5;0.5;1.0
printplugin.dlgs.SettingsDialog;6;0.6;0.8
printplugin.dlgs.components.ProgramPreviewPanel;5;0.5;0.75
printplugin.dlgs.printfromqueuedialog.PrintFromQueueDialogContent;5;0.5;0.75
printplugin.printer.ProgramIcon;10;0.4444444444444444;0.6666666666666666
printplugin.printer.singleprogramprinter.DocumentRenderer;8;0.7142857142857143;0.7142857142857143
printplugin.settings.DayProgramPrinterSettings;9;0.375;0.75
printplugin.settings.MutableProgramIconSettings;5;0.25;0.75
schedulesdirectdataservice.SchedulesDirectSettingsPanel;5;0.5;0.75
simplemarkerplugin.ManagePanel;11;0.6;0.6
simplemarkerplugin.MarkList;10;0.5555555555555556;0.6666666666666666
simplemarkerplugin.SimpleMarkerPlugin;7;0.6666666666666666;0.8333333333333334
simplemarkerplugin.SimpleMarkerPluginSettingsTab;6;0.4;0.8
swedbtvdataservice.DataHydraChannelContainer;5;0.75;0.75
swedbtvdataservice.DataHydraChannelGroup;5;0.75;0.75
swedbtvdataservice.DataHydraDayParser;5;0.75;0.75
swedbtvdataservice.SweDBTvDataService;10;0.4444444444444444;0.6666666666666666
tvbrowser.core.ChannelUserSettings;7;0.6666666666666666;0.6666666666666666
tvbrowser.core.TvDataBase;6;0.4;0.8
tvbrowser.core.filters.filtercomponents.MassFilterComponent;5;0.25;0.75
tvbrowser.core.filters.filtercomponents.ProgramLengthFilterComponent;8;0.2857142857142857;0.7142857142857143
tvbrowser.core.icontheme.Directory;7;0.5;0.6666666666666666
tvbrowser.core.plugin.JavaPluginProxy;6;0.4;0.8
tvbrowser.core.plugin.PluginProxyManager;8;0.7142857142857143;0.7142857142857143
tvbrowser.core.search.booleansearch.StringMatcherRegEx;5;0.5;0.75
tvbrowser.extras.common.ChannelItem;6;0.4;0.8
tvbrowser.extras.common.LimitationConfiguration;6;0.6;0.6
tvbrowser.extras.favoritesplugin.FavoritesSettingTab;5;0.5;0.75
tvbrowser.extras.favoritesplugin.core.Exclusion;7;0.5;0.6666666666666666
tvbrowser.extras.favoritesplugin.core.Favorite;13;0.3333333333333333;0.5833333333333334
tvbrowser.extras.favoritesplugin.dlgs.EditFavoriteDialog;18;0.5294117647058824;0.7058823529411765
tvbrowser.extras.favoritesplugin.dlgs.ExclusionPanel;6;0.6;0.8
tvbrowser.extras.favoritesplugin.dlgs.FavoriteTree;7;0.5;0.6666666666666666
tvbrowser.extras.favoritesplugin.wizards.ExcludeWizardStep;25;0.5416666666666666;0.6666666666666666
tvbrowser.extras.favoritesplugin.wizards.LimitationsWizardStep;10;0.5555555555555556;0.6666666666666666
tvbrowser.extras.favoritesplugin.wizards.TypeWizardStep;12;0.6363636363636364;0.6363636363636364
tvbrowser.extras.favoritesplugin.wizards.WizardDlg;10;0.4444444444444444;0.6666666666666666
tvbrowser.extras.favoritesplugin.wizards.WizardHandler;5;0.5;1.0
tvbrowser.extras.programinfo.ProgramInfoSettingsTab;23;0.5;0.6363636363636364
tvbrowser.extras.reminderplugin.ReminderDialog;6;0.4;0.8
tvbrowser.extras.reminderplugin.ReminderFrame;13;0.5;0.6666666666666666
tvbrowser.extras.reminderplugin.ReminderList;5;0.5;0.75
tvbrowser.extras.reminderplugin.ReminderListDialog;6;0.2;0.8
tvbrowser.extras.reminderplugin.ReminderSettingsTab;18;0.5882352941176471;0.7058823529411765
tvbrowser.ui.SkinPanel;6;0.4;0.8
tvbrowser.ui.configassistant.NetworkCardPanel;12;0.7272727272727273;0.6363636363636364
tvbrowser.ui.filter.dlgs.EditFilterComponentDlg;5;0.25;0.75
tvbrowser.ui.filter.dlgs.EditFilterDlg;9;0.5;0.875
tvbrowser.ui.filter.dlgs.SelectFilterDlg;6;0.4;0.8
tvbrowser.ui.finder.calendar.CalendarTablePanel;5;0.5;0.75
tvbrowser.ui.licensebox.LicenseBox;5;0.5;1.0
tvbrowser.ui.mainframe.MenuBar;7;0.5;0.6666666666666666
tvbrowser.ui.mainframe.toolbar.ToolBar;7;0.5;0.8333333333333334
tvbrowser.ui.pluginview.Node;7;0.5;0.6666666666666666
tvbrowser.ui.pluginview.PluginTree;8;0.42857142857142855;0.7142857142857143
tvbrowser.ui.programtable.DefaultProgramTableModel;12;0.36363636363636365;0.7272727272727273
tvbrowser.ui.programtable.ProgramTable;24;0.6086956521739131;0.5652173913043478
tvbrowser.ui.programtable.background.TimeBlockBackPainter;6;0.4;0.8
tvbrowser.ui.settings.ChannelIconAndNameSettingsTab;7;0.8333333333333334;0.6666666666666666
tvbrowser.ui.settings.ConfigPluginSettingsTab;5;0.5;0.75
tvbrowser.ui.settings.FontsSettingsTab;7;0.5;0.8333333333333334
tvbrowser.ui.settings.LocaleSettingsTab;6;0.6;0.8
tvbrowser.ui.settings.LookAndFeelSettingsTab;14;0.6153846153846154;0.6923076923076923
tvbrowser.ui.settings.PictureSettingsTab;11;0.3;0.7
tvbrowser.ui.settings.PluginInfoPanel;6;0.8;0.8
tvbrowser.ui.settings.PluginSettingsTab;6;0.4;0.8
tvbrowser.ui.settings.PluginTableCellRenderer;6;0.6;0.6
tvbrowser.ui.settings.ProgramPanelSettingsTab;7;0.8333333333333334;0.6666666666666666
tvbrowser.ui.settings.ProgramTableSettingsTab;18;0.5294117647058824;0.6470588235294118
tvbrowser.ui.settings.ToolBarDragAndDropSettings;7;0.5;0.8333333333333334
tvbrowser.ui.settings.TrayImportantSettingsTab;8;0.5714285714285714;0.7142857142857143
tvbrowser.ui.settings.WebbrowserSettingsTab;6;0.6;0.8
tvbrowser.ui.settings.channel.ChannelConfigDlg;10;0.6666666666666666;0.6666666666666666
tvbrowser.ui.settings.tablebackgroundstyles.TimeBlockBackgroundStyle;6;0.4;0.8
tvbrowser.ui.splashscreen.SplashScreen;8;0.8571428571428571;0.7142857142857143
tvbrowser.ui.tray.Java6Tray;5;0.5;1.0
tvbrowser.ui.tray.ProgramMenuItemUI;5;0.75;0.75
tvbrowser.ui.update.SoftwareUpdateDlg;7;0.5;0.6666666666666666
tvbrowserdataservice.TvBrowserDataServiceChannelGroup;9;0.375;0.625
tvbrowserdataservice.TvBrowserDataServiceSettingsPanel;7;0.3333333333333333;0.6666666666666666
tvraterplugin.DialogOverview;5;0.25;0.75
tvraterplugin.DialogRating;9;0.625;0.75
tvraterplugin.TVRaterSettingsTab;5;0.5;0.75
util.exc.ErrorWindow;11;0.6;0.6
util.exc.MonitoringErrorStream;5;0.75;0.75
util.io.ExecutionHandler;5;0.5;0.75
util.io.NtpMessage;13;0.6666666666666666;0.5833333333333334
util.misc.AbstractXmlTvDataHandler;11;0.4;0.7
util.misc.TextLineBreakerStringWidth;7;0.8333333333333334;0.6666666666666666
util.program.AbstractPluginProgramFormating;5;0.75;0.75
util.program.CompoundedProgramFieldType;5;0.5;1.0
util.settings.ProgramPanelSettings;9;0.25;0.75
util.settings.WindowSetting;6;0.6;0.8
util.tvdataservice.IconLoader;5;0.5;1.0
util.ui.AlphaColorChooser;7;0.6666666666666666;0.6666666666666666
util.ui.AutoCompletion;10;0.4444444444444444;0.6666666666666666
util.ui.CaretPositionCorrector;6;0.4;0.8
util.ui.ChannelContextMenu;9;0.625;0.75
util.ui.ChannelLabel;6;0.4;0.8
util.ui.ChannelListCellRenderer;7;0.6666666666666666;0.6666666666666666
util.ui.DisclosureTriangle;5;0.5;1.0
util.ui.ExecuteSettingsDialog;6;0.6;0.8
util.ui.FileCheckBox;5;0.5;0.75
util.ui.HelpDialog;7;0.5;0.8333333333333334
util.ui.LineNumberHeader;5;0.25;1.0
util.ui.ListDragAndDropHandler;8;0.5714285714285714;0.8571428571428571
util.ui.LocalPluginProgramFormatingSettingsDialog;6;0.6;0.8
util.ui.MultipleFieldReader;6;0.4;0.8
util.ui.OrderChooser;9;0.625;0.75
util.ui.PictureAreaIcon;7;0.3333333333333333;0.6666666666666666
util.ui.PluginChooserDlg;6;0.4;0.8
util.ui.PluginProgramConfigurationPanel;5;0.5;0.75
util.ui.SearchForm;14;0.5384615384615384;0.6153846153846154
util.ui.SearchFormSettings;8;0.42857142857142855;0.7142857142857143
util.ui.SearchHelper;6;0.4;0.8
util.ui.SendToPluginDialog;5;0.5;0.75
util.ui.SingleAndDoubleClickTreeUI;5;0.75;0.75
util.ui.TextAreaIcon;6;0.4;0.6
util.ui.beanshell.SyntaxDocument;8;0.42857142857142855;0.7142857142857143
util.ui.customizableitems.CustomizableItemsPanel;5;0.25;0.75
util.ui.customizableitems.SelectableItemList;7;0.5;0.5
util.ui.customizableitems.SortableItemList;8;0.42857142857142855;0.7142857142857143
util.ui.login.LoginDialog;7;0.6666666666666666;0.6666666666666666
util.ui.progress.ProgressMonitorGroup;6;0.6;0.8
util.ui.view.Node;7;0.5;0.6666666666666666
webplugin.WebAddress;6;0.6;0.8
webplugin.WebAddressEditDialog;5;0.5;0.75
webplugin.WebSettingsTab;16;0.5333333333333333;0.6666666666666666
