file;entities;metric;metric_random
wicket.Application;9;0.75;0.625
wicket.AttributeModifier;5;1.0;0.75
wicket.Component;8;0.7142857142857143;0.7142857142857143
wicket.Page;8;1.0;0.7142857142857143
wicket.RequestCycle;11;0.9;0.6
wicket.ResourceReference;5;1.0;0.75
wicket.Session;12;0.5454545454545454;0.7272727272727273
wicket.markup.ComponentTag;9;0.5;0.75
wicket.markup.ContainerInfo;5;0.75;0.75
wicket.markup.Markup;8;0.5714285714285714;0.8571428571428571
wicket.markup.MarkupParser;6;0.4;0.8
wicket.markup.html.PackageResource;5;1.0;0.75
wicket.markup.html.form.persistence.CookieValuePersisterSettings;5;0.75;0.75
wicket.markup.html.image.resource.DefaultButtonImageResource;7;0.8333333333333334;0.8333333333333334
wicket.markup.html.image.resource.LocalizedImageResource;7;0.5;0.8333333333333334
wicket.markup.html.link.Link;5;1.0;0.75
wicket.markup.html.link.PopupSettings;8;0.8571428571428571;0.7142857142857143
wicket.markup.html.navigation.paging.PagingNavigation;6;0.6;0.8
wicket.markup.html.tree.AbstractTree;12;1.0;0.6363636363636364
wicket.markup.html.tree.DefaultTreeState;5;1.0;0.75
wicket.markup.parser.XmlPullParser;6;0.4;0.8
wicket.markup.parser.XmlTag;13;0.9166666666666666;0.5833333333333334
wicket.model.StringResourceModel;7;0.6666666666666666;0.8333333333333334
wicket.protocol.http.BufferedHttpServletResponse;10;0.4444444444444444;0.6666666666666666
wicket.protocol.http.MockHttpServletRequest;12;1.0;0.7272727272727273
wicket.protocol.http.MockHttpServletResponse;13;1.0;0.75
wicket.protocol.http.MockHttpSession;5;1.0;0.75
wicket.protocol.http.MockServletContext;5;1.0;0.75
wicket.protocol.http.MockWebApplication;10;0.7777777777777778;0.6666666666666666
wicket.protocol.http.RequestLogger;5;0.25;0.75
wicket.protocol.http.WebApplication;6;0.8;0.6
wicket.protocol.http.documentvalidation.HtmlDocumentParser;6;1.0;0.8
wicket.protocol.http.portlet.PortletApplication;6;0.6;0.6
wicket.request.RequestParameters;11;0.5;0.7
wicket.request.compound.CompoundRequestCycleProcessor;5;1.0;0.75
wicket.settings.Settings;50;0.9591836734693877;0.6122448979591837
wicket.util.convert.ConversionException;5;1.0;0.75
wicket.util.io.ByteArrayOutputStream;5;1.0;0.75
wicket.util.io.FullyBufferedReader;6;0.8;0.8
wicket.util.resource.UrlResourceStream;6;0.6;0.8
wicket.util.tester.FormTester;5;1.0;0.75
wicket.util.thread.Task;6;1.0;0.8
wicket.util.upload.DiskFileItem;8;0.42857142857142855;0.7142857142857143
wicket.util.upload.MultipartFormInputStream;9;0.5;0.625
wicket.util.upload.ParameterParser;6;0.6;0.6
wicket.version.undo.UndoPageVersionManager;5;1.0;1.0
