nm	MbitHr	flip	X1	X2	X3
130	3.26E+5	1	3068	1090	14554
130	2.04E+6	2	979	400	3081
130	2.38E+6	3	1259	573	3254
130	3.41E+6	4	1174	578	2686
130	4.41E+6	5	1133	592	2381
130	4.86E+6	6	1234	676	2436
130	6.77E+6	7	1034	588	1942
130	6.81E+6	8	1175	690	2120
130	6.87E+6	9	1311	790	2287
130	8.14E+6	10	1228	758	2084
130	8.31E+6	11	1324	833	2192
130	9.03E+6	12	1329	852	2153
130	9.46E+6	13	1375	895	2185
130	1.02E+7	14	1369	904	2141
130	1.16E+7	15	1291	864	1989
130	1.16E+7	16	1377	932	2091
130	1.17E+7	17	1457	997	2185
130	1.17E+7	18	1539	1064	2283
130	1.19E+7	19	1603	1118	2352
130	1.24E+7	20	1617	1138	2350
130	1.28E+7	21	1646	1167	2370
130	1.32E+7	22	1664	1189	2377
130	1.41E+7	23	1626	1170	2304
130	1.47E+7	24	1635	1184	2299
130	1.50E+7	25	1666	1214	2327
130	1.51E+7	26	1719	1260	2385
130	1.59E+7	27	1703	1255	2348
130	1.63E+7	28	1714	1270	2350
130	1.66E+7	29	1743	1298	2376
130	1.70E+7	30	1766	1321	2395
130	1.75E+7	31	1772	1332	2392
130	1.76E+7	32	1816	1370	2439
130	1.80E+7	33	1831	1388	2448
130	1.82E+7	34	1865	1419	2483
130	1.86E+7	35	1879	1435	2492
130	1.91E+7	36	1886	1446	2490
130	1.96E+7	37	1888	1452	2484
130	1.96E+7	38	1939	1497	2542
130	1.99E+7	39	1964	1521	2566
130	1.99E+7	40	2013	1564	2621
130	2.02E+7	41	2030	1582	2634
130	2.04E+7	42	2060	1609	2664
130	2.05E+7	43	2093	1639	2699
130	2.06E+7	44	2135	1677	2744
130	2.15E+7	45	2097	1652	2689
130	2.19E+7	46	2097	1656	2681
130	2.20E+7	47	2134	1689	2721
130	2.22E+7	48	2160	1713	2747
130	2.26E+7	49	2166	1723	2749
130	2.29E+7	50	2184	1741	2765
130	2.33E+7	51	2188	1747	2763
130	2.34E+7	52	2227	1782	2806
130	2.42E+7	53	2190	1756	2753
130	2.55E+7	54	2122	1705	2662
130	2.69E+7	55	2045	1647	2560
130	2.70E+7	56	2072	1672	2589
130	2.71E+7	57	2102	1698	2620
130	2.74E+7	58	2114	1711	2630
130	2.75E+7	59	2149	1743	2669
130	2.77E+7	60	2163	1757	2682
130	2.80E+7	61	2176	1771	2693
130	2.81E+7	62	2205	1797	2724
130	2.93E+7	63	2150	1755	2651
130	2.95E+7	64	2170	1774	2671
130	2.98E+7	65	2185	1789	2686
130	3.03E+7	66	2175	1784	2670
130	3.07E+7	67	2181	1791	2673
130	3.09E+7	68	2204	1812	2696
130	3.10E+7	69	2229	1836	2723
130	3.11E+7	70	2254	1859	2750
130	3.20E+7	71	2219	1833	2704
130	3.29E+7	72	2190	1811	2664
130	3.29E+7	73	2217	1836	2694
130	3.30E+7	74	2241	1858	2720
130	3.40E+7	75	2208	1833	2675
130	3.40E+7	76	2234	1857	2704
130	3.47E+7	77	2217	1844	2679
130	3.48E+7	78	2244	1869	2709
130	3.52E+7	79	2247	1874	2710
130	3.56E+7	80	2246	1875	2705
130	3.64E+7	81	2228	1862	2680
130	3.75E+7	82	2189	1831	2630
130	3.82E+7	83	2175	1822	2611
130	3.93E+7	84	2140	1794	2566
130	4.13E+7	85	2056	1725	2462
130	4.20E+7	86	2047	1719	2449
130	4.22E+7	87	2063	1735	2466
130	4.24E+7	88	2075	1746	2477
130	4.34E+7	89	2050	1727	2445
130	4.45E+7	90	2021	1704	2408
130	4.47E+7	91	2035	1718	2423
130	4.49E+7	92	2050	1732	2438
130	4.51E+7	93	2061	1743	2449
130	4.52E+7	94	2081	1762	2471
130	4.53E+7	95	2097	1776	2487
130	4.62E+7	96	2076	1760	2460
130	4.64E+7	97	2090	1773	2474
130	4.74E+7	97	2046	1736	2422
130	4.88E+7	98	2010	1707	2377
130	4.96E+7	99	1997	1697	2360
130	5.02E+7	100	1994	1696	2354
130	5.03E+7	101	2006	1708	2367
130	5.04E+7	102	2025	1725	2387
130	5.09E+7	103	2025	1727	2385
130	5.11E+7	104	2035	1736	2395
130	5.18E+7	105	2028	1732	2385
130	5.19E+7	106	2044	1746	2401
130	5.24E+7	107	2042	1746	2398
130	5.34E+7	108	2024	1732	2375
130	5.38E+7	109	2026	1735	2375
130	5.45E+7	110	2020	1731	2366
130	5.45E+7	111	2035	1745	2383
130	5.52E+7	112	2029	1741	2374
130	5.55E+7	113	2035	1748	2380
130	5.56E+7	114	2050	1761	2395
130	5.61E+7	115	2051	1764	2395
130	5.69E+7	116	2040	1755	2380
130	5.78E+7	117	2023	1741	2358
130	5.87E+7	118	2009	1730	2340
130	5.90E+7	119	2019	1740	2351
130	5.91E+7	120	2029	1750	2361
130	5.95E+7	121	2032	1753	2363
130	6.03E+7	122	2025	1748	2353
130	6.04E+7	123	2035	1758	2364
130	6.07E+7	124	2042	1765	2370
130	6.16E+7	125	2029	1755	2354
130	6.25E+7	126	2016	1745	2337
130	6.29E+7	127	2020	1750	2341
130	6.30E+7	128	2031	1760	2353
130	6.49E+7	129	1988	1723	2301
130	6.54E+7	130	1988	1725	2300
130	6.66E+7	131	1967	1707	2274
130	6.69E+7	132	1973	1713	2279
130	6.73E+7	133	1976	1717	2282
130	6.77E+7	134	1980	1721	2285
130	6.85E+7	135	1970	1713	2272
130	6.88E+7	136	1976	1720	2279
130	6.95E+7	137	1970	1715	2270
130	6.96E+7	138	1984	1728	2285
130	7.05E+7	139	1972	1718	2270
130	7.12E+7	140	1967	1715	2263
130	7.14E+7	141	1975	1722	2271
130	7.20E+7	142	1973	1722	2268
130	7.20E+7	143	1987	1734	2282
130	7.32E+7	144	1967	1718	2259
130	7.32E+7	145	1980	1730	2272
130	7.33E+7	146	1992	1741	2285
130	7.40E+7	147	1988	1739	2279
130	7.46E+7	148	1984	1736	2274
130	7.60E+7	149	1960	1716	2246
130	7.68E+7	150	1954	1711	2237
130	7.69E+7	151	1963	1720	2247
130	7.74E+7	152	1964	1722	2247
130	7.75E+7	153	1974	1731	2258
130	7.79E+7	154	1976	1734	2259
130	7.80E+7	155	1988	1745	2272
130	7.80E+7	156	2001	1757	2285
130	7.80E+7	157	2013	1768	2298
130	7.84E+7	158	2014	1770	2298
130	8.00E+7	159	1988	1747	2267
130	8.02E+7	160	1995	1755	2275
130	8.12E+7	161	1983	1745	2260
130	8.18E+7	162	1980	1742	2255
130	8.19E+7	163	1990	1752	2266
130	8.26E+7	164	1985	1749	2260
130	8.38E+7	165	1968	1734	2240
130	8.47E+7	166	1961	1728	2230
130	8.50E+7	167	1966	1733	2235
130	8.56E+7	168	1963	1731	2231
130	8.56E+7	169	1974	1742	2242
130	8.56E+7	169	1974	1742	2242
40	3.22E+5	1	500	178	2371
40	5.49E+5	2	586	240	1846
40	7.68E+5	3	629	287	1626
40	8.86E+5	3	546	248	1410
40	8.86E+5	3	546	248	1410
40	1.19E+6	4	541	267	1239
40	1.89E+6	5	427	223	898
40	1.89E+6	6	513	281	1012
40	1.89E+6	7	598	340	1123
40	1.89E+6	8	683	401	1233
40	1.89E+6	9	769	463	1342
40	2.30E+6	10	702	433	1190
40	3.09E+6	11	574	361	950
40	3.54E+6	12	545	350	884
40	3.54E+6	13	591	385	939
40	3.75E+6	14	601	397	939
40	4.10E+6	15	589	394	907
40	4.42E+6	16	584	395	886
40	6.37E+6	16	404	274	614
40	6.37E+6	16	404	274	614
40	7.01E+6	17	390	267	586
40	8.28E+6	18	350	242	519
40	8.87E+6	19	345	241	506
40	9.56E+6	20	337	237	490
40	1.02E+7	21	330	234	475
40	1.05E+7	22	337	241	482
40	1.05E+7	23	353	254	500
40	1.09E+7	24	355	257	499
40	1.09E+7	25	370	269	516
40	1.09E+7	26	384	282	534
40	1.10E+7	27	395	291	545
40	1.12E+7	28	402	298	552
40	1.14E+7	29	409	305	558
40	1.14E+7	30	422	316	573
40	1.14E+7	31	437	328	589
40	1.19E+7	32	435	328	584
40	1.19E+7	33	446	338	596
40	1.19E+7	34	459	350	612
40	1.19E+7	35	473	361	627
40	1.19E+7	36	486	373	642
40	1.19E+7	37	500	385	658
40	1.19E+7	38	513	396	673
40	1.19E+7	39	527	408	688
40	1.33E+7	40	483	375	628
40	1.40E+7	41	473	368	613
40	1.40E+7	42	484	378	626
40	1.40E+7	43	496	388	639
40	1.40E+7	44	507	399	652
40	1.40E+7	45	519	409	665
40	1.40E+7	46	530	419	678
40	1.43E+7	47	528	418	673
40	1.43E+7	48	539	428	686
40	1.47E+7	49	536	426	680
40	1.48E+7	49	534	425	678
40	1.48E+7	49	534	425	678
40	1.48E+7	49	534	425	678
40	1.54E+7	50	523	416	661
40	1.54E+7	51	533	426	673
40	1.54E+7	52	543	435	685
40	1.54E+7	53	554	444	696
40	1.54E+7	54	564	454	708
40	1.54E+7	55	575	463	720
40	1.71E+7	56	529	426	660
40	1.77E+7	57	519	419	647
40	1.77E+7	58	528	428	657
40	1.77E+7	59	537	436	667
40	1.77E+7	60	546	444	677
40	1.84E+7	61	534	435	661
40	1.86E+7	62	537	438	664
40	1.86E+7	63	546	446	673
40	1.87E+7	64	552	452	680
40	1.91E+7	65	547	448	672
40	1.94E+7	66	547	449	672
40	1.94E+7	67	556	456	681
40	1.94E+7	68	564	464	690
40	1.94E+7	69	572	471	699
40	1.94E+7	70	580	479	708
40	1.94E+7	71	589	486	717
40	1.94E+7	72	597	494	726
40	1.94E+7	73	605	501	735
40	1.94E+7	74	614	509	744
40	1.94E+7	75	622	516	754
40	2.01E+7	76	610	507	739
40	2.03E+7	77	611	508	738
40	2.03E+7	78	619	515	747
40	2.03E+7	79	627	522	756
40	2.03E+7	80	634	530	764
40	2.03E+7	81	642	537	773
40	2.03E+7	82	650	544	781
40	2.03E+7	83	658	551	790
40	2.03E+7	84	666	559	799
40	2.03E+7	85	674	566	807
40	2.03E+7	86	682	573	816
40	2.03E+7	87	690	580	825
40	2.06E+7	88	686	578	820
40	2.07E+7	89	691	582	824
40	2.07E+7	90	699	589	833
40	2.07E+7	91	707	596	841
40	2.07E+7	92	714	604	850
40	2.07E+7	93	722	611	858
40	2.07E+7	94	730	618	866
40	2.11E+7	95	725	614	860
40	2.19E+7	96	705	598	835
40	2.19E+7	97	712	605	843
40	2.19E+7	98	720	611	851
40	2.19E+7	99	727	618	859
40	2.19E+7	100	734	625	867
40	2.19E+7	101	742	631	875
40	2.26E+7	102	728	620	858
40	2.27E+7	103	731	623	861
40	2.33E+7	104	718	613	845
40	2.33E+7	105	725	619	852
40	2.33E+7	106	732	625	860
40	2.33E+7	107	739	632	867
40	2.33E+7	108	746	638	875
40	2.33E+7	109	752	644	882
40	2.35E+7	110	754	646	883
40	2.35E+7	111	761	652	890
40	2.35E+7	112	767	659	898
40	2.39E+7	113	761	653	890
40	2.39E+7	114	768	660	897
40	2.39E+7	115	774	666	904
40	2.41E+7	116	774	666	903
40	2.41E+7	117	780	672	910
40	2.42E+7	118	785	676	914
40	2.42E+7	119	791	682	921
40	2.42E+7	120	798	688	928
40	2.42E+7	121	805	694	936
40	2.42E+7	122	811	700	943
40	2.42E+7	123	818	707	950
40	2.42E+7	124	824	713	957
40	2.42E+7	125	831	719	964
40	2.42E+7	126	838	725	971
40	2.42E+7	127	844	731	978
40	2.42E+7	128	851	737	986
40	2.45E+7	129	850	737	983
40	2.45E+7	130	856	743	990
40	2.48E+7	131	851	739	984
40	2.53E+7	132	839	729	970
40	2.54E+7	133	844	733	974
40	2.54E+7	134	850	739	981
40	2.60E+7	135	836	727	964
40	2.60E+7	136	842	733	971
40	2.71E+7	137	815	710	940
40	2.71E+7	138	821	715	946
40	2.71E+7	139	827	721	952
40	2.71E+7	140	833	726	959
40	2.82E+7	141	804	701	925
40	2.82E+7	142	810	707	931
40	2.92E+7	143	789	689	907
40	2.98E+7	144	778	679	893
40	3.00E+7	145	778	680	893
40	3.00E+7	146	783	685	898
40	3.07E+7	147	771	674	884
40	3.07E+7	148	776	679	890
40	3.07E+7	149	782	684	895
40	3.07E+7	150	787	689	901
40	3.07E+7	151	792	694	907
40	3.07E+7	152	797	699	912
40	3.07E+7	153	803	704	918
40	3.33E+7	154	744	653	850
40	3.34E+7	155	747	655	853
40	3.37E+7	156	745	654	851
40	3.59E+7	157	704	618	804
40	3.59E+7	158	708	623	808
40	3.59E+7	159	713	627	813
40	3.59E+7	160	717	631	818
40	3.72E+7	161	698	614	795
40	3.72E+7	162	702	618	800
40	3.72E+7	163	706	622	804
40	3.72E+7	164	711	626	809
40	3.72E+7	165	715	630	813
40	3.72E+7	166	719	634	818
40	3.72E+7	167	724	638	823
40	3.72E+7	168	728	642	827
40	3.72E+7	169	732	646	832
40	3.72E+7	170	737	650	836
40	3.72E+7	171	741	654	841
40	3.72E+7	172	745	658	846
40	3.72E+7	173	750	662	850
40	3.72E+7	174	754	666	855
40	3.72E+7	175	758	671	860
40	3.72E+7	176	763	675	864
40	3.72E+7	177	767	679	869
40	3.84E+7	178	747	662	846
40	3.84E+7	179	750	664	849
40	3.84E+7	180	754	668	854
40	3.84E+7	181	759	672	858
40	3.84E+7	182	763	676	863
40	3.84E+7	183	767	680	867
40	3.89E+7	184	761	675	860
40	3.93E+7	185	759	673	857
40	3.98E+7	186	753	668	851
40	4.04E+7	187	745	662	841
40	4.06E+7	188	745	662	841
40	4.07E+7	189	748	665	844
40	4.07E+7	190	751	667	847
40	4.07E+7	191	755	671	851
40	4.07E+7	192	759	675	855
40	4.07E+7	193	763	678	859
40	4.12E+7	194	758	674	854
40	4.12E+7	195	762	678	858
40	4.12E+7	196	766	682	862
40	4.19E+7	197	757	674	852
40	4.19E+7	198	761	678	856
40	4.34E+7	199	739	658	831
40	4.34E+7	200	742	662	835
40	4.34E+7	201	746	665	839
40	4.37E+7	202	745	664	837
40	4.65E+7	203	704	628	790
40	4.65E+7	204	707	631	794
40	4.65E+7	205	709	633	797
40	4.65E+7	206	713	636	800
40	4.81E+7	207	693	619	778
40	4.81E+7	208	697	622	781
40	4.81E+7	209	700	625	785
40	4.81E+7	210	703	629	788
40	4.81E+7	211	707	632	792
40	4.81E+7	212	710	635	796
40	4.81E+7	213	713	638	799
40	4.81E+7	214	717	641	803
40	4.81E+7	215	720	644	806
40	4.81E+7	216	723	648	810
40	4.85E+7	217	721	645	807
40	4.88E+7	218	719	644	804
40	4.92E+7	219	717	643	803
40	4.95E+7	220	715	641	800
40	4.95E+7	221	718	644	803
40	4.95E+7	222	722	647	806
40	5.07E+7	223	708	635	791
40	5.09E+7	224	709	636	792
40	5.17E+7	225	700	628	782
40	5.17E+7	226	703	631	785
40	5.24E+7	227	698	626	779
40	5.24E+7	228	700	629	782
40	5.24E+7	229	703	632	785
40	5.27E+7	230	703	632	785
40	5.33E+7	231	698	627	779
40	5.35E+7	232	698	627	778
40	5.39E+7	233	696	626	776
40	5.39E+7	234	699	629	779
40	5.39E+7	235	702	631	782
40	5.39E+7	236	705	634	785
40	5.39E+7	237	708	637	789
40	5.39E+7	238	711	640	792
40	5.39E+7	239	714	643	795
40	5.39E+7	240	717	646	798
40	5.40E+7	241	718	647	799
40	5.46E+7	242	713	642	794
40	5.52E+7	243	709	639	789
40	5.52E+7	244	712	642	792
40	5.52E+7	245	715	645	795
40	5.52E+7	246	718	647	798
40	5.52E+7	247	721	650	801
40	5.52E+7	248	724	653	804
40	5.52E+7	249	726	655	806
40	5.52E+7	250	729	658	809
40	5.52E+7	251	732	660	813
40	5.52E+7	252	735	663	816
40	5.54E+7	253	735	664	816
40	5.54E+7	254	738	666	819
40	5.58E+7	255	736	664	816
40	5.60E+7	256	736	665	817
40	5.65E+7	257	733	662	813
40	5.71E+7	258	728	657	807
40	5.83E+7	259	716	647	793
40	5.92E+7	260	708	640	784
40	5.98E+7	261	703	635	779
40	6.03E+7	262	699	632	774
40	6.03E+7	263	702	635	777
40	6.03E+7	264	704	637	780
40	6.03E+7	265	707	640	783
40	6.03E+7	266	710	642	786
40	6.03E+7	267	712	645	788
40	6.03E+7	268	715	647	791
40	6.15E+7	269	704	638	779
40	6.23E+7	270	698	632	772
40	6.23E+7	271	700	634	774
40	6.23E+7	272	703	637	777
40	6.23E+7	273	705	639	780
40	6.23E+7	274	708	642	783
40	6.23E+7	275	711	644	785
40	6.33E+7	276	703	637	776
40	6.46E+7	277	691	626	763
40	6.59E+7	278	680	616	751
40	6.59E+7	279	682	619	753
40	6.59E+7	280	685	621	756
40	6.68E+7	281	678	615	748
40	6.68E+7	282	680	617	750
40	6.68E+7	283	682	619	753
40	6.68E+7	284	685	622	756
40	6.68E+7	285	687	624	758
40	6.68E+7	286	690	626	761
40	6.68E+7	287	692	629	763
40	6.68E+7	288	694	631	766
40	6.68E+7	289	697	633	768
40	6.68E+7	290	699	635	771
40	6.68E+7	291	702	638	773
40	6.74E+7	292	698	634	769
40	6.74E+7	293	700	637	771
40	6.74E+7	294	702	638	773
40	6.82E+7	295	696	633	767
40	6.83E+7	296	697	634	768
40	6.90E+7	297	693	631	763
40	6.90E+7	298	696	633	766
40	6.93E+7	299	695	632	764
40	6.93E+7	300	697	634	767
40	6.93E+7	301	699	637	769
40	6.93E+7	302	702	639	772
40	6.99E+7	303	698	635	767
40	7.00E+7	304	699	637	769
40	7.00E+7	305	702	639	771
40	7.00E+7	306	704	641	774
40	7.00E+7	307	706	643	776
40	7.00E+7	308	708	646	779
40	6.99E+7	309	712	649	782
40	7.05E+7	310	708	646	778
40	7.11E+7	311	704	642	774
40	7.18E+7	312	700	638	769
40	7.23E+7	313	697	635	765
40	7.28E+7	314	694	633	762
40	7.34E+7	315	691	630	758
40	7.34E+7	316	693	632	761
40	7.46E+7	317	684	624	750
40	7.50E+7	318	683	623	749
40	7.54E+7	319	681	622	747
40	7.55E+7	320	682	623	749
40	7.61E+7	321	680	621	745
40	7.65E+7	322	678	619	744
40	7.65E+7	323	680	621	746
40	7.65E+7	324	682	623	748
40	7.65E+7	325	684	625	750
40	7.68E+7	326	683	624	749
40	7.68E+7	327	685	626	751
40	7.75E+7	328	682	623	747
40	7.81E+7	329	679	620	743
40	7.81E+7	330	681	622	746
40	7.81E+7	331	682	624	747
40	7.81E+7	332	684	626	749
40	7.81E+7	333	686	628	751
40	7.81E+7	334	688	630	754
40	7.81E+7	335	690	632	756
40	7.81E+7	336	692	633	758
40	7.88E+7	337	689	630	754
40	7.89E+7	338	690	632	755
40	7.98E+7	339	684	626	749
40	8.04E+7	340	681	623	745
40	8.10E+7	341	678	620	741
40	8.10E+7	342	680	622	743
40	8.10E+7	343	682	624	745
40	8.10E+7	344	684	626	747
40	8.10E+7	345	686	628	749
40	8.10E+7	346	688	630	751
40	8.10E+7	347	689	632	754
40	8.24E+7	348	680	623	744
40	8.24E+7	349	682	625	746
40	8.24E+7	350	684	627	748
40	8.24E+7	351	686	629	750
40	8.24E+7	352	688	631	752
40	8.24E+7	353	690	633	754
40	8.34E+7	354	684	627	747
40	8.34E+7	355	686	629	749
40	8.34E+7	356	688	631	751
40	8.34E+7	357	690	633	753
40	8.35E+7	358	690	633	754
40	8.35E+7	359	692	635	756
40	8.35E+7	360	694	637	758
40	8.35E+7	361	696	639	760
40	8.35E+7	362	698	641	762
40	8.35E+7	363	700	643	764
40	8.35E+7	364	702	644	766
40	8.36E+7	365	703	645	766
40	8.37E+7	366	705	647	768
40	8.37E+7	367	706	649	770
40	8.40E+7	368	706	648	769
40	8.40E+7	369	707	650	771
40	8.40E+7	370	709	652	773
40	8.40E+7	371	711	654	775
40	8.41E+7	372	712	654	776
40	8.45E+7	373	711	653	774
40	8.45E+7	374	713	655	776
40	8.45E+7	375	715	657	778
40	8.45E+7	376	717	659	780
40	8.45E+7	377	718	661	782
40	8.45E+7	378	720	662	784
40	8.45E+7	379	722	664	786
40	8.45E+7	380	724	666	788
40	8.45E+7	381	726	668	790
40	8.45E+7	382	728	669	792
40	8.45E+7	383	730	671	794
40	8.45E+7	384	732	673	796
40	8.45E+7	385	733	675	798
40	8.52E+7	386	730	672	794
40	8.52E+7	387	732	674	796
40	8.52E+7	388	734	675	798
40	8.52E+7	389	736	677	800
40	8.52E+7	390	737	679	802
40	8.52E+7	391	739	681	804
40	8.52E+7	392	741	683	806
40	8.52E+7	393	743	684	808
40	8.52E+7	394	745	686	810
40	8.52E+7	395	747	688	812
40	8.52E+7	396	749	690	814
40	8.61E+7	397	743	684	807
40	8.61E+7	398	745	686	809
40	8.61E+7	399	746	688	811
40	8.61E+7	400	748	690	813
40	8.66E+7	401	745	687	810
40	8.66E+7	402	747	689	812
40	8.72E+7	403	744	686	808
40	8.72E+7	404	746	688	810
40	8.71E+7	405	749	690	813
40	8.78E+7	406	744	687	808
40	8.78E+7	407	746	688	810
40	8.78E+7	408	748	690	812
40	8.78E+7	409	750	692	814
40	8.78E+7	410	752	694	816
40	8.78E+7	411	754	695	818
40	8.78E+7	412	755	697	820
40	8.78E+7	413	757	699	822
40	8.78E+7	414	759	701	823
40	8.78E+7	415	761	702	825
40	8.78E+7	416	763	704	827
40	8.78E+7	417	765	706	829
40	8.80E+7	418	765	706	829
40	8.80E+7	419	767	708	831
40	8.80E+7	420	768	710	833
40	8.82E+7	421	769	710	833
40	8.82E+7	422	770	712	835
40	8.86E+7	423	768	710	833
40	8.89E+7	424	768	710	833
40	8.89E+7	425	770	711	834
40	8.93E+7	426	768	709	832
40	8.93E+7	427	770	711	834
40	8.93E+7	428	772	713	836
40	8.93E+7	429	773	715	838
40	8.93E+7	430	775	716	839
40	8.93E+7	431	777	718	841
40	8.94E+7	432	778	719	842
40	8.95E+7	433	779	720	844
40	8.97E+7	434	779	720	843
40	9.05E+7	435	774	716	838
40	9.06E+7	436	775	717	839
40	9.06E+7	437	777	718	841
40	9.06E+7	438	778	720	842
40	9.06E+7	439	780	722	844
40	9.06E+7	440	782	723	846
40	9.06E+7	441	784	725	848
40	9.06E+7	442	786	727	850
40	9.20E+7	443	775	717	839
40	9.25E+7	444	773	715	836
40	9.29E+7	445	772	714	835
40	9.29E+7	446	773	716	836
40	9.31E+7	447	773	716	836
40	9.31E+7	448	775	717	838
40	9.31E+7	449	777	719	840
40	9.31E+7	450	778	721	842
40	9.37E+7	451	775	718	838
40	9.42E+7	452	773	716	836
40	9.46E+7	453	771	714	833
40	9.53E+7	454	767	711	829
40	9.53E+7	455	769	712	831
40	9.53E+7	456	771	714	833
40	9.62E+7	457	765	709	827
40	9.62E+7	458	767	710	828
40	9.66E+7	459	765	709	826
40	9.68E+7	460	765	709	826
40	9.71E+7	461	765	709	826
40	9.87E+7	462	754	698	814
40	9.90E+7	463	753	698	813
40	9.93E+7	464	753	698	813
40	1.01E+8	465	744	689	803
40	1.01E+8	466	740	686	799
40	1.01E+8	467	742	688	801
40	1.01E+8	468	744	690	803
40	1.01E+8	469	745	691	804
40	1.02E+8	470	741	687	800
40	1.02E+8	471	742	689	801
40	1.02E+8	472	744	690	803
40	1.02E+8	473	746	692	805
40	1.03E+8	474	744	690	802
40	1.03E+8	475	745	691	804
40	1.03E+8	476	747	693	806
40	1.03E+8	477	745	691	804
40	1.06E+8	478	724	672	781
40	1.07E+8	479	719	667	775
40	1.07E+8	480	720	668	776
40	1.07E+8	481	721	669	778
40	1.07E+8	482	723	671	779
40	1.07E+8	483	724	672	781
40	1.07E+8	484	726	674	782
40	1.07E+8	485	727	675	784
40	1.07E+8	486	729	677	786
40	1.07E+8	487	730	678	787
40	1.07E+8	488	732	680	789
40	1.07E+8	489	733	681	790
40	1.07E+8	490	735	682	792
40	1.08E+8	491	734	682	791
40	1.08E+8	492	736	683	793
40	1.08E+8	493	736	684	793
40	1.08E+8	494	738	686	795
40	1.08E+8	495	739	687	797
40	1.08E+8	496	741	688	798
40	1.08E+8	497	742	690	799
40	1.08E+8	498	741	688	798
40	1.09E+8	499	741	688	797
40	1.09E+8	500	742	690	799
40	1.09E+8	501	741	689	798
40	1.09E+8	502	743	691	800
40	1.09E+8	503	744	692	801
40	1.09E+8	504	746	694	803
40	1.09E+8	505	744	692	801
40	1.10E+8	506	740	688	797
40	1.10E+8	507	742	690	798
40	1.10E+8	508	743	691	800
40	1.10E+8	509	745	693	801
40	1.10E+8	510	746	694	803
40	1.10E+8	511	748	695	804
40	1.10E+8	512	749	697	806
40	1.10E+8	513	750	698	807
40	1.10E+8	514	752	700	809
40	1.10E+8	515	753	701	810
40	1.10E+8	516	755	702	812
40	1.10E+8	517	756	704	813
40	1.10E+8	518	755	703	812
40	1.11E+8	519	751	699	808
40	1.11E+8	520	753	701	809
40	1.11E+8	521	754	702	811
40	1.11E+8	522	756	703	812
40	1.11E+8	523	757	705	814
40	1.11E+8	524	758	706	815
40	1.11E+8	525	760	708	817
40	1.11E+8	526	761	709	818
40	1.11E+8	527	763	710	820
40	1.11E+8	528	764	712	821
40	1.11E+8	529	766	713	823
40	1.11E+8	530	767	715	824
40	1.11E+8	531	769	716	826
40	1.11E+8	532	770	717	827
40	1.11E+8	533	772	719	829
40	1.13E+8	534	764	711	820
40	1.14E+8	535	757	706	813
40	1.14E+8	536	756	705	812
40	1.14E+8	537	757	706	814
40	1.14E+8	538	759	707	815
40	1.14E+8	539	760	709	816
40	1.14E+8	540	762	710	818
40	1.14E+8	541	763	711	819
40	1.14E+8	542	765	713	821
40	1.14E+8	543	766	714	822
40	1.14E+8	544	767	715	824
40	1.14E+8	545	769	717	825
40	1.14E+8	546	770	718	827
40	1.14E+8	547	772	720	828
40	1.14E+8	548	773	721	830
40	1.14E+8	549	774	722	831
40	1.14E+8	550	776	724	832
40	1.14E+8	551	777	725	834
40	1.14E+8	552	779	726	835
40	1.14E+8	553	779	726	835
40	1.14E+8	554	780	728	837
40	1.14E+8	555	782	729	838
40	1.14E+8	556	783	731	840
40	1.14E+8	557	784	732	841
40	1.14E+8	558	786	733	843
40	1.14E+8	559	787	735	844
40	1.15E+8	560	786	733	843
40	1.16E+8	561	776	724	832
40	1.17E+8	562	772	721	828
40	1.18E+8	563	770	719	826
40	1.18E+8	564	772	720	827
40	1.18E+8	565	773	722	829
40	1.18E+8	566	774	723	830
40	1.18E+8	567	776	724	831
40	1.18E+8	568	777	726	833
40	1.18E+8	569	778	727	834
40	1.18E+8	570	780	728	836
40	1.18E+8	571	781	730	837
40	1.18E+8	572	778	726	833
40	1.19E+8	573	775	724	831
40	1.19E+8	574	776	725	832
40	1.20E+8	575	773	722	829
40	1.20E+8	576	775	724	830
40	1.20E+8	577	772	721	827
40	1.20E+8	578	772	722	827
40	1.21E+8	579	773	722	828
40	1.21E+8	580	772	722	827
40	1.21E+8	581	774	723	828
40	1.21E+8	582	775	724	830
40	1.21E+8	583	774	723	828
40	1.22E+8	584	770	719	824
40	1.22E+8	585	771	721	826
40	1.22E+8	586	771	721	825
40	1.23E+8	587	770	720	824
40	1.23E+8	588	771	720	825
40	1.23E+8	589	772	722	826
40	1.23E+8	590	773	723	828
40	1.23E+8	591	775	724	829
40	1.23E+8	592	772	722	826
40	1.24E+8	593	773	723	827
40	1.24E+8	594	773	723	828
40	1.24E+8	595	771	721	825
40	1.24E+8	596	772	722	826
40	1.24E+8	597	773	723	827
40	1.24E+8	598	775	725	829
40	1.24E+8	599	776	726	830
40	1.24E+8	600	777	727	831
40	1.25E+8	601	775	725	829
40	1.25E+8	602	774	724	828
40	1.25E+8	603	775	725	829
40	1.25E+8	604	776	726	830
40	1.25E+8	605	778	728	832
40	1.25E+8	606	779	729	833
40	1.26E+8	607	779	729	833
40	1.26E+8	608	777	727	831
40	1.26E+8	609	777	727	831
40	1.26E+8	610	778	728	832
40	1.27E+8	611	776	726	830
40	1.28E+8	612	772	723	826
40	1.28E+8	613	773	724	827
40	1.28E+8	614	775	725	828
40	1.28E+8	615	776	726	829
40	1.29E+8	616	770	721	823
40	1.29E+8	617	771	722	824
40	1.29E+8	618	773	723	826
40	1.29E+8	619	774	725	827
40	1.29E+8	620	775	726	828
40	1.29E+8	621	773	724	826
40	1.30E+8	622	773	724	826
40	1.30E+8	623	772	723	825
40	1.30E+8	624	771	722	824
40	1.30E+8	625	772	723	825
40	1.30E+8	626	774	725	826
40	1.30E+8	627	775	726	828
40	1.31E+8	628	774	725	827
40	1.31E+8	629	774	725	827
40	1.32E+8	630	771	723	824
40	1.33E+8	631	766	718	818
40	1.33E+8	632	767	719	819
40	1.33E+8	633	769	720	821
40	1.33E+8	634	766	718	818
40	1.34E+8	635	765	717	817
40	1.34E+8	636	762	714	814
40	1.35E+8	637	760	712	811
40	1.35E+8	638	761	713	812
40	1.35E+8	639	762	714	814
40	1.35E+8	640	763	716	815
40	1.35E+8	641	764	717	816
40	1.35E+8	642	766	718	817
40	1.35E+8	643	767	719	819
40	1.35E+8	644	768	720	820
40	1.38E+8	645	753	706	804
40	1.38E+8	646	755	707	805
40	1.38E+8	647	756	709	806
40	1.39E+8	648	751	705	802
40	1.39E+8	649	751	705	802
40	1.40E+8	650	749	702	799
40	1.40E+8	651	750	704	800
40	1.40E+8	652	749	702	799
40	1.41E+8	653	747	701	797
40	1.41E+8	654	746	699	795
40	1.43E+8	655	740	694	789
40	1.43E+8	656	741	695	790
40	1.43E+8	657	739	694	789
40	1.43E+8	658	741	695	790
40	1.43E+8	659	742	696	791
40	1.43E+8	660	743	697	792
40	1.44E+8	661	740	694	789
40	1.44E+8	662	741	696	790
40	1.44E+8	663	742	697	792
40	1.44E+8	664	743	698	793
40	1.44E+8	665	745	699	794
40	1.44E+8	666	746	700	795
40	1.44E+8	667	745	699	794
40	1.44E+8	668	746	701	796
40	1.45E+8	669	744	698	793
40	1.45E+8	670	744	698	793
40	1.45E+8	671	744	699	793
40	1.45E+8	672	745	699	794
40	1.45E+8	673	746	700	795
40	1.45E+8	674	747	701	796
40	1.45E+8	675	748	702	797
40	1.45E+8	676	749	703	798
40	1.45E+8	677	750	704	799
40	1.45E+8	678	751	705	800
40	1.45E+8	679	752	707	802
40	1.45E+8	680	753	708	803
40	1.45E+8	681	754	708	803
40	1.46E+8	682	752	706	801
40	1.47E+8	683	747	702	796
40	1.48E+8	684	746	701	795
40	1.48E+8	685	745	700	794
40	1.48E+8	686	746	701	795
40	1.48E+8	687	747	702	796
40	1.48E+8	688	748	703	797
40	1.49E+8	689	745	700	794
40	1.49E+8	690	746	701	795
40	1.49E+8	691	748	702	796
40	1.49E+8	692	749	703	797
40	1.49E+8	693	750	705	798
40	1.49E+8	694	751	706	799
40	1.49E+8	695	752	707	800
40	1.49E+8	696	753	708	802
40	1.49E+8	697	754	709	803
40	1.49E+8	698	755	710	804
40	1.49E+8	699	756	711	805
40	1.49E+8	700	757	712	806
40	1.49E+8	701	758	713	807
40	1.49E+8	702	759	714	808
40	1.49E+8	703	761	715	809
40	1.49E+8	704	761	716	810
40	1.49E+8	705	761	716	810
40	1.49E+8	706	762	717	811
40	1.49E+8	707	763	718	812
40	1.49E+8	708	764	719	813
40	1.49E+8	709	765	720	814
40	1.49E+8	710	767	721	816
40	1.49E+8	711	766	721	815
40	1.49E+8	712	768	722	817
40	1.49E+8	713	769	723	818
40	1.49E+8	714	770	724	819
40	1.50E+8	715	769	724	818
40	1.50E+8	716	770	725	819
40	1.50E+8	717	771	726	820
40	1.50E+8	718	770	724	819
40	1.50E+8	719	771	725	820
40	1.50E+8	720	772	726	821
40	1.50E+8	721	773	727	822
40	1.50E+8	722	774	728	823
40	1.50E+8	723	775	729	824
40	1.52E+8	724	769	724	818
40	1.52E+8	725	770	725	819
40	1.52E+8	726	771	726	820
40	1.52E+8	727	771	725	819
40	1.52E+8	728	772	726	820
40	1.52E+8	729	771	726	820
40	1.52E+8	730	772	726	820
40	1.52E+8	731	773	727	822
40	1.52E+8	732	774	728	823
40	1.52E+8	733	775	729	824
40	1.52E+8	734	776	731	825
40	1.52E+8	735	777	732	826
40	1.52E+8	736	778	733	827
40	1.52E+8	737	779	734	828
40	1.52E+8	738	780	735	829
40	1.52E+8	739	781	736	830
40	1.52E+8	740	782	737	831
40	1.52E+8	741	783	738	832
40	1.52E+8	742	784	739	834
40	1.52E+8	743	786	740	835
40	1.52E+8	744	787	741	836
40	1.52E+8	745	788	742	837
40	1.52E+8	746	789	743	838
40	1.52E+8	747	790	744	839
40	1.52E+8	748	791	745	840
40	1.52E+8	749	792	746	841
40	1.52E+8	750	793	747	842
40	1.54E+8	751	786	740	835
40	1.55E+8	752	780	735	829
40	1.55E+8	753	781	735	829
40	1.56E+8	754	780	735	829
40	1.56E+8	755	778	733	826
40	1.57E+8	756	777	732	825
40	1.57E+8	757	778	733	826
40	1.58E+8	758	775	730	823
40	1.58E+8	759	776	731	824
40	1.58E+8	760	777	732	825
40	1.58E+8	761	778	733	826
40	1.58E+8	762	779	734	827
40	1.58E+8	763	780	735	828
40	1.58E+8	764	781	736	829
40	1.58E+8	765	781	736	829
40	1.58E+8	766	782	737	830
40	1.58E+8	767	782	737	830
40	1.58E+8	768	783	738	831
40	1.58E+8	769	784	739	832
40	1.58E+8	770	785	740	833
40	1.58E+8	771	786	741	834
40	1.58E+8	772	787	742	835
40	1.58E+8	773	788	743	836
40	1.58E+8	774	789	744	837
40	1.58E+8	775	790	745	838
40	1.58E+8	776	791	746	840
40	1.58E+8	777	792	747	841
40	1.58E+8	778	793	748	842
40	1.58E+8	779	794	749	843
40	1.58E+8	780	795	750	844
40	1.58E+8	781	796	751	845
40	1.58E+8	782	797	752	846
40	1.58E+8	783	798	753	847
40	1.58E+8	784	799	754	848
40	1.58E+8	785	800	754	848
40	1.58E+8	786	801	755	849
40	1.58E+8	787	802	756	851
40	1.58E+8	788	803	757	852
40	1.58E+8	789	804	758	853
40	1.58E+8	790	805	759	854
40	1.58E+8	791	805	760	854
40	1.58E+8	792	806	760	855
40	1.58E+8	793	807	761	855
40	1.58E+8	794	808	762	857
40	1.58E+8	795	809	763	858
40	1.59E+8	796	808	763	857
40	1.59E+8	797	809	764	858
40	1.59E+8	798	807	761	855
40	1.59E+8	799	807	762	856
40	1.59E+8	800	808	763	857
40	1.60E+8	801	806	761	854
40	1.60E+8	802	806	761	855
40	1.60E+8	803	807	761	855
40	1.60E+8	804	808	762	856
40	1.60E+8	805	809	763	857
40	1.60E+8	806	810	764	858
40	1.60E+8	807	810	765	859
40	1.60E+8	808	811	766	860
40	1.60E+8	809	812	767	861
40	1.60E+8	810	813	768	862
40	1.60E+8	811	814	769	863
40	1.60E+8	812	815	770	864
40	1.60E+8	813	816	771	865
40	1.60E+8	814	817	772	866
40	1.60E+8	815	818	773	867
40	1.60E+8	816	819	774	868
40	1.60E+8	817	820	775	869
40	1.60E+8	818	821	776	870
40	1.60E+8	819	822	776	871
40	1.60E+8	820	823	777	872
40	1.61E+8	821	824	778	872
40	1.61E+8	822	825	779	873
40	1.61E+8	823	825	779	873
40	1.61E+8	824	826	780	874
40	1.61E+8	825	827	781	875
40	1.61E+8	826	828	782	876
40	1.61E+8	827	829	783	877
40	1.61E+8	828	828	782	877
40	1.62E+8	829	825	779	873
40	1.62E+8	830	826	780	874
40	1.62E+8	831	827	781	875
40	1.62E+8	832	828	782	876
40	1.62E+8	833	829	783	877
40	1.62E+8	834	830	784	878
40	1.62E+8	835	831	785	879
40	1.62E+8	836	832	786	881
40	1.62E+8	837	833	787	882
40	1.62E+8	838	834	788	883
40	1.62E+8	839	833	787	881
40	1.62E+8	840	833	788	882
40	1.62E+8	841	834	789	883
40	1.66E+8	842	819	774	867
40	1.66E+8	843	820	775	868
40	1.66E+8	844	818	773	865
40	1.66E+8	845	818	773	866
40	1.66E+8	846	819	774	866
40	1.66E+8	847	819	775	867
40	1.66E+8	848	820	776	868
40	1.66E+8	849	821	777	869
40	1.67E+8	850	819	775	867
40	1.67E+8	851	820	776	868
40	1.67E+8	852	820	775	867
40	1.68E+8	853	819	775	867
40	1.68E+8	854	820	775	868
40	1.68E+8	855	820	776	868
40	1.68E+8	856	820	775	867
40	1.68E+8	857	821	776	868
40	1.68E+8	858	822	777	869
40	1.68E+8	859	823	778	870
40	1.68E+8	860	824	779	871
40	1.68E+8	861	825	780	872
40	1.68E+8	862	824	779	872
40	1.69E+8	863	825	780	872
40	1.69E+8	864	824	779	872
40	1.69E+8	865	824	779	872
40	1.69E+8	866	825	780	873
40	1.69E+8	867	826	781	874
40	1.69E+8	868	827	782	875
40	1.69E+8	869	828	783	875
40	1.69E+8	870	829	784	876
40	1.69E+8	871	830	785	877
40	1.69E+8	872	831	786	878
40	1.69E+8	873	832	787	879
40	1.69E+8	874	833	788	880
40	1.69E+8	875	833	789	881
40	1.69E+8	876	834	790	882
40	1.69E+8	877	835	790	883
40	1.69E+8	878	836	791	884
40	1.69E+8	879	837	792	885
40	1.69E+8	880	838	793	886
40	1.69E+8	881	839	794	887
40	1.69E+8	882	840	795	888
40	1.69E+8	883	840	795	888
40	1.69E+8	884	841	796	889
40	1.70E+8	885	839	794	887
40	1.70E+8	886	840	795	888
40	1.70E+8	887	841	796	889
40	1.70E+8	888	841	796	889
40	1.70E+8	889	842	797	890
40	1.70E+8	890	843	798	891
40	1.70E+8	891	844	799	892
40	1.70E+8	892	845	800	893
40	1.70E+8	893	845	800	893
40	1.71E+8	894	843	798	890
40	1.71E+8	895	843	799	891
40	1.71E+8	896	844	799	892
40	1.71E+8	897	845	800	893
40	1.72E+8	898	840	795	888
40	1.72E+8	899	840	795	887
40	1.73E+8	900	839	795	887
40	1.73E+8	901	840	795	888
40	1.74E+8	902	835	791	883
40	1.74E+8	903	835	791	882
40	1.74E+8	904	834	790	881
40	1.75E+8	905	835	791	882
40	1.75E+8	906	833	789	880
40	1.76E+8	907	831	787	878
40	1.76E+8	908	832	788	879
40	1.76E+8	909	832	788	878
40	1.77E+8	909	829.1	785	876
65	3.01e+6	1	332	118	1577
65	3.66e+6	2	547	224	1721
65	5.14e+6	3	584	266	1509
65	8.61e+6	4	465	229	1063
65	9.98e+6	5	501	262	1054
65	1.02e+7	6	588	322	1161
65	1.38e+7	7	506	288	951
65	1.45e+7	8	554	325	999
65	1.45e+7	9	623	375	1087
65	1.45e+7	10	692	427	1174
65	1.45e+7	11	758	477	1255
65	1.49e+7	12	807	517	1308
65	2.24e+7	13	581	378	923
65	2.24e+7	14	626	413	978
65	2.24e+7	15	670	448	1032
65	2.24e+7	16	715	484	1086
65	2.24e+7	17	760	520	1139
65	2.27e+7	18	794	549	1177
65	2.27e+7	19	838	585	1230
65	2.27e+7	20	882	621	1282
65	2.32e+7	21	904	641	1302
65	2.32e+7	22	947	677	1353
65	2.43e+7	23	946	680	1340
65	2.49e+7	24	964	698	1356
65	2.49e+7	25	1004	732	1403
65	2.49e+7	26	1045	766	1450
65	2.54e+7	27	1064	784	1467
65	2.82e+7	28	994	736	1363
65	2.89e+7	29	1004	748	1369
65	2.97e+7	30	1010	755	1369
65	2.99e+7	31	1037	779	1400
65	2.99e+7	32	1071	808	1438
65	2.99e+7	33	1104	837	1476
65	2.99e+7	34	1137	865	1514
65	3.04e+7	35	1153	881	1529
65	3.04e+7	36	1185	908	1564
65	3.06e+7	37	1210	931	1592
65	3.14e+7	38	1208	933	1584
65	3.19e+7	38	1191	919	1561
65	3.50e+7	39	1114	863	1455
65	3.53e+7	40	1135	881	1477
65	3.61e+7	41	1135	884	1472
65	3.69e+7	42	1138	889	1472
65	3.80e+7	43	1132	887	1460
65	3.95e+7	44	1115	876	1433
65	3.95e+7	45	1140	898	1462
65	3.95e+7	46	1165	920	1490
65	4.06e+7	47	1158	917	1477
65	4.15e+7	48	1158	918	1472
65	4.17e+7	49	1174	934	1490
65	4.20e+7	50	1191	949	1508
65	4.22e+7	51	1208	965	1525
65	4.32e+7	52	1202	962	1515
65	4.39e+7	53	1207	968	1518
65	4.44e+7	54	1217	978	1527
65	4.44e+7	55	1240	998	1552
65	4.57e+7	56	1226	989	1532
65	4.57e+7	57	1248	1008	1556
65	4.60e+7	58	1261	1021	1570
65	4.60e+7	59	1283	1041	1594
65	4.61e+7	60	1301	1057	1613
65	4.62e+7	61	1321	1075	1635
65	4.62e+7	62	1343	1095	1659
65	4.62e+7	63	1365	1114	1683
65	4.75e+7	64	1348	1102	1660
65	4.85e+7	65	1342	1099	1649
65	4.89e+7	66	1351	1108	1658
65	5.04e+7	67	1330	1092	1629
65	5.04e+7	68	1349	1110	1651
65	5.14e+7	69	1341	1105	1639
65	5.15e+7	70	1359	1121	1658
65	5.23e+7	71	1358	1122	1655
65	5.53e+7	72	1301	1076	1583
65	5.89e+7	73	1239	1025	1505
65	5.89e+7	74	1255	1041	1523
65	6.02e+7	75	1246	1034	1510
65	6.02e+7	76	1263	1049	1528
65	6.31e+7	77	1219	1015	1474
65	6.38e+7	78	1223	1019	1477
65	6.56e+7	79	1205	1005	1453
65	6.58e+7	80	1216	1015	1464
65	6.62e+7	81	1223	1022	1471
65	6.66e+7	82	1232	1031	1480
65	6.66e+7	83	1247	1044	1497
65	6.66e+7	84	1262	1058	1513
65	6.94e+7	85	1225	1028	1467
65	7.43e+7	86	1157	972	1384
65	7.63e+7	87	1140	959	1363
65	7.63e+7	88	1153	971	1377
65	7.64e+7	89	1164	981	1389
65	7.69e+7	90	1170	987	1394
65	8.08e+7	91	1126	950	1340
65	8.11e+7	92	1134	958	1349
65	8.13e+7	93	1145	968	1360
65	8.41e+7	94	1118	946	1327
65	8.46e+7	95	1123	951	1332
65	8.59e+7	96	1118	947	1324
65	8.64e+7	97	1123	952	1329
65	8.64e+7	98	1134	963	1341
65	8.64e+7	99	1146	974	1354
65	8.65e+7	100	1156	983	1365
65	8.67e+7	101	1165	991	1374
65	8.67e+7	102	1176	1002	1387
65	8.68e+7	103	1186	1012	1398
65	8.68e+7	104	1198	1022	1410
65	8.74e+7	105	1202	1026	1413
65	8.74e+7	106	1213	1037	1426
65	8.83e+7	107	1212	1037	1423
65	8.96e+7	108	1205	1032	1414
65	8.98e+7	109	1214	1039	1423
65	8.99e+7	110	1224	1049	1434
65	9.21e+7	111	1205	1034	1411
65	9.24e+7	112	1212	1040	1417
65	9.40e+7	113	1202	1032	1405
65	9.40e+7	114	1212	1042	1416
65	9.40e+7	115	1223	1051	1428
65	9.49e+7	116	1222	1052	1426
65	9.51e+7	117	1231	1060	1435
65	9.55e+7	118	1236	1065	1440
65	9.55e+7	119	1246	1074	1451
65	9.60e+7	120	1250	1078	1455
65	9.91e+7	121	1221	1053	1420
65	9.91e+7	122	1231	1063	1430
65	9.94e+7	123	1238	1069	1438
65	9.97e+7	124	1244	1075	1444
65	9.97e+7	125	1254	1085	1455
65	9.99e+7	126	1261	1091	1462
65	1.01e+8	127	1263	1094	1464
65	1.01e+8	128	1267	1098	1467
65	1.03e+8	129	1257	1090	1455
65	1.03e+8	130	1267	1099	1466
65	1.03e+8	131	1277	1108	1476
65	1.03e+8	132	1286	1117	1486
65	1.03e+8	133	1296	1126	1497
65	1.03e+8	134	1306	1135	1507
65	1.03e+8	135	1309	1138	1510
65	1.03e+8	136	1318	1147	1520
65	1.03e+8	137	1328	1156	1530
65	1.04e+8	138	1327	1156	1528
65	1.04e+8	139	1333	1162	1535
65	1.04e+8	140	1342	1170	1544
65	1.04e+8	141	1350	1178	1553
65	1.05e+8	142	1350	1178	1551
65	1.07e+8	143	1342	1171	1541
65	1.07e+8	144	1351	1180	1551
65	1.07e+8	145	1358	1187	1559
65	1.07e+8	146	1365	1193	1566
65	1.08e+8	147	1360	1189	1559
65	1.09e+8	148	1364	1194	1563
65	1.09e+8	149	1368	1198	1568
65	1.10e+8	150	1368	1198	1566
65	1.10e+8	151	1375	1205	1574
65	1.10e+8	152	1382	1212	1582
65	1.12e+8	153	1362	1194	1557
65	1.12e+8	154	1371	1203	1567
65	1.12e+8	155	1380	1211	1576
65	1.13e+8	156	1383	1214	1579
65	1.13e+8	157	1392	1223	1589
65	1.13e+8	158	1401	1231	1598
65	1.14e+8	159	1391	1223	1586
65	1.15e+8	160	1389	1222	1584
65	1.15e+8	161	1396	1228	1591
65	1.15e+8	162	1405	1236	1600
65	1.15e+8	163	1413	1244	1609
65	1.15e+8	164	1422	1252	1619
65	1.17e+8	165	1414	1246	1609
65	1.17e+8	166	1423	1254	1618
65	1.17e+8	167	1421	1253	1616
65	1.18e+8	168	1428	1260	1623
65	1.19e+8	169	1415	1248	1607
65	1.21e+8	170	1403	1239	1593
65	1.21e+8	171	1409	1244	1600
65	1.22e+8	172	1409	1245	1599
65	1.22e+8	173	1415	1250	1605
65	1.23e+8	174	1419	1255	1609
65	1.23e+8	175	1427	1262	1618
65	1.23e+8	176	1436	1270	1627
65	1.23e+8	177	1444	1278	1635
65	1.23e+8	178	1452	1285	1644
65	1.24e+8	179	1444	1279	1635
65	1.24e+8	180	1452	1287	1644
65	1.24e+8	181	1461	1294	1652
65	1.24e+8	182	1464	1298	1655
65	1.26e+8	183	1451	1287	1641
65	1.27e+8	184	1454	1290	1643
65	1.27e+8	185	1462	1297	1651
65	1.27e+8	186	1470	1305	1660
65	1.28e+8	187	1456	1292	1643
65	1.28e+8	188	1464	1300	1652
65	1.31e+8	189	1438	1277	1622
65	1.32e+8	190	1440	1279	1624
65	1.32e+8	191	1447	1286	1632
65	1.32e+8	192	1455	1294	1640
65	1.32e+8	193	1457	1296	1642
65	1.33e+8	194	1463	1302	1648
65	1.33e+8	195	1468	1307	1653
65	1.33e+8	196	1476	1314	1661
65	1.33e+8	197	1483	1321	1669
65	1.34e+8	198	1480	1319	1665
65	1.34e+8	199	1488	1326	1673
65	1.34e+8	200	1495	1333	1681
65	1.34e+8	201	1503	1340	1689
65	1.34e+8	202	1505	1342	1691
65	1.36e+8	203	1497	1335	1682
65	1.36e+8	204	1502	1341	1687
65	1.36e+8	205	1509	1347	1695
65	1.36e+8	206	1510	1348	1695
65	1.36e+8	207	1517	1355	1702
65	1.36e+8	208	1524	1362	1710
65	1.37e+8	209	1520	1358	1705
65	1.37e+8	210	1528	1365	1713
65	1.38e+8	211	1528	1366	1713
65	1.40e+8	212	1518	1358	1701
65	1.40e+8	213	1525	1364	1709
65	1.40e+8	214	1533	1371	1717
65	1.40e+8	215	1532	1371	1716
65	1.41e+8	216	1533	1372	1716
65	1.41e+8	217	1540	1379	1724
65	1.41e+8	218	1547	1386	1731
65	1.41e+8	219	1554	1393	1739
65	1.41e+8	220	1560	1398	1744
65	1.43e+8	221	1551	1390	1734
65	1.43e+8	222	1553	1392	1736
65	1.43e+8	223	1555	1394	1737
65	1.45e+8	224	1547	1387	1728
65	1.46e+8	225	1540	1382	1720
65	1.46e+8	226	1547	1388	1727
65	1.46e+8	227	1554	1395	1734
65	1.46e+8	228	1561	1401	1742
65	1.46e+8	229	1567	1407	1749
65	1.48e+8	230	1558	1399	1738
65	1.49e+8	231	1552	1395	1731
65	1.49e+8	232	1557	1399	1736
65	1.49e+8	233	1564	1406	1743
65	1.52e+8	234	1538	1382	1714
65	1.55e+8	235	1519	1366	1692
65	1.55e+8	236	1525	1372	1699
65	1.55e+8	237	1532	1378	1706
65	1.55e+8	238	1538	1384	1713
65	1.55e+8	239	1545	1390	1719
65	1.55e+8	239	1541	1387	1716
