file;entities;metric;metric_random
net.sourceforge.cobertura.ant.CheckTask;11;;
net.sourceforge.cobertura.ant.CommonMatchingTask;16;0.8333333333333334;0.5833333333333334
net.sourceforge.cobertura.ant.InstrumentTask;13;0.9090909090909091;0.8181818181818182
net.sourceforge.cobertura.ant.ReportTask;6;;
net.sourceforge.cobertura.check.PackageCoverage;8;;
net.sourceforge.cobertura.coveragedata.ClassData;31;0.9655172413793104;1.0
net.sourceforge.cobertura.coveragedata.CoverageDataContainer;14;0.9090909090909091;0.9090909090909091
net.sourceforge.cobertura.coveragedata.CoverageDataFileHandler;5;0.3333333333333333;1.0
net.sourceforge.cobertura.coveragedata.JumpData;14;0.8181818181818182;0.8181818181818182
net.sourceforge.cobertura.coveragedata.LineData;32;0.896551724137931;0.6551724137931034
net.sourceforge.cobertura.coveragedata.PackageData;9;;
net.sourceforge.cobertura.coveragedata.ProjectData;13;1.0;1.0
net.sourceforge.cobertura.coveragedata.SourceFileData;13;;
net.sourceforge.cobertura.coveragedata.SwitchData;14;0.8181818181818182;0.7272727272727273
net.sourceforge.cobertura.coveragedata.TouchCollector;6;0.75;1.0
net.sourceforge.cobertura.coveragedata.countermaps.AtomicCounterMap;5;;
net.sourceforge.cobertura.instrument.Archive;5;;
net.sourceforge.cobertura.instrument.ClassPattern;5;0.6666666666666666;1.0
net.sourceforge.cobertura.instrument.CoberturaFile;5;0.6666666666666666;1.0
net.sourceforge.cobertura.instrument.FirstPassMethodInstrumenter;16;1.0;0.7857142857142857
net.sourceforge.cobertura.instrument.Main;9;1.0;1.0
net.sourceforge.cobertura.instrument.NewLocalVariableMethodAdapter;5;;
net.sourceforge.cobertura.instrument.SecondPassMethodInstrumenter;25;0.9565217391304348;0.782608695652174
net.sourceforge.cobertura.reporting.ComplexityCalculator;8;0.3333333333333333;1.0
net.sourceforge.cobertura.reporting.Main;6;1.0;1.0
net.sourceforge.cobertura.reporting.html.HTMLReport;21;;
net.sourceforge.cobertura.reporting.xml.XMLReport;20;1.0;0.9444444444444444
net.sourceforge.cobertura.util.CommandLineBuilder;6;;
net.sourceforge.cobertura.util.FileFinder;8;0.5;0.8333333333333334
net.sourceforge.cobertura.util.IOUtil;6;;
