file;entities;metric;metric_random
com.itextpdf.text.Anchor;8;1.0;1.0
com.itextpdf.text.Annotation;18;;
com.itextpdf.text.BaseColor;10;1.0;1.0
com.itextpdf.text.DocWriter;24;0.9545454545454546;0.7272727272727273
com.itextpdf.text.Document;45;;
com.itextpdf.text.ExceptionConverter;9;;
com.itextpdf.text.Font;25;;
com.itextpdf.text.FontFactory;27;;
com.itextpdf.text.FontFactoryImp;24;;
com.itextpdf.text.List;37;;
com.itextpdf.text.MarkedObject;7;;
com.itextpdf.text.MarkedSection;18;0.9375;1.0
com.itextpdf.text.Meta;9;;
com.itextpdf.text.Paragraph;26;0.875;0.7916666666666666
com.itextpdf.text.Rectangle;60;0.9824561403508771;0.9473684210526315
com.itextpdf.text.RectangleReadOnly;25;1.0;0.9565217391304348
com.itextpdf.text.Section;49;0.9333333333333333;0.8888888888888888
com.itextpdf.text.Utilities;22;0.95;1.0
com.itextpdf.text.error_messages.MessageLocalization;12;1.0;0.9
com.itextpdf.text.factories.ElementFactory;11;0.8888888888888888;1.0
com.itextpdf.text.factories.GreekAlphabetFactory;5;;
com.itextpdf.text.factories.RomanAlphabetFactory;5;;
com.itextpdf.text.factories.RomanNumberFactory;5;;
com.itextpdf.text.html.Markup;5;;
com.itextpdf.text.html.simpleparser.FactoryProperties;13;0.9090909090909091;1.0
com.itextpdf.text.html.simpleparser.HTMLWorker;23;0.9523809523809523;1.0
com.itextpdf.text.html.simpleparser.IncCell;7;;
com.itextpdf.text.html.simpleparser.IncTable;10;;
com.itextpdf.text.html.simpleparser.StyleSheet;5;;
com.itextpdf.text.pdf.ArabicLigaturizer;11;;
com.itextpdf.text.pdf.Barcode128;10;0.875;0.875
com.itextpdf.text.pdf.Barcode39;6;0.75;1.0
com.itextpdf.text.pdf.BarcodeCodabar;5;;
com.itextpdf.text.pdf.BarcodeDatamatrix;25;1.0;0.6956521739130435
com.itextpdf.text.pdf.BarcodeEAN;10;0.875;1.0
com.itextpdf.text.pdf.BarcodeInter25;6;;
com.itextpdf.text.pdf.BarcodePDF417;54;0.78;0.48
com.itextpdf.text.pdf.BaseField;41;1.0;0.7894736842105263
com.itextpdf.text.pdf.BaseFont;70;0.8787878787878788;0.7575757575757576
com.itextpdf.text.pdf.BidiLine;22;;
com.itextpdf.text.pdf.BidiOrder;25;0.8260869565217391;0.8695652173913043
com.itextpdf.text.pdf.ByteBuffer;26;0.9583333333333334;1.0
com.itextpdf.text.pdf.CFFFontSubset;38;0.8285714285714286;0.7714285714285715
com.itextpdf.text.pdf.CMYKColor;6;;
com.itextpdf.text.pdf.CMapAwareDocumentFont;7;0.6;1.0
com.itextpdf.text.pdf.ColumnText;62;0.9152542372881356;0.864406779661017
com.itextpdf.text.pdf.DefaultFontMapper;10;;
com.itextpdf.text.pdf.DocumentFont;29;1.0;0.7777777777777778
com.itextpdf.text.pdf.FdfReader;8;1.0;0.8
com.itextpdf.text.pdf.FdfWriter;14;0.75;0.8333333333333334
com.itextpdf.text.pdf.FontDetails;7;1.0;1.0
com.itextpdf.text.pdf.ICC_Profile;5;;
com.itextpdf.text.pdf.IntHashtable;15;0.9166666666666666;1.0
com.itextpdf.text.pdf.LZWDecoder;7;;
com.itextpdf.text.pdf.MappedRandomAccessFile;10;0.8571428571428571;0.8571428571428571
com.itextpdf.text.pdf.MultiColumnText;26;0.875;0.9166666666666666
com.itextpdf.text.pdf.OutputStreamCounter;7;;
com.itextpdf.text.pdf.OutputStreamEncryption;6;;
com.itextpdf.text.pdf.PRAcroForm;8;1.0;1.0
com.itextpdf.text.pdf.PRStream;12;0.9;1.0
com.itextpdf.text.pdf.PRTokeniser;27;;
com.itextpdf.text.pdf.PageResources;14;;
com.itextpdf.text.pdf.PdfAcroForm;34;;
com.itextpdf.text.pdf.PdfAction;19;0.8235294117647058;1.0
com.itextpdf.text.pdf.PdfAnnotation;55;0.9615384615384616;0.9807692307692307
com.itextpdf.text.pdf.PdfArray;24;0.9090909090909091;0.9545454545454546
com.itextpdf.text.pdf.PdfChunk;36;0.8484848484848485;0.7272727272727273
com.itextpdf.text.pdf.PdfContentByte;174;0.8352941176470589;0.8588235294117647
com.itextpdf.text.pdf.PdfContentParser;7;;
com.itextpdf.text.pdf.PdfCopy;21;0.6470588235294118;0.47058823529411764
com.itextpdf.text.pdf.PdfCopyFields;16;;
com.itextpdf.text.pdf.PdfCopyFieldsImp;25;0.47619047619047616;0.5714285714285714
com.itextpdf.text.pdf.PdfCopyForms;17;;
com.itextpdf.text.pdf.PdfDictionary;27;1.0;0.96
com.itextpdf.text.pdf.PdfEncryption;26;0.7916666666666666;0.8333333333333334
com.itextpdf.text.pdf.PdfEncryptor;15;;
com.itextpdf.text.pdf.PdfFileSpecification;13;;
com.itextpdf.text.pdf.PdfFont;9;1.0;1.0
com.itextpdf.text.pdf.PdfFormField;33;0.8;0.8
com.itextpdf.text.pdf.PdfFunction;5;1.0;1.0
com.itextpdf.text.pdf.PdfGState;9;;
com.itextpdf.text.pdf.PdfImportedPage;15;0.6153846153846154;0.8461538461538461
com.itextpdf.text.pdf.PdfLayerMembership;6;;
com.itextpdf.text.pdf.PdfLine;26;0.6521739130434783;0.6521739130434783
com.itextpdf.text.pdf.PdfLister;5;;
com.itextpdf.text.pdf.PdfName;5;0.6666666666666666;1.0
com.itextpdf.text.pdf.PdfObject;18;0.9375;1.0
com.itextpdf.text.pdf.PdfOutline;23;0.8095238095238095;0.8095238095238095
com.itextpdf.text.pdf.PdfPCell;68;0.9242424242424242;0.9545454545454546
com.itextpdf.text.pdf.PdfPRow;15;0.8333333333333334;0.9166666666666666
com.itextpdf.text.pdf.PdfPTable;87;0.9036144578313253;0.9156626506024096
com.itextpdf.text.pdf.PdfPageEventHelper;11;;
com.itextpdf.text.pdf.PdfPageLabels;8;0.8333333333333334;1.0
com.itextpdf.text.pdf.PdfPages;7;;
com.itextpdf.text.pdf.PdfPatternPainter;36;0.9411764705882353;0.9117647058823529
com.itextpdf.text.pdf.PdfPublicKeySecurityHandler;7;0.75;1.0
com.itextpdf.text.pdf.PdfReaderInstance;8;;
com.itextpdf.text.pdf.PdfRectangle;16;;
com.itextpdf.text.pdf.PdfShading;22;0.9473684210526315;0.7894736842105263
com.itextpdf.text.pdf.PdfShadingPattern;10;0.875;1.0
com.itextpdf.text.pdf.PdfSigGenericPKCS;5;;
com.itextpdf.text.pdf.PdfSignature;8;;
com.itextpdf.text.pdf.PdfStamper;44;;
com.itextpdf.text.pdf.PdfStamperImp;63;0.7966101694915254;0.7796610169491526
com.itextpdf.text.pdf.PdfStream;8;0.8333333333333334;1.0
com.itextpdf.text.pdf.PdfString;10;0.875;0.875
com.itextpdf.text.pdf.PdfStructureTreeRoot;6;0.6666666666666666;1.0
com.itextpdf.text.pdf.PdfTemplate;22;0.65;0.8
com.itextpdf.text.pdf.PdfTextArray;5;1.0;1.0
com.itextpdf.text.pdf.PdfVisibilityExpression;5;;
com.itextpdf.text.pdf.Pfm2afm;11;1.0;1.0
com.itextpdf.text.pdf.RadioCheckField;12;1.0;1.0
com.itextpdf.text.pdf.SequenceList;6;0.6666666666666666;1.0
com.itextpdf.text.pdf.SimpleBookmark;19;0.8125;0.6875
com.itextpdf.text.pdf.SimpleNamedDestination;15;0.9230769230769231;1.0
com.itextpdf.text.pdf.TrueTypeFont;40;0.8055555555555556;0.6388888888888888
com.itextpdf.text.pdf.TrueTypeFontSubSet;13;1.0;1.0
com.itextpdf.text.pdf.Type1Font;16;0.8461538461538461;0.9230769230769231
com.itextpdf.text.pdf.Type3Font;21;1.0;1.0
com.itextpdf.text.pdf.VerticalText;19;0.875;0.875
com.itextpdf.text.pdf.XfdfReader;10;;
com.itextpdf.text.pdf.codec.BmpImage;28;1.0;0.8
com.itextpdf.text.pdf.codec.CCITTG4Encoder;14;0.8333333333333334;0.75
com.itextpdf.text.pdf.codec.GifImage;18;0.8666666666666667;0.8
com.itextpdf.text.pdf.codec.JBIG2SegmentReader;11;0.7777777777777778;0.7777777777777778
com.itextpdf.text.pdf.codec.LZWStringTable;6;0.75;1.0
com.itextpdf.text.pdf.codec.PngImage;22;0.9473684210526315;0.5263157894736842
com.itextpdf.text.pdf.codec.PngWriter;12;0.9;0.9
com.itextpdf.text.pdf.codec.TIFFFaxDecoder;14;1.0;0.8333333333333334
com.itextpdf.text.pdf.codec.TIFFFaxDecompressor;14;1.0;0.75
com.itextpdf.text.pdf.codec.TIFFField;20;;
com.itextpdf.text.pdf.codec.TIFFLZWDecoder;7;;
com.itextpdf.text.pdf.codec.TiffImage;9;0.5;1.0
com.itextpdf.text.pdf.codec.TiffWriter;6;;
com.itextpdf.text.pdf.codec.wmf.InputMeta;7;;
com.itextpdf.text.pdf.codec.wmf.MetaDo;8;0.8333333333333334;1.0
com.itextpdf.text.pdf.codec.wmf.MetaFont;6;;
com.itextpdf.text.pdf.codec.wmf.MetaState;34;;
com.itextpdf.text.pdf.collection.PdfCollectionField;5;;
com.itextpdf.text.pdf.collection.PdfCollectionItem;9;;
com.itextpdf.text.pdf.collection.PdfTargetDictionary;6;;
com.itextpdf.text.pdf.crypto.ARCFOUREncryption;6;;
com.itextpdf.text.pdf.draw.LineSeparator;10;;
com.itextpdf.text.pdf.draw.VerticalPositionMark;10;;
com.itextpdf.text.pdf.events.PdfPageEventForwarder;12;;
com.itextpdf.text.pdf.fonts.cmaps.CMap;6;;
com.itextpdf.text.pdf.fonts.cmaps.CMapParser;9;1.0;1.0
com.itextpdf.text.pdf.hyphenation.ByteVector;7;;
com.itextpdf.text.pdf.hyphenation.CharVector;9;;
com.itextpdf.text.pdf.hyphenation.Hyphenation;5;;
com.itextpdf.text.pdf.hyphenation.HyphenationTree;13;0.8;0.8
com.itextpdf.text.pdf.hyphenation.Hyphenator;12;;
com.itextpdf.text.pdf.hyphenation.SimplePatternParser;14;0.6363636363636364;0.7272727272727273
com.itextpdf.text.pdf.hyphenation.TernaryTree;21;0.5882352941176471;0.8235294117647058
com.itextpdf.text.pdf.internal.PdfAnnotationsImp;11;0.8888888888888888;1.0
com.itextpdf.text.pdf.internal.PdfVersionImp;9;;
com.itextpdf.text.pdf.internal.PdfViewerPreferencesImp;8;0.8333333333333334;1.0
com.itextpdf.text.pdf.internal.PdfXConformanceImp;10;;
com.itextpdf.text.pdf.internal.PolylineShape;11;0.8888888888888888;1.0
com.itextpdf.text.pdf.internal.PolylineShapeIterator;5;;
com.itextpdf.text.pdf.parser.GraphicsState;10;;
com.itextpdf.text.pdf.parser.ImageRenderInfo;8;0.6;1.0
com.itextpdf.text.pdf.parser.InlineImageUtils;7;1.0;1.0
com.itextpdf.text.pdf.parser.LineSegment;5;;
com.itextpdf.text.pdf.parser.LocationTextExtractionStrategy;6;0.75;1.0
com.itextpdf.text.pdf.parser.Matrix;7;;
com.itextpdf.text.pdf.parser.PdfContentReaderTool;7;1.0;1.0
com.itextpdf.text.pdf.parser.PdfContentStreamProcessor;16;0.7142857142857143;0.7857142857142857
com.itextpdf.text.pdf.parser.SimpleTextExtractionStrategy;5;;
com.itextpdf.text.pdf.parser.TaggedPdfReaderTool;7;0.8;1.0
com.itextpdf.text.pdf.parser.TextMarginFinder;10;;
com.itextpdf.text.pdf.parser.TextRenderInfo;12;0.6666666666666666;0.7777777777777778
com.itextpdf.text.pdf.parser.Vector;11;;
com.itextpdf.text.pdf.qrcode.BitArray;11;0.8888888888888888;1.0
com.itextpdf.text.pdf.qrcode.BitMatrix;10;;
com.itextpdf.text.pdf.qrcode.BitVector;10;1.0;1.0
com.itextpdf.text.pdf.qrcode.ByteArray;7;;
com.itextpdf.text.pdf.qrcode.ByteMatrix;8;;
com.itextpdf.text.pdf.qrcode.Encoder;21;0.7777777777777778;0.6666666666666666
com.itextpdf.text.pdf.qrcode.ErrorCorrectionLevel;5;;
com.itextpdf.text.pdf.qrcode.FormatInformation;7;0.75;0.75
com.itextpdf.text.pdf.qrcode.GF256;8;;
com.itextpdf.text.pdf.qrcode.GF256Poly;11;1.0;1.0
com.itextpdf.text.pdf.qrcode.MaskUtil;6;1.0;1.0
com.itextpdf.text.pdf.qrcode.MatrixUtil;20;1.0;0.6666666666666666
com.itextpdf.text.pdf.qrcode.Mode;5;;
com.itextpdf.text.pdf.qrcode.QRCode;24;;
com.itextpdf.text.pdf.qrcode.Version;11;0.875;0.875
com.itextpdf.text.pdf.richmedia.RichMediaActivation;6;;
com.itextpdf.text.pdf.richmedia.RichMediaAnnotation;10;;
com.itextpdf.text.pdf.richmedia.RichMediaParams;5;;
com.itextpdf.text.pdf.richmedia.RichMediaPresentation;6;;
com.itextpdf.text.xml.XmlDomWriter;7;1.0;1.0
com.itextpdf.text.xml.simpleparser.SimpleXMLParser;14;0.75;0.8333333333333334
com.itextpdf.text.xml.xmp.DublinCoreSchema;8;;
com.itextpdf.text.xml.xmp.XmpBasicSchema;6;;
com.itextpdf.text.xml.xmp.XmpReader;5;;
com.itextpdf.text.xml.xmp.XmpSchema;8;0.6;0.8
com.itextpdf.text.xml.xmp.XmpWriter;5;;
