file;entities;metric;metric_random
org.jfree.chart.ChartFactory;40;;
org.jfree.chart.ChartRenderingInfo;10;1.0;1.0
org.jfree.chart.ChartUtilities;27;;
org.jfree.chart.LegendItem;38;0.9722222222222222;0.9166666666666666
org.jfree.chart.LegendItemCollection;7;;
org.jfree.chart.PaintMap;8;1.0;1.0
org.jfree.chart.PolarChartPanel;5;0.5;1.0
org.jfree.chart.StrokeMap;8;1.0;1.0
org.jfree.chart.annotations.AbstractXYAnnotation;8;0.8333333333333334;1.0
org.jfree.chart.annotations.CategoryLineAnnotation;18;1.0;1.0
org.jfree.chart.annotations.CategoryPointerAnnotation;22;1.0;0.95
org.jfree.chart.annotations.CategoryTextAnnotation;10;;
org.jfree.chart.annotations.TextAnnotation;16;1.0;0.9285714285714286
org.jfree.chart.annotations.XYBoxAnnotation;6;1.0;1.0
org.jfree.chart.annotations.XYDataImageAnnotation;14;1.0;1.0
org.jfree.chart.annotations.XYImageAnnotation;10;1.0;1.0
org.jfree.chart.annotations.XYLineAnnotation;6;1.0;1.0
org.jfree.chart.annotations.XYPointerAnnotation;22;1.0;0.95
org.jfree.chart.annotations.XYPolygonAnnotation;10;1.0;0.875
org.jfree.chart.annotations.XYShapeAnnotation;6;1.0;1.0
org.jfree.chart.annotations.XYTextAnnotation;30;1.0;1.0
org.jfree.chart.annotations.XYTitleAnnotation;13;;
org.jfree.chart.axis.Axis;68;0.9538461538461539;0.8461538461538461
org.jfree.chart.axis.AxisCollection;5;;
org.jfree.chart.axis.AxisLocation;5;1.0;1.0
org.jfree.chart.axis.AxisSpace;18;;
org.jfree.chart.axis.AxisState;11;;
org.jfree.chart.axis.CategoryAxis;47;0.8863636363636364;0.75
org.jfree.chart.axis.CategoryLabelPosition;8;;
org.jfree.chart.axis.CategoryTick;5;;
org.jfree.chart.axis.CyclicNumberAxis;30;0.8518518518518519;0.8148148148148148
org.jfree.chart.axis.DateAxis;47;0.8181818181818182;0.6818181818181818
org.jfree.chart.axis.DateTickUnit;15;0.9230769230769231;1.0
org.jfree.chart.axis.ExtendedCategoryAxis;10;0.8571428571428571;0.8571428571428571
org.jfree.chart.axis.LogAxis;31;0.7586206896551724;0.7586206896551724
org.jfree.chart.axis.LogarithmicAxis;27;0.84;0.68
org.jfree.chart.axis.MarkerAxisBand;6;0.75;1.0
org.jfree.chart.axis.ModuloAxis;16;0.6923076923076923;0.6923076923076923
org.jfree.chart.axis.NumberAxis;36;0.7941176470588235;0.8235294117647058
org.jfree.chart.axis.PeriodAxis;44;0.926829268292683;0.7560975609756098
org.jfree.chart.axis.PeriodAxisLabelInfo;14;1.0;1.0
org.jfree.chart.axis.SegmentedTimeline;44;0.8809523809523809;0.9285714285714286
org.jfree.chart.axis.StandardTickUnitSource;5;;
org.jfree.chart.axis.SubCategoryAxis;12;0.6666666666666666;0.7777777777777778
org.jfree.chart.axis.SymbolAxis;20;0.7058823529411765;0.7058823529411765
org.jfree.chart.axis.Tick;7;;
org.jfree.chart.axis.TickUnit;6;;
org.jfree.chart.axis.TickUnits;8;;
org.jfree.chart.axis.ValueAxis;71;0.8676470588235294;0.7941176470588235
org.jfree.chart.block.AbstractBlock;35;0.90625;0.65625
org.jfree.chart.block.BlockBorder;6;1.0;1.0
org.jfree.chart.block.BlockContainer;12;;
org.jfree.chart.block.BlockParams;6;;
org.jfree.chart.block.BorderArrangement;9;0.8571428571428571;0.8571428571428571
org.jfree.chart.block.CenterArrangement;12;0.9;0.7
org.jfree.chart.block.ColorBlock;7;1.0;0.8
org.jfree.chart.block.ColumnArrangement;9;0.8571428571428571;0.8571428571428571
org.jfree.chart.block.FlowArrangement;12;0.9;1.0
org.jfree.chart.block.GridArrangement;13;0.9090909090909091;0.8181818181818182
org.jfree.chart.block.LabelBlock;19;1.0;0.9411764705882353
org.jfree.chart.block.LineBorder;7;1.0;1.0
org.jfree.chart.block.RectangleConstraint;14;;
org.jfree.chart.editor.DefaultChartEditor;7;0.8;1.0
org.jfree.chart.editor.DefaultNumberAxisEditor;12;0.9;0.9
org.jfree.chart.editor.DefaultPlotEditor;14;0.9166666666666666;0.8333333333333334
org.jfree.chart.editor.DefaultTitleEditor;9;0.8571428571428571;1.0
org.jfree.chart.encoders.EncoderUtil;8;;
org.jfree.chart.encoders.ImageEncoderFactory;6;1.0;1.0
org.jfree.chart.encoders.SunJPEGEncoderAdapter;6;;
org.jfree.chart.encoders.SunPNGEncoderAdapter;6;;
org.jfree.chart.entity.AxisEntity;7;1.0;0.8
org.jfree.chart.entity.CategoryItemEntity;8;;
org.jfree.chart.entity.ChartEntity;17;0.8666666666666667;0.8666666666666667
org.jfree.chart.entity.JFreeChartEntity;7;1.0;1.0
org.jfree.chart.entity.LegendItemEntity;7;;
org.jfree.chart.entity.PieSectionEntity;11;;
org.jfree.chart.entity.PlotEntity;7;1.0;0.8
org.jfree.chart.entity.StandardEntityCollection;10;;
org.jfree.chart.entity.TitleEntity;7;1.0;1.0
org.jfree.chart.entity.XYItemEntity;8;;
org.jfree.chart.event.ChartProgressEvent;6;;
org.jfree.chart.imagemap.ImageMapUtilities;7;;
org.jfree.chart.labels.AbstractCategoryItemLabelGenerator;10;0.875;0.875
org.jfree.chart.labels.AbstractPieItemLabelGenerator;8;0.8333333333333334;1.0
org.jfree.chart.labels.AbstractXYItemLabelGenerator;11;0.8888888888888888;1.0
org.jfree.chart.labels.BubbleXYItemLabelGenerator;7;0.8;1.0
org.jfree.chart.labels.CustomXYToolTipGenerator;7;;
org.jfree.chart.labels.HighLowItemLabelGenerator;5;;
org.jfree.chart.labels.ItemLabelPosition;5;;
org.jfree.chart.labels.MultipleXYSeriesLabelGenerator;7;0.8;1.0
org.jfree.chart.labels.StandardCategorySeriesLabelGenerator;5;0.6666666666666666;1.0
org.jfree.chart.labels.StandardPieSectionLabelGenerator;6;;
org.jfree.chart.labels.StandardXYSeriesLabelGenerator;5;0.6666666666666666;1.0
org.jfree.chart.labels.StandardXYZToolTipGenerator;6;0.75;1.0
org.jfree.chart.labels.SymbolicXYItemLabelGenerator;6;0.75;1.0
org.jfree.chart.needle.MeterNeedle;24;0.9523809523809523;0.8571428571428571
org.jfree.chart.plot.AbstractPieLabelDistributor;5;;
org.jfree.chart.plot.CategoryCrosshairState;6;;
org.jfree.chart.plot.CategoryMarker;5;;
org.jfree.chart.plot.CategoryPlot;211;0.9567307692307693;0.875
org.jfree.chart.plot.CombinedDomainCategoryPlot;22;0.85;0.95
org.jfree.chart.plot.CombinedDomainXYPlot;23;0.8571428571428571;0.9523809523809523
org.jfree.chart.plot.CombinedRangeCategoryPlot;17;0.7857142857142857;0.8571428571428571
org.jfree.chart.plot.CombinedRangeXYPlot;22;0.85;0.95
org.jfree.chart.plot.CompassPlot;32;0.9655172413793104;0.896551724137931
org.jfree.chart.plot.CrosshairState;22;;
org.jfree.chart.plot.DefaultDrawingSupplier;14;0.9166666666666666;0.8333333333333334
org.jfree.chart.plot.FastScatterPlot;47;0.9318181818181818;0.8636363636363636
org.jfree.chart.plot.IntervalMarker;8;;
org.jfree.chart.plot.Marker;32;1.0;0.9666666666666667
org.jfree.chart.plot.MeterInterval;8;1.0;1.0
org.jfree.chart.plot.MeterPlot;53;0.92;0.76
org.jfree.chart.plot.MultiplePiePlot;22;0.9;1.0
org.jfree.chart.plot.PieLabelDistributor;8;0.8;0.6
org.jfree.chart.plot.PieLabelRecord;15;;
org.jfree.chart.plot.PiePlot;124;0.9090909090909091;0.7768595041322314
org.jfree.chart.plot.PiePlot3D;10;0.7142857142857143;0.8571428571428571
org.jfree.chart.plot.PiePlotState;20;;
org.jfree.chart.plot.Plot;65;0.8387096774193549;0.8064516129032258
org.jfree.chart.plot.PlotRenderingInfo;13;1.0;1.0
org.jfree.chart.plot.PolarPlot;57;0.9259259259259259;0.8518518518518519
org.jfree.chart.plot.RingPlot;19;0.9375;0.75
org.jfree.chart.plot.SpiderWebPlot;65;0.9354838709677419;0.8709677419354839
org.jfree.chart.plot.ThermometerPlot;70;0.8955223880597015;0.8805970149253731
org.jfree.chart.plot.WaferMapPlot;10;0.875;1.0
org.jfree.chart.plot.XYPlot;220;0.9308755760368663;0.8617511520737328
org.jfree.chart.plot.dial.AbstractDialLayer;10;1.0;1.0
org.jfree.chart.plot.dial.ArcDialFrame;23;0.95;0.9
org.jfree.chart.plot.dial.DialBackground;11;1.0;1.0
org.jfree.chart.plot.dial.DialCap;15;1.0;0.9230769230769231
org.jfree.chart.plot.dial.DialPlot;39;0.9459459459459459;0.9459459459459459
org.jfree.chart.plot.dial.DialPointer;8;;
org.jfree.chart.plot.dial.DialTextAnnotation;19;1.0;1.0
org.jfree.chart.plot.dial.DialValueIndicator;35;1.0;0.9393939393939394
org.jfree.chart.plot.dial.StandardDialFrame;16;1.0;0.9285714285714286
org.jfree.chart.plot.dial.StandardDialRange;20;1.0;0.9444444444444444
org.jfree.chart.plot.dial.StandardDialScale;47;1.0;0.9777777777777777
org.jfree.chart.renderer.DefaultPolarItemRenderer;11;;
org.jfree.chart.renderer.GrayPaintScale;7;;
org.jfree.chart.renderer.LookupPaintScale;9;1.0;1.0
org.jfree.chart.renderer.Outlier;10;;
org.jfree.chart.renderer.OutlierList;8;;
org.jfree.chart.renderer.OutlierListCollection;7;1.0;1.0
org.jfree.chart.renderer.WaferMapRenderer;12;0.7;1.0
org.jfree.chart.renderer.category.AbstractCategoryItemRenderer;62;0.8333333333333334;0.85
org.jfree.chart.renderer.category.AreaRenderer;6;;
org.jfree.chart.renderer.category.BarRenderer3D;15;1.0;0.9230769230769231
org.jfree.chart.renderer.category.BoxAndWhiskerRenderer;24;0.9090909090909091;0.7727272727272727
org.jfree.chart.renderer.category.CategoryItemRendererState;10;0.875;1.0
org.jfree.chart.renderer.category.CategoryStepRenderer;7;0.8;1.0
org.jfree.chart.renderer.category.GanttRenderer;15;0.9166666666666666;0.9166666666666666
org.jfree.chart.renderer.category.GradientBarPainter;7;0.8;1.0
org.jfree.chart.renderer.category.GroupedStackedBarRenderer;6;0.75;1.0
org.jfree.chart.renderer.category.LayeredBarRenderer;6;0.5;1.0
org.jfree.chart.renderer.category.LevelRenderer;12;0.7;0.8
org.jfree.chart.renderer.category.LineAndShapeRenderer;33;;
org.jfree.chart.renderer.category.LineRenderer3D;15;1.0;0.9230769230769231
org.jfree.chart.renderer.category.MinMaxCategoryRenderer;18;1.0;0.8125
org.jfree.chart.renderer.category.ScatterRenderer;22;1.0;0.95
org.jfree.chart.renderer.category.StackedAreaRenderer;10;0.8571428571428571;0.8571428571428571
org.jfree.chart.renderer.category.StackedBarRenderer;7;0.8;1.0
org.jfree.chart.renderer.category.StackedBarRenderer3D;13;0.5;0.7
org.jfree.chart.renderer.category.StandardBarPainter;5;0.6666666666666666;1.0
org.jfree.chart.renderer.category.StatisticalBarRenderer;10;0.8571428571428571;0.7142857142857143
org.jfree.chart.renderer.category.StatisticalLineAndShapeRenderer;10;1.0;1.0
org.jfree.chart.renderer.category.WaterfallBarRenderer;13;1.0;0.9090909090909091
org.jfree.chart.renderer.xy.AbstractXYItemRenderer;59;0.8035714285714286;0.8392857142857143
org.jfree.chart.renderer.xy.CandlestickRenderer;27;1.0;0.96
org.jfree.chart.renderer.xy.ClusteredXYBarRenderer;6;0.75;1.0
org.jfree.chart.renderer.xy.DeviationRenderer;10;0.875;0.875
org.jfree.chart.renderer.xy.GradientXYBarPainter;7;0.8;1.0
org.jfree.chart.renderer.xy.HighLowRenderer;16;1.0;0.9285714285714286
org.jfree.chart.renderer.xy.SamplingXYLineRenderer;10;1.0;0.875
org.jfree.chart.renderer.xy.StackedXYAreaRenderer;13;0.9;0.9
org.jfree.chart.renderer.xy.StackedXYAreaRenderer2;10;0.875;0.875
org.jfree.chart.renderer.xy.StackedXYBarRenderer;8;;
org.jfree.chart.renderer.xy.StandardXYBarPainter;5;0.6666666666666666;1.0
org.jfree.chart.renderer.xy.StandardXYItemRenderer;30;1.0;0.8888888888888888
org.jfree.chart.renderer.xy.VectorRenderer;5;;
org.jfree.chart.renderer.xy.XYAreaRenderer;14;1.0;1.0
org.jfree.chart.renderer.xy.XYAreaRenderer2;10;1.0;1.0
org.jfree.chart.renderer.xy.XYBlockRenderer;14;0.9166666666666666;1.0
org.jfree.chart.renderer.xy.XYBoxAndWhiskerRenderer;21;0.7777777777777778;0.7777777777777778
org.jfree.chart.renderer.xy.XYBubbleRenderer;5;;
org.jfree.chart.renderer.xy.XYDifferenceRenderer;23;0.9;0.7
org.jfree.chart.renderer.xy.XYDotRenderer;12;1.0;0.9
org.jfree.chart.renderer.xy.XYErrorRenderer;16;1.0;0.9285714285714286
org.jfree.chart.renderer.xy.XYItemRendererState;6;;
org.jfree.chart.renderer.xy.XYLine3DRenderer;14;0.9090909090909091;0.6363636363636364
org.jfree.chart.renderer.xy.XYLineAndShapeRenderer;42;0.9743589743589743;0.8205128205128205
org.jfree.chart.renderer.xy.XYShapeRenderer;23;0.95;0.9
org.jfree.chart.renderer.xy.XYSplineRenderer;6;0.6666666666666666;1.0
org.jfree.chart.renderer.xy.XYStepAreaRenderer;15;1.0;1.0
org.jfree.chart.renderer.xy.XYStepRenderer;7;0.8;1.0
org.jfree.chart.renderer.xy.YIntervalRenderer;7;0.8;1.0
org.jfree.chart.servlet.ServletUtilities;14;0.9166666666666666;0.9166666666666666
org.jfree.chart.text.TextBlock;13;0.9090909090909091;1.0
org.jfree.chart.text.TextBox;22;1.0;0.95
org.jfree.chart.text.TextFragment;11;1.0;1.0
org.jfree.chart.text.TextLine;9;0.8571428571428571;1.0
org.jfree.chart.text.TextUtilities;19;0.7058823529411765;0.8235294117647058
org.jfree.chart.title.CompositeTitle;10;1.0;0.875
org.jfree.chart.title.ImageTitle;8;0.8333333333333334;1.0
org.jfree.chart.title.LegendGraphic;37;0.9705882352941176;0.9705882352941176
org.jfree.chart.title.LegendItemBlockContainer;7;;
org.jfree.chart.title.LegendTitle;29;0.9615384615384616;0.8846153846153846
org.jfree.chart.title.PaintScaleLegend;27;0.9583333333333334;0.9166666666666666
org.jfree.chart.title.ShortTextTitle;6;0.75;1.0
org.jfree.chart.title.TextTitle;32;0.896551724137931;0.7931034482758621
org.jfree.chart.title.Title;19;0.9375;0.9375
org.jfree.chart.ui.BasicProjectInfo;11;;
org.jfree.chart.ui.FontChooserPanel;5;;
org.jfree.chart.ui.LCBLayout;7;;
org.jfree.chart.ui.Library;10;0.875;0.875
org.jfree.chart.ui.ProjectInfo;7;;
org.jfree.chart.ui.StrokeSample;5;;
org.jfree.chart.urls.CustomCategoryURLGenerator;7;;
org.jfree.chart.urls.CustomPieURLGenerator;7;;
org.jfree.chart.urls.CustomXYURLGenerator;7;;
org.jfree.chart.urls.TimeSeriesURLGenerator;6;;
org.jfree.chart.util.AbstractObjectList;10;0.7142857142857143;0.7142857142857143
org.jfree.chart.util.ApplicationFrame;7;;
org.jfree.chart.util.ArrayUtilities;5;;
org.jfree.chart.util.HashUtilities;10;;
org.jfree.chart.util.HexNumberFormat;5;;
org.jfree.chart.util.LogFormat;8;0.8333333333333334;1.0
org.jfree.chart.util.ObjectUtilities;18;0.875;0.9375
org.jfree.chart.util.PaintList;6;1.0;1.0
org.jfree.chart.util.RectangleAnchor;6;1.0;1.0
org.jfree.chart.util.RectangleEdge;8;1.0;1.0
org.jfree.chart.util.RectangleInsets;26;;
org.jfree.chart.util.RefineryUtilities;11;;
org.jfree.chart.util.RelativeDateFormat;26;;
org.jfree.chart.util.Rotation;5;1.0;1.0
org.jfree.chart.util.SerialUtilities;13;;
org.jfree.chart.util.ShapeList;7;1.0;1.0
org.jfree.chart.util.Size2D;7;;
org.jfree.chart.util.StandardGradientPaintTransformer;5;;
org.jfree.chart.util.StrokeList;7;1.0;1.0
org.jfree.data.ComparableObjectItem;7;1.0;1.0
org.jfree.data.ComparableObjectSeries;18;0.6875;0.6875
org.jfree.data.DataUtilities;9;;
org.jfree.data.DefaultKeyedValue;7;;
org.jfree.data.DefaultKeyedValues;21;0.9473684210526315;1.0
org.jfree.data.DefaultKeyedValues2D;21;;
org.jfree.data.KeyToGroupMap;10;1.0;1.0
org.jfree.data.KeyedObject;5;;
org.jfree.data.KeyedObjects;15;;
org.jfree.data.KeyedObjects2D;21;;
org.jfree.data.Range;18;0.9375;1.0
org.jfree.data.category.CategoryToPieDataset;11;;
org.jfree.data.category.DefaultCategoryDataset;24;;
org.jfree.data.category.DefaultIntervalCategoryDataset;28;0.9230769230769231;0.8846153846153846
org.jfree.data.category.SlidingCategoryDataset;18;0.9375;1.0
org.jfree.data.gantt.SlidingGanttCategoryDataset;32;0.9666666666666667;1.0
org.jfree.data.gantt.Task;13;;
org.jfree.data.gantt.TaskSeries;9;;
org.jfree.data.gantt.TaskSeriesCollection;36;0.9705882352941176;0.9705882352941176
org.jfree.data.gantt.XYTaskDataset;29;0.9629629629629629;0.8518518518518519
org.jfree.data.general.AbstractDataset;11;0.75;0.75
org.jfree.data.general.DatasetUtilities;51;;
org.jfree.data.general.DefaultHeatMapDataset;14;;
org.jfree.data.general.DefaultKeyedValueDataset;7;;
org.jfree.data.general.DefaultPieDataset;17;;
org.jfree.data.general.Series;18;0.875;0.9375
org.jfree.data.general.WaferMapDataset;17;;
org.jfree.data.jdbc.JDBCXYDataset;14;;
org.jfree.data.statistics.BoxAndWhiskerItem;11;;
org.jfree.data.statistics.DefaultBoxAndWhiskerCategoryDataset;43;0.975609756097561;0.975609756097561
org.jfree.data.statistics.DefaultBoxAndWhiskerXYDataset;26;;
org.jfree.data.statistics.DefaultMultiValueCategoryDataset;18;;
org.jfree.data.statistics.DefaultStatisticalCategoryDataset;28;0.9615384615384616;1.0
org.jfree.data.statistics.HistogramBin;7;;
org.jfree.data.statistics.HistogramDataset;20;0.8823529411764706;0.8823529411764706
org.jfree.data.statistics.MeanAndStandardDeviation;6;;
org.jfree.data.statistics.SimpleHistogramBin;9;;
org.jfree.data.statistics.SimpleHistogramDataset;26;;
org.jfree.data.statistics.Statistics;13;;
org.jfree.data.time.DateRange;5;;
org.jfree.data.time.Day;17;;
org.jfree.data.time.DynamicTimeSeriesCollection;38;0.7142857142857143;0.8285714285714286
org.jfree.data.time.FixedMillisecond;14;;
org.jfree.data.time.Hour;18;;
org.jfree.data.time.Millisecond;13;;
org.jfree.data.time.Minute;16;;
org.jfree.data.time.Month;18;1.0;0.9375
org.jfree.data.time.MovingAverage;6;;
org.jfree.data.time.Quarter;16;;
org.jfree.data.time.RegularTimePeriod;15;;
org.jfree.data.time.Second;14;;
org.jfree.data.time.SerialDate;46;;
org.jfree.data.time.SimpleTimePeriod;7;;
org.jfree.data.time.SpreadsheetDate;18;1.0;1.0
org.jfree.data.time.TimePeriodValue;7;;
org.jfree.data.time.TimePeriodValues;25;0.9565217391304348;1.0
org.jfree.data.time.TimePeriodValuesCollection;20;0.9444444444444444;1.0
org.jfree.data.time.TimeSeries;41;;
org.jfree.data.time.TimeSeriesCollection;28;0.9615384615384616;1.0
org.jfree.data.time.TimeSeriesDataItem;7;;
org.jfree.data.time.TimeSeriesTableModel;8;;
org.jfree.data.time.TimeTableXYDataset;29;0.9629629629629629;1.0
org.jfree.data.time.Week;19;1.0;0.8235294117647058
org.jfree.data.time.Year;14;;
org.jfree.data.time.ohlc.OHLC;5;;
org.jfree.data.time.ohlc.OHLCItem;6;;
org.jfree.data.time.ohlc.OHLCSeriesCollection;23;0.9523809523809523;0.9523809523809523
org.jfree.data.xml.ItemHandler;6;;
org.jfree.data.xml.KeyHandler;5;1.0;1.0
org.jfree.data.xml.RootHandler;5;;
org.jfree.data.xml.ValueHandler;5;1.0;1.0
org.jfree.data.xy.CategoryTableXYDataset;25;;
org.jfree.data.xy.DefaultHighLowDataset;18;;
org.jfree.data.xy.DefaultIntervalXYDataset;19;;
org.jfree.data.xy.DefaultOHLCDataset;19;;
org.jfree.data.xy.DefaultTableXYDataset;34;0.9354838709677419;0.967741935483871
org.jfree.data.xy.DefaultXYDataset;14;;
org.jfree.data.xy.DefaultXYZDataset;16;;
org.jfree.data.xy.IntervalXYDelegate;20;0.9444444444444444;0.9444444444444444
org.jfree.data.xy.MatrixSeries;10;;
org.jfree.data.xy.MatrixSeriesCollection;14;;
org.jfree.data.xy.NormalizedMatrixSeries;5;;
org.jfree.data.xy.OHLCDataItem;8;;
org.jfree.data.xy.Vector;6;;
org.jfree.data.xy.VectorDataItem;5;;
org.jfree.data.xy.VectorSeries;7;;
org.jfree.data.xy.VectorSeriesCollection;17;;
org.jfree.data.xy.XIntervalSeries;6;;
org.jfree.data.xy.XIntervalSeriesCollection;19;;
org.jfree.data.xy.XYBarDataset;21;;
org.jfree.data.xy.XYCoordinate;6;;
org.jfree.data.xy.XYDataItem;11;;
org.jfree.data.xy.XYDatasetTableModel;8;;
org.jfree.data.xy.XYInterval;6;;
org.jfree.data.xy.XYIntervalDataItem;6;;
org.jfree.data.xy.XYIntervalSeries;8;;
org.jfree.data.xy.XYIntervalSeriesCollection;21;;
org.jfree.data.xy.XYSeries;40;0.9210526315789473;0.8947368421052632
org.jfree.data.xy.XYSeriesCollection;33;;
org.jfree.data.xy.YIntervalSeries;6;;
org.jfree.data.xy.YIntervalSeriesCollection;19;;
