file;entities;metric;metric_random
net.sf.jftp.JFtp;39;0.7777777777777778;0.8888888888888888
net.sf.jftp.event.FtpEventHandler;8;;
net.sf.jftp.gui.DirEntry;17;;
net.sf.jftp.gui.DirLister;7;;
net.sf.jftp.gui.DirPanel;11;;
net.sf.jftp.gui.DownloadList;12;0.8;1.0
net.sf.jftp.gui.HostChooser;14;0.9166666666666666;1.0
net.sf.jftp.gui.HostList;17;0.8571428571428571;0.6428571428571429
net.sf.jftp.gui.LocalDir;24;0.8571428571428571;0.9523809523809523
net.sf.jftp.gui.RemoteDir;22;0.8421052631578947;0.8947368421052632
net.sf.jftp.gui.SmbHostChooser;12;;
net.sf.jftp.gui.StatusPanel;5;;
net.sf.jftp.gui.framework.HImageButton;8;;
net.sf.jftp.gui.framework.HTextField;6;;
net.sf.jftp.net.DataConnection;8;0.5;1.0
net.sf.jftp.net.FilesystemConnection;28;0.8846153846153846;0.8846153846153846
net.sf.jftp.net.FtpClient;8;;
net.sf.jftp.net.FtpServerSocket;32;0.9333333333333333;0.9
net.sf.jftp.net.FtpURLConnection;11;;
net.sf.jftp.net.JConnection;8;1.0;1.0
net.sf.jftp.net.SmbConnection;30;0.8888888888888888;0.7777777777777778
net.sf.jftp.net.Transfer;6;;
net.sf.jftp.util.Log;5;;
net.sf.jftp.util.Log4JLogger;12;1.0;1.0
net.sf.jftp.util.StringUtils;10;;
net.sf.jftp.util.SystemLogger;13;1.0;0.9090909090909091
