file;entities;metric;metric_random
junit.extensions.TestDecorator;5;0.6666666666666666;1.0
junit.framework.Assert;38;1.0;1.0
junit.framework.ComparisonCompactor;7;1.0;1.0
junit.framework.JUnit4TestAdapter;10;0.8571428571428571;0.8571428571428571
junit.framework.JUnit4TestAdapterCache;5;0.6666666666666666;1.0
junit.framework.TestCase;11;0.625;0.875
junit.framework.TestFailure;6;0.75;1.0
junit.framework.TestResult;17;0.8571428571428571;0.9285714285714286
junit.runner.BaseTestRunner;29;0.76;0.64
junit.textui.ResultPrinter;16;0.8461538461538461;0.7692307692307693
junit.textui.TestRunner;15;0.5833333333333334;0.6666666666666666
org.junit.Assert;46;0.8604651162790697;0.5581395348837209
org.junit.experimental.theories.Theories;6;0.75;1.0
org.junit.experimental.theories.internal.AllMembersSupplier;6;1.0;1.0
org.junit.experimental.theories.internal.Assignments;13;0.9090909090909091;1.0
org.junit.internal.TextListener;10;1.0;0.7142857142857143
org.junit.internal.builders.AllDefaultPossibilitiesBuilder;6;1.0;1.0
org.junit.internal.matchers.IsCollectionContaining;6;0.75;1.0
org.junit.internal.runners.ClassRoadie;5;1.0;1.0
org.junit.internal.runners.ErrorReportingRunner;5;1.0;1.0
org.junit.internal.runners.JUnit38ClassRunner;6;0.3333333333333333;1.0
org.junit.internal.runners.JUnit4ClassRunner;17;0.6153846153846154;0.8461538461538461
org.junit.internal.runners.MethodRoadie;8;0.4;0.8
org.junit.internal.runners.MethodValidator;6;1.0;1.0
org.junit.internal.runners.TestClass;11;0.75;0.75
org.junit.internal.runners.TestMethod;8;0.8;0.8
org.junit.internal.runners.model.EachTestNotifier;5;;
org.junit.matchers.JUnitMatchers;8;;
org.junit.runner.JUnitCore;12;0.9;1.0
org.junit.runner.Request;10;0.875;1.0
org.junit.runner.Result;7;;
org.junit.runner.notification.Failure;6;0.75;1.0
org.junit.runner.notification.RunListener;7;;
org.junit.runner.notification.RunNotifier;11;;
org.junit.runners.BlockJUnit4ClassRunner;23;0.75;0.6
org.junit.runners.ParentRunner;22;0.8888888888888888;0.5555555555555556
org.junit.runners.model.FrameworkMethod;13;0.6;0.8
org.junit.runners.model.RunnerBuilder;6;0.6666666666666666;1.0
org.junit.runners.model.TestClass;11;0.625;0.75
