file;entities;metric;metric_random
wicket.AccessStackPageMap;12;0.8888888888888888;0.6666666666666666
wicket.AttributeModifier;10;0.5;0.5
wicket.Localizer;9;1.0;1.0
wicket.MarkupContainer;42;0.6052631578947368;0.47368421052631576
wicket.Page;51;0.5106382978723404;0.44680851063829785
wicket.Request;11;;
wicket.Resource;10;1.0;0.8571428571428571
wicket.ResourceReference;12;1.0;1.0
wicket.Response;16;;
wicket.ajax.AbstractAjaxTimerBehavior;5;0.3333333333333333;1.0
wicket.ajax.AbstractDefaultAjaxBehavior;10;0.6666666666666666;0.6666666666666666
wicket.ajax.AjaxEventBehavior;8;0.0;1.0
wicket.ajax.calldecorator.AjaxPostprocessingCallDecorator;6;;
wicket.ajax.calldecorator.AjaxPreprocessingCallDecorator;6;;
wicket.ajax.form.AjaxFormComponentUpdatingBehavior;7;0.5;1.0
wicket.ajax.markup.html.form.AjaxSubmitButton;6;0.75;1.0
wicket.ajax.markup.html.form.AjaxSubmitLink;5;0.6666666666666666;1.0
wicket.behavior.AbstractAjaxBehavior;11;0.625;0.875
wicket.behavior.AbstractBehavior;9;;
wicket.feedback.FeedbackMessage;14;1.0;1.0
wicket.feedback.FeedbackMessages;20;0.8333333333333334;0.8333333333333334
wicket.feedback.FeedbackMessagesModel;9;0.8571428571428571;1.0
wicket.markup.ComponentTag;66;0.9375;0.90625
wicket.markup.ContainerInfo;6;1.0;1.0
wicket.markup.Markup;21;0.6111111111111112;0.6666666666666666
wicket.markup.MarkupCache;14;0.8181818181818182;0.7272727272727273
wicket.markup.MarkupFragment;12;0.8;0.8
wicket.markup.MarkupParser;13;0.7;1.0
wicket.markup.MarkupResourceStream;12;1.0;1.0
wicket.markup.MarkupStream;31;0.9642857142857143;0.9642857142857143
wicket.markup.RawMarkup;5;;
wicket.markup.html.BodyContainer;5;;
wicket.markup.html.PackageResourceGuard;5;1.0;1.0
wicket.markup.html.PackageResourceReference;6;1.0;1.0
wicket.markup.html.WebMarkupContainerWithAssociatedMarkup;5;1.0;1.0
wicket.markup.html.WebPage;12;0.5;0.75
wicket.markup.html.border.Border;9;0.5;1.0
wicket.markup.html.form.AbstractChoice;12;0.5555555555555556;0.7777777777777778
wicket.markup.html.form.AbstractSingleSelectChoice;6;0.75;1.0
wicket.markup.html.form.AbstractTextComponent;5;0.3333333333333333;1.0
wicket.markup.html.form.Button;10;0.2857142857142857;1.0
wicket.markup.html.form.CheckBox;7;1.0;1.0
wicket.markup.html.form.CheckBoxMultipleChoice;5;1.0;1.0
wicket.markup.html.form.CheckGroup;7;0.75;1.0
wicket.markup.html.form.DropDownChoice;5;0.5;1.0
wicket.markup.html.form.Form;50;0.5434782608695652;0.34782608695652173
wicket.markup.html.form.FormComponent;51;0.8085106382978723;0.6382978723404256
wicket.markup.html.form.PasswordTextField;6;0.25;0.75
wicket.markup.html.form.RadioChoice;9;0.6666666666666666;0.8333333333333334
wicket.markup.html.form.RadioGroup;6;0.3333333333333333;1.0
wicket.markup.html.form.persistence.CookieValuePersister;12;1.0;0.8888888888888888
wicket.markup.html.form.persistence.CookieValuePersisterSettings;10;;
wicket.markup.html.form.upload.FileUpload;8;;
wicket.markup.html.form.upload.FileUploadField;7;1.0;1.0
wicket.markup.html.form.validation.AbstractValidator;6;1.0;1.0
wicket.markup.html.form.validation.DateValidator;5;;
wicket.markup.html.form.validation.NumberValidator;8;;
wicket.markup.html.form.validation.PatternValidator;5;0.6666666666666666;1.0
wicket.markup.html.form.validation.StringValidator;6;;
wicket.markup.html.image.Image;10;1.0;0.8571428571428571
wicket.markup.html.image.resource.DynamicImageResource;6;0.6666666666666666;1.0
wicket.markup.html.image.resource.LocalizedImageResource;10;1.0;0.875
wicket.markup.html.image.resource.RenderedDynamicImageResource;10;0.7142857142857143;0.8571428571428571
wicket.markup.html.include.Include;6;0.6666666666666666;1.0
wicket.markup.html.internal.HeaderResponse;7;;
wicket.markup.html.internal.HtmlHeaderContainer;6;0.0;1.0
wicket.markup.html.link.BookmarkablePageLink;10;0.75;0.875
wicket.markup.html.link.Link;21;0.7777777777777778;0.5555555555555556
wicket.markup.html.link.PopupSettings;10;0.875;1.0
wicket.markup.html.list.ListItemModel;5;;
wicket.markup.html.list.ListView;19;0.75;0.625
wicket.markup.html.list.Loop;6;0.3333333333333333;1.0
wicket.markup.html.list.PageableListView;8;0.6666666666666666;0.8333333333333334
wicket.markup.html.navigation.paging.PagingNavigation;13;0.6666666666666666;0.5555555555555556
wicket.markup.html.navigation.paging.PagingNavigationIncrementLink;5;0.6666666666666666;1.0
wicket.markup.html.navigation.paging.PagingNavigationLink;5;0.6666666666666666;1.0
wicket.markup.html.pages.BrowserInfoPage;5;1.0;1.0
wicket.markup.html.panel.FeedbackPanel;16;0.9230769230769231;0.8461538461538461
wicket.markup.html.panel.Fragment;7;0.6666666666666666;1.0
wicket.markup.html.tree.DefaultAbstractTree;17;1.0;0.7857142857142857
wicket.markup.html.tree.DefaultTreeState;12;;
wicket.markup.html.tree.table.AbstractColumn;6;1.0;1.0
wicket.markup.html.tree.table.AbstractRenderableColumn;7;;
wicket.markup.html.tree.table.PropertyRenderableColumn;6;0.6666666666666666;0.6666666666666666
wicket.markup.html.tree.table.PropertyTreeColumn;5;0.6666666666666666;1.0
wicket.markup.html.tree.table.SideColumnsView;6;1.0;1.0
wicket.markup.loader.InheritedMarkupMarkupLoader;7;1.0;1.0
wicket.markup.markupFinder.DefaultMarkupFinder;5;1.0;1.0
wicket.markup.parser.XmlPullParser;15;0.5;0.8333333333333334
wicket.markup.parser.XmlTag;35;0.9696969696969697;0.9090909090909091
wicket.markup.transformer.AbstractOutputTransformerContainer;7;0.3333333333333333;1.0
wicket.markup.transformer.AbstractTransformerBehavior;6;1.0;1.0
wicket.model.AbstractDetachableAssignmentAwareModel;14;0.8;0.7
wicket.model.AbstractDetachableInheritableModel;14;0.8;0.7
wicket.model.AbstractDetachableModel;13;0.9;0.5
wicket.model.AbstractModel;5;0.3333333333333333;1.0
wicket.model.AbstractPropertyAssignmentAwareModel;9;0.5714285714285714;0.8571428571428571
wicket.model.AbstractPropertyInheritableModel;9;0.5714285714285714;1.0
wicket.model.BoundCompoundPropertyModel;8;0.8;0.8
wicket.model.LoadableDetachableModel;7;0.75;0.75
wicket.model.Model;7;0.6;1.0
wicket.model.StringResourceModel;10;0.5714285714285714;0.7142857142857143
wicket.protocol.http.AbstractHttpSessionStore;11;0.8888888888888888;0.7777777777777778
wicket.protocol.http.BufferedHttpServletResponse;42;0.7948717948717948;0.7948717948717948
wicket.protocol.http.BufferedWebResponse;6;0.25;1.0
wicket.protocol.http.ClientPageSavingSessionStore;8;1.0;1.0
wicket.protocol.http.ClientProperties;9;1.0;1.0
wicket.protocol.http.FilePageStore;5;0.6666666666666666;1.0
wicket.protocol.http.HttpSessionStore;6;0.75;1.0
wicket.protocol.http.MockHttpServletRequest;65;0.9838709677419355;0.9838709677419355
wicket.protocol.http.MockHttpServletResponse;43;1.0;0.975609756097561
wicket.protocol.http.MockHttpSession;18;0.6875;0.6875
wicket.protocol.http.MockServletContext;26;;
wicket.protocol.http.MockWebApplication;21;0.7777777777777778;0.7777777777777778
wicket.protocol.http.RequestLogger;13;0.9;0.9
wicket.protocol.http.WebRequest;11;0.6666666666666666;0.6666666666666666
wicket.protocol.http.WebResponse;19;0.8235294117647058;0.7647058823529411
wicket.protocol.http.WebSession;8;0.4;0.8
wicket.protocol.http.WicketFilter;10;1.0;0.6666666666666666
wicket.protocol.http.WicketServlet;5;;
wicket.protocol.http.documentvalidation.HtmlDocumentParser;8;1.0;1.0
wicket.protocol.http.documentvalidation.HtmlDocumentValidator;10;1.0;1.0
wicket.protocol.http.documentvalidation.Tag;8;1.0;1.0
wicket.protocol.http.portlet.PortletApplication;18;0.5625;0.6875
wicket.protocol.http.portlet.PortletPage;8;0.6666666666666666;1.0
wicket.protocol.http.portlet.PortletRequestCodingStrategy;21;0.8333333333333334;0.6111111111111112
wicket.protocol.http.portlet.PortletRequestCycle;5;1.0;1.0
wicket.protocol.http.portlet.PortletSessionStore;18;0.8666666666666667;0.8
wicket.protocol.http.portlet.WicketPortlet;5;1.0;1.0
wicket.protocol.http.portlet.WicketPortletRequest;9;0.7142857142857143;1.0
wicket.protocol.http.portlet.WicketPortletResponse;6;;
wicket.protocol.http.request.AbstractWebRequestCodingStrategy;12;1.0;0.9
wicket.protocol.http.request.CryptedUrlWebRequestCodingStrategy;11;1.0;0.8888888888888888
wicket.protocol.http.request.WebClientInfo;6;1.0;1.0
wicket.protocol.http.request.WebErrorCodeResponseTarget;8;1.0;0.8333333333333334
wicket.protocol.http.request.WebExternalResourceRequestTarget;7;1.0;1.0
wicket.protocol.http.request.WebRequestCodingStrategy;7;1.0;1.0
wicket.protocol.http.request.urlcompressing.URLCompressor;5;1.0;1.0
wicket.protocol.http.servlet.MultipartServletWebRequest;10;1.0;0.6666666666666666
wicket.protocol.http.servlet.ServletWebRequest;12;;
wicket.request.RequestParameters;22;1.0;1.0
wicket.request.compound.AbstractCompoundRequestCycleProcessor;8;1.0;0.8333333333333334
wicket.request.compound.CompoundRequestCycleProcessor;10;1.0;0.7142857142857143
wicket.request.target.basic.EmptyRequestTarget;7;1.0;1.0
wicket.request.target.basic.StringRequestTarget;7;1.0;1.0
wicket.request.target.coding.AbstractRequestTargetUrlCodingStrategy;5;1.0;1.0
wicket.request.target.component.BookmarkablePageRequestTarget;13;0.6;0.8
wicket.request.target.component.ComponentRequestTarget;7;1.0;0.8
wicket.request.target.component.PageRequestTarget;7;1.0;1.0
wicket.request.target.component.listener.AbstractListenerInterfaceRequestTarget;7;0.75;1.0
wicket.request.target.resource.ComponentResourceRequestTarget;6;1.0;1.0
wicket.request.target.resource.ResourceStreamRequestTarget;9;0.8333333333333334;0.8333333333333334
wicket.request.target.resource.SharedResourceRequestTarget;8;0.3333333333333333;0.8333333333333334
wicket.resource.PropertiesFactory;7;0.75;1.0
wicket.response.StringResponse;5;0.3333333333333333;1.0
wicket.settings.Settings;97;0.9894736842105263;0.9894736842105263
wicket.util.collections.ArrayListStack;5;;
wicket.util.collections.MicroMap;13;;
wicket.util.collections.MiniMap;19;0.9375;0.8125
wicket.util.convert.ConversionException;10;;
wicket.util.convert.converters.DateConverter;5;0.3333333333333333;1.0
wicket.util.crypt.AbstractCrypt;9;1.0;0.8333333333333334
wicket.util.crypt.Base64;12;0.8888888888888888;0.8888888888888888
wicket.util.crypt.Base64UrlSafe;10;0.8571428571428571;1.0
wicket.util.crypt.NoCrypt;5;;
wicket.util.diff.AddDelta;5;;
wicket.util.diff.ChangeDelta;5;;
wicket.util.diff.Chunk;17;0.9333333333333333;1.0
wicket.util.diff.DeleteDelta;5;;
wicket.util.diff.Diff;13;1.0;1.0
wicket.util.diff.Revision;12;0.9;1.0
wicket.util.diff.ToString;5;1.0;1.0
wicket.util.file.File;5;;
wicket.util.file.Files;5;;
wicket.util.file.Folder;8;0.8;1.0
wicket.util.file.Path;6;1.0;1.0
wicket.util.io.ByteArrayOutputStream;11;0.5;0.625
wicket.util.io.DeferredFileOutputStream;5;1.0;1.0
wicket.util.io.FullyBufferedReader;15;0.9230769230769231;1.0
wicket.util.io.IOUtils;33;;
wicket.util.io.StringBufferWriter;10;0.75;0.75
wicket.util.io.ThresholdingOutputStream;11;1.0;0.75
wicket.util.io.XmlReader;8;1.0;0.8
wicket.util.lang.Bytes;20;0.9411764705882353;1.0
wicket.util.lang.Objects;22;0.95;0.85
wicket.util.lang.Packages;6;;
wicket.util.lang.PropertyResolver;7;1.0;1.0
wicket.util.parse.metapattern.MetaPattern;7;1.0;0.75
wicket.util.resource.AbstractResourceStream;5;0.6666666666666666;1.0
wicket.util.resource.AbstractStringResourceStream;6;1.0;1.0
wicket.util.resource.FileResourceStream;7;0.8;1.0
wicket.util.resource.StringBufferResourceStream;6;0.75;1.0
wicket.util.resource.TextTemplateDecorator;17;0.8;0.8666666666666667
wicket.util.resource.UrlResourceStream;8;0.6;1.0
wicket.util.resource.locator.CompoundResourceStreamLocator;6;;
wicket.util.string.AbstractStringList;10;1.0;1.0
wicket.util.string.AppendingStringBuffer;56;0.8301886792452831;0.8301886792452831
wicket.util.string.JavascriptUtils;11;;
wicket.util.string.PrependingStringBuffer;5;0.5;1.0
wicket.util.string.Strings;31;1.0;0.8620689655172413
wicket.util.tester.ExternalPageViewer;7;0.75;1.0
wicket.util.tester.FormTester;9;1.0;1.0
wicket.util.tester.TagTester;10;;
wicket.util.tester.WicketTester;35;0.875;0.96875
wicket.util.thread.Task;7;0.75;0.75
wicket.util.time.AbstractTime;5;1.0;1.0
wicket.util.upload.DiskFileItem;21;0.9411764705882353;0.8823529411764706
wicket.util.upload.DiskFileItemFactory;5;;
wicket.util.upload.MultipartFormInputStream;13;1.0;0.9
wicket.util.upload.ParameterParser;10;1.0;0.75
wicket.util.value.CopyOnWriteValueMap;30;0.9259259259259259;0.9629629629629629
wicket.util.value.IntValue;8;0.3333333333333333;0.8333333333333334
wicket.util.value.LongValue;8;0.3333333333333333;1.0
wicket.util.value.ValueMap;23;0.75;0.8
wicket.version.undo.ChangeList;6;;
wicket.version.undo.UndoPageVersionManager;11;1.0;1.0
