1,Card,Lewis,2.7777
2,Pair,Savitch,7
3,Pet,Savitch,2
4,SelectionSort,Savitch,3
5,TowersOfHanoi,Lewis,5.5
6,MergeSort_s,Savitch,6
7,DoubleOrderedList,Lewis,4.4444
8,ArrayIns_la_07,Lafore,5
9,ArrayStack_le,Lewis,3.3333
10,LinkedQueue_d,Drake,3.5294
11,DictionaryElement,Lewis,8.8889
12,AppletMenuDemo,Savitch,10
13,Heap_la,Lafore,8.5714
14,StockLedger,Carrano,7.4194
15,Hanoi_d,Drake,5.2941
16,ArrayIns_la_03,Lafore,2.1429
17,RabinKarpStringMatcher,Drake,7.6471
18,Deck,Drake,2.33529
19,HighArray,Lafore,1.4286
20,Coin,Lewis,1.1111
21,Stack_s,Savitch,7.5
22,LinkedQueue_le,Lewis,3.8889
23,LetterCollection,Drake,5.8824
24,ObjectIODemo,Savitch,5
25,TwoTypePair,Savitch,7
26,ArrayStack_d,Drake,2.9412
27,ArrayIterator,Lewis,1.6667
28,Heap_d,Drake,8.2353
29,DisjointSetCluster,Drake,8.2353
30,Memory,Drake,9.4118
31,Face,Savitch,9
32,DigitalNode,Drake,8.2353
33,CopyingDemo,Savitch,4
34,Huffman,Drake,10
35,MaxHeap_c,Carrano,10
36,Die,Drake,0.5883
37,QuickSort,Savitch,6
38,DifferentEquals,Savitch,3
39,GeneralizedSelectionSort,Savitch,6.5
40,PriorityQueue,Carrano,10
41,NodePool,Drake,9.4118
42,Position,Lewis,3.3333
43,Employee,Lewis,4.4444
44,DivisionDemoFirstVersion,Savitch,4.5
45,LinkedQueue_c,Carrano,10