file;entities;metric;metric_random
net.sourceforge.cobertura.ant.CheckTask;11;0.7;0.6
net.sourceforge.cobertura.ant.CommonMatchingTask;16;0.5333333333333333;0.6666666666666666
net.sourceforge.cobertura.ant.InstrumentTask;13;0.6666666666666666;0.6666666666666666
net.sourceforge.cobertura.ant.ReportTask;6;0.8;0.6
net.sourceforge.cobertura.check.PackageCoverage;8;0.42857142857142855;0.7142857142857143
net.sourceforge.cobertura.coveragedata.ClassData;31;0.9;0.6
net.sourceforge.cobertura.coveragedata.CoverageDataContainer;14;0.8461538461538461;0.6153846153846154
net.sourceforge.cobertura.coveragedata.CoverageDataFileHandler;5;1.0;0.75
net.sourceforge.cobertura.coveragedata.JumpData;14;0.46153846153846156;0.6153846153846154
net.sourceforge.cobertura.coveragedata.LineData;32;0.7096774193548387;0.6129032258064516
net.sourceforge.cobertura.coveragedata.PackageData;9;1.0;0.625
net.sourceforge.cobertura.coveragedata.ProjectData;13;0.75;0.6666666666666666
net.sourceforge.cobertura.coveragedata.SourceFileData;13;1.0;0.6666666666666666
net.sourceforge.cobertura.coveragedata.SwitchData;14;0.38461538461538464;0.6153846153846154
net.sourceforge.cobertura.coveragedata.TouchCollector;6;0.6;0.8
net.sourceforge.cobertura.coveragedata.countermaps.AtomicCounterMap;5;0.5;0.75
net.sourceforge.cobertura.instrument.Archive;5;0.5;0.75
net.sourceforge.cobertura.instrument.ClassPattern;5;0.5;0.75
net.sourceforge.cobertura.instrument.CoberturaFile;5;1.0;0.75
net.sourceforge.cobertura.instrument.FirstPassMethodInstrumenter;16;0.6;0.6
net.sourceforge.cobertura.instrument.Main;9;0.625;0.75
net.sourceforge.cobertura.instrument.NewLocalVariableMethodAdapter;5;0.5;0.75
net.sourceforge.cobertura.instrument.SecondPassMethodInstrumenter;25;0.6666666666666666;0.625
net.sourceforge.cobertura.reporting.ComplexityCalculator;8;0.5714285714285714;0.8571428571428571
net.sourceforge.cobertura.reporting.Main;6;0.6;1.0
net.sourceforge.cobertura.reporting.html.HTMLReport;21;0.4;0.6
net.sourceforge.cobertura.reporting.xml.XMLReport;20;0.3684210526315789;0.631578947368421
net.sourceforge.cobertura.util.CommandLineBuilder;6;0.6;0.8
net.sourceforge.cobertura.util.FileFinder;8;0.7142857142857143;0.5714285714285714
net.sourceforge.cobertura.util.IOUtil;6;0.8;0.6
