file;entities;metric;metric_random
net.sourceforge.cruisecontrol.BuildLoopInformation;6;0.6;0.8
net.sourceforge.cruisecontrol.BuildLoopInformationBuilder;5;0.75;0.75
net.sourceforge.cruisecontrol.BuildQueue;10;0.5555555555555556;0.6666666666666666
net.sourceforge.cruisecontrol.Builder;15;0.5;0.7142857142857143
net.sourceforge.cruisecontrol.GenericPluginDetail;7;0.3333333333333333;0.6666666666666666
net.sourceforge.cruisecontrol.Log;29;0.6428571428571429;0.6428571428571429
net.sourceforge.cruisecontrol.Modification;19;0.6111111111111112;0.6111111111111112
net.sourceforge.cruisecontrol.ModificationSet;20;0.5263157894736842;0.5789473684210527
net.sourceforge.cruisecontrol.PauseBuilder;6;0.2;0.8
net.sourceforge.cruisecontrol.PluginType;7;0.6666666666666666;0.6666666666666666
net.sourceforge.cruisecontrol.PluginXMLHelper;6;0.6;0.8
net.sourceforge.cruisecontrol.ProgressImpl;5;0.5;0.75
net.sourceforge.cruisecontrol.Project;77;0.4868421052631579;0.5921052631578947
net.sourceforge.cruisecontrol.ProjectConfig;46;0.6222222222222222;0.5777777777777777
net.sourceforge.cruisecontrol.ProjectState;5;0.5;0.75
net.sourceforge.cruisecontrol.ProjectWrapper;5;0.5;0.75
net.sourceforge.cruisecontrol.ProjectXMLHelper;8;0.5714285714285714;0.7142857142857143
net.sourceforge.cruisecontrol.Schedule;30;0.5517241379310345;0.6206896551724138
net.sourceforge.cruisecontrol.bootstrappers.AccurevBootstrapper;8;0.5714285714285714;0.7142857142857143
net.sourceforge.cruisecontrol.bootstrappers.AlienBrainBootstrapper;6;0.6;0.8
net.sourceforge.cruisecontrol.bootstrappers.CMSynergyBaselineBootstrapper;11;0.6;0.7
net.sourceforge.cruisecontrol.bootstrappers.CMSynergyBootstrapper;7;0.8333333333333334;0.6666666666666666
net.sourceforge.cruisecontrol.bootstrappers.CVSBootstrapper;9;0.5;0.75
net.sourceforge.cruisecontrol.bootstrappers.ClearCaseBootstrapper;8;0.42857142857142855;0.7142857142857143
net.sourceforge.cruisecontrol.bootstrappers.ClearCaseViewstrapper;12;0.5454545454545454;0.6363636363636364
net.sourceforge.cruisecontrol.bootstrappers.DarcsBootstrapper;7;0.5;0.8333333333333334
net.sourceforge.cruisecontrol.bootstrappers.ExecBootstrapper;7;0.5;0.8333333333333334
net.sourceforge.cruisecontrol.bootstrappers.P4Bootstrapper;9;0.625;0.75
net.sourceforge.cruisecontrol.bootstrappers.PlasticSCMBootstrapper;9;0.25;0.75
net.sourceforge.cruisecontrol.bootstrappers.SVNBootstrapper;8;0.7142857142857143;0.7142857142857143
net.sourceforge.cruisecontrol.bootstrappers.TFSBootstrapper;10;0.5555555555555556;0.6666666666666666
net.sourceforge.cruisecontrol.bootstrappers.VssBootstrapper;9;0.375;0.625
net.sourceforge.cruisecontrol.builders.AbstractAntBuilderDelegate;24;0.5217391304347826;0.5217391304347826
net.sourceforge.cruisecontrol.builders.AntBuilder;33;0.4375;0.625
net.sourceforge.cruisecontrol.builders.CompositeBuilder;13;0.5;0.6666666666666666
net.sourceforge.cruisecontrol.builders.ExecBuilder;17;0.5625;0.625
net.sourceforge.cruisecontrol.builders.ExecScript;13;0.6666666666666666;0.6666666666666666
net.sourceforge.cruisecontrol.builders.Maven2Builder;26;0.52;0.68
net.sourceforge.cruisecontrol.builders.Maven2Script;11;0.8;0.6
net.sourceforge.cruisecontrol.builders.MavenBuilder;8;0.5714285714285714;0.7142857142857143
net.sourceforge.cruisecontrol.builders.MavenScript;10;0.7777777777777778;0.6666666666666666
net.sourceforge.cruisecontrol.builders.NantBuilder;20;0.5789473684210527;0.631578947368421
net.sourceforge.cruisecontrol.builders.NantScript;15;0.7142857142857143;0.6428571428571429
net.sourceforge.cruisecontrol.builders.PhingBuilder;21;0.5;0.6
net.sourceforge.cruisecontrol.builders.PhingScript;14;0.6923076923076923;0.6923076923076923
net.sourceforge.cruisecontrol.builders.PipedExecBuilder;11;0.5;0.8
net.sourceforge.cruisecontrol.builders.RakeBuilder;11;0.4;0.7
net.sourceforge.cruisecontrol.builders.RakeScript;10;0.4444444444444444;0.7777777777777778
net.sourceforge.cruisecontrol.builders.ScriptRunner;10;0.4444444444444444;0.6666666666666666
net.sourceforge.cruisecontrol.builders.XcodeBuilder;17;0.4375;0.5625
net.sourceforge.cruisecontrol.buildloggers.ClearCaseAuditLogger;5;0.5;0.75
net.sourceforge.cruisecontrol.buildloggers.MergeLogger;9;0.625;0.75
net.sourceforge.cruisecontrol.config.DashboardConfigurationPlugin;7;0.5;0.8333333333333334
net.sourceforge.cruisecontrol.config.DefaultPropertiesPlugin;8;0.5714285714285714;0.8571428571428571
net.sourceforge.cruisecontrol.config.PluginPlugin;6;0.2;0.8
net.sourceforge.cruisecontrol.config.XMLConfigManager;7;0.6666666666666666;0.6666666666666666
net.sourceforge.cruisecontrol.gendoc.AttributeInfo;8;0.5714285714285714;0.7142857142857143
net.sourceforge.cruisecontrol.gendoc.ChildInfo;5;0.5;1.0
net.sourceforge.cruisecontrol.gendoc.MemberInfo;8;0.42857142857142855;0.7142857142857143
net.sourceforge.cruisecontrol.gendoc.PluginInfo;27;0.38461538461538464;0.5769230769230769
net.sourceforge.cruisecontrol.gendoc.PluginInfoParser;19;0.3888888888888889;0.6666666666666666
net.sourceforge.cruisecontrol.gendoc.html.HtmlUtils;9;0.5;0.75
net.sourceforge.cruisecontrol.jmx.CruiseControlControllerAgent;7;0.6666666666666666;0.6666666666666666
net.sourceforge.cruisecontrol.jmx.CruiseControlControllerJMXAdaptor;31;0.5333333333333333;0.6
net.sourceforge.cruisecontrol.jmx.CruiseControlControllerJMXAdaptorMBeanDescription;5;0.5;1.0
net.sourceforge.cruisecontrol.jmx.ProjectController;33;0.59375;0.625
net.sourceforge.cruisecontrol.jmx.ProjectControllerMBeanDescription;5;0.5;0.75
net.sourceforge.cruisecontrol.labelincrementers.DefaultLabelIncrementer;7;0.6666666666666666;0.8333333333333334
net.sourceforge.cruisecontrol.labelincrementers.FormattedLabelIncrementer;8;0.42857142857142855;0.7142857142857143
net.sourceforge.cruisecontrol.labelincrementers.P4ChangelistLabelIncrementer;24;0.5217391304347826;0.6086956521739131
net.sourceforge.cruisecontrol.labelincrementers.PropertyFileLabelIncrementer;9;0.625;0.625
net.sourceforge.cruisecontrol.labelincrementers.SVNLabelIncrementer;10;0.5555555555555556;0.7777777777777778
net.sourceforge.cruisecontrol.launch.util.Locator;7;0.5;0.6666666666666666
net.sourceforge.cruisecontrol.listeners.CMSynergySessionMonitor;8;0.5714285714285714;0.7142857142857143
net.sourceforge.cruisecontrol.listeners.CurrentBuildStatusFTPListener;5;0.25;0.75
net.sourceforge.cruisecontrol.listeners.CurrentBuildStatusPageListener;7;0.5;0.8333333333333334
net.sourceforge.cruisecontrol.listeners.LockFileListener;6;0.4;1.0
net.sourceforge.cruisecontrol.logmanipulators.BaseManipulator;6;0.4;0.8
net.sourceforge.cruisecontrol.publishers.ArtifactsPublisher;13;0.5;0.75
net.sourceforge.cruisecontrol.publishers.CMSynergyBaselinePublisher;10;0.5555555555555556;0.7777777777777778
net.sourceforge.cruisecontrol.publishers.CMSynergyPublisher;13;0.5;0.5833333333333334
net.sourceforge.cruisecontrol.publishers.CMSynergyTaskPublisher;5;0.5;0.75
net.sourceforge.cruisecontrol.publishers.ClearCaseBaselinePublisher;13;0.4166666666666667;0.5833333333333334
net.sourceforge.cruisecontrol.publishers.EmailPublisher;55;0.5555555555555556;0.5740740740740741
net.sourceforge.cruisecontrol.publishers.FTPPublisher;7;0.5;0.8333333333333334
net.sourceforge.cruisecontrol.publishers.HTMLEmailPublisher;26;0.52;0.6
net.sourceforge.cruisecontrol.publishers.HTTPPublisher;6;0.2;0.8
net.sourceforge.cruisecontrol.publishers.JabberPublisher;14;0.6153846153846154;0.6153846153846154
net.sourceforge.cruisecontrol.publishers.JnlpPublisher;10;0.4444444444444444;0.6666666666666666
net.sourceforge.cruisecontrol.publishers.OrigoPublisher;18;0.47058823529411764;0.7058823529411765
net.sourceforge.cruisecontrol.publishers.RSSPublisher;8;0.7142857142857143;0.7142857142857143
net.sourceforge.cruisecontrol.publishers.SCPPublisher;18;0.29411764705882354;0.5882352941176471
net.sourceforge.cruisecontrol.publishers.SocketPublisher;11;0.5;0.8
net.sourceforge.cruisecontrol.publishers.WeblogPublisher;40;0.6153846153846154;0.5641025641025641
net.sourceforge.cruisecontrol.publishers.X10Publisher;15;0.35714285714285715;0.6428571428571429
net.sourceforge.cruisecontrol.publishers.XSLTLogPublisher;7;0.5;0.8333333333333334
net.sourceforge.cruisecontrol.publishers.email.EmailAddressMapper;5;0.5;0.75
net.sourceforge.cruisecontrol.publishers.email.LDAPMapper;18;0.47058823529411764;0.6470588235294118
net.sourceforge.cruisecontrol.publishers.email.PropertiesMapper;6;0.4;0.8
net.sourceforge.cruisecontrol.publishers.origo.OrigoApiClient;6;0.6;0.8
net.sourceforge.cruisecontrol.publishers.rss.CruiseControlFeed;7;0.5;0.6666666666666666
net.sourceforge.cruisecontrol.publishers.rss.Feed;11;0.5;0.7
net.sourceforge.cruisecontrol.publishers.rss.Item;10;0.6666666666666666;0.6666666666666666
net.sourceforge.cruisecontrol.publishers.sfee.SfeeDocumentManagerPublisher;16;0.4666666666666667;0.6666666666666666
net.sourceforge.cruisecontrol.publishers.sfee.SfeeFrsPublisher;7;0.5;0.8333333333333334
net.sourceforge.cruisecontrol.publishers.sfee.SfeePublisher;8;0.5714285714285714;0.8571428571428571
net.sourceforge.cruisecontrol.publishers.sfee.SfeeTrackerPublisher;9;0.5;0.75
net.sourceforge.cruisecontrol.report.BuildLoopMonitorRepository;5;0.75;0.75
net.sourceforge.cruisecontrol.sourcecontrols.Accurev;9;0.5;0.625
net.sourceforge.cruisecontrol.sourcecontrols.AlienBrain;10;0.5555555555555556;0.6666666666666666
net.sourceforge.cruisecontrol.sourcecontrols.AlienBrainCore;16;0.4666666666666667;0.6666666666666666
net.sourceforge.cruisecontrol.sourcecontrols.BuildStatus;9;0.625;0.75
net.sourceforge.cruisecontrol.sourcecontrols.CMSynergy;32;0.4838709677419355;0.5806451612903226
net.sourceforge.cruisecontrol.sourcecontrols.CMSynergyModification;9;0.5;0.75
net.sourceforge.cruisecontrol.sourcecontrols.ClearCase;15;0.5;0.5714285714285714
net.sourceforge.cruisecontrol.sourcecontrols.Compound;7;0.3333333333333333;0.8333333333333334
net.sourceforge.cruisecontrol.sourcecontrols.ConcurrentVersionsSystem;34;0.5757575757575758;0.6060606060606061
net.sourceforge.cruisecontrol.sourcecontrols.Darcs;12;0.5454545454545454;0.6363636363636364
net.sourceforge.cruisecontrol.sourcecontrols.FakeUserSourceControl;7;0.5;0.6666666666666666
net.sourceforge.cruisecontrol.sourcecontrols.FileSystem;6;0.4;0.8
net.sourceforge.cruisecontrol.sourcecontrols.Git;8;0.5714285714285714;0.7142857142857143
net.sourceforge.cruisecontrol.sourcecontrols.HttpFile;5;0.5;0.75
net.sourceforge.cruisecontrol.sourcecontrols.IvySourceControl;10;0.4444444444444444;0.6666666666666666
net.sourceforge.cruisecontrol.sourcecontrols.MKS;11;0.5;0.6
net.sourceforge.cruisecontrol.sourcecontrols.Maven2SnapshotDependency;19;0.5555555555555556;0.6111111111111112
net.sourceforge.cruisecontrol.sourcecontrols.MavenSnapshotDependency;13;0.4166666666666667;0.75
net.sourceforge.cruisecontrol.sourcecontrols.Mercurial;18;0.47058823529411764;0.5882352941176471
net.sourceforge.cruisecontrol.sourcecontrols.P4;28;0.48148148148148145;0.5925925925925926
net.sourceforge.cruisecontrol.sourcecontrols.PVCS;19;1.0;0.6666666666666666
net.sourceforge.cruisecontrol.sourcecontrols.PlasticSCM;9;0.375;0.625
net.sourceforge.cruisecontrol.sourcecontrols.SSCM;16;0.4666666666666667;0.6666666666666666
net.sourceforge.cruisecontrol.sourcecontrols.SVN;25;0.5416666666666666;0.625
net.sourceforge.cruisecontrol.sourcecontrols.SnapshotCM;10;0.4444444444444444;0.6666666666666666
net.sourceforge.cruisecontrol.sourcecontrols.SourceControlProperties;7;0.6666666666666666;0.8333333333333334
net.sourceforge.cruisecontrol.sourcecontrols.Store;18;0.5294117647058824;0.5882352941176471
net.sourceforge.cruisecontrol.sourcecontrols.TeamFoundationServer;17;0.5625;0.6875
net.sourceforge.cruisecontrol.sourcecontrols.TimeBuild;7;0.6666666666666666;0.6666666666666666
net.sourceforge.cruisecontrol.sourcecontrols.UCM;33;0.53125;0.625
net.sourceforge.cruisecontrol.sourcecontrols.Veto;8;0.5714285714285714;0.7142857142857143
net.sourceforge.cruisecontrol.sourcecontrols.Vss;26;0.48;0.6
net.sourceforge.cruisecontrol.sourcecontrols.VssJournal;20;0.5789473684210527;0.631578947368421
net.sourceforge.cruisecontrol.sourcecontrols.accurev.AccurevCommandline;25;0.4583333333333333;0.6666666666666666
net.sourceforge.cruisecontrol.util.AbstractFTPClass;19;0.4444444444444444;0.6666666666666666
net.sourceforge.cruisecontrol.util.BuildOutputLogger;15;0.6428571428571429;0.7857142857142857
net.sourceforge.cruisecontrol.util.Commandline;30;0.6206896551724138;0.6551724137931034
net.sourceforge.cruisecontrol.util.DateUtil;13;0.5833333333333334;0.75
net.sourceforge.cruisecontrol.util.Directory;5;0.75;0.75
net.sourceforge.cruisecontrol.util.IO;13;0.75;0.75
net.sourceforge.cruisecontrol.util.MainArgs;5;0.25;0.75
net.sourceforge.cruisecontrol.util.ManagedCommandline;15;0.35714285714285715;0.6428571428571429
net.sourceforge.cruisecontrol.util.OSEnvironment;9;0.625;0.75
net.sourceforge.cruisecontrol.util.Processes;5;0.5;0.75
net.sourceforge.cruisecontrol.util.PruneElementFilter;5;0.5;0.5
net.sourceforge.cruisecontrol.util.StdoutBuffer;7;0.8333333333333334;0.6666666666666666
net.sourceforge.cruisecontrol.util.StreamLogger;8;0.8571428571428571;0.7142857142857143
net.sourceforge.cruisecontrol.util.Util;11;0.6;0.7
net.sourceforge.cruisecontrol.util.ValidationHelper;15;0.6428571428571429;0.6428571428571429
net.sourceforge.cruisecontrol.util.XMLLogHelper;14;0.38461538461538464;0.6153846153846154
net.sourceforge.cruisecontrol.util.XPathAwareChild;11;0.6;0.7
net.sourceforge.cruisecontrol.util.threadpool.ThreadQueue;18;0.5882352941176471;0.5882352941176471
