file;entities;metric;metric_random
net.sf.ext.BrowserLauncher;6;0.6;0.8
net.sf.jabref.AuthorList;25;0.5416666666666666;0.625
net.sf.jabref.BasePanel;88;0.4942528735632184;0.5747126436781609
net.sf.jabref.BibtexDatabase;34;0.5757575757575758;0.6363636363636364
net.sf.jabref.BibtexEntry;29;0.4642857142857143;0.6071428571428571
net.sf.jabref.BibtexFields;17;0.5;0.625
net.sf.jabref.BibtexString;7;0.5;0.8333333333333334
net.sf.jabref.ContentSelectorDialog2;8;0.5714285714285714;0.7142857142857143
net.sf.jabref.CustomEntryType;8;0.5714285714285714;0.7142857142857143
net.sf.jabref.DuplicateCheck;5;0.5;0.75
net.sf.jabref.DuplicateResolverDialog;8;0.5714285714285714;0.7142857142857143
net.sf.jabref.EntryCustomizationDialog;7;0.6666666666666666;0.8333333333333334
net.sf.jabref.EntryEditor;32;0.5161290322580645;0.5806451612903226
net.sf.jabref.EntrySorter;6;0.4;0.8
net.sf.jabref.ExternalTab;5;0.5;0.75
net.sf.jabref.FieldTextArea;16;0.4666666666666667;0.6666666666666666
net.sf.jabref.FieldTextField;15;0.5714285714285714;0.7142857142857143
net.sf.jabref.FieldTextMenu;7;0.6666666666666666;0.6666666666666666
net.sf.jabref.FileHistory;6;0.6;0.8
net.sf.jabref.HelpContent;7;0.8333333333333334;0.8333333333333334
net.sf.jabref.MetaData;16;0.4666666666666667;0.6666666666666666
net.sf.jabref.OpenFileFilter;5;0.5;1.0
net.sf.jabref.PreviewPrefsTab;5;0.5;0.75
net.sf.jabref.ReplaceStringDialog;6;0.6;0.8
net.sf.jabref.RightClickMenu;7;0.5;0.6666666666666666
net.sf.jabref.SearchManager2;19;0.5555555555555556;0.6666666666666666
net.sf.jabref.SidePaneComponent;8;0.5714285714285714;0.7142857142857143
net.sf.jabref.SidePaneManager;16;0.6666666666666666;0.7333333333333333
net.sf.jabref.SimpleUrlDragDrop;5;0.75;1.0
net.sf.jabref.TabLabelPattern;7;0.5;0.8333333333333334
net.sf.jabref.UnknownEntryType;7;0.6666666666666666;0.8333333333333334
net.sf.jabref.UrlDragDrop;5;0.75;0.75
net.sf.jabref.about.AboutPanel;9;0.75;0.625
net.sf.jabref.about.AboutTextLine;22;0.5238095238095238;0.6190476190476191
net.sf.jabref.about.TextBlock;6;0.8;0.8
net.sf.jabref.autocompleter.AbstractAutoCompleter;7;0.6666666666666666;0.6666666666666666
net.sf.jabref.autocompleter.NameFieldAutoCompleter;5;0.75;0.75
net.sf.jabref.bst.BibtexNameFormatter;5;0.75;0.75
net.sf.jabref.bst.BstLexer;29;0.6428571428571429;0.5714285714285714
net.sf.jabref.bst.BstParser;13;0.5;0.6666666666666666
net.sf.jabref.collab.Change;7;0.5;0.8333333333333334
net.sf.jabref.collab.ChangeScanner;12;0.5454545454545454;0.6363636363636364
net.sf.jabref.collab.FileUpdateMonitor;10;0.7777777777777778;0.6666666666666666
net.sf.jabref.collab.MetaDataChange;6;0.6;0.8
net.sf.jabref.export.AutoSaveManager;7;0.5;0.6666666666666666
net.sf.jabref.export.CustomExportDialog;8;0.5714285714285714;0.5714285714285714
net.sf.jabref.export.CustomExportList;10;0.5555555555555556;0.6666666666666666
net.sf.jabref.export.ExportFileFilter;5;0.5;0.75
net.sf.jabref.export.ExportFormat;10;0.4444444444444444;0.6666666666666666
net.sf.jabref.export.ExportFormats;7;0.3333333333333333;0.6666666666666666
net.sf.jabref.export.FileActions;9;0.5;0.75
net.sf.jabref.export.LatexFieldFormatter;6;0.2;0.8
net.sf.jabref.export.OpenDocumentSpreadsheetCreator;6;0.4;0.8
net.sf.jabref.export.OpenOfficeDocumentCreator;6;0.4;0.8
net.sf.jabref.export.SaveDatabaseAction;9;0.5;0.75
net.sf.jabref.export.SaveSession;8;0.5714285714285714;0.7142857142857143
net.sf.jabref.export.layout.LayoutHelper;11;0.8;0.7
net.sf.jabref.external.DownloadExternalFile;7;0.5;0.6666666666666666
net.sf.jabref.external.DroppedFileHandler;7;0.5;0.6666666666666666
net.sf.jabref.external.ExternalFilePanel;9;0.625;0.75
net.sf.jabref.external.ExternalFileType;20;0.5263157894736842;0.631578947368421
net.sf.jabref.external.ExternalFileTypeEditor;6;0.4;0.8
net.sf.jabref.external.ExternalFileTypeEntryEditor;6;0.6;0.8
net.sf.jabref.external.FileLinksUpgradeWarning;5;0.75;0.75
net.sf.jabref.external.FindFullText;5;0.5;0.75
net.sf.jabref.external.PushToApplicationButton;7;0.5;0.8333333333333334
net.sf.jabref.external.PushToEmacs;11;0.6;0.6
net.sf.jabref.external.PushToLatexEditor;11;0.6;0.7
net.sf.jabref.external.PushToLyx;11;0.5;0.7
net.sf.jabref.external.PushToVim;11;0.6;0.6
net.sf.jabref.external.PushToWinEdt;11;0.6;0.6
net.sf.jabref.external.RegExpFileSearch;6;0.4;0.8
net.sf.jabref.groups.AllEntriesGroup;16;0.6666666666666666;0.6
net.sf.jabref.groups.AutoGroupDialog;7;0.6666666666666666;0.6666666666666666
net.sf.jabref.groups.ExplicitGroup;23;0.6818181818181818;0.5454545454545454
net.sf.jabref.groups.GroupDialog;11;0.6;0.8
net.sf.jabref.groups.GroupTreeCellRenderer;5;1.0;0.75
net.sf.jabref.groups.GroupTreeNode;30;0.5172413793103449;0.6206896551724138
net.sf.jabref.groups.GroupsTree;24;0.6956521739130435;0.6521739130434783
net.sf.jabref.groups.KeywordGroup;24;0.6956521739130435;0.6086956521739131
net.sf.jabref.groups.SearchGroup;21;0.55;0.65
net.sf.jabref.groups.TransferableEntrySelection;5;0.5;0.75
net.sf.jabref.groups.UndoableAddOrRemoveGroup;7;0.5;0.8333333333333334
net.sf.jabref.groups.UndoableChangeAssignment;5;0.25;0.75
net.sf.jabref.groups.UndoableModifySubtree;5;0.5;0.75
net.sf.jabref.groups.UndoableResetGroups;5;0.5;0.75
net.sf.jabref.gui.DatabasePropertiesDialog;5;0.5;1.0
net.sf.jabref.gui.EntryCustomizationDialog2;8;0.42857142857142855;0.7142857142857143
net.sf.jabref.gui.EntryTypeList;7;0.5;0.8333333333333334
net.sf.jabref.gui.FieldSetComponent;17;0.5;0.6875
net.sf.jabref.gui.FileDialogs;9;0.75;0.75
net.sf.jabref.gui.FileListEditor;31;0.4666666666666667;0.6
net.sf.jabref.gui.FileListEntry;7;0.6666666666666666;0.6666666666666666
net.sf.jabref.gui.FileListEntryEditor;12;0.7272727272727273;0.6363636363636364
net.sf.jabref.gui.FileListTableModel;19;0.5;0.6111111111111112
net.sf.jabref.gui.MainTableFormat;9;0.625;0.625
net.sf.jabref.gui.MainTableSelectionListener;23;0.5454545454545454;0.6363636363636364
net.sf.jabref.gui.PersistenceTableColumnListener;6;0.8;0.8
net.sf.jabref.gui.PreventDraggingJTableHeader;5;0.75;0.75
net.sf.jabref.gui.SearchResultsDialog;8;0.5714285714285714;0.7142857142857143
net.sf.jabref.gui.VerticalLabelUI;11;0.7;0.7
net.sf.jabref.imports.BibTeXMLHandler;7;0.3333333333333333;0.8333333333333334
net.sf.jabref.imports.BibtexParser;30;0.5172413793103449;0.5862068965517241
net.sf.jabref.imports.CiteSeerEntryFetcher;7;0.8333333333333334;0.8333333333333334
net.sf.jabref.imports.CiteSeerFetcher;17;0.625;0.625
net.sf.jabref.imports.CsaImporter;7;0.3333333333333333;0.6666666666666666
net.sf.jabref.imports.CustomImportList;5;0.5;1.0
net.sf.jabref.imports.EndnoteImporter;5;0.25;0.75
net.sf.jabref.imports.ImportFormat;12;0.36363636363636365;0.6363636363636364
net.sf.jabref.imports.ImportFormatReader;19;0.4444444444444444;0.6111111111111112
net.sf.jabref.imports.JSTORFetcher;11;0.7;0.6
net.sf.jabref.imports.JSTORFetcher2;10;0.7777777777777778;0.7777777777777778
net.sf.jabref.imports.MedlineFetcher;9;0.75;0.875
net.sf.jabref.imports.MedlineImporter;5;0.5;0.75
net.sf.jabref.imports.OAI2Handler;5;0.25;0.75
net.sf.jabref.imports.OpenDatabaseAction;6;0.6;0.6
net.sf.jabref.imports.ParserResult;24;0.4782608695652174;0.6086956521739131
net.sf.jabref.imports.RepecNepImporter;14;0.38461538461538464;0.6153846153846154
net.sf.jabref.imports.SPIRESFetcher;13;0.6666666666666666;0.6666666666666666
net.sf.jabref.imports.ScienceDirectFetcher;9;0.75;0.75
net.sf.jabref.journals.JournalAbbreviations;14;0.6923076923076923;0.7692307692307693
net.sf.jabref.journals.ManageJournalsPanel;7;0.6666666666666666;0.6666666666666666
net.sf.jabref.labelPattern.LabelPattern;7;0.5;0.8333333333333334
net.sf.jabref.labelPattern.LabelPatternUtil;24;0.6086956521739131;0.5652173913043478
net.sf.jabref.mods.MODSEntry;9;0.625;0.875
net.sf.jabref.mods.PersonName;10;0.5555555555555556;0.7777777777777778
net.sf.jabref.msbib.MSBibEntry;24;0.5652173913043478;0.6521739130434783
net.sf.jabref.net.Cookie;5;0.75;0.75
net.sf.jabref.net.URLDownload;10;0.4444444444444444;0.6666666666666666
net.sf.jabref.plugin.ManagePluginsDialog;7;0.3333333333333333;0.8333333333333334
net.sf.jabref.sql.DBConnectDialog;6;0.6;0.6
net.sf.jabref.sql.DBStrings;17;0.4375;0.75
net.sf.jabref.sql.SQLutil;34;0.5454545454545454;0.5757575757575758
net.sf.jabref.undo.CountingUndoManager;5;0.25;0.75
net.sf.jabref.undo.NamedCompound;5;0.25;0.75
net.sf.jabref.undo.UndoableKeyChange;5;0.5;0.75
net.sf.jabref.util.CaseChanger;6;0.8;0.8
net.sf.jabref.util.Pair;17;0.5;0.75
net.sf.jabref.util.TXMLReader;8;0.5714285714285714;0.8571428571428571
net.sf.jabref.util.XMPUtil;20;0.47368421052631576;0.631578947368421
net.sf.jabref.wizard.auximport.AuxSubGenerator;13;0.3333333333333333;0.6666666666666666
net.sf.jabref.wizard.integrity.IntegrityCheck;6;0.8;0.8
net.sf.jabref.wizard.integrity.gui.IntegrityMessagePanel;7;0.6666666666666666;0.8333333333333334
tests.net.sf.jabref.AuthorListTest;18;0.5294117647058824;0.7058823529411765
tests.net.sf.jabref.UtilFindFileTest;6;0.6;0.8
tests.net.sf.jabref.bst.BibtexCaseChangerTest;5;0.5;1.0
tests.net.sf.jabref.bst.BibtexNameFormatterTest;8;0.5714285714285714;0.7142857142857143
tests.net.sf.jabref.bst.TestVM;33;0.40625;0.5625
tests.net.sf.jabref.export.layout.LayoutTest;9;0.5;0.75
tests.net.sf.jabref.export.layout.format.AuthorLastFirstAbbreviatorTester;6;0.2;0.6
tests.net.sf.jabref.gui.AutoCompleterTest;8;0.42857142857142855;0.7142857142857143
tests.net.sf.jabref.imports.BibtexParserTest;14;0.6153846153846154;0.6923076923076923
tests.net.sf.jabref.imports.CopacImporterTest;5;0.75;0.75
tests.net.sf.jabref.imports.IsiImporterTest;14;0.6923076923076923;0.6153846153846154
tests.net.sf.jabref.imports.OAI2ImportTest;8;0.7142857142857143;0.7142857142857143
tests.net.sf.jabref.imports.RISImporterTest;5;0.75;1.0
tests.net.sf.jabref.labelPattern.LabelPatternUtilTest;7;0.6666666666666666;0.8333333333333334
tests.net.sf.jabref.util.XMPSchemaBibtexTest;12;0.45454545454545453;0.6363636363636364
