file;entities;metric;metric_random
org.jfree.chart.ChartFactory;40;0.5641025641025641;0.5641025641025641
org.jfree.chart.ChartRenderingInfo;10;0.4444444444444444;0.6666666666666666
org.jfree.chart.ChartUtilities;27;0.8461538461538461;0.6538461538461539
org.jfree.chart.LegendItem;38;0.5135135135135135;0.5945945945945946
org.jfree.chart.LegendItemCollection;7;0.6666666666666666;0.6666666666666666
org.jfree.chart.PaintMap;8;0.42857142857142855;0.8571428571428571
org.jfree.chart.PolarChartPanel;5;0.5;0.75
org.jfree.chart.StrokeMap;8;0.42857142857142855;0.7142857142857143
org.jfree.chart.annotations.AbstractXYAnnotation;8;0.5714285714285714;0.5714285714285714
org.jfree.chart.annotations.CategoryLineAnnotation;18;0.5294117647058824;0.6470588235294118
org.jfree.chart.annotations.CategoryPointerAnnotation;22;0.5238095238095238;0.6666666666666666
org.jfree.chart.annotations.CategoryTextAnnotation;10;0.5555555555555556;0.6666666666666666
org.jfree.chart.annotations.TextAnnotation;16;0.5333333333333333;0.6666666666666666
org.jfree.chart.annotations.XYBoxAnnotation;6;0.6;0.6
org.jfree.chart.annotations.XYDataImageAnnotation;14;0.6153846153846154;0.6153846153846154
org.jfree.chart.annotations.XYImageAnnotation;10;0.5555555555555556;0.7777777777777778
org.jfree.chart.annotations.XYLineAnnotation;6;0.6;0.8
org.jfree.chart.annotations.XYPointerAnnotation;22;0.5238095238095238;0.6190476190476191
org.jfree.chart.annotations.XYPolygonAnnotation;10;0.4444444444444444;0.6666666666666666
org.jfree.chart.annotations.XYShapeAnnotation;6;0.6;0.8
org.jfree.chart.annotations.XYTextAnnotation;30;0.5172413793103449;0.6206896551724138
org.jfree.chart.annotations.XYTitleAnnotation;13;0.5833333333333334;0.6666666666666666
org.jfree.chart.axis.Axis;68;0.4925373134328358;0.5373134328358209
org.jfree.chart.axis.AxisCollection;5;0.5;1.0
org.jfree.chart.axis.AxisLocation;5;0.75;0.75
org.jfree.chart.axis.AxisSpace;18;0.6470588235294118;0.6470588235294118
org.jfree.chart.axis.AxisState;11;0.6;0.7
org.jfree.chart.axis.CategoryAxis;47;0.5652173913043478;0.5652173913043478
org.jfree.chart.axis.CategoryLabelPosition;8;0.5714285714285714;0.8571428571428571
org.jfree.chart.axis.CategoryTick;5;0.75;1.0
org.jfree.chart.axis.CyclicNumberAxis;30;0.5517241379310345;0.5862068965517241
org.jfree.chart.axis.DateAxis;47;0.5869565217391305;0.5652173913043478
org.jfree.chart.axis.DateTickUnit;15;0.5714285714285714;0.6428571428571429
org.jfree.chart.axis.ExtendedCategoryAxis;10;0.5555555555555556;0.6666666666666666
org.jfree.chart.axis.LogAxis;31;0.6333333333333333;0.6333333333333333
org.jfree.chart.axis.LogarithmicAxis;27;0.5384615384615384;0.6153846153846154
org.jfree.chart.axis.MarkerAxisBand;6;0.6;0.8
org.jfree.chart.axis.ModuloAxis;16;0.3333333333333333;0.6666666666666666
org.jfree.chart.axis.NumberAxis;36;0.5714285714285714;0.6
org.jfree.chart.axis.PeriodAxis;44;0.5348837209302325;0.5813953488372093
org.jfree.chart.axis.PeriodAxisLabelInfo;14;0.38461538461538464;0.6923076923076923
org.jfree.chart.axis.SegmentedTimeline;44;0.5813953488372093;0.5813953488372093
org.jfree.chart.axis.StandardTickUnitSource;5;0.5;0.75
org.jfree.chart.axis.SubCategoryAxis;12;0.5454545454545454;0.8181818181818182
org.jfree.chart.axis.SymbolAxis;20;0.631578947368421;0.631578947368421
org.jfree.chart.axis.Tick;7;0.3333333333333333;0.8333333333333334
org.jfree.chart.axis.TickUnit;6;0.6;0.6
org.jfree.chart.axis.TickUnits;8;0.5714285714285714;0.7142857142857143
org.jfree.chart.axis.ValueAxis;71;0.5714285714285714;0.5571428571428572
org.jfree.chart.block.AbstractBlock;35;0.5294117647058824;0.5882352941176471
org.jfree.chart.block.BlockBorder;6;0.6;0.8
org.jfree.chart.block.BlockContainer;12;0.5454545454545454;0.6363636363636364
org.jfree.chart.block.BlockParams;6;0.6;0.8
org.jfree.chart.block.BorderArrangement;9;0.625;0.75
org.jfree.chart.block.CenterArrangement;12;0.6363636363636364;0.7272727272727273
org.jfree.chart.block.ColorBlock;7;0.6666666666666666;0.8333333333333334
org.jfree.chart.block.ColumnArrangement;9;0.75;0.625
org.jfree.chart.block.FlowArrangement;12;0.6363636363636364;0.6363636363636364
org.jfree.chart.block.GridArrangement;13;0.75;0.5833333333333334
org.jfree.chart.block.LabelBlock;19;0.5555555555555556;0.6666666666666666
org.jfree.chart.block.LineBorder;7;0.5;0.6666666666666666
org.jfree.chart.block.RectangleConstraint;14;0.38461538461538464;0.6923076923076923
org.jfree.chart.editor.DefaultChartEditor;7;0.5;0.8333333333333334
org.jfree.chart.editor.DefaultNumberAxisEditor;12;0.45454545454545453;0.7272727272727273
org.jfree.chart.editor.DefaultPlotEditor;14;0.46153846153846156;0.6923076923076923
org.jfree.chart.editor.DefaultTitleEditor;9;0.625;0.75
org.jfree.chart.encoders.EncoderUtil;8;1.0;1.0
org.jfree.chart.encoders.ImageEncoderFactory;6;0.8;0.8
org.jfree.chart.encoders.SunJPEGEncoderAdapter;6;0.6;0.8
org.jfree.chart.encoders.SunPNGEncoderAdapter;6;0.6;0.8
org.jfree.chart.entity.AxisEntity;7;0.5;0.8333333333333334
org.jfree.chart.entity.CategoryItemEntity;8;0.5714285714285714;0.7142857142857143
org.jfree.chart.entity.ChartEntity;17;0.375;0.625
org.jfree.chart.entity.JFreeChartEntity;7;0.5;0.6666666666666666
org.jfree.chart.entity.LegendItemEntity;7;0.5;0.8333333333333334
org.jfree.chart.entity.PieSectionEntity;11;0.6;0.6
org.jfree.chart.entity.PlotEntity;7;0.5;0.8333333333333334
org.jfree.chart.entity.StandardEntityCollection;10;0.3333333333333333;0.6666666666666666
org.jfree.chart.entity.TitleEntity;7;0.5;0.8333333333333334
org.jfree.chart.entity.XYItemEntity;8;0.5714285714285714;0.7142857142857143
org.jfree.chart.event.ChartProgressEvent;6;0.6;0.8
org.jfree.chart.imagemap.ImageMapUtilities;7;0.8333333333333334;0.8333333333333334
org.jfree.chart.labels.AbstractCategoryItemLabelGenerator;10;0.4444444444444444;0.7777777777777778
org.jfree.chart.labels.AbstractPieItemLabelGenerator;8;0.5714285714285714;0.7142857142857143
org.jfree.chart.labels.AbstractXYItemLabelGenerator;11;0.5;0.6
org.jfree.chart.labels.BubbleXYItemLabelGenerator;7;0.5;0.8333333333333334
org.jfree.chart.labels.CustomXYToolTipGenerator;7;0.6666666666666666;0.6666666666666666
org.jfree.chart.labels.HighLowItemLabelGenerator;5;0.5;0.75
org.jfree.chart.labels.ItemLabelPosition;5;0.25;1.0
org.jfree.chart.labels.MultipleXYSeriesLabelGenerator;7;0.6666666666666666;0.6666666666666666
org.jfree.chart.labels.StandardCategorySeriesLabelGenerator;5;0.5;0.75
org.jfree.chart.labels.StandardPieSectionLabelGenerator;6;0.2;0.8
org.jfree.chart.labels.StandardXYSeriesLabelGenerator;5;0.5;0.75
org.jfree.chart.labels.StandardXYZToolTipGenerator;6;0.2;0.8
org.jfree.chart.labels.SymbolicXYItemLabelGenerator;6;0.6;0.8
org.jfree.chart.needle.MeterNeedle;24;0.5652173913043478;0.6086956521739131
org.jfree.chart.plot.AbstractPieLabelDistributor;5;0.5;0.75
org.jfree.chart.plot.CategoryCrosshairState;6;0.8;0.8
org.jfree.chart.plot.CategoryMarker;5;0.5;0.75
org.jfree.chart.plot.CategoryPlot;211;0.638095238095238;0.5285714285714286
org.jfree.chart.plot.CombinedDomainCategoryPlot;22;0.6190476190476191;0.6190476190476191
org.jfree.chart.plot.CombinedDomainXYPlot;23;0.5909090909090909;0.5909090909090909
org.jfree.chart.plot.CombinedRangeCategoryPlot;17;0.5625;0.6875
org.jfree.chart.plot.CombinedRangeXYPlot;22;0.5238095238095238;0.6190476190476191
org.jfree.chart.plot.CompassPlot;32;0.5161290322580645;0.6129032258064516
org.jfree.chart.plot.CrosshairState;22;0.6666666666666666;0.6190476190476191
org.jfree.chart.plot.DefaultDrawingSupplier;14;0.46153846153846156;0.6923076923076923
org.jfree.chart.plot.FastScatterPlot;47;0.5434782608695652;0.5652173913043478
org.jfree.chart.plot.IntervalMarker;8;0.42857142857142855;0.7142857142857143
org.jfree.chart.plot.Marker;32;0.45161290322580644;0.5806451612903226
org.jfree.chart.plot.MeterInterval;8;0.5714285714285714;0.7142857142857143
org.jfree.chart.plot.MeterPlot;53;0.5192307692307693;0.5961538461538461
org.jfree.chart.plot.MultiplePiePlot;22;0.42857142857142855;0.7142857142857143
org.jfree.chart.plot.PieLabelDistributor;8;0.5714285714285714;0.7142857142857143
org.jfree.chart.plot.PieLabelRecord;15;0.6428571428571429;0.5714285714285714
org.jfree.chart.plot.PiePlot;124;0.5203252032520326;0.5365853658536586
org.jfree.chart.plot.PiePlot3D;10;0.5555555555555556;0.6666666666666666
org.jfree.chart.plot.PiePlotState;20;0.5263157894736842;0.631578947368421
org.jfree.chart.plot.Plot;65;0.53125;0.546875
org.jfree.chart.plot.PlotRenderingInfo;13;0.4166666666666667;0.6666666666666666
org.jfree.chart.plot.PolarPlot;57;0.5;0.5714285714285714
org.jfree.chart.plot.RingPlot;19;0.5;0.6111111111111112
org.jfree.chart.plot.SpiderWebPlot;65;0.484375;0.546875
org.jfree.chart.plot.ThermometerPlot;70;0.5072463768115942;0.5652173913043478
org.jfree.chart.plot.WaferMapPlot;10;0.6666666666666666;0.6666666666666666
org.jfree.chart.plot.XYPlot;220;0.593607305936073;0.547945205479452
org.jfree.chart.plot.dial.AbstractDialLayer;10;0.5555555555555556;0.7777777777777778
org.jfree.chart.plot.dial.ArcDialFrame;23;0.45454545454545453;0.5909090909090909
org.jfree.chart.plot.dial.DialBackground;11;0.5;0.7
org.jfree.chart.plot.dial.DialCap;15;0.5;0.5714285714285714
org.jfree.chart.plot.dial.DialPlot;39;0.5526315789473685;0.5789473684210527
org.jfree.chart.plot.dial.DialPointer;8;0.42857142857142855;0.7142857142857143
org.jfree.chart.plot.dial.DialTextAnnotation;19;0.5;0.5555555555555556
org.jfree.chart.plot.dial.DialValueIndicator;35;0.5;0.6176470588235294
org.jfree.chart.plot.dial.StandardDialFrame;16;0.5333333333333333;0.6
org.jfree.chart.plot.dial.StandardDialRange;20;0.47368421052631576;0.5789473684210527
org.jfree.chart.plot.dial.StandardDialScale;47;0.5;0.5869565217391305
org.jfree.chart.renderer.DefaultPolarItemRenderer;11;0.4;0.8
org.jfree.chart.renderer.GrayPaintScale;7;0.5;0.8333333333333334
org.jfree.chart.renderer.LookupPaintScale;9;0.5;0.75
org.jfree.chart.renderer.Outlier;10;0.5555555555555556;0.6666666666666666
org.jfree.chart.renderer.OutlierList;8;0.5714285714285714;0.7142857142857143
org.jfree.chart.renderer.OutlierListCollection;7;0.6666666666666666;0.8333333333333334
org.jfree.chart.renderer.WaferMapRenderer;12;0.6363636363636364;0.7272727272727273
org.jfree.chart.renderer.category.AbstractCategoryItemRenderer;62;0.5409836065573771;0.5901639344262295
org.jfree.chart.renderer.category.AreaRenderer;6;0.4;0.8
org.jfree.chart.renderer.category.BarRenderer3D;15;0.5714285714285714;0.7142857142857143
org.jfree.chart.renderer.category.BoxAndWhiskerRenderer;24;0.5217391304347826;0.6086956521739131
org.jfree.chart.renderer.category.CategoryItemRendererState;10;0.4444444444444444;0.8888888888888888
org.jfree.chart.renderer.category.CategoryStepRenderer;7;0.5;0.6666666666666666
org.jfree.chart.renderer.category.GanttRenderer;15;0.5;0.7142857142857143
org.jfree.chart.renderer.category.GradientBarPainter;7;0.5;0.8333333333333334
org.jfree.chart.renderer.category.GroupedStackedBarRenderer;6;0.4;0.8
org.jfree.chart.renderer.category.LayeredBarRenderer;6;0.6;0.8
org.jfree.chart.renderer.category.LevelRenderer;12;0.45454545454545453;0.6363636363636364
org.jfree.chart.renderer.category.LineAndShapeRenderer;33;0.59375;0.5625
org.jfree.chart.renderer.category.LineRenderer3D;15;0.6428571428571429;0.7142857142857143
org.jfree.chart.renderer.category.MinMaxCategoryRenderer;18;0.5882352941176471;0.7647058823529411
org.jfree.chart.renderer.category.ScatterRenderer;22;0.5238095238095238;0.5714285714285714
org.jfree.chart.renderer.category.StackedAreaRenderer;10;0.4444444444444444;0.6666666666666666
org.jfree.chart.renderer.category.StackedBarRenderer;7;0.5;0.6666666666666666
org.jfree.chart.renderer.category.StackedBarRenderer3D;13;0.5833333333333334;0.6666666666666666
org.jfree.chart.renderer.category.StandardBarPainter;5;0.75;1.0
org.jfree.chart.renderer.category.StatisticalBarRenderer;10;0.5555555555555556;0.7777777777777778
org.jfree.chart.renderer.category.StatisticalLineAndShapeRenderer;10;0.5555555555555556;0.7777777777777778
org.jfree.chart.renderer.category.WaterfallBarRenderer;13;0.5;0.6666666666666666
org.jfree.chart.renderer.xy.AbstractXYItemRenderer;59;0.603448275862069;0.5689655172413793
org.jfree.chart.renderer.xy.CandlestickRenderer;27;0.5;0.6153846153846154
org.jfree.chart.renderer.xy.ClusteredXYBarRenderer;6;0.4;0.8
org.jfree.chart.renderer.xy.DeviationRenderer;10;0.6666666666666666;0.6666666666666666
org.jfree.chart.renderer.xy.GradientXYBarPainter;7;0.5;0.8333333333333334
org.jfree.chart.renderer.xy.HighLowRenderer;16;0.5333333333333333;0.6666666666666666
org.jfree.chart.renderer.xy.SamplingXYLineRenderer;10;0.6666666666666666;0.6666666666666666
org.jfree.chart.renderer.xy.StackedXYAreaRenderer;13;0.4166666666666667;0.5833333333333334
org.jfree.chart.renderer.xy.StackedXYAreaRenderer2;10;0.4444444444444444;0.5555555555555556
org.jfree.chart.renderer.xy.StackedXYBarRenderer;8;0.5714285714285714;0.7142857142857143
org.jfree.chart.renderer.xy.StandardXYBarPainter;5;0.75;0.75
org.jfree.chart.renderer.xy.StandardXYItemRenderer;30;0.5862068965517241;0.5862068965517241
org.jfree.chart.renderer.xy.VectorRenderer;5;0.5;0.75
org.jfree.chart.renderer.xy.XYAreaRenderer;14;0.46153846153846156;0.7692307692307693
org.jfree.chart.renderer.xy.XYAreaRenderer2;10;0.5555555555555556;0.6666666666666666
org.jfree.chart.renderer.xy.XYBlockRenderer;14;0.5384615384615384;0.6923076923076923
org.jfree.chart.renderer.xy.XYBoxAndWhiskerRenderer;21;0.5;0.65
org.jfree.chart.renderer.xy.XYBubbleRenderer;5;0.25;0.75
org.jfree.chart.renderer.xy.XYDifferenceRenderer;23;0.5;0.5909090909090909
org.jfree.chart.renderer.xy.XYDotRenderer;12;0.5454545454545454;0.7272727272727273
org.jfree.chart.renderer.xy.XYErrorRenderer;16;0.6;0.6666666666666666
org.jfree.chart.renderer.xy.XYItemRendererState;6;0.6;0.8
org.jfree.chart.renderer.xy.XYLine3DRenderer;14;0.6923076923076923;0.6153846153846154
org.jfree.chart.renderer.xy.XYLineAndShapeRenderer;42;0.5853658536585366;0.5609756097560976
org.jfree.chart.renderer.xy.XYShapeRenderer;23;0.5454545454545454;0.5909090909090909
org.jfree.chart.renderer.xy.XYSplineRenderer;6;0.4;0.8
org.jfree.chart.renderer.xy.XYStepAreaRenderer;15;0.5;0.7142857142857143
org.jfree.chart.renderer.xy.XYStepRenderer;7;0.6666666666666666;0.6666666666666666
org.jfree.chart.renderer.xy.YIntervalRenderer;7;0.3333333333333333;0.6666666666666666
org.jfree.chart.servlet.ServletUtilities;14;0.6153846153846154;0.6153846153846154
org.jfree.chart.text.TextBlock;13;0.6666666666666666;0.5833333333333334
org.jfree.chart.text.TextBox;22;0.5238095238095238;0.6190476190476191
org.jfree.chart.text.TextFragment;11;0.4;0.6
org.jfree.chart.text.TextLine;9;0.625;0.75
org.jfree.chart.text.TextUtilities;19;0.5555555555555556;0.6666666666666666
org.jfree.chart.title.CompositeTitle;10;0.6666666666666666;0.7777777777777778
org.jfree.chart.title.ImageTitle;8;0.7142857142857143;0.7142857142857143
org.jfree.chart.title.LegendGraphic;37;0.5555555555555556;0.6111111111111112
org.jfree.chart.title.LegendItemBlockContainer;7;0.6666666666666666;0.6666666666666666
org.jfree.chart.title.LegendTitle;29;0.5357142857142857;0.6071428571428571
org.jfree.chart.title.PaintScaleLegend;27;0.5769230769230769;0.6538461538461539
org.jfree.chart.title.ShortTextTitle;6;0.8;0.6
org.jfree.chart.title.TextTitle;32;0.6129032258064516;0.6129032258064516
org.jfree.chart.title.Title;19;0.4444444444444444;0.6666666666666666
org.jfree.chart.ui.BasicProjectInfo;11;0.7;0.7
org.jfree.chart.ui.FontChooserPanel;5;0.75;0.75
org.jfree.chart.ui.LCBLayout;7;0.3333333333333333;0.6666666666666666
org.jfree.chart.ui.Library;10;0.6666666666666666;0.6666666666666666
org.jfree.chart.ui.ProjectInfo;7;0.6666666666666666;0.6666666666666666
org.jfree.chart.ui.StrokeSample;5;0.5;0.75
org.jfree.chart.urls.CustomCategoryURLGenerator;7;0.3333333333333333;0.6666666666666666
org.jfree.chart.urls.CustomPieURLGenerator;7;0.5;0.6666666666666666
org.jfree.chart.urls.CustomXYURLGenerator;7;0.3333333333333333;0.8333333333333334
org.jfree.chart.urls.TimeSeriesURLGenerator;6;0.4;0.8
org.jfree.chart.util.AbstractObjectList;10;0.4444444444444444;0.5555555555555556
org.jfree.chart.util.ApplicationFrame;7;0.6666666666666666;0.6666666666666666
org.jfree.chart.util.ArrayUtilities;5;0.5;0.75
org.jfree.chart.util.HashUtilities;10;0.7777777777777778;0.8888888888888888
org.jfree.chart.util.HexNumberFormat;5;0.75;0.75
org.jfree.chart.util.LogFormat;8;0.5714285714285714;0.8571428571428571
org.jfree.chart.util.ObjectUtilities;18;0.7058823529411765;0.6470588235294118
org.jfree.chart.util.PaintList;6;0.6;0.8
org.jfree.chart.util.RectangleAnchor;6;0.6;0.8
org.jfree.chart.util.RectangleEdge;8;0.5714285714285714;0.8571428571428571
org.jfree.chart.util.RectangleInsets;26;0.68;0.6
org.jfree.chart.util.RefineryUtilities;11;0.5;0.7
org.jfree.chart.util.RelativeDateFormat;26;0.52;0.6
org.jfree.chart.util.Rotation;5;0.5;1.0
org.jfree.chart.util.SerialUtilities;13;0.5833333333333334;0.6666666666666666
org.jfree.chart.util.ShapeList;7;0.6666666666666666;0.8333333333333334
org.jfree.chart.util.Size2D;7;0.5;0.8333333333333334
org.jfree.chart.util.StandardGradientPaintTransformer;5;0.5;0.75
org.jfree.chart.util.StrokeList;7;0.6666666666666666;0.8333333333333334
org.jfree.data.ComparableObjectItem;7;0.6666666666666666;0.8333333333333334
org.jfree.data.ComparableObjectSeries;18;0.6470588235294118;0.6470588235294118
org.jfree.data.DataUtilities;9;0.75;0.625
org.jfree.data.DefaultKeyedValue;7;0.6666666666666666;0.8333333333333334
org.jfree.data.DefaultKeyedValues;21;0.65;0.6
org.jfree.data.DefaultKeyedValues2D;21;0.45;0.65
org.jfree.data.KeyToGroupMap;10;0.4444444444444444;0.6666666666666666
org.jfree.data.KeyedObject;5;0.75;0.75
org.jfree.data.KeyedObjects;15;0.6428571428571429;0.7142857142857143
org.jfree.data.KeyedObjects2D;21;0.55;0.65
org.jfree.data.Range;18;0.5294117647058824;0.5882352941176471
org.jfree.data.category.CategoryToPieDataset;11;0.5;0.6
org.jfree.data.category.DefaultCategoryDataset;24;0.5217391304347826;0.5652173913043478
org.jfree.data.category.DefaultIntervalCategoryDataset;28;0.5185185185185185;0.5925925925925926
org.jfree.data.category.SlidingCategoryDataset;18;0.5882352941176471;0.7058823529411765
org.jfree.data.gantt.SlidingGanttCategoryDataset;32;0.6451612903225806;0.6451612903225806
org.jfree.data.gantt.Task;13;0.4166666666666667;0.6666666666666666
org.jfree.data.gantt.TaskSeries;9;0.5;0.75
org.jfree.data.gantt.TaskSeriesCollection;36;0.6285714285714286;0.6285714285714286
org.jfree.data.gantt.XYTaskDataset;29;0.32142857142857145;0.6071428571428571
org.jfree.data.general.AbstractDataset;11;0.5;0.7
org.jfree.data.general.DatasetUtilities;51;0.74;0.58
org.jfree.data.general.DefaultHeatMapDataset;14;0.5384615384615384;0.6153846153846154
org.jfree.data.general.DefaultKeyedValueDataset;7;0.5;0.8333333333333334
org.jfree.data.general.DefaultPieDataset;17;0.625;0.6875
org.jfree.data.general.Series;18;0.47058823529411764;0.5294117647058824
org.jfree.data.general.WaferMapDataset;17;0.625;0.5625
org.jfree.data.jdbc.JDBCXYDataset;14;0.6923076923076923;0.6153846153846154
org.jfree.data.statistics.BoxAndWhiskerItem;11;0.6;0.7
org.jfree.data.statistics.DefaultBoxAndWhiskerCategoryDataset;43;0.7142857142857143;0.5476190476190477
org.jfree.data.statistics.DefaultBoxAndWhiskerXYDataset;26;0.52;0.64
org.jfree.data.statistics.DefaultMultiValueCategoryDataset;18;0.5882352941176471;0.6470588235294118
org.jfree.data.statistics.DefaultStatisticalCategoryDataset;28;0.5925925925925926;0.5925925925925926
org.jfree.data.statistics.HistogramBin;7;0.16666666666666666;0.6666666666666666
org.jfree.data.statistics.HistogramDataset;20;0.47368421052631576;0.5789473684210527
org.jfree.data.statistics.MeanAndStandardDeviation;6;0.8;0.8
org.jfree.data.statistics.SimpleHistogramBin;9;0.5;0.75
org.jfree.data.statistics.SimpleHistogramDataset;26;0.64;0.6
org.jfree.data.statistics.Statistics;13;0.8333333333333334;0.75
org.jfree.data.time.DateRange;5;1.0;0.75
org.jfree.data.time.Day;17;0.5;0.6875
org.jfree.data.time.DynamicTimeSeriesCollection;38;0.5405405405405406;0.5675675675675675
org.jfree.data.time.FixedMillisecond;14;0.7692307692307693;0.6153846153846154
org.jfree.data.time.Hour;18;0.47058823529411764;0.5882352941176471
org.jfree.data.time.Millisecond;13;0.5;0.6666666666666666
org.jfree.data.time.Minute;16;0.6;0.6666666666666666
org.jfree.data.time.Month;18;0.5294117647058824;0.6470588235294118
org.jfree.data.time.MovingAverage;6;0.8;1.0
org.jfree.data.time.Quarter;16;0.6;0.6
org.jfree.data.time.RegularTimePeriod;15;0.7142857142857143;0.6428571428571429
org.jfree.data.time.Second;14;0.46153846153846156;0.7692307692307693
org.jfree.data.time.SerialDate;46;0.5333333333333333;0.6444444444444445
org.jfree.data.time.SimpleTimePeriod;7;0.5;0.6666666666666666
org.jfree.data.time.SpreadsheetDate;18;0.4117647058823529;0.5882352941176471
org.jfree.data.time.TimePeriodValue;7;0.6666666666666666;0.6666666666666666
org.jfree.data.time.TimePeriodValues;25;0.5416666666666666;0.625
org.jfree.data.time.TimePeriodValuesCollection;20;0.42105263157894735;0.5789473684210527
org.jfree.data.time.TimeSeries;41;0.725;0.625
org.jfree.data.time.TimeSeriesCollection;28;0.5185185185185185;0.5925925925925926
org.jfree.data.time.TimeSeriesDataItem;7;0.5;0.8333333333333334
org.jfree.data.time.TimeSeriesTableModel;8;0.7142857142857143;0.5714285714285714
org.jfree.data.time.TimeTableXYDataset;29;0.5714285714285714;0.6071428571428571
org.jfree.data.time.Week;19;0.5;0.6111111111111112
org.jfree.data.time.Year;14;0.46153846153846156;0.6153846153846154
org.jfree.data.time.ohlc.OHLC;5;0.5;0.75
org.jfree.data.time.ohlc.OHLCItem;6;0.4;0.8
org.jfree.data.time.ohlc.OHLCSeriesCollection;23;0.45454545454545453;0.6363636363636364
org.jfree.data.xml.ItemHandler;6;0.6;0.8
org.jfree.data.xml.KeyHandler;5;0.25;1.0
org.jfree.data.xml.RootHandler;5;0.5;1.0
org.jfree.data.xml.ValueHandler;5;0.25;0.75
org.jfree.data.xy.CategoryTableXYDataset;25;0.5;0.6666666666666666
org.jfree.data.xy.DefaultHighLowDataset;18;0.6470588235294118;0.6470588235294118
org.jfree.data.xy.DefaultIntervalXYDataset;19;0.6111111111111112;0.6111111111111112
org.jfree.data.xy.DefaultOHLCDataset;19;0.6666666666666666;0.5555555555555556
org.jfree.data.xy.DefaultTableXYDataset;34;0.5454545454545454;0.6060606060606061
org.jfree.data.xy.DefaultXYDataset;14;0.5384615384615384;0.6153846153846154
org.jfree.data.xy.DefaultXYZDataset;16;0.5333333333333333;0.6666666666666666
org.jfree.data.xy.IntervalXYDelegate;20;0.5263157894736842;0.6842105263157895
org.jfree.data.xy.MatrixSeries;10;0.7777777777777778;0.6666666666666666
org.jfree.data.xy.MatrixSeriesCollection;14;0.8461538461538461;0.6923076923076923
org.jfree.data.xy.NormalizedMatrixSeries;5;0.75;0.75
org.jfree.data.xy.OHLCDataItem;8;0.42857142857142855;0.7142857142857143
org.jfree.data.xy.Vector;6;0.4;0.8
org.jfree.data.xy.VectorDataItem;5;0.75;0.75
org.jfree.data.xy.VectorSeries;7;0.5;0.6666666666666666
org.jfree.data.xy.VectorSeriesCollection;17;0.4375;0.6875
org.jfree.data.xy.XIntervalSeries;6;0.6;0.8
org.jfree.data.xy.XIntervalSeriesCollection;19;0.3888888888888889;0.5555555555555556
org.jfree.data.xy.XYBarDataset;21;0.6;0.6
org.jfree.data.xy.XYCoordinate;6;0.6;1.0
org.jfree.data.xy.XYDataItem;11;0.8;0.6
org.jfree.data.xy.XYDatasetTableModel;8;0.5714285714285714;0.7142857142857143
org.jfree.data.xy.XYInterval;6;0.4;0.8
org.jfree.data.xy.XYIntervalDataItem;6;0.4;0.8
org.jfree.data.xy.XYIntervalSeries;8;0.42857142857142855;0.7142857142857143
org.jfree.data.xy.XYIntervalSeriesCollection;21;0.4;0.65
org.jfree.data.xy.XYSeries;40;0.7435897435897436;0.5897435897435898
org.jfree.data.xy.XYSeriesCollection;33;0.46875;0.625
org.jfree.data.xy.YIntervalSeries;6;0.4;0.6
org.jfree.data.xy.YIntervalSeriesCollection;19;0.4444444444444444;0.6666666666666666
