file;entities;metric;metric_random
net.sf.jftp.JFtp;39;0.5789473684210527;0.6052631578947368
net.sf.jftp.event.FtpEventHandler;8;0.42857142857142855;0.7142857142857143
net.sf.jftp.gui.DirEntry;17;0.5625;0.625
net.sf.jftp.gui.DirLister;7;0.5;0.6666666666666666
net.sf.jftp.gui.DirPanel;11;0.6;0.6
net.sf.jftp.gui.DownloadList;12;0.6363636363636364;0.6363636363636364
net.sf.jftp.gui.HostChooser;14;0.6153846153846154;0.6153846153846154
net.sf.jftp.gui.HostList;17;0.5625;0.6875
net.sf.jftp.gui.LocalDir;24;0.4782608695652174;0.6086956521739131
net.sf.jftp.gui.RemoteDir;22;0.47619047619047616;0.7142857142857143
net.sf.jftp.gui.SmbHostChooser;12;0.5454545454545454;0.7272727272727273
net.sf.jftp.gui.StatusPanel;5;0.5;0.75
net.sf.jftp.gui.framework.HImageButton;8;0.7142857142857143;0.7142857142857143
net.sf.jftp.gui.framework.HTextField;6;0.6;0.8
net.sf.jftp.net.DataConnection;8;0.42857142857142855;0.7142857142857143
net.sf.jftp.net.FilesystemConnection;28;0.5555555555555556;0.6296296296296297
net.sf.jftp.net.FtpClient;8;0.42857142857142855;0.7142857142857143
net.sf.jftp.net.FtpServerSocket;32;0.41935483870967744;0.5806451612903226
net.sf.jftp.net.FtpURLConnection;11;0.7;0.7
net.sf.jftp.net.JConnection;8;0.42857142857142855;0.7142857142857143
net.sf.jftp.net.SmbConnection;30;0.5517241379310345;0.5862068965517241
net.sf.jftp.net.Transfer;6;0.4;0.6
net.sf.jftp.util.Log;5;0.5;0.75
net.sf.jftp.util.Log4JLogger;12;0.6363636363636364;0.7272727272727273
net.sf.jftp.util.StringUtils;10;0.4444444444444444;0.7777777777777778
net.sf.jftp.util.SystemLogger;13;0.6666666666666666;0.6666666666666666
