file;entities;metric;metric_random
org.jhotdraw.app.AbstractApplication;44;0.5348837209302325;0.5813953488372093
org.jhotdraw.app.AbstractApplicationModel;20;0.3684210526315789;0.5789473684210527
org.jhotdraw.app.AbstractView;26;0.56;0.6
org.jhotdraw.app.AppletApplication;12;0.36363636363636365;0.6363636363636364
org.jhotdraw.app.DefaultApplicationModel;6;0.6;0.6
org.jhotdraw.app.DefaultMenuBuilder;22;0.42857142857142855;0.6190476190476191
org.jhotdraw.app.EmptyMenuBuilder;22;0.42857142857142855;0.5714285714285714
org.jhotdraw.app.MDIApplication;18;0.5294117647058824;0.5882352941176471
org.jhotdraw.app.OSXApplication;25;0.5416666666666666;0.625
org.jhotdraw.app.SDIApplication;20;0.3684210526315789;0.631578947368421
org.jhotdraw.app.action.AbstractApplicationAction;8;0.5714285714285714;0.7142857142857143
org.jhotdraw.app.action.AbstractSaveUnsavedChangesAction;5;0.75;1.0
org.jhotdraw.app.action.AbstractViewAction;11;0.5;0.7
org.jhotdraw.app.action.app.ExitAction;9;0.625;0.75
org.jhotdraw.app.action.edit.RedoAction;6;0.6;0.8
org.jhotdraw.app.action.edit.UndoAction;6;0.6;0.8
org.jhotdraw.app.action.file.ClearRecentFilesMenuAction;5;0.5;0.75
org.jhotdraw.app.action.file.OpenFileAction;5;0.5;0.75
org.jhotdraw.app.action.file.PrintFileAction;5;0.75;0.75
org.jhotdraw.app.action.view.ToggleViewPropertyAction;5;1.0;0.75
org.jhotdraw.app.action.window.FocusWindowAction;7;0.3333333333333333;0.8333333333333334
org.jhotdraw.app.osx.OSXPaletteHandler;10;0.5555555555555556;0.6666666666666666
org.jhotdraw.beans.AbstractBean;9;0.75;0.75
org.jhotdraw.beans.PropertyChangeEdit;7;0.5;0.6666666666666666
org.jhotdraw.color.AbstractColorWheelImageProducer;11;0.5;0.7
org.jhotdraw.color.CIELABColorSpace;11;0.5;0.8
org.jhotdraw.color.CIELCHabColorSpace;11;0.5;0.8
org.jhotdraw.color.CIEXYChromaticityDiagramImageProducer;9;0.625;0.625
org.jhotdraw.color.ColorSliderUI;24;0.43478260869565216;0.6086956521739131
org.jhotdraw.color.ColorSquareImageProducer;6;0.6;0.8
org.jhotdraw.color.ColorTrackImageProducer;11;0.6;0.6
org.jhotdraw.color.ColorUtil;9;0.625;0.75
org.jhotdraw.color.ColorWheelChooser;7;0.6666666666666666;0.8333333333333334
org.jhotdraw.color.ComplexColorWheelImageProducer;7;0.5;0.6666666666666666
org.jhotdraw.color.CompositeColor;5;0.5;0.75
org.jhotdraw.color.DefaultColorSliderModel;17;0.5625;0.625
org.jhotdraw.color.DefaultHarmonicColorModel;25;0.5416666666666666;0.625
org.jhotdraw.color.HSLHarmonicColorWheelImageProducer;7;0.5;0.8333333333333334
org.jhotdraw.color.HSVHarmonicColorWheelImageProducer;7;0.5;0.6666666666666666
org.jhotdraw.color.JColorWheel;25;0.5416666666666666;0.6666666666666666
org.jhotdraw.color.JHarmonicColorWheel;12;0.6363636363636364;0.6363636363636364
org.jhotdraw.color.PolarColorWheelImageProducer;5;0.5;1.0
org.jhotdraw.color.QuantizingColorWheelImageProducer;6;0.6;0.8
org.jhotdraw.color.SimpleHarmonicRule;6;0.4;0.8
org.jhotdraw.draw.AbstractAttributedCompositeFigure;26;0.52;0.64
org.jhotdraw.draw.AbstractAttributedDecoratedFigure;15;0.6428571428571429;0.6428571428571429
org.jhotdraw.draw.AbstractAttributedFigure;24;0.5217391304347826;0.6086956521739131
org.jhotdraw.draw.AbstractCompositeFigure;59;0.5517241379310345;0.603448275862069
org.jhotdraw.draw.AbstractDrawing;16;0.5333333333333333;0.6666666666666666
org.jhotdraw.draw.AbstractFigure;58;0.5964912280701754;0.631578947368421
org.jhotdraw.draw.AttributeKey;16;0.3333333333333333;0.6666666666666666
org.jhotdraw.draw.AttributeKeys;9;0.375;0.75
org.jhotdraw.draw.BezierFigure;53;0.6346153846153846;0.7115384615384616
org.jhotdraw.draw.DefaultDrawing;20;0.7368421052631579;0.7894736842105263
org.jhotdraw.draw.DefaultDrawingEditor;24;0.34782608695652173;0.6086956521739131
org.jhotdraw.draw.DefaultDrawingViewTransferHandler;12;0.6363636363636364;0.7272727272727273
org.jhotdraw.draw.DiamondFigure;12;0.6363636363636364;0.8181818181818182
org.jhotdraw.draw.DrawingEditorProxy;24;0.43478260869565216;0.6086956521739131
org.jhotdraw.draw.EllipseFigure;12;0.6363636363636364;0.7272727272727273
org.jhotdraw.draw.GraphicalCompositeFigure;27;0.5384615384615384;0.6153846153846154
org.jhotdraw.draw.GridConstrainer;20;0.631578947368421;0.7368421052631579
org.jhotdraw.draw.ImageFigure;25;0.7083333333333334;0.625
org.jhotdraw.draw.LabelFigure;11;0.8;0.7
org.jhotdraw.draw.LabeledLineConnectionFigure;36;0.5714285714285714;0.6285714285714286
org.jhotdraw.draw.LineConnectionFigure;35;0.6176470588235294;0.6470588235294118
org.jhotdraw.draw.QuadTreeCompositeFigure;24;0.782608695652174;0.7391304347826086
org.jhotdraw.draw.QuadTreeDrawing;27;0.7692307692307693;0.7307692307692307
org.jhotdraw.draw.RectangleFigure;10;0.5555555555555556;0.7777777777777778
org.jhotdraw.draw.RoundRectangleFigure;20;0.5263157894736842;0.631578947368421
org.jhotdraw.draw.TextAreaFigure;34;0.5151515151515151;0.696969696969697
org.jhotdraw.draw.TextFigure;34;0.5757575757575758;0.6363636363636364
org.jhotdraw.draw.TriangleFigure;15;0.6428571428571429;0.7857142857142857
org.jhotdraw.draw.action.AbstractDrawingEditorAction;10;0.4444444444444444;0.6666666666666666
org.jhotdraw.draw.action.AbstractDrawingViewAction;12;0.45454545454545453;0.6363636363636364
org.jhotdraw.draw.action.AbstractSelectedAction;11;0.4;0.7
org.jhotdraw.draw.action.ButtonFactory;69;0.8529411764705882;0.7941176470588235
org.jhotdraw.draw.action.ColorIcon;5;0.5;0.75
org.jhotdraw.draw.action.EditCanvasPanel;8;0.5714285714285714;0.7142857142857143
org.jhotdraw.draw.action.GroupAction;6;0.4;0.8
org.jhotdraw.draw.connector.AbstractConnector;19;0.6666666666666666;0.6666666666666666
org.jhotdraw.draw.connector.LocatorConnector;6;0.8;1.0
org.jhotdraw.draw.decoration.AbstractLineDecoration;12;0.6363636363636364;0.7272727272727273
org.jhotdraw.draw.decoration.CompositeLineDecoration;6;1.0;1.0
org.jhotdraw.draw.event.AbstractAttributeEditorHandler;16;0.5333333333333333;0.6666666666666666
org.jhotdraw.draw.event.FigureAdapter;7;0.8333333333333334;0.6666666666666666
org.jhotdraw.draw.event.FigureEvent;5;0.5;0.75
org.jhotdraw.draw.event.HandleMulticaster;8;0.8571428571428571;0.8571428571428571
org.jhotdraw.draw.event.SelectionComponentDisplayer;7;0.6666666666666666;0.6666666666666666
org.jhotdraw.draw.event.SetBoundsEdit;5;0.5;0.75
org.jhotdraw.draw.event.TransformEdit;6;0.4;0.8
org.jhotdraw.draw.gui.JAttributeSlider;9;0.5;0.625
org.jhotdraw.draw.gui.JAttributeTextArea;9;0.25;0.75
org.jhotdraw.draw.gui.JAttributeTextField;9;0.25;0.75
org.jhotdraw.draw.handle.AbstractConnectionHandle;24;0.6956521739130435;0.7391304347826086
org.jhotdraw.draw.handle.AbstractHandle;39;0.47368421052631576;0.631578947368421
org.jhotdraw.draw.handle.AbstractRotateHandle;14;0.38461538461538464;0.6153846153846154
org.jhotdraw.draw.handle.BezierControlPointHandle;15;0.42857142857142855;0.7142857142857143
org.jhotdraw.draw.handle.BezierNodeHandle;16;0.6;0.6666666666666666
org.jhotdraw.draw.handle.BezierOutlineHandle;7;0.5;0.6666666666666666
org.jhotdraw.draw.handle.BezierScaleHandle;9;0.5;0.75
org.jhotdraw.draw.handle.BoundsOutlineHandle;6;0.6;0.8
org.jhotdraw.draw.handle.CloseHandle;6;0.8;0.6
org.jhotdraw.draw.handle.ConnectionEndHandle;7;0.6666666666666666;1.0
org.jhotdraw.draw.handle.ConnectionStartHandle;7;0.6666666666666666;0.8333333333333334
org.jhotdraw.draw.handle.ConnectorHandle;17;0.625;0.6875
org.jhotdraw.draw.handle.DragHandle;7;0.5;0.8333333333333334
org.jhotdraw.draw.handle.FontSizeHandle;8;0.42857142857142855;0.5714285714285714
org.jhotdraw.draw.handle.MoveHandle;15;0.7142857142857143;0.6428571428571429
org.jhotdraw.draw.handle.NullHandle;6;0.6;0.8
org.jhotdraw.draw.handle.OrientationHandle;7;0.5;0.8333333333333334
org.jhotdraw.draw.handle.ResizeHandleKit;11;0.8;0.7
org.jhotdraw.draw.handle.RoundRectangleRadiusHandle;8;0.42857142857142855;0.7142857142857143
org.jhotdraw.draw.handle.TextOverflowHandle;8;0.42857142857142855;0.5714285714285714
org.jhotdraw.draw.handle.TransformHandleKit;14;0.6923076923076923;0.6153846153846154
org.jhotdraw.draw.io.DOMStorableInputOutputFormat;16;0.7333333333333333;0.6666666666666666
org.jhotdraw.draw.io.ImageInputFormat;11;0.8;0.8
org.jhotdraw.draw.io.ImageOutputFormat;13;0.8333333333333334;0.75
org.jhotdraw.draw.io.SerializationInputOutputFormat;15;0.7857142857142857;0.7142857142857143
org.jhotdraw.draw.io.TextInputFormat;11;0.8;0.8
org.jhotdraw.draw.liner.CurvedLiner;5;0.75;1.0
org.jhotdraw.draw.liner.ElbowLiner;5;0.75;0.75
org.jhotdraw.draw.liner.SlantedLiner;5;0.75;0.75
org.jhotdraw.draw.locator.BezierLabelLocator;6;0.6;0.8
org.jhotdraw.draw.locator.RelativeDecoratorLocator;10;0.6666666666666666;0.6666666666666666
org.jhotdraw.draw.locator.RelativeLocator;23;0.7727272727272727;0.6363636363636364
org.jhotdraw.draw.print.DrawingPageable;5;1.0;0.75
org.jhotdraw.draw.text.FloatingTextArea;8;0.42857142857142855;0.8571428571428571
org.jhotdraw.draw.text.FloatingTextField;9;0.25;0.625
org.jhotdraw.draw.tool.AbstractTool;43;0.5;0.6190476190476191
org.jhotdraw.draw.tool.BezierTool;18;0.47058823529411764;0.5882352941176471
org.jhotdraw.draw.tool.ConnectionTool;16;0.4666666666666667;0.6666666666666666
org.jhotdraw.draw.tool.CreationTool;13;0.5;0.5833333333333334
org.jhotdraw.draw.tool.DefaultDragTracker;5;0.75;0.75
org.jhotdraw.draw.tool.DefaultHandleTracker;16;0.8;0.6666666666666666
org.jhotdraw.draw.tool.DefaultSelectAreaTracker;12;0.5454545454545454;0.6363636363636364
org.jhotdraw.draw.tool.DelegationSelectionTool;11;0.4;0.6
org.jhotdraw.draw.tool.DnDTracker;5;0.75;1.0
org.jhotdraw.draw.tool.ImageTool;5;0.5;0.75
org.jhotdraw.draw.tool.SelectionTool;23;0.7272727272727273;0.6818181818181818
org.jhotdraw.draw.tool.TextAreaCreationTool;9;0.375;0.625
org.jhotdraw.draw.tool.TextAreaEditingTool;8;0.42857142857142855;0.7142857142857143
org.jhotdraw.draw.tool.TextCreationTool;11;0.7;0.8
org.jhotdraw.draw.tool.TextEditingTool;10;0.5555555555555556;0.7777777777777778
org.jhotdraw.geom.Bezier;36;0.9428571428571428;0.8857142857142857
org.jhotdraw.geom.BezierPath;42;0.5365853658536586;0.6829268292682927
org.jhotdraw.geom.BezierPathIterator;5;0.75;0.75
org.jhotdraw.geom.ConvexHull;9;0.5;0.75
org.jhotdraw.geom.Dimension2DDouble;8;0.5714285714285714;0.8571428571428571
org.jhotdraw.geom.Insets2D;15;0.6428571428571429;0.5714285714285714
org.jhotdraw.geom.Polygon2D;17;0.625;0.625
org.jhotdraw.geom.QuadTree;7;0.8333333333333334;1.0
org.jhotdraw.gui.JDisclosureToolBar;6;0.2;0.8
org.jhotdraw.gui.JFontChooser;18;0.5294117647058824;0.6470588235294118
org.jhotdraw.gui.JLifeFormattedTextArea;6;0.8;0.8
org.jhotdraw.gui.JLifeFormattedTextField;7;0.5;0.8333333333333334
org.jhotdraw.gui.JPopupButton;22;0.7142857142857143;0.7142857142857143
org.jhotdraw.gui.JSheet;45;0.7045454545454546;0.6363636363636364
org.jhotdraw.gui.ToolBarLayout;10;0.4444444444444444;0.7777777777777778
org.jhotdraw.gui.VerticalGridLayout;16;0.4666666666666667;0.6666666666666666
org.jhotdraw.gui.Worker;10;0.7777777777777778;0.7777777777777778
org.jhotdraw.gui.datatransfer.CompositeTransferable;5;1.0;0.75
org.jhotdraw.gui.event.GenericListener;6;1.0;0.8
org.jhotdraw.gui.event.SheetEvent;7;0.3333333333333333;0.6666666666666666
org.jhotdraw.gui.fontchooser.AbstractFontChooserModel;9;0.75;0.75
org.jhotdraw.gui.fontchooser.DefaultFontChooserModel;9;0.5;0.75
org.jhotdraw.gui.fontchooser.FontCollectionNode;23;0.6363636363636364;0.5909090909090909
org.jhotdraw.gui.fontchooser.FontFaceNode;21;0.55;0.6
org.jhotdraw.gui.fontchooser.FontFamilyNode;23;0.5454545454545454;0.5909090909090909
org.jhotdraw.gui.plaf.palette.MultiIcon;6;0.6;0.8
org.jhotdraw.gui.plaf.palette.PaletteButtonBorder;5;0.5;1.0
org.jhotdraw.gui.plaf.palette.PaletteColorChooserUI;12;0.6363636363636364;0.6363636363636364
org.jhotdraw.gui.plaf.palette.PaletteFontChooserUI;15;0.6428571428571429;0.6428571428571429
org.jhotdraw.gui.plaf.palette.PaletteFormattedTextFieldUI;5;0.5;0.75
org.jhotdraw.gui.plaf.palette.PaletteLabelUI;7;0.8333333333333334;0.6666666666666666
org.jhotdraw.gui.plaf.palette.PaletteLookAndFeel;21;0.6;0.6
org.jhotdraw.gui.plaf.palette.PalettePanelUI;5;0.75;0.75
org.jhotdraw.gui.plaf.palette.PaletteTabbedPaneUI;16;0.6;0.6
org.jhotdraw.gui.plaf.palette.PaletteToolBarBorder;5;0.25;1.0
org.jhotdraw.gui.plaf.palette.PaletteToolBarUI;51;0.52;0.58
org.jhotdraw.gui.plaf.palette.PaletteUtilities;6;0.6;0.6
org.jhotdraw.gui.plaf.palette.colorchooser.ColorIcon;5;0.5;0.75
org.jhotdraw.gui.plaf.palette.colorchooser.ColorSliderTextFieldHandler;5;0.5;0.75
org.jhotdraw.gui.plaf.palette.colorchooser.PaletteCMYKChooser;12;0.7272727272727273;0.8181818181818182
org.jhotdraw.gui.plaf.palette.colorchooser.PaletteColorSlidersChooser;8;0.7142857142857143;0.7142857142857143
org.jhotdraw.gui.plaf.palette.colorchooser.PaletteColorWheelChooser;7;0.6666666666666666;0.8333333333333334
org.jhotdraw.gui.plaf.palette.colorchooser.PaletteHSBChooser;11;0.7;0.7
org.jhotdraw.gui.plaf.palette.colorchooser.PaletteRGBChooser;11;0.7;0.8
org.jhotdraw.io.Base64;16;0.7333333333333333;0.7333333333333333
org.jhotdraw.io.BoundedRangeInputStream;20;0.5263157894736842;0.5789473684210527
org.jhotdraw.io.StreamPosTokenizer;30;0.3448275862068966;0.5862068965517241
org.jhotdraw.samples.color.JMixer;7;0.8333333333333334;1.0
org.jhotdraw.samples.color.WheelsAndSlidersMain;8;0.8571428571428571;1.0
org.jhotdraw.samples.draw.DrawApplet;12;0.7272727272727273;0.6363636363636364
org.jhotdraw.samples.draw.DrawApplicationModel;7;0.6666666666666666;0.6666666666666666
org.jhotdraw.samples.draw.DrawLiveConnectApplet;10;0.5555555555555556;0.7777777777777778
org.jhotdraw.samples.draw.DrawView;11;0.6;0.7
org.jhotdraw.samples.draw.DrawingPanel;7;0.5;0.8333333333333334
org.jhotdraw.samples.mini.BezierDemo;9;0.625;0.875
org.jhotdraw.samples.mini.SVGDrawingPanelSample;6;1.0;1.0
org.jhotdraw.samples.mini.StraightLineFigure;9;0.75;0.875
org.jhotdraw.samples.net.NetApplet;12;0.7272727272727273;0.6363636363636364
org.jhotdraw.samples.net.NetApplicationModel;8;0.7142857142857143;0.7142857142857143
org.jhotdraw.samples.net.NetPanel;6;0.4;0.8
org.jhotdraw.samples.net.NetView;15;0.5714285714285714;0.6428571428571429
org.jhotdraw.samples.net.figures.NodeFigure;11;0.6;0.7
org.jhotdraw.samples.odg.ODGApplicationModel;13;0.5833333333333334;0.6666666666666666
org.jhotdraw.samples.odg.ODGDrawingPanel;7;0.3333333333333333;0.8333333333333334
org.jhotdraw.samples.odg.ODGView;19;0.5555555555555556;0.6111111111111112
org.jhotdraw.samples.odg.figures.ODGBezierFigure;6;0.6;1.0
org.jhotdraw.samples.odg.figures.ODGEllipseFigure;20;0.5263157894736842;0.6842105263157895
org.jhotdraw.samples.odg.figures.ODGGroupFigure;10;0.5555555555555556;0.6666666666666666
org.jhotdraw.samples.odg.figures.ODGPathFigure;24;0.6521739130434783;0.6956521739130435
org.jhotdraw.samples.odg.figures.ODGPathOutlineHandle;7;0.5;0.6666666666666666
org.jhotdraw.samples.odg.figures.ODGRectFigure;27;0.5;0.6538461538461539
org.jhotdraw.samples.odg.figures.ODGRectRadiusHandle;7;0.5;0.6666666666666666
org.jhotdraw.samples.odg.geom.EnhancedPath;25;0.625;0.625
org.jhotdraw.samples.odg.io.ODGInputFormat;45;0.6818181818181818;0.6363636363636364
org.jhotdraw.samples.odg.io.ODGStylesReader;24;0.782608695652174;0.5652173913043478
org.jhotdraw.samples.pert.PertApplet;12;0.7272727272727273;0.7272727272727273
org.jhotdraw.samples.pert.PertApplicationModel;8;0.7142857142857143;0.8571428571428571
org.jhotdraw.samples.pert.PertPanel;6;0.4;0.8
org.jhotdraw.samples.pert.PertView;15;0.5714285714285714;0.6428571428571429
org.jhotdraw.samples.pert.figures.DependencyFigure;7;0.6666666666666666;0.8333333333333334
org.jhotdraw.samples.pert.figures.TaskFigure;22;0.47619047619047616;0.5714285714285714
org.jhotdraw.samples.svg.LinearGradient;21;0.45;0.6
org.jhotdraw.samples.svg.RadialGradient;21;0.6;0.6
org.jhotdraw.samples.svg.SVGApplet;16;0.6666666666666666;0.6
org.jhotdraw.samples.svg.SVGApplicationModel;8;0.5714285714285714;0.5714285714285714
org.jhotdraw.samples.svg.SVGCreateFromFileTool;6;0.6;0.6
org.jhotdraw.samples.svg.SVGView;15;0.5714285714285714;0.6428571428571429
org.jhotdraw.samples.svg.action.CombineAction;8;0.5714285714285714;0.8571428571428571
org.jhotdraw.samples.svg.figures.ConvexHullOutlineHandle;8;0.5714285714285714;0.7142857142857143
org.jhotdraw.samples.svg.figures.LinkHandle;7;0.5;0.8333333333333334
org.jhotdraw.samples.svg.figures.SVGBezierFigure;9;0.875;1.0
org.jhotdraw.samples.svg.figures.SVGEllipseFigure;19;0.4444444444444444;0.6666666666666666
org.jhotdraw.samples.svg.figures.SVGGroupFigure;10;0.5555555555555556;0.7777777777777778
org.jhotdraw.samples.svg.figures.SVGImageFigure;29;0.5714285714285714;0.6428571428571429
org.jhotdraw.samples.svg.figures.SVGPathFigure;23;0.5454545454545454;0.6363636363636364
org.jhotdraw.samples.svg.figures.SVGPathOutlineHandle;7;0.5;0.6666666666666666
org.jhotdraw.samples.svg.figures.SVGRectFigure;25;0.375;0.625
org.jhotdraw.samples.svg.figures.SVGRectRadiusHandle;8;0.42857142857142855;0.7142857142857143
org.jhotdraw.samples.svg.figures.SVGTextAreaFigure;34;0.5757575757575758;0.6363636363636364
org.jhotdraw.samples.svg.figures.SVGTextFigure;37;0.5277777777777778;0.6388888888888888
org.jhotdraw.samples.svg.gui.AbstractToolBar;11;0.5;0.7
org.jhotdraw.samples.svg.gui.ActionsToolBar;9;0.25;0.75
org.jhotdraw.samples.svg.gui.FillToolBar;5;0.5;0.75
org.jhotdraw.samples.svg.gui.FontToolBar;5;0.5;0.5
org.jhotdraw.samples.svg.gui.MessagePanel;6;0.2;0.8
org.jhotdraw.samples.svg.gui.ProgressIndicator;13;0.4166666666666667;0.6666666666666666
org.jhotdraw.samples.svg.gui.StrokeToolBar;5;0.5;0.75
org.jhotdraw.samples.svg.gui.ToolsToolBar;5;0.75;0.75
org.jhotdraw.samples.svg.io.DefaultSVGFigureFactory;13;0.5833333333333334;0.75
org.jhotdraw.samples.svg.io.ImageMapOutputFormat;25;0.75;0.7083333333333334
org.jhotdraw.samples.svg.io.SVGOutputFormat;51;0.58;0.58
org.jhotdraw.samples.teddy.CharacterSetAccessory;5;1.0;0.75
org.jhotdraw.samples.teddy.FindDialog;10;;
org.jhotdraw.samples.teddy.JEditorArea;9;0.75;0.75
org.jhotdraw.samples.teddy.TeddyApplicationModel;6;0.6;0.6
org.jhotdraw.samples.teddy.TeddyView;29;0.5;0.6428571428571429
org.jhotdraw.samples.teddy.io.LFWriter;5;1.0;0.75
org.jhotdraw.samples.teddy.regex.Matcher;10;0.6666666666666666;0.6666666666666666
org.jhotdraw.text.ColorFormatter;12;0.5454545454545454;0.7272727272727273
org.jhotdraw.text.FontFormatter;10;0.5555555555555556;0.6666666666666666
org.jhotdraw.text.JavaNumberFormatter;31;0.5;0.6
org.jhotdraw.util.Images;7;0.6666666666666666;0.6666666666666666
org.jhotdraw.util.Methods;22;0.9047619047619048;0.7142857142857143
org.jhotdraw.util.ResourceBundleUtil;32;0.5806451612903226;0.6129032258064516
org.jhotdraw.util.prefs.ToolBarPrefsHandler;8;0.7142857142857143;0.7142857142857143
org.jhotdraw.xml.DefaultDOMFactory;9;0.375;0.75
org.jhotdraw.xml.JavaPrimitivesDOMFactory;9;0.5;0.75
org.jhotdraw.xml.JavaxDOMOutput;20;0.7368421052631579;0.7368421052631579
org.jhotdraw.xml.NanoXMLDOMInput;17;0.75;0.625
org.jhotdraw.xml.NanoXMLDOMOutput;21;0.65;0.7
org.jhotdraw.xml.css.CSSParser;6;0.6;0.6
org.jhotdraw.xml.css.CSSRule;6;0.6;0.8
