file;entities;metric;metric_random
junit.extensions.TestDecorator;5;0.75;1.0
junit.framework.Assert;38;0.8648648648648649;0.7567567567567568
junit.framework.ComparisonCompactor;7;0.6666666666666666;0.6666666666666666
junit.framework.JUnit4TestAdapter;10;0.4444444444444444;0.6666666666666666
junit.framework.JUnit4TestAdapterCache;5;0.5;0.75
junit.framework.TestCase;11;0.9;0.6
junit.framework.TestFailure;6;0.8;0.8
junit.framework.TestResult;17;0.9375;0.625
junit.runner.BaseTestRunner;29;0.4642857142857143;0.6071428571428571
junit.textui.ResultPrinter;16;0.6;0.6
junit.textui.TestRunner;15;0.6428571428571429;0.6428571428571429
org.junit.Assert;46;0.8;0.6222222222222222
org.junit.experimental.theories.Theories;6;0.6;0.8
org.junit.experimental.theories.internal.AllMembersSupplier;6;0.4;0.8
org.junit.experimental.theories.internal.Assignments;13;0.5833333333333334;0.6666666666666666
org.junit.internal.TextListener;10;0.4444444444444444;0.6666666666666666
org.junit.internal.builders.AllDefaultPossibilitiesBuilder;6;0.4;0.8
org.junit.internal.matchers.IsCollectionContaining;6;0.8;0.8
org.junit.internal.runners.ClassRoadie;5;0.25;0.75
org.junit.internal.runners.ErrorReportingRunner;5;0.5;0.75
org.junit.internal.runners.JUnit38ClassRunner;6;0.6;0.8
org.junit.internal.runners.JUnit4ClassRunner;17;0.5;0.6875
org.junit.internal.runners.MethodRoadie;8;0.2857142857142857;0.8571428571428571
org.junit.internal.runners.MethodValidator;6;0.6;0.8
org.junit.internal.runners.TestClass;11;0.5;0.7
org.junit.internal.runners.TestMethod;8;0.42857142857142855;0.7142857142857143
org.junit.internal.runners.model.EachTestNotifier;5;0.5;0.75
org.junit.matchers.JUnitMatchers;8;1.0;1.0
org.junit.runner.JUnitCore;12;0.6363636363636364;0.7272727272727273
org.junit.runner.Request;10;0.5555555555555556;0.6666666666666666
org.junit.runner.Result;7;0.5;0.6666666666666666
org.junit.runner.notification.Failure;6;0.4;0.6
org.junit.runner.notification.RunListener;7;0.3333333333333333;0.8333333333333334
org.junit.runner.notification.RunNotifier;11;0.4;0.7
org.junit.runners.BlockJUnit4ClassRunner;23;0.5;0.6818181818181818
org.junit.runners.ParentRunner;22;0.47619047619047616;0.5714285714285714
org.junit.runners.model.FrameworkMethod;13;0.4166666666666667;0.6666666666666666
org.junit.runners.model.RunnerBuilder;6;0.8;0.8
org.junit.runners.model.TestClass;11;0.6;0.7
