file;entities;metric;metric_random
org.lwjgl.BufferChecks;30;0.7586206896551724;0.6551724137931034
org.lwjgl.BufferUtils;18;0.8235294117647058;0.7058823529411765
org.lwjgl.DefaultSysImplementation;8;0.5714285714285714;0.7142857142857143
org.lwjgl.LWJGLUtil;13;0.5833333333333334;0.75
org.lwjgl.NondirectBufferWrapper;49;0.8333333333333334;0.6458333333333334
org.lwjgl.PointerBuffer;43;0.5714285714285714;0.6190476190476191
org.lwjgl.PointerWrapperAbstract;6;0.6;0.8
org.lwjgl.WindowsSysImplementation;12;0.45454545454545453;0.7272727272727273
org.lwjgl.examples.Game;6;0.6;0.8
org.lwjgl.examples.spaceinvaders.Entity;11;0.5;0.7
org.lwjgl.examples.spaceinvaders.Game;18;0.5294117647058824;0.6470588235294118
org.lwjgl.examples.spaceinvaders.GameApplet;6;0.6;0.8
org.lwjgl.examples.spaceinvaders.SoundManager;6;0.4;0.8
org.lwjgl.examples.spaceinvaders.Texture;11;0.7;0.7
org.lwjgl.examples.spaceinvaders.TextureLoader;6;0.6;0.8
org.lwjgl.input.ControllerEvent;10;0.5555555555555556;0.6666666666666666
org.lwjgl.input.Controllers;19;0.5555555555555556;0.7222222222222222
org.lwjgl.input.Cursor;12;0.45454545454545453;0.7272727272727273
org.lwjgl.input.JInputController;31;0.5333333333333333;0.5666666666666667
org.lwjgl.input.Keyboard;22;0.5238095238095238;0.6190476190476191
org.lwjgl.input.Mouse;36;0.6;0.6
org.lwjgl.openal.AL;12;0.6363636363636364;0.6363636363636364
org.lwjgl.openal.ALC10;31;0.4666666666666667;0.6
org.lwjgl.openal.ALC11;12;0.45454545454545453;0.6363636363636364
org.lwjgl.openal.ALCdevice;5;0.5;1.0
org.lwjgl.opencl.APIUtil;33;0.75;0.59375
org.lwjgl.opencl.CL;10;0.7777777777777778;0.6666666666666666
org.lwjgl.opencl.CLChecks;7;0.6666666666666666;0.8333333333333334
org.lwjgl.opencl.CLCommandQueue;6;0.8;0.8
org.lwjgl.opencl.CLContext;22;0.6190476190476191;0.6666666666666666
org.lwjgl.opencl.CLDevice;14;0.46153846153846156;0.6153846153846154
org.lwjgl.opencl.CLKernel;14;0.7692307692307693;0.7692307692307693
org.lwjgl.opencl.CLMem;16;0.4666666666666667;0.6
org.lwjgl.opencl.CLObjectRegistry;7;0.5;0.6666666666666666
org.lwjgl.opencl.CLPlatform;15;0.5714285714285714;0.7142857142857143
org.lwjgl.opencl.CLProgram;13;0.5;0.6666666666666666
org.lwjgl.opencl.CallbackUtil;14;0.46153846153846156;0.5384615384615384
org.lwjgl.opencl.FastLongMap;12;0.5454545454545454;0.6363636363636364
org.lwjgl.opencl.InfoUtilAbstract;9;0.75;0.75
org.lwjgl.opengl.APIUtil;19;0.6666666666666666;0.6111111111111112
org.lwjgl.opengl.AWTSurfaceLock;6;0.6;0.6
org.lwjgl.opengl.AWTUtil;11;0.3;0.7
org.lwjgl.opengl.AbstractDrawable;8;0.5714285714285714;0.7142857142857143
org.lwjgl.opengl.CallbackUtil;9;0.625;0.75
org.lwjgl.opengl.ContextAttribs;18;0.5882352941176471;0.6470588235294118
org.lwjgl.opengl.DisplayMode;8;0.42857142857142855;0.7142857142857143
org.lwjgl.opengl.FastIntMap;12;0.5454545454545454;0.8181818181818182
org.lwjgl.opengl.GLChecks;23;0.8181818181818182;0.5909090909090909
org.lwjgl.opengl.GLContext;15;0.7142857142857143;0.7142857142857143
org.lwjgl.opengl.KeyboardEventQueue;12;0.5454545454545454;0.6363636363636364
org.lwjgl.opengl.LinuxCanvasImplementation;6;0.8;0.8
org.lwjgl.opengl.LinuxContextAttribs;9;0.375;0.625
org.lwjgl.opengl.LinuxContextImplementation;18;0.5294117647058824;0.7058823529411765
org.lwjgl.opengl.LinuxDisplay;140;0.49640287769784175;0.5323741007194245
org.lwjgl.opengl.LinuxDisplayPeerInfo;5;0.25;1.0
org.lwjgl.opengl.LinuxEvent;53;0.5;0.5769230769230769
org.lwjgl.opengl.LinuxKeyboard;34;0.48484848484848486;0.6060606060606061
org.lwjgl.opengl.LinuxMouse;24;0.43478260869565216;0.6086956521739131
org.lwjgl.opengl.LinuxPbufferPeerInfo;5;0.5;0.75
org.lwjgl.opengl.LinuxPeerInfo;5;0.75;0.75
org.lwjgl.opengl.MacOSXCanvasListener;10;0.4444444444444444;0.6666666666666666
org.lwjgl.opengl.MacOSXContextAttribs;9;0.375;0.625
org.lwjgl.opengl.MacOSXContextImplementation;20;0.5263157894736842;0.6842105263157895
org.lwjgl.opengl.MacOSXFrame;21;0.5;0.6
org.lwjgl.opengl.MacOSXMouseEventQueue;8;0.5714285714285714;0.7142857142857143
org.lwjgl.opengl.MacOSXPbufferPeerInfo;5;0.5;0.75
org.lwjgl.opengl.MacOSXPeerInfo;5;0.5;0.75
org.lwjgl.opengl.MouseEventQueue;25;0.5416666666666666;0.6666666666666666
org.lwjgl.opengl.Pbuffer;8;0.5714285714285714;0.7142857142857143
org.lwjgl.opengl.PeerInfo;7;0.5;0.8333333333333334
org.lwjgl.opengl.PixelFormat;25;0.5416666666666666;0.5833333333333334
org.lwjgl.opengl.StateTracker;13;0.6666666666666666;0.5833333333333334
org.lwjgl.opengl.WindowsContextAttribs;9;0.375;0.625
org.lwjgl.opengl.WindowsContextImplementation;18;0.47058823529411764;0.5882352941176471
org.lwjgl.opengl.WindowsDisplay;111;0.44545454545454544;0.5363636363636364
org.lwjgl.opengl.WindowsDisplayPeerInfo;6;0.6;0.8
org.lwjgl.opengl.WindowsKeyboard;18;0.47058823529411764;0.5882352941176471
org.lwjgl.opengl.WindowsMouse;16;0.5333333333333333;0.6
org.lwjgl.opengl.WindowsPbufferPeerInfo;13;0.5;0.5833333333333334
org.lwjgl.opengl.WindowsPeerInfo;8;0.5714285714285714;0.7142857142857143
org.lwjgl.test.DisplayTest;8;0.42857142857142855;0.5714285714285714
org.lwjgl.test.SysTest;9;0.625;0.75
org.lwjgl.test.WaveDataTest;7;0.3333333333333333;0.8333333333333334
org.lwjgl.test.WindowCreationTest;10;0.3333333333333333;0.6666666666666666
org.lwjgl.test.applet.GearsApplet;10;0.4444444444444444;0.6666666666666666
org.lwjgl.test.applet.OpenAL;5;0.75;1.0
org.lwjgl.test.glu.tessellation.TessellationTest;13;0.5;0.6666666666666666
org.lwjgl.test.input.HWCursorTest;12;0.6363636363636364;0.7272727272727273
org.lwjgl.test.input.KeyboardTest;9;0.375;0.625
org.lwjgl.test.input.MouseCreationTest;7;0.3333333333333333;0.6666666666666666
org.lwjgl.test.input.MouseTest;17;0.375;0.625
org.lwjgl.test.openal.BasicTest;5;0.75;0.75
org.lwjgl.test.openal.EFX10Test;5;0.5;0.75
org.lwjgl.test.openal.OpenALCreationTest;7;0.6666666666666666;0.8333333333333334
org.lwjgl.test.openal.OpenALInfo;8;0.5714285714285714;0.7142857142857143
org.lwjgl.test.openal.PositionTest;9;0.5;0.625
org.lwjgl.test.openal.StressTest;7;0.5;0.6666666666666666
org.lwjgl.test.opencl.HelloOpenCL;5;0.5;0.75
org.lwjgl.test.opencl.gl.DemoFractal;16;0.5333333333333333;0.6
org.lwjgl.test.opengl.FullScreenWindowedTest;11;0.6;0.7
org.lwjgl.test.opengl.Gears;6;0.2;0.8
org.lwjgl.test.opengl.PbufferTest;13;0.5833333333333334;0.6666666666666666
org.lwjgl.test.opengl.SyncTest;6;0.6;0.8
org.lwjgl.test.opengl.VBOIndexTest;5;0.5;0.75
org.lwjgl.test.opengl.VBOTest;5;0.5;0.75
org.lwjgl.test.opengl.VersionTest;6;0.4;0.8
org.lwjgl.test.opengl.awt.AWTGearsCanvas;5;0.75;0.75
org.lwjgl.test.opengl.awt.DemoBox;5;0.5;0.75
org.lwjgl.test.opengl.multithread.BackgroundLoadTest;9;0.5;0.75
org.lwjgl.test.opengl.multithread.BackgroundLoader;7;0.5;0.6666666666666666
org.lwjgl.test.opengl.pbuffers.PbufferTest;11;0.5;0.6
org.lwjgl.test.opengl.shaders.Shader;7;0.6666666666666666;0.6666666666666666
org.lwjgl.test.opengl.shaders.ShadersTest;13;0.5;0.5833333333333334
org.lwjgl.util.Color;38;0.4594594594594595;0.5675675675675675
org.lwjgl.util.Dimension;10;0.5555555555555556;0.7777777777777778
org.lwjgl.util.Point;13;0.6666666666666666;0.6666666666666666
org.lwjgl.util.Rectangle;35;0.7058823529411765;0.6176470588235294
org.lwjgl.util.Timer;8;1.0;0.7142857142857143
org.lwjgl.util.WaveData;8;0.7142857142857143;1.0
org.lwjgl.util.XPMFile;11;0.5;0.7
org.lwjgl.util.applet.AppletLoader;43;0.42857142857142855;0.5952380952380952
org.lwjgl.util.generator.GeneratorVisitor;10;0.4444444444444444;0.6666666666666666
org.lwjgl.util.generator.JNITypeTranslator;13;1.0;0.6666666666666666
org.lwjgl.util.generator.JavaMethodsGenerator;22;0.42857142857142855;0.6666666666666666
org.lwjgl.util.generator.JavaTypeTranslator;15;0.7857142857142857;0.7142857142857143
org.lwjgl.util.generator.NativeTypeTranslator;21;0.7;0.65
org.lwjgl.util.generator.PostfixTranslator;17;0.8125;0.6875
org.lwjgl.util.generator.SignatureTranslator;14;1.0;0.6923076923076923
org.lwjgl.util.generator.TypeInfo;11;0.5;0.7
org.lwjgl.util.generator.Utils;34;0.6060606060606061;0.5454545454545454
org.lwjgl.util.generator.openal.ALTypeMap;20;0.5263157894736842;0.631578947368421
org.lwjgl.util.generator.opencl.CLCapabilitiesGenerator;6;0.6;0.8
org.lwjgl.util.generator.opencl.CLGeneratorProcessorFactory;5;0.25;0.75
org.lwjgl.util.generator.opencl.CLPDCapabilitiesGenerator;5;0.75;0.75
org.lwjgl.util.generator.opencl.CLTypeMap;20;0.42105263157894735;0.6842105263157895
org.lwjgl.util.generator.opengl.GLCapabilitiesGenerator;14;0.46153846153846156;0.6923076923076923
org.lwjgl.util.generator.opengl.GLTypeMap;20;0.42105263157894735;0.631578947368421
org.lwjgl.util.glu.GLU;12;0.5454545454545454;0.6363636363636364
org.lwjgl.util.glu.GLUtessellatorCallbackAdapter;12;0.5454545454545454;0.6363636363636364
org.lwjgl.util.glu.Project;9;0.625;0.75
org.lwjgl.util.glu.Quadric;12;0.7272727272727273;0.7272727272727273
org.lwjgl.util.glu.Util;7;0.5;0.6666666666666666
org.lwjgl.util.glu.tessellation.Dict;11;0.5;0.7
org.lwjgl.util.glu.tessellation.GLUtessellatorImpl;26;0.52;0.64
org.lwjgl.util.glu.tessellation.Geom;13;0.6666666666666666;0.5833333333333334
org.lwjgl.util.glu.tessellation.Mesh;19;0.3333333333333333;0.6111111111111112
org.lwjgl.util.glu.tessellation.Normal;6;0.2;0.6
org.lwjgl.util.glu.tessellation.PriorityQ;9;0.5;0.75
org.lwjgl.util.glu.tessellation.PriorityQHeap;9;0.5;0.75
org.lwjgl.util.glu.tessellation.PriorityQSort;10;0.5555555555555556;0.7777777777777778
org.lwjgl.util.input.ControllerAdapter;31;0.4666666666666667;0.5333333333333333
org.lwjgl.util.jinput.LWJGLMouse;5;0.5;0.75
org.lwjgl.util.vector.Matrix;10;0.6666666666666666;0.6666666666666666
org.lwjgl.util.vector.Matrix2f;24;0.782608695652174;0.6086956521739131
org.lwjgl.util.vector.Matrix3f;24;0.8260869565217391;0.6521739130434783
org.lwjgl.util.vector.Matrix4f;36;0.7714285714285715;0.5714285714285714
org.lwjgl.util.vector.Quaternion;34;0.7575757575757576;0.6060606060606061
org.lwjgl.util.vector.Vector;7;0.8333333333333334;0.6666666666666666
org.lwjgl.util.vector.Vector2f;19;0.5555555555555556;0.6111111111111112
org.lwjgl.util.vector.Vector3f;23;0.6818181818181818;0.6363636363636364
org.lwjgl.util.vector.Vector4f;25;0.6666666666666666;0.5833333333333334
