file;entities;metric;metric_random
net.sourceforge.pmd.AbstractDelegateRule;43;0.47619047619047616;0.5952380952380952
net.sourceforge.pmd.AbstractJavaRule;117;0.9741379310344828;0.9310344827586207
net.sourceforge.pmd.AbstractRuleChainVisitor;7;0.3333333333333333;0.8333333333333334
net.sourceforge.pmd.CommandLineOptions;19;0.5;0.6666666666666666
net.sourceforge.pmd.CommonAbstractRule;61;0.5333333333333333;0.55
net.sourceforge.pmd.Report;22;0.47619047619047616;0.5714285714285714
net.sourceforge.pmd.RuleContext;12;0.5454545454545454;0.7272727272727273
net.sourceforge.pmd.RuleReference;19;0.4444444444444444;0.6111111111111112
net.sourceforge.pmd.RuleSet;31;0.6;0.5666666666666667
net.sourceforge.pmd.RuleSetFactory;18;0.5294117647058824;0.6470588235294118
net.sourceforge.pmd.RuleSetReference;7;0.5;0.6666666666666666
net.sourceforge.pmd.RuleSetWriter;16;0.6;0.7333333333333333
net.sourceforge.pmd.RuleSets;12;0.6363636363636364;0.6363636363636364
net.sourceforge.pmd.RuleViolation;14;0.6153846153846154;0.6923076923076923
net.sourceforge.pmd.SourceFileSelector;6;0.6;0.8
net.sourceforge.pmd.SourceType;6;0.6;0.6
net.sourceforge.pmd.SourceTypeDiscoverer;5;0.5;0.75
net.sourceforge.pmd.ant.PMDTask;29;0.5;0.6071428571428571
net.sourceforge.pmd.cpd.AbstractTokenizer;8;0.42857142857142855;0.5714285714285714
net.sourceforge.pmd.cpd.CPDTask;15;0.5;0.6428571428571429
net.sourceforge.pmd.cpd.LanguageFactory;5;0.75;1.0
net.sourceforge.pmd.cpd.Match;17;0.5;0.625
net.sourceforge.pmd.cpd.MatchAlgorithm;6;0.4;0.8
net.sourceforge.pmd.cpd.MatchCollector;6;0.6;0.8
net.sourceforge.pmd.cpd.TokenEntry;10;0.5555555555555556;0.6666666666666666
net.sourceforge.pmd.cpd.Tokens;6;0.6;0.8
net.sourceforge.pmd.dcd.ClassLoaderUtil;11;0.7;0.7
net.sourceforge.pmd.dcd.DumpNodeVisitor;13;0.5;0.6666666666666666
net.sourceforge.pmd.dcd.UsageNodeVisitor;8;0.8571428571428571;0.7142857142857143
net.sourceforge.pmd.dcd.asm.TypeSignatureVisitor;23;0.8181818181818182;0.6363636363636364
net.sourceforge.pmd.dcd.graph.ClassNode;12;0.6363636363636364;0.7272727272727273
net.sourceforge.pmd.dcd.graph.ConstructorNode;6;0.4;0.8
net.sourceforge.pmd.dcd.graph.MemberNode;15;0.7142857142857143;0.7142857142857143
net.sourceforge.pmd.dcd.graph.NodeVisitorAdapter;12;0.5454545454545454;0.7272727272727273
net.sourceforge.pmd.dcd.graph.UsageGraph;10;0.5555555555555556;0.6666666666666666
net.sourceforge.pmd.dcd.graph.UsageGraphBuilder;8;0.42857142857142855;0.8571428571428571
net.sourceforge.pmd.dfa.DaaRule;8;0.5714285714285714;0.7142857142857143
net.sourceforge.pmd.dfa.DataFlowNode;15;0.5;0.6428571428571429
net.sourceforge.pmd.dfa.Linker;8;0.7142857142857143;0.7142857142857143
net.sourceforge.pmd.dfa.StatementAndBraceFinder;15;0.9285714285714286;0.9285714285714286
net.sourceforge.pmd.dfa.Structure;8;0.5714285714285714;0.7142857142857143
net.sourceforge.pmd.dfa.pathfinder.CurrentPath;12;0.5454545454545454;0.6363636363636364
net.sourceforge.pmd.dfa.pathfinder.DAAPathFinder;19;0.5555555555555556;0.5555555555555556
net.sourceforge.pmd.dfa.report.AbstractReportNode;14;0.6153846153846154;0.6153846153846154
net.sourceforge.pmd.dfa.report.ReportTree;6;0.6;0.8
net.sourceforge.pmd.dfa.variableaccess.VariableAccess;7;0.6666666666666666;0.6666666666666666
net.sourceforge.pmd.dfa.variableaccess.VariableAccessVisitor;7;0.6666666666666666;0.8333333333333334
net.sourceforge.pmd.jaxen.AttributeAxisIterator;5;0.5;0.75
net.sourceforge.pmd.jaxen.DocumentNavigator;29;0.8214285714285714;0.5714285714285714
net.sourceforge.pmd.jaxen.NodeIterator;10;0.5555555555555556;0.5555555555555556
net.sourceforge.pmd.jsp.ast.JJTJspParserState;11;0.4;0.7
net.sourceforge.pmd.jsp.ast.JspParserVisitorAdapter;22;;
net.sourceforge.pmd.jsp.ast.SimpleNode;5;0.25;0.75
net.sourceforge.pmd.jsp.ast.StartAndEndTagMismatchException;5;0.75;1.0
net.sourceforge.pmd.jsp.rules.AbstractJspRule;29;0.8928571428571429;0.8214285714285714
net.sourceforge.pmd.properties.AbstractPMDProperty;20;0.5263157894736842;0.6842105263157895
net.sourceforge.pmd.properties.EnumeratedProperty;6;0.2;0.8
net.sourceforge.pmd.properties.MethodProperty;5;0.75;0.75
net.sourceforge.pmd.properties.StringProperty;6;0.6;0.6
net.sourceforge.pmd.properties.TypeProperty;5;0.5;0.75
net.sourceforge.pmd.renderers.AbstractRenderer;8;0.42857142857142855;0.7142857142857143
net.sourceforge.pmd.renderers.CSVRenderer;5;0.5;1.0
net.sourceforge.pmd.renderers.HTMLRenderer;8;0.7142857142857143;0.8571428571428571
net.sourceforge.pmd.renderers.IDEAJRenderer;7;0.5;0.8333333333333334
net.sourceforge.pmd.renderers.OnTheFlyRenderer;5;0.5;0.75
net.sourceforge.pmd.renderers.PapariTextRenderer;5;0.75;0.75
net.sourceforge.pmd.renderers.VBHTMLRenderer;5;0.25;1.0
net.sourceforge.pmd.renderers.XMLRenderer;7;0.16666666666666666;0.6666666666666666
net.sourceforge.pmd.renderers.XSLTRenderer;5;0.25;0.75
net.sourceforge.pmd.rules.AbstractInefficientZeroCheck;5;0.5;0.75
net.sourceforge.pmd.rules.AbstractPoorMethodCall;6;0.4;0.8
net.sourceforge.pmd.rules.AccessorClassGeneration;10;0.6666666666666666;0.8888888888888888
net.sourceforge.pmd.rules.BeanMembersShouldSerializeRule;6;0.4;0.8
net.sourceforge.pmd.rules.CouplingBetweenObjects;11;0.7;0.8
net.sourceforge.pmd.rules.CyclomaticComplexity;12;;
net.sourceforge.pmd.rules.DoubleCheckedLocking;5;0.5;0.75
net.sourceforge.pmd.rules.ImportWrapper;5;0.5;0.75
net.sourceforge.pmd.rules.SimplifyBooleanReturns;10;0.5555555555555556;0.6666666666666666
net.sourceforge.pmd.rules.UselessOverridingMethod;8;0.42857142857142855;0.7142857142857143
net.sourceforge.pmd.rules.VariableNamingConventions;9;0.625;0.75
net.sourceforge.pmd.rules.XPathRule;6;0.4;0.8
net.sourceforge.pmd.rules.basic.BrokenNullCheck;6;0.6;0.8
net.sourceforge.pmd.rules.codesize.AbstractNcssCount;18;0.9411764705882353;1.0
net.sourceforge.pmd.rules.codesize.NcssTypeCount;8;0.8571428571428571;1.0
net.sourceforge.pmd.rules.design.ConfusingTernary;7;0.5;0.6666666666666666
net.sourceforge.pmd.rules.design.GenericClassCounterRule;9;0.75;0.75
net.sourceforge.pmd.rules.design.ImmutableField;6;0.2;0.8
net.sourceforge.pmd.rules.design.NpathComplexity;14;0.8461538461538461;0.8461538461538461
net.sourceforge.pmd.rules.design.PositionalIteratorRule;5;0.25;0.75
net.sourceforge.pmd.rules.design.UseSingleton;5;;
net.sourceforge.pmd.rules.imports.UnusedImportsRule;6;0.8;1.0
net.sourceforge.pmd.rules.junit.AbstractJUnitRule;7;0.16666666666666666;0.8333333333333334
net.sourceforge.pmd.rules.strictexception.ExceptionSignatureDeclaration;7;0.8333333333333334;0.8333333333333334
net.sourceforge.pmd.rules.strings.ConsecutiveLiteralAppends;10;0.5555555555555556;0.6666666666666666
net.sourceforge.pmd.rules.strings.InsufficientStringBufferDeclaration;11;0.4;0.7
net.sourceforge.pmd.rules.sunsecure.ArrayIsStoredDirectly;6;0.8;1.0
net.sourceforge.pmd.stat.DataPoint;7;0.6666666666666666;0.8333333333333334
net.sourceforge.pmd.stat.Metric;7;0.3333333333333333;0.8333333333333334
net.sourceforge.pmd.stat.StatisticalRule;8;0.8571428571428571;0.7142857142857143
net.sourceforge.pmd.symboltable.AbstractScope;11;0.7;0.7
net.sourceforge.pmd.symboltable.ClassScope;12;0.5454545454545454;0.7272727272727273
net.sourceforge.pmd.symboltable.DummyScope;12;0.45454545454545453;0.7272727272727273
net.sourceforge.pmd.symboltable.LocalScope;5;0.75;0.75
net.sourceforge.pmd.symboltable.MethodNameDeclaration;7;0.6666666666666666;0.8333333333333334
net.sourceforge.pmd.symboltable.MethodScope;7;0.6666666666666666;0.6666666666666666
net.sourceforge.pmd.symboltable.NameOccurrence;20;0.5263157894736842;0.631578947368421
net.sourceforge.pmd.symboltable.ScopeAndDeclarationFinder;21;0.9;0.85
net.sourceforge.pmd.symboltable.SourceFileScope;12;0.6363636363636364;0.7272727272727273
net.sourceforge.pmd.symboltable.TypeSet;6;0.2;0.8
net.sourceforge.pmd.symboltable.VariableNameDeclaration;12;0.7272727272727273;0.6363636363636364
net.sourceforge.pmd.typeresolution.ClassTypeResolver;50;0.8775510204081632;0.8571428571428571
net.sourceforge.pmd.typeresolution.rules.SignatureDeclareThrowsException;11;0.7;0.7
net.sourceforge.pmd.typeresolution.visitors.PMDASMVisitor;17;0.625;0.625
net.sourceforge.pmd.util.CollectionUtil;9;0.5;0.75
net.sourceforge.pmd.util.StringUtil;13;0.5833333333333334;0.6666666666666666
net.sourceforge.pmd.util.TypeMap;5;0.75;0.75
net.sourceforge.pmd.util.designer.CodeEditorTextPane;5;0.75;0.75
net.sourceforge.pmd.util.filter.AbstractCompoundFilter;5;0.75;0.75
net.sourceforge.pmd.util.filter.Filters;10;0.5555555555555556;0.6666666666666666
net.sourceforge.pmd.util.viewer.gui.MainFrame;5;0.5;0.75
net.sourceforge.pmd.util.viewer.model.ASTModel;9;0.625;0.625
net.sourceforge.pmd.util.viewer.model.SimpleNodeTreeNodeAdapter;10;0.4444444444444444;0.7777777777777778
net.sourceforge.pmd.util.viewer.model.ViewerModel;10;0.4444444444444444;0.6666666666666666
