file;entities;metric;metric_random
net.sourceforge.stripes.action.ActionBeanContext;16;0.5333333333333333;0.6666666666666666
net.sourceforge.stripes.action.ErrorResolution;5;0.75;1.0
net.sourceforge.stripes.action.FileBean;10;0.6666666666666666;0.7777777777777778
net.sourceforge.stripes.action.OnwardResolution;9;0.75;0.875
net.sourceforge.stripes.action.RedirectResolution;6;0.4;0.8
net.sourceforge.stripes.action.SimpleMessage;6;0.6;0.8
net.sourceforge.stripes.action.StreamingResolution;10;0.5555555555555556;0.6666666666666666
net.sourceforge.stripes.ajax.JavaScriptBuilder;15;0.5;0.6428571428571429
net.sourceforge.stripes.config.BootstrapPropertyResolver;10;0.5555555555555556;0.6666666666666666
net.sourceforge.stripes.config.DefaultConfiguration;38;0.4864864864864865;0.6486486486486487
net.sourceforge.stripes.config.RuntimeConfiguration;19;0.3888888888888889;0.6111111111111112
net.sourceforge.stripes.controller.AnnotatedClassActionResolver;24;0.391304347826087;0.6086956521739131
net.sourceforge.stripes.controller.DefaultActionBeanPropertyBinder;18;0.4117647058823529;0.6470588235294118
net.sourceforge.stripes.controller.DefaultObjectFactory;11;0.5;0.7
net.sourceforge.stripes.controller.DispatcherHelper;13;0.5833333333333334;0.6666666666666666
net.sourceforge.stripes.controller.DispatcherServlet;14;0.5384615384615384;0.6153846153846154
net.sourceforge.stripes.controller.DynamicMappingFilter;12;0.6363636363636364;0.7272727272727273
net.sourceforge.stripes.controller.FlashScope;15;0.42857142857142855;0.6428571428571429
net.sourceforge.stripes.controller.NameBasedActionResolver;11;0.5;0.7
net.sourceforge.stripes.controller.ParameterName;7;0.6666666666666666;0.8333333333333334
net.sourceforge.stripes.controller.StripesFilter;8;0.42857142857142855;0.7142857142857143
net.sourceforge.stripes.controller.UrlBinding;8;0.8571428571428571;0.7142857142857143
net.sourceforge.stripes.controller.UrlBindingFactory;17;0.75;0.625
net.sourceforge.stripes.controller.UrlBindingParameter;7;0.8333333333333334;0.8333333333333334
net.sourceforge.stripes.controller.multipart.CommonsMultipartWrapper;5;0.75;1.0
net.sourceforge.stripes.controller.multipart.CosMultipartWrapper;5;0.75;0.75
net.sourceforge.stripes.exception.DefaultExceptionHandler;9;0.75;0.875
net.sourceforge.stripes.format.DateFormatter;10;0.4444444444444444;0.6666666666666666
net.sourceforge.stripes.format.DefaultFormatterFactory;6;0.6;1.0
net.sourceforge.stripes.format.EnumFormatter;5;0.25;0.75
net.sourceforge.stripes.format.NumberFormatter;8;0.42857142857142855;0.8571428571428571
net.sourceforge.stripes.format.ObjectFormatter;5;1.0;0.75
net.sourceforge.stripes.integration.spring.SpringHelper;7;0.5;0.8333333333333334
net.sourceforge.stripes.localization.DefaultLocalizationBundleFactory;5;0.5;0.75
net.sourceforge.stripes.mock.MockBaseConfig;6;0.4;0.8
net.sourceforge.stripes.mock.MockHttpServletRequest;72;0.6056338028169014;0.5774647887323944
net.sourceforge.stripes.mock.MockHttpServletResponse;40;0.5641025641025641;0.6153846153846154
net.sourceforge.stripes.mock.MockHttpSession;18;0.6470588235294118;0.6470588235294118
net.sourceforge.stripes.mock.MockRoundtrip;22;0.6190476190476191;0.6666666666666666
net.sourceforge.stripes.mock.MockServletContext;32;0.5806451612903226;0.6451612903225806
net.sourceforge.stripes.tag.DefaultPopulationStrategy;7;0.6666666666666666;0.8333333333333334
net.sourceforge.stripes.tag.ErrorsTag;15;0.6428571428571429;0.6428571428571429
net.sourceforge.stripes.tag.FormTag;45;0.4772727272727273;0.5909090909090909
net.sourceforge.stripes.tag.FormatTag;10;0.4444444444444444;0.6666666666666666
net.sourceforge.stripes.tag.HtmlTagSupport;60;0.4915254237288136;0.576271186440678
net.sourceforge.stripes.tag.InputButtonSupportTag;6;0.2;0.6
net.sourceforge.stripes.tag.InputCheckBoxTag;9;0.25;0.625
net.sourceforge.stripes.tag.InputHiddenTag;6;0.2;0.8
net.sourceforge.stripes.tag.InputImageTag;10;0.4444444444444444;0.7777777777777778
net.sourceforge.stripes.tag.InputLabelTag;9;0.375;0.75
net.sourceforge.stripes.tag.InputOptionTag;11;0.4;0.7
net.sourceforge.stripes.tag.InputOptionsCollectionTag;17;0.5;0.6875
net.sourceforge.stripes.tag.InputRadioButtonTag;9;0.25;0.625
net.sourceforge.stripes.tag.InputSelectTag;11;0.4;0.7
net.sourceforge.stripes.tag.InputTagSupport;35;0.5;0.6176470588235294
net.sourceforge.stripes.tag.InputTextAreaTag;10;0.3333333333333333;0.6666666666666666
net.sourceforge.stripes.tag.InputTextTag;9;0.25;0.75
net.sourceforge.stripes.tag.LinkTag;24;0.4782608695652174;0.6086956521739131
net.sourceforge.stripes.tag.LinkTagSupport;17;0.4375;0.625
net.sourceforge.stripes.tag.MessagesTag;5;0.5;0.75
net.sourceforge.stripes.tag.ParamTag;14;0.46153846153846156;0.6153846153846154
net.sourceforge.stripes.tag.StripesTagSupport;13;0.3333333333333333;0.5833333333333334
net.sourceforge.stripes.tag.UrlTag;10;0.5555555555555556;0.6666666666666666
net.sourceforge.stripes.tag.UseActionBeanTag;17;0.5;0.625
net.sourceforge.stripes.tag.VarTagSupport;5;0.5;0.75
net.sourceforge.stripes.tag.WizardFieldsTag;10;0.3333333333333333;0.7777777777777778
net.sourceforge.stripes.tag.layout.LayoutComponentRenderer;6;0.2;0.8
net.sourceforge.stripes.tag.layout.LayoutComponentTag;8;0.42857142857142855;0.7142857142857143
net.sourceforge.stripes.tag.layout.LayoutRenderTag;8;0.5714285714285714;0.7142857142857143
net.sourceforge.stripes.tag.layout.LayoutTag;7;0.16666666666666666;0.8333333333333334
net.sourceforge.stripes.tag.layout.LayoutWriter;10;0.5555555555555556;0.6666666666666666
net.sourceforge.stripes.util.CollectionUtil;6;0.6;0.6
net.sourceforge.stripes.util.ConcurrentHashSet;13;1.0;0.5833333333333334
net.sourceforge.stripes.util.CryptoUtil;9;0.375;0.75
net.sourceforge.stripes.util.Literal;12;1.0;0.9090909090909091
net.sourceforge.stripes.util.Log4JLogger;19;0.8888888888888888;0.6111111111111112
net.sourceforge.stripes.util.Range;9;0.625;0.625
net.sourceforge.stripes.util.ReflectUtil;14;0.6153846153846154;0.6923076923076923
net.sourceforge.stripes.util.ResolverUtil;8;0.42857142857142855;0.7142857142857143
net.sourceforge.stripes.util.StringUtil;5;0.25;0.75
net.sourceforge.stripes.util.TypeHandlerCache;14;0.46153846153846156;0.6153846153846154
net.sourceforge.stripes.util.UrlBuilder;14;0.6923076923076923;0.6153846153846154
net.sourceforge.stripes.util.bean.BeanUtil;5;0.5;0.75
net.sourceforge.stripes.util.bean.Node;8;0.7142857142857143;0.7142857142857143
net.sourceforge.stripes.util.bean.NodeEvaluation;14;0.5384615384615384;0.6153846153846154
net.sourceforge.stripes.util.bean.PropertyExpression;6;0.6;1.0
net.sourceforge.stripes.util.bean.PropertyExpressionEvaluation;17;0.5;0.6875
net.sourceforge.stripes.validation.CreditCardTypeConverter;5;0.5;0.75
net.sourceforge.stripes.validation.DefaultTypeConverterFactory;6;0.4;0.8
net.sourceforge.stripes.validation.DefaultValidationMetadataProvider;9;0.5;0.625
net.sourceforge.stripes.validation.NumberTypeConverterSupport;5;0.75;0.75
net.sourceforge.stripes.validation.OneToManyTypeConverter;5;0.5;0.75
net.sourceforge.stripes.validation.ScopedLocalizableError;5;0.75;1.0
net.sourceforge.stripes.validation.SimpleError;13;0.5833333333333334;0.6666666666666666
net.sourceforge.stripes.validation.ValidationErrors;7;0.5;0.8333333333333334
net.sourceforge.stripes.validation.ValidationMetadata;29;0.7142857142857143;0.6428571428571429
net.sourceforge.stripes.vfs.DefaultVFS;7;0.8333333333333334;0.8333333333333334
net.sourceforge.stripes.vfs.JBoss6VFS;6;0.6;0.8
net.sourceforge.stripes.vfs.VFS;9;0.75;0.625
