file;entities;metric;metric_random
com.eteks.sweethome3d.HomeFramePane;5;0.75;0.5
com.eteks.sweethome3d.SweetHome3D;21;0.45;0.65
com.eteks.sweethome3d.applet.AppletApplication;19;0.5;0.6666666666666666
com.eteks.sweethome3d.applet.AppletContentManager;5;0.75;0.75
com.eteks.sweethome3d.applet.AppletUserPreferences;14;0.46153846153846156;0.6153846153846154
com.eteks.sweethome3d.applet.HomeAppletController;5;0.25;0.75
com.eteks.sweethome3d.applet.SweetHome3DApplet;9;0.5;0.75
com.eteks.sweethome3d.applet.SweetHome3DViewer;6;0.4;0.8
com.eteks.sweethome3d.applet.ViewerHelper;6;0.4;0.8
com.eteks.sweethome3d.io.AutoRecoveryManager;8;0.5714285714285714;0.7142857142857143
com.eteks.sweethome3d.io.DefaultFurnitureCatalog;13;0.4166666666666667;0.5833333333333334
com.eteks.sweethome3d.io.DefaultHomeOutputStream;7;0.8333333333333334;0.6666666666666666
com.eteks.sweethome3d.io.DefaultTexturesCatalog;6;0.6;0.8
com.eteks.sweethome3d.io.DefaultUserPreferences;7;0.3333333333333333;0.6666666666666666
com.eteks.sweethome3d.io.FileUserPreferences;35;0.5294117647058824;0.6470588235294118
com.eteks.sweethome3d.j3d.Component3DManager;9;0.625;0.75
com.eteks.sweethome3d.j3d.DAELoader;5;1.0;1.0
com.eteks.sweethome3d.j3d.HomePieceOfFurniture3D;22;0.47619047619047616;0.6190476190476191
com.eteks.sweethome3d.j3d.ModelManager;25;0.5;0.625
com.eteks.sweethome3d.j3d.OBJLoader;15;0.6428571428571429;0.7857142857142857
com.eteks.sweethome3d.j3d.OBJMaterial;10;0.5555555555555556;0.6666666666666666
com.eteks.sweethome3d.j3d.OBJWriter;25;0.625;0.6666666666666666
com.eteks.sweethome3d.j3d.PhotoRenderer;18;0.6470588235294118;0.6470588235294118
com.eteks.sweethome3d.j3d.Room3D;9;0.875;0.75
com.eteks.sweethome3d.j3d.TextureManager;10;0.6666666666666666;0.6666666666666666
com.eteks.sweethome3d.j3d.Wall3D;16;0.6666666666666666;0.6666666666666666
com.eteks.sweethome3d.model.BackgroundImage;11;0.8;0.7
com.eteks.sweethome3d.model.Camera;26;0.52;0.68
com.eteks.sweethome3d.model.CatalogPieceOfFurniture;30;0.5172413793103449;0.6206896551724138
com.eteks.sweethome3d.model.CatalogTexture;12;0.45454545454545453;0.6363636363636364
com.eteks.sweethome3d.model.Compass;30;0.4827586206896552;0.5517241379310345
com.eteks.sweethome3d.model.DimensionLine;26;0.52;0.6
com.eteks.sweethome3d.model.FurnitureCatalog;9;0.625;0.625
com.eteks.sweethome3d.model.FurnitureCategory;10;0.5555555555555556;0.6666666666666666
com.eteks.sweethome3d.model.Home;79;0.48717948717948717;0.5769230769230769
com.eteks.sweethome3d.model.HomeApplication;11;0.6;0.6
com.eteks.sweethome3d.model.HomeDoorOrWindow;11;0.5;0.7
com.eteks.sweethome3d.model.HomeEnvironment;40;0.5128205128205128;0.5641025641025641
com.eteks.sweethome3d.model.HomeFurnitureGroup;35;0.5588235294117647;0.5882352941176471
com.eteks.sweethome3d.model.HomeLight;7;0.5;0.6666666666666666
com.eteks.sweethome3d.model.HomePrint;13;0.6666666666666666;0.75
com.eteks.sweethome3d.model.HomeTexture;6;0.4;0.8
com.eteks.sweethome3d.model.Label;16;0.4666666666666667;0.6666666666666666
com.eteks.sweethome3d.model.LightSource;5;0.75;0.75
com.eteks.sweethome3d.model.ObserverCamera;14;0.5384615384615384;0.6923076923076923
com.eteks.sweethome3d.model.Room;59;0.5;0.5862068965517241
com.eteks.sweethome3d.model.Sash;5;0.25;0.75
com.eteks.sweethome3d.model.TextStyle;10;0.5555555555555556;0.6666666666666666
com.eteks.sweethome3d.model.TexturesCatalog;9;0.625;0.75
com.eteks.sweethome3d.model.TexturesCategory;10;0.5555555555555556;0.6666666666666666
com.eteks.sweethome3d.model.UserPreferences;57;0.5;0.5714285714285714
com.eteks.sweethome3d.model.Wall;58;0.5263157894736842;0.5614035087719298
com.eteks.sweethome3d.plugin.Plugin;20;0.47368421052631576;0.6842105263157895
com.eteks.sweethome3d.plugin.PluginAction;9;0.375;0.625
com.eteks.sweethome3d.plugin.PluginManager;8;0.42857142857142855;0.8571428571428571
com.eteks.sweethome3d.swing.BackgroundImageWizardStepsPanel;11;0.6;0.7
com.eteks.sweethome3d.swing.FileContentManager;11;0.4;0.8
com.eteks.sweethome3d.swing.FurnitureCatalogListPanel;11;0.5;0.8
com.eteks.sweethome3d.swing.FurnitureCatalogTransferHandler;5;0.5;1.0
com.eteks.sweethome3d.swing.FurnitureCatalogTree;6;0.6;0.8
com.eteks.sweethome3d.swing.FurnitureTable;13;0.4166666666666667;0.6666666666666666
com.eteks.sweethome3d.swing.FurnitureTransferHandler;5;0.5;1.0
com.eteks.sweethome3d.swing.HelpPane;14;0.46153846153846156;0.6923076923076923
com.eteks.sweethome3d.swing.Home3DAttributesPanel;6;0.4;0.8
com.eteks.sweethome3d.swing.HomeComponent3D;41;0.55;0.6
com.eteks.sweethome3d.swing.HomeFurniturePanel;7;0.5;0.6666666666666666
com.eteks.sweethome3d.swing.HomePrintableComponent;8;0.7142857142857143;0.7142857142857143
com.eteks.sweethome3d.swing.IconManager;11;0.6;0.7
com.eteks.sweethome3d.swing.ImportedFurnitureWizardStepsPanel;19;0.5;0.6111111111111112
com.eteks.sweethome3d.swing.ImportedTextureWizardStepsPanel;13;0.5833333333333334;0.75
com.eteks.sweethome3d.swing.LocatedTransferHandler;8;0.5714285714285714;0.7142857142857143
com.eteks.sweethome3d.swing.ModelPreviewComponent;31;0.5;0.5666666666666667
com.eteks.sweethome3d.swing.NullableCheckBox;14;0.38461538461538464;0.6153846153846154
com.eteks.sweethome3d.swing.PageSetupPanel;8;0.42857142857142855;0.7142857142857143
com.eteks.sweethome3d.swing.PhotoPanel;15;0.6428571428571429;0.6428571428571429
com.eteks.sweethome3d.swing.PlanComponent;119;0.559322033898305;0.5338983050847458
com.eteks.sweethome3d.swing.PlanTransferHandler;11;0.5;0.7
com.eteks.sweethome3d.swing.PrintPreviewPanel;7;0.5;0.6666666666666666
com.eteks.sweethome3d.swing.ProportionalLayout;10;0.7777777777777778;0.7777777777777778
com.eteks.sweethome3d.swing.RoomPanel;9;0.5;0.75
com.eteks.sweethome3d.swing.ScaledImageComponent;8;0.8571428571428571;0.7142857142857143
com.eteks.sweethome3d.swing.SwingViewFactory;23;0.5909090909090909;0.5909090909090909
com.eteks.sweethome3d.swing.ThreadedTaskPanel;6;0.8;0.8
com.eteks.sweethome3d.swing.UserPreferencesPanel;5;0.25;0.75
com.eteks.sweethome3d.swing.VideoPanel;27;0.6153846153846154;0.6153846153846154
com.eteks.sweethome3d.swing.WallPanel;10;0.6666666666666666;0.6666666666666666
com.eteks.sweethome3d.swing.WizardPane;5;0.5;1.0
com.eteks.sweethome3d.tools.ExtensionsClassLoader;5;1.0;0.75
com.eteks.sweethome3d.tools.OperatingSystem;8;0.5714285714285714;0.7142857142857143
com.eteks.sweethome3d.tools.URLContent;7;0.3333333333333333;0.6666666666666666
com.eteks.sweethome3d.viewcontroller.BackgroundImageWizardController;20;0.631578947368421;0.631578947368421
com.eteks.sweethome3d.viewcontroller.CompassController;23;0.45454545454545453;0.5909090909090909
com.eteks.sweethome3d.viewcontroller.FurnitureCatalogController;11;0.5;0.7
com.eteks.sweethome3d.viewcontroller.FurnitureController;40;0.46153846153846156;0.6153846153846154
com.eteks.sweethome3d.viewcontroller.HelpController;23;0.45454545454545453;0.5454545454545454
com.eteks.sweethome3d.viewcontroller.Home3DAttributesController;25;0.5;0.625
com.eteks.sweethome3d.viewcontroller.HomeController;86;0.5411764705882353;0.5529411764705883
com.eteks.sweethome3d.viewcontroller.HomeController3D;13;0.4166666666666667;0.6666666666666666
com.eteks.sweethome3d.viewcontroller.HomeFurnitureController;56;0.5636363636363636;0.5636363636363636
com.eteks.sweethome3d.viewcontroller.ImportedFurnitureWizardController;43;0.5238095238095238;0.5952380952380952
com.eteks.sweethome3d.viewcontroller.ImportedTextureWizardController;21;0.55;0.65
com.eteks.sweethome3d.viewcontroller.LabelController;14;0.5384615384615384;0.6153846153846154
com.eteks.sweethome3d.viewcontroller.PageSetupController;7;0.5;0.6666666666666666
com.eteks.sweethome3d.viewcontroller.PhotoController;27;0.5384615384615384;0.6153846153846154
com.eteks.sweethome3d.viewcontroller.PlanController;183;0.46703296703296704;0.5384615384615384
com.eteks.sweethome3d.viewcontroller.RoomController;30;0.4827586206896552;0.5172413793103449
com.eteks.sweethome3d.viewcontroller.TextureChoiceController;10;0.5555555555555556;0.7777777777777778
com.eteks.sweethome3d.viewcontroller.UserPreferencesController;36;0.5142857142857142;0.6
com.eteks.sweethome3d.viewcontroller.VideoController;26;0.56;0.64
com.eteks.sweethome3d.viewcontroller.WallController;53;0.5;0.5576923076923077
com.eteks.sweethome3d.viewcontroller.WizardController;23;0.45454545454545453;0.6818181818181818
