file;entities;metric;metric_random
blogthisplugin.BlogSettings;5;0.5;0.75
blogthisplugin.BlogSettingsTab;5;0.5;1.0
blogthisplugin.BlogThisPlugin;19;0.3888888888888889;0.6666666666666666
calendarexportplugin.CalendarExportPlugin;30;0.4482758620689655;0.6206896551724138
calendarexportplugin.CalendarExportSettings;30;0.5862068965517241;0.6206896551724138
calendarexportplugin.CalendarSettingsTab;5;0.5;0.75
calendarexportplugin.exporter.AppleSettingsDialog;5;0.75;0.75
calendarexportplugin.exporter.AppleiCalExporter;5;0.75;0.75
calendarexportplugin.exporter.CalExporter;5;0.5;0.75
calendarexportplugin.exporter.ExporterFactory;6;0.6;0.8
calendarexportplugin.exporter.GoogleExporter;9;0.5;0.75
calendarexportplugin.exporter.GoogleSettingsDialog;8;0.5714285714285714;0.7142857142857143
calendarexportplugin.exporter.OutlookExporter;5;0.5;1.0
calendarexportplugin.utils.AbstractCalFile;7;0.8333333333333334;0.6666666666666666
calendarexportplugin.utils.ICalFile;6;0.6;0.8
calendarexportplugin.utils.VCalFile;6;0.4;0.6
captureplugin.CapturePlugin;26;0.44;0.6
captureplugin.CapturePluginData;7;0.3333333333333333;0.6666666666666666
captureplugin.drivers.DeviceCreatorDialog;5;0.5;0.75
captureplugin.drivers.defaultdriver.AdditionalParams;13;0.5833333333333334;0.6666666666666666
captureplugin.drivers.defaultdriver.CaptureExecute;8;0.5714285714285714;0.7142857142857143
captureplugin.drivers.defaultdriver.CaptureParamLibrary;12;0.45454545454545453;0.6363636363636364
captureplugin.drivers.defaultdriver.DefaultDevice;22;0.47619047619047616;0.6190476190476191
captureplugin.drivers.defaultdriver.DefaultKonfigurator;5;0.5;0.75
captureplugin.drivers.defaultdriver.DeviceConfig;56;0.4909090909090909;0.5636363636363636
captureplugin.drivers.defaultdriver.ParamEntry;9;0.75;0.75
captureplugin.drivers.defaultdriver.ProgramTimeList;10;0.6666666666666666;0.6666666666666666
captureplugin.drivers.defaultdriver.Variable;6;0.6;0.6
captureplugin.drivers.defaultdriver.configpanels.ChannelTableModel;8;0.42857142857142855;0.7142857142857143
captureplugin.drivers.defaultdriver.configpanels.VariableTableModel;6;0.6;0.8
captureplugin.drivers.dreambox.DreamboxConfig;35;0.4411764705882353;0.5882352941176471
captureplugin.drivers.dreambox.DreamboxConfigDialog;9;0.5;0.75
captureplugin.drivers.dreambox.DreamboxDevice;21;0.45;0.6
captureplugin.drivers.dreambox.connector.DreamboxChannel;5;0.5;0.75
captureplugin.drivers.dreambox.connector.DreamboxConnector;13;0.4166666666666667;0.5833333333333334
captureplugin.drivers.dreambox.connector.DreamboxStateHandler;5;0.75;0.75
captureplugin.drivers.elgatodriver.ElgatoConnection;6;0.6;0.8
captureplugin.drivers.simpledevice.SimpleChannel;9;0.625;0.75
captureplugin.drivers.simpledevice.SimpleConfig;11;0.7;0.7
captureplugin.drivers.simpledevice.SimpleDevice;23;0.6363636363636364;0.5909090909090909
captureplugin.drivers.thetubedriver.TheTubeConnection;5;0.5;0.75
captureplugin.drivers.topfield.TopfieldChannelTableModel;7;0.8333333333333334;0.8333333333333334
captureplugin.drivers.topfield.TopfieldConfiguration;38;0.5135135135135135;0.6216216216216216
captureplugin.drivers.topfield.TopfieldConfigurationDialog;38;0.5135135135135135;0.5675675675675675
captureplugin.drivers.topfield.TopfieldDevice;20;0.9473684210526315;0.631578947368421
captureplugin.drivers.topfield.TopfieldServiceInfo;16;0.5333333333333333;0.7333333333333333
captureplugin.drivers.topfield.TopfieldTimerEntry;7;0.6666666666666666;0.8333333333333334
captureplugin.drivers.topfield.connector.TopfieldConnector;11;0.4;0.7
captureplugin.drivers.utils.ProgramTime;19;0.5;0.6666666666666666
captureplugin.tabs.DevicePanel;7;0.5;0.8333333333333334
captureplugin.tabs.DeviceTableModel;7;0.8333333333333334;0.8333333333333334
captureplugin.utils.ConfigTableModel;7;0.6666666666666666;0.6666666666666666
captureplugin.utils.ExternalChannelTableCellEditor;5;0.5;0.75
clipboardplugin.ClipboardPlugin;21;0.45;0.65
devplugin.AbstractTvDataService;30;0.4827586206896552;0.6206896551724138
devplugin.ActionMenu;5;0.5;0.75
devplugin.ButtonAction;6;0.2;0.8
devplugin.Channel;49;0.4791666666666667;0.5833333333333334
devplugin.ChannelGroupImpl;6;0.4;1.0
devplugin.ContextMenuSeparatorAction;7;0.5;0.6666666666666666
devplugin.Date;31;0.6666666666666666;0.5666666666666667
devplugin.Plugin;56;0.5818181818181818;0.5636363636363636
devplugin.PluginInfo;7;0.3333333333333333;0.8333333333333334
devplugin.PluginsFilterComponent;8;0.42857142857142855;0.7142857142857143
devplugin.ProgramFieldType;13;0.4166666666666667;0.5833333333333334
devplugin.ProgramInfoHelper;6;0.6;0.8
devplugin.ProgramItem;10;0.4444444444444444;0.6666666666666666
devplugin.ThemeIcon;5;0.75;0.75
devplugin.Version;9;0.625;0.75
dreamboxdataservice.DreamboxChannelHandler;6;0.4;0.8
dreamboxdataservice.DreamboxDataService;18;0.23529411764705882;0.7058823529411765
emailplugin.EMailPlugin;20;0.47368421052631576;0.631578947368421
emailplugin.EMailSettings;8;0.5714285714285714;0.7142857142857143
emailplugin.EMailSettingsTab;6;0.6;0.8
emailplugin.MailCreator;7;0.5;0.8333333333333334
genreplugin.GenrePlugin;22;0.6190476190476191;0.6190476190476191
genreplugin.GenreSettings;6;0.8;0.6
genreplugin.GenreSettingsTab;5;0.75;0.75
growlplugin.GrowlPlugin;13;0.6666666666666666;0.75
i18nplugin.AbstractHierarchicalNode;9;0.5;0.75
i18nplugin.I18NPlugin;9;0.5;0.75
i18nplugin.PropertiesEntryNode;9;0.5;0.75
i18nplugin.PropertiesNode;12;0.5454545454545454;0.6363636363636364
i18nplugin.TranslationDialog;9;0.375;0.75
i18nplugin.TranslationNode;5;0.5;0.75
i18nplugin.TranslatorEditor;6;0.4;0.8
knotifyplugin.KNotifyPlugin;12;0.6363636363636364;0.6363636363636364
listviewplugin.ListTable;7;0.5;0.6666666666666666
listviewplugin.ListTableModel;12;0.45454545454545453;0.6363636363636364
listviewplugin.ListViewDialog;14;0.38461538461538464;0.6153846153846154
listviewplugin.ListViewPlugin;11;0.4;0.7
newsplugin.News;7;0.3333333333333333;0.6666666666666666
newsplugin.NewsDialog;6;0.2;0.8
newsplugin.NewsPlugin;10;0.5555555555555556;0.6666666666666666
primarydatamanager.DayProgramFileTranslator;6;0.6;0.8
primarydatamanager.DayProgramMapper;6;0.4;0.8
primarydatamanager.PDSRunner;6;0.4;0.8
primarydatamanager.PrimaryDataManager;14;0.46153846153846156;0.6153846153846154
primarydatamanager.RawDataProcessor;15;0.5714285714285714;0.6428571428571429
primarydatamanager.mirrorupdater.MirrorUpdater;12;0.45454545454545453;0.6363636363636364
primarydatamanager.mirrorupdater.config.PropertiesConfiguration;7;0.5;0.8333333333333334
primarydatamanager.mirrorupdater.data.FtpDataTarget;6;0.4;0.8
primarydatamanager.primarydataservice.AbstractPrimaryDataService;10;0.6666666666666666;0.6666666666666666
primarydatamanager.primarydataservice.HTMLFilterReader;9;0.625;0.75
primarydatamanager.primarydataservice.MeasuringInputStream;10;0.6666666666666666;0.6666666666666666
primarydatamanager.primarydataservice.ProgramFrameDispatcher;7;0.8333333333333334;0.8333333333333334
primarydatamanager.primarydataservice.util.RtfFilterReader;8;0.8571428571428571;0.5714285714285714
primarydatamanager.primarydataservice.util.html2txt.Html2TxtConverter;7;0.8333333333333334;0.8333333333333334
primarydatamanager.primarydataservice.util.htmlparser.HTMLParser;8;0.42857142857142855;0.7142857142857143
primarydatamanager.primarydataservice.util.htmlparser.Tag;20;0.5263157894736842;0.631578947368421
primarydatamanager.primarydataservice.util.httpsession.HttpSession;9;0.625;0.75
primarydatamanager.tvlistingstool.HtmlMirrorVisualizer;6;0.6;0.8
printplugin.PrintPlugin;29;0.5357142857142857;0.6071428571428571
printplugin.dlgs.SettingsDialog;5;0.25;0.75
printplugin.dlgs.components.DateRangePanel;5;0.75;0.75
printplugin.dlgs.components.FontsDialog;5;0.25;1.0
printplugin.dlgs.components.ProgramPreviewPanel;8;0.14285714285714285;0.7142857142857143
printplugin.dlgs.printdayprogramsdialog.LayoutTab;6;0.2;0.8
printplugin.dlgs.printdayprogramsdialog.ListingsTab;10;0.4444444444444444;0.6666666666666666
printplugin.dlgs.printdayprogramsdialog.PrintDayProgramsDialogContent;7;0.5;0.6666666666666666
printplugin.dlgs.printfromqueuedialog.PrintFromQueueDialogContent;7;0.5;0.6666666666666666
printplugin.printer.AbstractPrintJob;5;0.75;0.75
printplugin.printer.JobFactory;6;0.4;0.8
printplugin.printer.ProgramItem;8;0.5714285714285714;0.7142857142857143
printplugin.printer.singleprogramprinter.DocumentRenderer;9;0.625;0.625
printplugin.settings.DayProgramPrinterSettings;9;0.375;0.75
printplugin.settings.MutableProgramIconSettings;18;0.35294117647058826;0.6470588235294118
printplugin.settings.PrinterProgramIconSettings;11;0.5;0.6
printplugin.settings.ProgramInfoPrintSettings;12;0.5454545454545454;0.7272727272727273
printplugin.settings.Scheme;7;0.5;0.8333333333333334
programlistplugin.ProgramListPlugin;14;0.6153846153846154;0.6153846153846154
programlistplugin.ProgramListSettings;6;0.6;0.8
radiotimesdataservice.RadioTimesDataService;14;0.8461538461538461;0.6923076923076923
radiotimesdataservice.RadioTimesFileParser;8;0.42857142857142855;0.7142857142857143
schedulesdirectdataservice.SchedulesDirectDataService;21;0.25;0.6
simplemarkerplugin.ManagePanel;6;0.4;0.8
simplemarkerplugin.MarkList;28;0.5185185185185185;0.6296296296296297
simplemarkerplugin.MarkListFilterComponent;7;0.6666666666666666;0.8333333333333334
simplemarkerplugin.MarkListsVector;9;0.5;0.625
simplemarkerplugin.SimpleMarkerPlugin;42;0.5121951219512195;0.6097560975609756
simplemarkerplugin.SimpleMarkerPluginSettingsTab;16;0.8;0.6
simplemarkerplugin.SimpleMarkerSettings;12;0.2727272727272727;0.6363636363636364
simplemarkerplugin.table.MarkListTableModel;8;0.5714285714285714;0.7142857142857143
swedbtvdataservice.DataHydraChannelContainer;13;1.0;1.0
swedbtvdataservice.DataHydraChannelGroup;7;0.6666666666666666;0.8333333333333334
swedbtvdataservice.DataHydraDayParser;15;0.7857142857142857;0.7857142857142857
swedbtvdataservice.SweDBTvDataService;22;0.38095238095238093;0.7142857142857143
tvbrowser.core.ChannelList;40;0.5897435897435898;0.5897435897435898
tvbrowser.core.PluginLoader;22;0.42857142857142855;0.6666666666666666
tvbrowser.core.TvDataBase;40;0.48717948717948717;0.5897435897435898
tvbrowser.core.TvDataInventory;7;0.8333333333333334;0.8333333333333334
tvbrowser.core.TvDataUpdater;14;0.46153846153846156;0.6923076923076923
tvbrowser.core.contextmenu.ContextMenuManager;15;0.5714285714285714;0.6428571428571429
tvbrowser.core.data.OnDemandDayProgramFile;13;0.5;0.6666666666666666
tvbrowser.core.filters.AudioDescriptionFilter;5;0.75;1.0
tvbrowser.core.filters.FilterComponentList;10;0.5555555555555556;0.6666666666666666
tvbrowser.core.filters.FilterList;16;0.6;0.6666666666666666
tvbrowser.core.filters.FilterManagerImpl;9;0.5;0.625
tvbrowser.core.filters.PluginFilter;5;0.75;1.0
tvbrowser.core.filters.SubtitleFilter;5;0.75;1.0
tvbrowser.core.filters.filtercomponents.AgeLimitFilterComponent;7;0.8333333333333334;0.6666666666666666
tvbrowser.core.filters.filtercomponents.BeanShellFilterComponent;9;0.5;0.75
tvbrowser.core.filters.filtercomponents.ChannelFilterComponent;8;0.2857142857142857;0.7142857142857143
tvbrowser.core.filters.filtercomponents.DateFilterComponent;7;0.8333333333333334;0.6666666666666666
tvbrowser.core.filters.filtercomponents.DayFilterComponent;7;0.3333333333333333;0.6666666666666666
tvbrowser.core.filters.filtercomponents.FavoritesFilterComponent;7;0.5;0.8333333333333334
tvbrowser.core.filters.filtercomponents.KeywordFilterComponent;8;0.42857142857142855;0.7142857142857143
tvbrowser.core.filters.filtercomponents.MassFilterComponent;9;0.625;0.75
tvbrowser.core.filters.filtercomponents.PluginFilterComponent;8;0.5714285714285714;0.7142857142857143
tvbrowser.core.filters.filtercomponents.PluginIconFilterComponent;7;0.5;0.8333333333333334
tvbrowser.core.filters.filtercomponents.ProgramInfoFilterComponent;8;0.5714285714285714;0.7142857142857143
tvbrowser.core.filters.filtercomponents.ProgramLengthFilterComponent;7;0.6666666666666666;0.6666666666666666
tvbrowser.core.filters.filtercomponents.ProgramMarkingPriorityFilterComponent;7;0.8333333333333334;0.6666666666666666
tvbrowser.core.filters.filtercomponents.ProgramRunningFilterComponent;8;0.5714285714285714;0.7142857142857143
tvbrowser.core.filters.filtercomponents.ProgramTypeFilterComponent;7;0.8333333333333334;0.6666666666666666
tvbrowser.core.filters.filtercomponents.ReminderFilterComponent;7;0.5;0.6666666666666666
tvbrowser.core.filters.filtercomponents.TimeFilterComponent;9;0.5;0.625
tvbrowser.core.icontheme.Directory;14;0.5384615384615384;0.6153846153846154
tvbrowser.core.icontheme.IconLoader;11;0.6;0.7
tvbrowser.core.icontheme.IconTheme;14;0.46153846153846156;0.6153846153846154
tvbrowser.core.plugin.AbstractPluginProxy;70;0.4782608695652174;0.5652173913043478
tvbrowser.core.plugin.ActionProxy;7;0.5;0.8333333333333334
tvbrowser.core.plugin.BeanShellPluginProxy;37;0.5277777777777778;0.5833333333333334
tvbrowser.core.plugin.JavaPluginProxy;38;0.4864864864864865;0.5945945945945946
tvbrowser.core.plugin.PluginManagerImpl;45;0.5909090909090909;0.5909090909090909
tvbrowser.core.plugin.PluginProxyManager;44;0.6744186046511628;0.5813953488372093
tvbrowser.core.plugin.SettingsTabProxy;5;0.5;0.75
tvbrowser.core.plugin.programformating.GlobalPluginProgramFormating;12;0.7272727272727273;0.7272727272727273
tvbrowser.core.plugin.programformating.GlobalPluginProgramFormatingManager;8;0.5714285714285714;0.7142857142857143
tvbrowser.core.search.AbstractSearcher;7;0.6666666666666666;0.8333333333333334
tvbrowser.core.tvdataservice.AbstractTvDataServiceProxy;7;0.5;0.6666666666666666
tvbrowser.core.tvdataservice.ChannelGroupManager;10;0.6666666666666666;0.6666666666666666
tvbrowser.core.tvdataservice.DefaultTvDataServiceProxy;23;0.5;0.5909090909090909
tvbrowser.core.tvdataservice.TvDataServiceProxyManager;14;0.5384615384615384;0.6923076923076923
tvbrowser.extras.common.AbstractInternalPluginProxy;5;0.75;0.75
tvbrowser.extras.common.ChannelItem;5;0.25;0.75
tvbrowser.extras.common.LimitationConfiguration;12;0.5454545454545454;0.7272727272727273
tvbrowser.extras.favoritesplugin.ContextMenuProvider;11;0.4;0.6
tvbrowser.extras.favoritesplugin.FavoritesPlugin;58;0.5087719298245614;0.5789473684210527
tvbrowser.extras.favoritesplugin.FavoritesPluginProxy;20;0.47368421052631576;0.5789473684210527
tvbrowser.extras.favoritesplugin.FavoritesSettingTab;5;0.75;0.75
tvbrowser.extras.favoritesplugin.core.ActorsFavorite;7;0.5;0.8333333333333334
tvbrowser.extras.favoritesplugin.core.AdvancedFavorite;10;0.5555555555555556;0.6666666666666666
tvbrowser.extras.favoritesplugin.core.Exclusion;10;0.4444444444444444;0.6666666666666666
tvbrowser.extras.favoritesplugin.core.Favorite;53;0.5576923076923077;0.6153846153846154
tvbrowser.extras.favoritesplugin.dlgs.EditFavoriteDialog;15;0.5;0.6428571428571429
tvbrowser.extras.favoritesplugin.dlgs.ExclusionPanel;5;0.5;0.75
tvbrowser.extras.favoritesplugin.dlgs.FavoriteNode;11;0.4;0.6
tvbrowser.extras.favoritesplugin.dlgs.FavoriteTree;24;0.6521739130434783;0.6521739130434783
tvbrowser.extras.favoritesplugin.dlgs.FavoriteTreeModel;28;0.6296296296296297;0.6296296296296297
tvbrowser.extras.favoritesplugin.dlgs.ManageFavoritesDialog;25;0.4166666666666667;0.5833333333333334
tvbrowser.extras.favoritesplugin.wizards.ExcludeWizardStep;11;0.4;0.7
tvbrowser.extras.favoritesplugin.wizards.FinishWizardStep;7;0.6666666666666666;0.6666666666666666
tvbrowser.extras.favoritesplugin.wizards.LimitationsWizardStep;8;0.42857142857142855;0.7142857142857143
tvbrowser.extras.favoritesplugin.wizards.NotificationWizardStep;7;0.5;0.6666666666666666
tvbrowser.extras.favoritesplugin.wizards.RenameWizardStep;7;0.6666666666666666;0.8333333333333334
tvbrowser.extras.favoritesplugin.wizards.TypeWizardStep;12;0.5454545454545454;0.6363636363636364
tvbrowser.extras.favoritesplugin.wizards.WizardDlg;13;0.3333333333333333;0.75
tvbrowser.extras.favoritesplugin.wizards.WizardHandler;8;0.2857142857142857;0.7142857142857143
tvbrowser.extras.programinfo.ProgramInfo;26;0.64;0.56
tvbrowser.extras.programinfo.ProgramInfoDialog;16;0.6;0.6666666666666666
tvbrowser.extras.programinfo.ProgramInfoProxy;10;0.7777777777777778;0.7777777777777778
tvbrowser.extras.programinfo.ProgramInfoSettings;57;0.5357142857142857;0.5714285714285714
tvbrowser.extras.programinfo.ProgramInfoSettingsTab;6;0.6;0.8
tvbrowser.extras.reminderplugin.MinutesCellEditor;7;0.6666666666666666;0.8333333333333334
tvbrowser.extras.reminderplugin.ReminderDialog;6;0.4;0.8
tvbrowser.extras.reminderplugin.ReminderFrame;10;0.5555555555555556;0.5555555555555556
tvbrowser.extras.reminderplugin.ReminderList;26;0.68;0.64
tvbrowser.extras.reminderplugin.ReminderListDialog;8;0.42857142857142855;0.8571428571428571
tvbrowser.extras.reminderplugin.ReminderListItem;12;0.45454545454545453;0.7272727272727273
tvbrowser.extras.reminderplugin.ReminderPlugin;39;0.5789473684210527;0.6052631578947368
tvbrowser.extras.reminderplugin.ReminderPluginProxy;19;0.5;0.6111111111111112
tvbrowser.extras.reminderplugin.ReminderSettingsTab;6;0.6;0.8
tvbrowser.extras.reminderplugin.ReminderTableModel;10;0.4444444444444444;0.6666666666666666
tvbrowser.extras.searchplugin.SearchDialog;6;0.6;0.8
tvbrowser.extras.searchplugin.SearchPlugin;18;0.5882352941176471;0.6470588235294118
tvbrowser.extras.searchplugin.SearchPluginProxy;11;0.6;0.7
tvbrowser.ui.SkinPanel;6;0.6;0.8
tvbrowser.ui.aboutbox.AboutBox;5;0.25;0.75
tvbrowser.ui.configassistant.AbstractCardPanel;10;0.8888888888888888;0.6666666666666666
tvbrowser.ui.configassistant.ConfigAssistant;8;0.2857142857142857;0.7142857142857143
tvbrowser.ui.configassistant.TvBrowserPictureSettingsUpdateDialog;5;0.5;0.75
tvbrowser.ui.filter.dlgs.EditFilterComponentDlg;8;0.5714285714285714;0.5714285714285714
tvbrowser.ui.filter.dlgs.EditFilterDlg;8;0.5714285714285714;0.7142857142857143
tvbrowser.ui.filter.dlgs.SelectFilterDlg;5;0.5;0.75
tvbrowser.ui.finder.AbstractDateSelector;17;0.5625;0.625
tvbrowser.ui.finder.FinderItem;10;0.5555555555555556;0.6666666666666666
tvbrowser.ui.finder.calendar.AbstractCalendarPanel;8;0.5714285714285714;0.8571428571428571
tvbrowser.ui.finder.calendar.CalendarTableModel;8;0.5714285714285714;0.7142857142857143
tvbrowser.ui.mainframe.ChannelChooserPanel;6;0.8;1.0
tvbrowser.ui.mainframe.MainFrame;111;0.509090909090909;0.5727272727272728
tvbrowser.ui.mainframe.MenuBar;41;0.525;0.6
tvbrowser.ui.mainframe.PeriodItem;5;0.5;0.75
tvbrowser.ui.mainframe.SoftwareUpdater;5;0.25;0.75
tvbrowser.ui.mainframe.TimeChooserPanel;9;0.75;0.625
tvbrowser.ui.mainframe.searchfield.SearchField;10;0.5555555555555556;0.7777777777777778
tvbrowser.ui.mainframe.searchfield.SearchFilter;7;0.5;0.6666666666666666
tvbrowser.ui.mainframe.toolbar.ContextMenu;6;0.2;0.8
tvbrowser.ui.mainframe.toolbar.DefaultToolBarModel;27;0.5769230769230769;0.6153846153846154
tvbrowser.ui.mainframe.toolbar.ToolBar;24;0.5217391304347826;0.6086956521739131
tvbrowser.ui.pluginview.Node;18;0.5882352941176471;0.6470588235294118
tvbrowser.ui.pluginview.PluginTree;20;0.5789473684210527;0.631578947368421
tvbrowser.ui.pluginview.PluginTreeModel;11;0.6;0.6
tvbrowser.ui.pluginview.PluginView;13;0.5833333333333334;0.6666666666666666
tvbrowser.ui.pluginview.contextmenu.AbstractContextMenu;7;0.6666666666666666;0.6666666666666666
tvbrowser.ui.pluginview.contextmenu.PluginContextMenu;6;0.4;0.8
tvbrowser.ui.programtable.DefaultProgramTableModel;31;0.4666666666666667;0.5666666666666667
tvbrowser.ui.programtable.ProgramTable;67;0.5303030303030303;0.5909090909090909
tvbrowser.ui.programtable.ProgramTableScrollPane;31;0.4666666666666667;0.6
tvbrowser.ui.settings.BlockedPlugin;9;0.375;0.625
tvbrowser.ui.settings.BlockedPluginArrayProperty;10;0.6666666666666666;0.6666666666666666
tvbrowser.ui.settings.ChannelsSettingsTab;26;0.52;0.6
tvbrowser.ui.settings.ConfigDataServiceSettingsTab;5;0.5;0.75
tvbrowser.ui.settings.ConfigPluginSettingsTab;7;0.5;0.8333333333333334
tvbrowser.ui.settings.ContextmenuSettingsTab;6;0.6;0.8
tvbrowser.ui.settings.FontsSettingsTab;5;0.75;0.75
tvbrowser.ui.settings.GlobalPluginProgramFormatingSettings;5;0.75;1.0
tvbrowser.ui.settings.LookAndFeelSettingsTab;8;0.5714285714285714;0.7142857142857143
tvbrowser.ui.settings.MausSettingsTab;5;0.75;0.75
tvbrowser.ui.settings.PictureSettingsTab;9;0.5;0.625
tvbrowser.ui.settings.PluginSettingsTab;18;0.7647058823529411;0.6470588235294118
tvbrowser.ui.settings.ProgramPanelSettingsTab;9;0.625;0.625
tvbrowser.ui.settings.ProgramTableSettingsTab;10;0.5555555555555556;0.7777777777777778
tvbrowser.ui.settings.SettingsDialog;20;0.631578947368421;0.5789473684210527
tvbrowser.ui.settings.StartupSettingsTab;7;0.5;0.8333333333333334
tvbrowser.ui.settings.ToolBarDragAndDropSettings;26;0.56;0.56
tvbrowser.ui.settings.TrayBaseSettingsTab;5;0.75;0.75
tvbrowser.ui.settings.TrayImportantSettingsTab;6;0.6;0.8
tvbrowser.ui.settings.TrayNowSettingsTab;6;0.6;0.8
tvbrowser.ui.settings.TrayOnTimeSettingsTab;7;0.5;0.6666666666666666
tvbrowser.ui.settings.TrayProgramsChannelsSettingsTab;10;0.4444444444444444;0.6666666666666666
tvbrowser.ui.settings.TraySoonSettingsTab;6;0.6;0.6
tvbrowser.ui.settings.WebbrowserSettingsTab;5;0.5;0.75
tvbrowser.ui.settings.channel.AvailableChannelsTableModel;7;0.6666666666666666;0.8333333333333334
tvbrowser.ui.settings.channel.ChannelConfigDlg;9;0.375;0.75
tvbrowser.ui.settings.channel.ChannelListModel;6;0.4;0.6
tvbrowser.ui.settings.channel.MultiChannelConfigDlg;5;0.5;1.0
tvbrowser.ui.settings.looksSettings.SkinLNFSettings;6;0.6;0.8
tvbrowser.ui.settings.tablebackgroundstyles.DayTimeBackgroundStyle;6;0.4;1.0
tvbrowser.ui.settings.tablebackgroundstyles.SingleColorBackgroundStyle;6;0.4;0.8
tvbrowser.ui.settings.tablebackgroundstyles.SingleImageBackgroundStyle;6;0.4;0.8
tvbrowser.ui.settings.tablebackgroundstyles.TimeBlockBackgroundStyle;7;0.5;0.6666666666666666
tvbrowser.ui.settings.util.ColorLabel;5;0.5;0.75
tvbrowser.ui.tray.Java6Tray;11;0.6;0.7
tvbrowser.ui.tray.ProgramMenuItem;12;0.6363636363636364;0.7272727272727273
tvbrowser.ui.tray.SystemTray;26;0.48;0.64
tvbrowser.ui.update.SoftwareUpdateDlg;5;0.5;0.75
tvbrowser.ui.update.SoftwareUpdateItem;19;0.5555555555555556;0.6666666666666666
tvbrowserdataservice.TvBrowserDataService;35;0.4411764705882353;0.6176470588235294
tvbrowserdataservice.TvBrowserDataServiceChannelGroup;21;0.6;0.6
tvbrowserdataservice.TvBrowserDataServiceSettings;9;0.625;0.75
tvbrowserdataservice.TvBrowserDataServiceSettingsPanel;9;0.75;0.75
tvbrowserdataservice.TvDataBaseUpdater;5;0.5;1.0
tvbrowserdataservice.file.ChannelList;10;0.5555555555555556;0.7777777777777778
tvbrowserdataservice.file.DayProgramFile;34;0.5454545454545454;0.5757575757575758
tvbrowserdataservice.file.ProgramField;26;0.52;0.6
tvbrowserdataservice.file.ProgramFrame;15;0.5714285714285714;0.6428571428571429
tvbrowserdataservice.file.SummaryFile;9;0.375;0.75
tvdataservice.MarkedProgramsList;10;0.6666666666666666;0.6666666666666666
tvdataservice.MutableChannelDayProgram;14;0.5384615384615384;0.6923076923076923
tvdataservice.MutableProgram;65;0.53125;0.5625
tvraterplugin.Database;13;0.5833333333333334;0.6666666666666666
tvraterplugin.DialogOverview;6;0.4;0.6
tvraterplugin.DialogRating;8;0.42857142857142855;0.8571428571428571
tvraterplugin.Rating;25;0.6666666666666666;0.625
tvraterplugin.TVRaterFilter;7;0.6666666666666666;0.6666666666666666
tvraterplugin.TVRaterFilterAllCategories;7;0.6666666666666666;0.6666666666666666
tvraterplugin.TVRaterPlugin;39;0.5526315789473685;0.5526315789473685
tvraterplugin.TVRaterSettings;8;0.8571428571428571;0.8571428571428571
tvraterplugin.Updater;12;0.5454545454545454;0.6363636363636364
util.browserlauncher.BrowserLauncher;8;0.7142857142857143;0.7142857142857143
util.exc.ErrorWindow;8;0.5714285714285714;0.7142857142857143
util.i18n.WritingConversion;5;0.5;0.75
util.io.BufferedRandomAccessFile;7;0.6666666666666666;0.6666666666666666
util.io.CheckNetworkConnection;5;0.75;0.75
util.io.DownloadManager;6;0.6;0.8
util.io.ExecutionHandler;12;0.7272727272727273;0.8181818181818182
util.io.IOUtilities;35;0.6470588235294118;0.5882352941176471
util.io.Mirror;15;0.5;0.5714285714285714
util.io.NtpMessage;7;0.6666666666666666;0.8333333333333334
util.io.XMLWriter;5;0.75;0.75
util.io.stream.StreamUtilities;24;0.782608695652174;0.6521739130434783
util.misc.AbstractXmlTvDataHandler;19;0.5;0.6111111111111112
util.misc.OperatingSystem;6;0.4;0.8
util.misc.SoftReferenceCache;6;0.6;0.8
util.misc.TextLineBreakerStringWidth;11;0.7;0.7
util.paramhandler.ParamInputField;5;0.75;0.75
util.paramhandler.ParamLibrary;17;0.5;0.6875
util.paramhandler.ParamParser;11;0.6;0.7
util.program.AbstractPluginProgramFormating;16;0.5333333333333333;0.6666666666666666
util.program.CompoundedProgramFieldType;5;0.5;1.0
util.program.LocalPluginProgramFormating;5;0.75;0.75
util.program.ProgramTextCreator;22;0.6666666666666666;0.6190476190476191
util.settings.ChoiceProperty;5;0.75;0.75
util.settings.ProgramPanelSettings;16;0.4;0.7333333333333333
util.settings.Property;7;0.16666666666666666;0.8333333333333334
util.settings.PropertyBasedSettings;13;0.5;0.75
util.settings.PropertyManager;10;0.4444444444444444;0.6666666666666666
util.settings.StringArrayProperty;12;0.45454545454545453;0.6363636363636364
util.settings.StringProperty;7;0.6666666666666666;0.6666666666666666
util.tvdataservice.IconLoader;5;0.25;0.75
util.ui.AlphaColorChooser;10;0.4444444444444444;0.6666666666666666
util.ui.AutoCompletion;7;0.6666666666666666;0.8333333333333334
util.ui.CaretPositionCorrector;7;0.5;0.6666666666666666
util.ui.ChannelLabel;9;0.5;0.75
util.ui.ColorButton;6;0.4;0.8
util.ui.CreditsScrollerPanel;5;0.5;0.75
util.ui.DefaultMarkingPrioritySelectionPanel;9;0.75;0.75
util.ui.DefaultProgramImportanceSelectionPanel;5;0.5;0.75
util.ui.DisclosureTriangle;13;0.5;0.6666666666666666
util.ui.DontShowAgainMessageBox;5;1.0;1.0
util.ui.DontShowAgainOptionBox;6;1.0;0.8
util.ui.EnhancedPanelBuilder;5;0.75;0.75
util.ui.ExecuteSettingsDialog;7;0.3333333333333333;0.8333333333333334
util.ui.FileCheckBox;11;0.4;0.6
util.ui.GridFlowLayout;6;0.6;0.8
util.ui.HelpDialog;10;0.3333333333333333;0.7777777777777778
util.ui.ImageUtilities;6;0.8;0.8
util.ui.LineNumberHeader;6;0.4;0.8
util.ui.LinkButton;5;0.75;0.75
util.ui.ListDragAndDropHandler;7;0.5;0.6666666666666666
util.ui.Localizer;23;0.6363636363636364;0.6363636363636364
util.ui.MultipleFieldReader;6;0.6;0.8
util.ui.OrderChooser;21;0.6;0.65
util.ui.PluginChooserDlg;5;0.5;0.75
util.ui.PooledLocalizer;8;0.8571428571428571;0.8571428571428571
util.ui.PopupButton;6;0.8;0.8
util.ui.ProgramPanel;44;0.5813953488372093;0.5813953488372093
util.ui.ScrollableJPanel;5;1.0;0.75
util.ui.SearchForm;17;0.5625;0.5625
util.ui.SearchFormSettings;19;0.5555555555555556;0.6111111111111112
util.ui.SearchHelper;7;0.6666666666666666;0.8333333333333334
util.ui.SingleAndDoubleClickTreeUI;7;0.6666666666666666;0.8333333333333334
util.ui.TVBrowserIcons;30;0.6551724137931034;0.6206896551724138
util.ui.TabLayout;8;0.2857142857142857;0.7142857142857143
util.ui.TextAreaIcon;9;0.625;0.75
util.ui.TimePeriodChooser;7;0.5;0.8333333333333334
util.ui.UiUtilities;27;0.8076923076923077;0.6153846153846154
util.ui.beanshell.SyntaxDocument;24;0.4782608695652174;0.6086956521739131
util.ui.customizableitems.CustomizableItemsPanel;30;0.6551724137931034;0.5862068965517241
util.ui.customizableitems.SelectableItemList;21;0.45;0.65
util.ui.customizableitems.SelectableItemRenderer;5;0.75;0.75
util.ui.customizableitems.SortableItemList;18;0.35294117647058826;0.5882352941176471
util.ui.findasyoutype.TextComponentFindAction;19;0.5555555555555556;0.6111111111111112
util.ui.html.ExtendedHTMLDocument;5;0.75;1.0
util.ui.login.LoginDialog;6;0.4;0.8
util.ui.progress.ProgressInputStream;6;0.8;0.8
util.ui.table.TableSorter;26;0.52;0.56
util.ui.view.Node;11;0.5;0.6
util.ui.view.SplitView;5;0.5;0.75
util.ui.view.SplitViewProperty;11;0.3;0.6
webplugin.WebAddress;15;0.5714285714285714;0.6428571428571429
webplugin.WebAddressEditDialog;5;0.75;0.75
webplugin.WebPlugin;23;0.5454545454545454;0.6363636363636364
webplugin.WebSettingsTab;12;0.45454545454545453;0.6363636363636364
