file;entities;metric;metric_random
wicket.AccessStackPageMap;12;0.8181818181818182;0.7272727272727273
wicket.AttributeModifier;10;0.7777777777777778;0.6666666666666666
wicket.Localizer;9;0.875;0.875
wicket.MarkupContainer;42;0.9024390243902439;0.5609756097560976
wicket.Page;51;0.96;0.58
wicket.Request;11;0.9;0.7
wicket.Resource;10;0.7777777777777778;0.5555555555555556
wicket.ResourceReference;12;0.8181818181818182;0.6363636363636364
wicket.Response;16;0.8666666666666667;0.6666666666666666
wicket.ajax.AbstractAjaxTimerBehavior;5;0.5;0.75
wicket.ajax.AbstractDefaultAjaxBehavior;10;0.7777777777777778;0.6666666666666666
wicket.ajax.AjaxEventBehavior;8;0.2857142857142857;0.7142857142857143
wicket.ajax.calldecorator.AjaxPostprocessingCallDecorator;6;0.2;0.8
wicket.ajax.calldecorator.AjaxPreprocessingCallDecorator;6;0.2;1.0
wicket.ajax.form.AjaxFormComponentUpdatingBehavior;7;0.5;0.8333333333333334
wicket.ajax.markup.html.form.AjaxSubmitButton;6;0.6;0.8
wicket.ajax.markup.html.form.AjaxSubmitLink;5;0.75;1.0
wicket.behavior.AbstractAjaxBehavior;11;0.7;0.7
wicket.behavior.AbstractBehavior;9;0.625;0.75
wicket.feedback.FeedbackMessage;14;0.9230769230769231;0.6923076923076923
wicket.feedback.FeedbackMessages;20;0.8947368421052632;0.6842105263157895
wicket.feedback.FeedbackMessagesModel;9;0.625;0.625
wicket.markup.ComponentTag;66;0.9846153846153847;0.5538461538461539
wicket.markup.ContainerInfo;6;1.0;0.8
wicket.markup.Markup;21;0.65;0.6
wicket.markup.MarkupCache;14;0.6923076923076923;0.6153846153846154
wicket.markup.MarkupFragment;12;0.6363636363636364;0.7272727272727273
wicket.markup.MarkupParser;13;0.5;0.6666666666666666
wicket.markup.MarkupResourceStream;12;0.7272727272727273;0.7272727272727273
wicket.markup.MarkupStream;31;0.7666666666666667;0.6
wicket.markup.RawMarkup;5;0.75;0.75
wicket.markup.html.BodyContainer;5;1.0;1.0
wicket.markup.html.PackageResourceGuard;5;1.0;0.75
wicket.markup.html.PackageResourceReference;6;0.4;0.6
wicket.markup.html.WebMarkupContainerWithAssociatedMarkup;5;0.75;0.75
wicket.markup.html.WebPage;12;0.6363636363636364;0.7272727272727273
wicket.markup.html.border.Border;9;0.375;0.625
wicket.markup.html.form.AbstractChoice;12;0.6363636363636364;0.7272727272727273
wicket.markup.html.form.AbstractSingleSelectChoice;6;0.8;0.8
wicket.markup.html.form.AbstractTextComponent;5;0.75;0.75
wicket.markup.html.form.Button;10;0.5555555555555556;0.7777777777777778
wicket.markup.html.form.CheckBox;7;0.6666666666666666;0.8333333333333334
wicket.markup.html.form.CheckBoxMultipleChoice;5;0.5;0.75
wicket.markup.html.form.CheckGroup;7;0.5;0.8333333333333334
wicket.markup.html.form.DropDownChoice;5;0.5;0.75
wicket.markup.html.form.Form;50;0.673469387755102;0.5714285714285714
wicket.markup.html.form.FormComponent;51;0.7;0.56
wicket.markup.html.form.PasswordTextField;6;0.8;0.8
wicket.markup.html.form.RadioChoice;9;0.5;0.75
wicket.markup.html.form.RadioGroup;6;0.6;0.8
wicket.markup.html.form.persistence.CookieValuePersister;12;0.8181818181818182;0.6363636363636364
wicket.markup.html.form.persistence.CookieValuePersisterSettings;10;0.5555555555555556;0.6666666666666666
wicket.markup.html.form.upload.FileUpload;8;0.8571428571428571;0.7142857142857143
wicket.markup.html.form.upload.FileUploadField;7;0.8333333333333334;0.8333333333333334
wicket.markup.html.form.validation.AbstractValidator;6;0.8;0.8
wicket.markup.html.form.validation.DateValidator;5;0.25;0.75
wicket.markup.html.form.validation.NumberValidator;8;0.2857142857142857;0.7142857142857143
wicket.markup.html.form.validation.PatternValidator;5;0.75;0.75
wicket.markup.html.form.validation.StringValidator;6;0.4;0.8
wicket.markup.html.image.Image;10;0.7777777777777778;0.7777777777777778
wicket.markup.html.image.resource.DynamicImageResource;6;0.6;0.6
wicket.markup.html.image.resource.LocalizedImageResource;10;0.7777777777777778;0.6666666666666666
wicket.markup.html.image.resource.RenderedDynamicImageResource;10;0.8888888888888888;0.7777777777777778
wicket.markup.html.include.Include;6;0.4;0.6
wicket.markup.html.internal.HeaderResponse;7;0.6666666666666666;0.6666666666666666
wicket.markup.html.internal.HtmlHeaderContainer;6;0.6;0.6
wicket.markup.html.link.BookmarkablePageLink;10;0.7777777777777778;0.6666666666666666
wicket.markup.html.link.Link;21;0.9;0.6
wicket.markup.html.link.PopupSettings;10;0.8888888888888888;0.6666666666666666
wicket.markup.html.list.ListItemModel;5;1.0;0.75
wicket.markup.html.list.ListView;19;0.8888888888888888;0.6666666666666666
wicket.markup.html.list.Loop;6;1.0;0.6
wicket.markup.html.list.PageableListView;8;0.8571428571428571;0.7142857142857143
wicket.markup.html.navigation.paging.PagingNavigation;13;0.5833333333333334;0.75
wicket.markup.html.navigation.paging.PagingNavigationIncrementLink;5;0.75;0.75
wicket.markup.html.navigation.paging.PagingNavigationLink;5;0.75;1.0
wicket.markup.html.pages.BrowserInfoPage;5;0.5;1.0
wicket.markup.html.panel.FeedbackPanel;16;0.9333333333333333;0.7333333333333333
wicket.markup.html.panel.Fragment;7;0.5;0.6666666666666666
wicket.markup.html.tree.DefaultAbstractTree;17;0.875;0.625
wicket.markup.html.tree.DefaultTreeState;12;1.0;0.6363636363636364
wicket.markup.html.tree.table.AbstractColumn;6;0.8;0.8
wicket.markup.html.tree.table.AbstractRenderableColumn;7;1.0;0.6666666666666666
wicket.markup.html.tree.table.PropertyRenderableColumn;6;0.8;0.8
wicket.markup.html.tree.table.PropertyTreeColumn;5;1.0;0.75
wicket.markup.html.tree.table.SideColumnsView;6;1.0;0.6
wicket.markup.loader.InheritedMarkupMarkupLoader;7;0.16666666666666666;0.6666666666666666
wicket.markup.markupFinder.DefaultMarkupFinder;5;0.5;0.75
wicket.markup.parser.XmlPullParser;15;0.5714285714285714;0.6428571428571429
wicket.markup.parser.XmlTag;35;0.9117647058823529;0.6176470588235294
wicket.markup.transformer.AbstractOutputTransformerContainer;7;0.5;0.6666666666666666
wicket.markup.transformer.AbstractTransformerBehavior;6;0.8;0.8
wicket.model.AbstractDetachableAssignmentAwareModel;14;0.8461538461538461;0.7692307692307693
wicket.model.AbstractDetachableInheritableModel;14;0.8461538461538461;0.6923076923076923
wicket.model.AbstractDetachableModel;13;0.8333333333333334;0.6666666666666666
wicket.model.AbstractModel;5;0.75;0.75
wicket.model.AbstractPropertyAssignmentAwareModel;9;0.875;0.75
wicket.model.AbstractPropertyInheritableModel;9;0.875;0.75
wicket.model.BoundCompoundPropertyModel;8;0.8571428571428571;0.7142857142857143
wicket.model.LoadableDetachableModel;7;0.8333333333333334;0.8333333333333334
wicket.model.Model;7;0.8333333333333334;0.8333333333333334
wicket.model.StringResourceModel;10;0.8888888888888888;0.7777777777777778
wicket.protocol.http.AbstractHttpSessionStore;11;0.5;0.7
wicket.protocol.http.BufferedHttpServletResponse;42;0.5121951219512195;0.5853658536585366
wicket.protocol.http.BufferedWebResponse;6;0.6;0.8
wicket.protocol.http.ClientPageSavingSessionStore;8;0.7142857142857143;0.7142857142857143
wicket.protocol.http.ClientProperties;9;1.0;0.75
wicket.protocol.http.FilePageStore;5;1.0;0.75
wicket.protocol.http.HttpSessionStore;6;0.4;0.8
wicket.protocol.http.MockHttpServletRequest;65;0.96875;0.546875
wicket.protocol.http.MockHttpServletResponse;43;1.0;0.5952380952380952
wicket.protocol.http.MockHttpSession;18;1.0;0.6470588235294118
wicket.protocol.http.MockServletContext;26;1.0;0.6
wicket.protocol.http.MockWebApplication;21;0.65;0.65
wicket.protocol.http.RequestLogger;13;0.3333333333333333;0.6666666666666666
wicket.protocol.http.WebRequest;11;0.9;0.6
wicket.protocol.http.WebResponse;19;0.7777777777777778;0.7222222222222222
wicket.protocol.http.WebSession;8;0.5714285714285714;0.7142857142857143
wicket.protocol.http.WicketFilter;10;0.8888888888888888;0.6666666666666666
wicket.protocol.http.WicketServlet;5;0.75;0.75
wicket.protocol.http.documentvalidation.HtmlDocumentParser;8;0.8571428571428571;0.7142857142857143
wicket.protocol.http.documentvalidation.HtmlDocumentValidator;10;0.8888888888888888;0.6666666666666666
wicket.protocol.http.documentvalidation.Tag;8;1.0;0.7142857142857143
wicket.protocol.http.portlet.PortletApplication;18;0.5294117647058824;0.6470588235294118
wicket.protocol.http.portlet.PortletPage;8;0.8571428571428571;0.7142857142857143
wicket.protocol.http.portlet.PortletRequestCodingStrategy;21;0.7;0.65
wicket.protocol.http.portlet.PortletRequestCycle;5;0.75;0.75
wicket.protocol.http.portlet.PortletSessionStore;18;0.5882352941176471;0.6470588235294118
wicket.protocol.http.portlet.WicketPortlet;5;0.75;0.5
wicket.protocol.http.portlet.WicketPortletRequest;9;1.0;0.625
wicket.protocol.http.portlet.WicketPortletResponse;6;0.4;0.6
wicket.protocol.http.request.AbstractWebRequestCodingStrategy;12;0.9090909090909091;0.7272727272727273
wicket.protocol.http.request.CryptedUrlWebRequestCodingStrategy;11;0.6;0.7
wicket.protocol.http.request.WebClientInfo;6;0.4;0.8
wicket.protocol.http.request.WebErrorCodeResponseTarget;8;0.5714285714285714;0.7142857142857143
wicket.protocol.http.request.WebExternalResourceRequestTarget;7;0.5;0.8333333333333334
wicket.protocol.http.request.WebRequestCodingStrategy;7;0.5;0.6666666666666666
wicket.protocol.http.request.urlcompressing.URLCompressor;5;0.75;0.75
wicket.protocol.http.servlet.MultipartServletWebRequest;10;0.6666666666666666;0.7777777777777778
wicket.protocol.http.servlet.ServletWebRequest;12;0.7272727272727273;0.6363636363636364
wicket.request.RequestParameters;22;0.5714285714285714;0.5714285714285714
wicket.request.compound.AbstractCompoundRequestCycleProcessor;8;0.42857142857142855;0.7142857142857143
wicket.request.compound.CompoundRequestCycleProcessor;10;0.8888888888888888;0.6666666666666666
wicket.request.target.basic.EmptyRequestTarget;7;0.6666666666666666;0.6666666666666666
wicket.request.target.basic.StringRequestTarget;7;0.6666666666666666;0.8333333333333334
wicket.request.target.coding.AbstractRequestTargetUrlCodingStrategy;5;0.5;0.75
wicket.request.target.component.BookmarkablePageRequestTarget;13;0.75;0.5833333333333334
wicket.request.target.component.ComponentRequestTarget;7;0.5;0.6666666666666666
wicket.request.target.component.PageRequestTarget;7;0.5;0.6666666666666666
wicket.request.target.component.listener.AbstractListenerInterfaceRequestTarget;7;0.6666666666666666;0.6666666666666666
wicket.request.target.resource.ComponentResourceRequestTarget;6;0.6;0.8
wicket.request.target.resource.ResourceStreamRequestTarget;9;0.75;0.75
wicket.request.target.resource.SharedResourceRequestTarget;8;1.0;0.7142857142857143
wicket.resource.PropertiesFactory;7;0.8333333333333334;0.8333333333333334
wicket.response.StringResponse;5;0.5;0.75
wicket.settings.Settings;97;0.9583333333333334;0.5625
wicket.util.collections.ArrayListStack;5;0.25;0.75
wicket.util.collections.MicroMap;13;0.5833333333333334;0.6666666666666666
wicket.util.collections.MiniMap;19;0.6666666666666666;0.6666666666666666
wicket.util.convert.ConversionException;10;1.0;0.6666666666666666
wicket.util.convert.converters.DateConverter;5;0.75;1.0
wicket.util.crypt.AbstractCrypt;9;0.875;0.625
wicket.util.crypt.Base64;12;0.5454545454545454;0.7272727272727273
wicket.util.crypt.Base64UrlSafe;10;0.5555555555555556;0.6666666666666666
wicket.util.crypt.NoCrypt;5;1.0;0.75
wicket.util.diff.AddDelta;5;0.25;0.75
wicket.util.diff.ChangeDelta;5;0.25;0.75
wicket.util.diff.Chunk;17;0.625;0.6875
wicket.util.diff.DeleteDelta;5;0.25;0.75
wicket.util.diff.Diff;13;0.75;0.6666666666666666
wicket.util.diff.Revision;12;0.5454545454545454;0.7272727272727273
wicket.util.diff.ToString;5;0.5;1.0
wicket.util.file.File;5;1.0;0.75
wicket.util.file.Files;5;0.75;1.0
wicket.util.file.Folder;8;0.8571428571428571;0.7142857142857143
wicket.util.file.Path;6;1.0;0.8
wicket.util.io.ByteArrayOutputStream;11;0.9;0.7
wicket.util.io.DeferredFileOutputStream;5;0.75;0.75
wicket.util.io.FullyBufferedReader;15;0.7142857142857143;0.7142857142857143
wicket.util.io.IOUtils;33;0.9375;0.65625
wicket.util.io.StringBufferWriter;10;0.7777777777777778;0.7777777777777778
wicket.util.io.ThresholdingOutputStream;11;0.6;0.7
wicket.util.io.XmlReader;8;0.7142857142857143;0.7142857142857143
wicket.util.lang.Bytes;20;0.6842105263157895;0.7368421052631579
wicket.util.lang.Objects;22;0.9523809523809523;0.6666666666666666
wicket.util.lang.Packages;6;1.0;1.0
wicket.util.lang.PropertyResolver;7;0.5;0.6666666666666666
wicket.util.parse.metapattern.MetaPattern;7;0.6666666666666666;0.6666666666666666
wicket.util.resource.AbstractResourceStream;5;0.75;0.75
wicket.util.resource.AbstractStringResourceStream;6;0.8;0.8
wicket.util.resource.FileResourceStream;7;0.8333333333333334;0.6666666666666666
wicket.util.resource.StringBufferResourceStream;6;0.6;1.0
wicket.util.resource.TextTemplateDecorator;17;0.8125;0.625
wicket.util.resource.UrlResourceStream;8;0.7142857142857143;0.7142857142857143
wicket.util.resource.locator.CompoundResourceStreamLocator;6;0.8;0.8
wicket.util.string.AbstractStringList;10;0.7777777777777778;0.6666666666666666
wicket.util.string.AppendingStringBuffer;56;0.8181818181818182;0.6545454545454545
wicket.util.string.JavascriptUtils;11;0.5;0.7
wicket.util.string.PrependingStringBuffer;5;0.75;0.75
wicket.util.string.Strings;31;0.8333333333333334;0.5666666666666667
wicket.util.tester.ExternalPageViewer;7;0.5;0.6666666666666666
wicket.util.tester.FormTester;9;0.875;0.75
wicket.util.tester.TagTester;10;0.5555555555555556;0.7777777777777778
wicket.util.tester.WicketTester;35;0.5588235294117647;0.5882352941176471
wicket.util.thread.Task;7;0.8333333333333334;0.6666666666666666
wicket.util.time.AbstractTime;5;0.75;0.75
wicket.util.upload.DiskFileItem;21;0.6;0.6
wicket.util.upload.DiskFileItemFactory;5;0.5;0.75
wicket.util.upload.MultipartFormInputStream;13;0.5;0.75
wicket.util.upload.ParameterParser;10;0.5555555555555556;0.6666666666666666
wicket.util.value.CopyOnWriteValueMap;30;0.9655172413793104;0.6206896551724138
wicket.util.value.IntValue;8;1.0;0.8571428571428571
wicket.util.value.LongValue;8;1.0;0.7142857142857143
wicket.util.value.ValueMap;23;0.8181818181818182;0.6363636363636364
wicket.version.undo.ChangeList;6;0.6;0.8
wicket.version.undo.UndoPageVersionManager;11;1.0;0.6
