file;entities;metric;metric_random
com.itextpdf.text.Annotation;6;;
com.itextpdf.text.DocWriter;6;;
com.itextpdf.text.Document;15;1.0;1.0
com.itextpdf.text.Font;5;;
com.itextpdf.text.List;13;;
com.itextpdf.text.Paragraph;9;0.5714285714285714;0.8571428571428571
com.itextpdf.text.Rectangle;18;;
com.itextpdf.text.Section;14;;
com.itextpdf.text.html.simpleparser.HTMLWorker;14;1.0;1.0
com.itextpdf.text.pdf.BarcodeDatamatrix;7;;
com.itextpdf.text.pdf.BaseField;16;;
com.itextpdf.text.pdf.BidiOrder;6;;
com.itextpdf.text.pdf.CFFFontSubset;16;;
com.itextpdf.text.pdf.CJKFont;9;;
com.itextpdf.text.pdf.DocumentFont;16;;
com.itextpdf.text.pdf.FontDetails;11;1.0;1.0
com.itextpdf.text.pdf.LZWDecoder;8;;
com.itextpdf.text.pdf.MultiColumnText;11;;
com.itextpdf.text.pdf.PRStream;5;;
com.itextpdf.text.pdf.PRTokeniser;6;;
com.itextpdf.text.pdf.PageResources;11;;
com.itextpdf.text.pdf.PdfAcroForm;5;;
com.itextpdf.text.pdf.PdfAnnotation;7;1.0;1.0
com.itextpdf.text.pdf.PdfChunk;12;;
com.itextpdf.text.pdf.PdfContentByte;9;1.0;1.0
com.itextpdf.text.pdf.PdfCopy;9;0.8571428571428571;1.0
com.itextpdf.text.pdf.PdfCopyFieldsImp;17;1.0;0.8666666666666667
com.itextpdf.text.pdf.PdfLayer;6;1.0;1.0
com.itextpdf.text.pdf.PdfLine;10;;
com.itextpdf.text.pdf.PdfOutline;11;0.8888888888888888;1.0
com.itextpdf.text.pdf.PdfPCell;18;0.9375;1.0
com.itextpdf.text.pdf.PdfPRow;6;1.0;1.0
com.itextpdf.text.pdf.PdfPTable;27;0.72;0.68
com.itextpdf.text.pdf.PdfPages;5;;
com.itextpdf.text.pdf.PdfReaderInstance;7;;
com.itextpdf.text.pdf.PdfShading;9;0.8571428571428571;1.0
com.itextpdf.text.pdf.PdfShadingPattern;5;;
com.itextpdf.text.pdf.PdfSigGenericPKCS;7;1.0;0.8
com.itextpdf.text.pdf.PdfStamperImp;22;1.0;0.7368421052631579
com.itextpdf.text.pdf.PdfStream;8;;
com.itextpdf.text.pdf.PdfString;6;;
com.itextpdf.text.pdf.PdfTemplate;7;;
com.itextpdf.text.pdf.RandomAccessFileOrArray;9;1.0;1.0
com.itextpdf.text.pdf.SequenceList;9;;
com.itextpdf.text.pdf.TrueTypeFont;27;;
com.itextpdf.text.pdf.TrueTypeFontSubSet;18;;
com.itextpdf.text.pdf.Type1Font;25;1.0;1.0
com.itextpdf.text.pdf.Type3Font;7;;
com.itextpdf.text.pdf.VerticalText;11;;
com.itextpdf.text.pdf.XfaForm;9;;
com.itextpdf.text.pdf.XfdfReader;6;0.6666666666666666;1.0
com.itextpdf.text.pdf.codec.BitFile;5;;
com.itextpdf.text.pdf.codec.JBIG2SegmentReader;8;;
com.itextpdf.text.pdf.codec.LZWCompressor;9;;
com.itextpdf.text.pdf.codec.LZWStringTable;5;;
com.itextpdf.text.pdf.codec.PngImage;30;;
com.itextpdf.text.pdf.codec.TIFFDirectory;6;;
com.itextpdf.text.pdf.codec.TIFFFaxDecoder;12;;
com.itextpdf.text.pdf.codec.TIFFFaxDecompressor;17;0.8571428571428571;0.7857142857142857
com.itextpdf.text.pdf.codec.TIFFLZWDecoder;10;;
com.itextpdf.text.pdf.codec.wmf.MetaDo;8;1.0;1.0
com.itextpdf.text.pdf.codec.wmf.MetaFont;10;;
com.itextpdf.text.pdf.codec.wmf.MetaState;18;;
com.itextpdf.text.pdf.hyphenation.SimplePatternParser;6;;
com.itextpdf.text.pdf.hyphenation.TernaryTree;8;;
com.itextpdf.text.pdf.internal.PdfVersionImp;5;;
com.itextpdf.text.pdf.parser.GraphicsState;10;;
com.itextpdf.text.pdf.parser.PdfContentStreamProcessor;8;0.6666666666666666;0.8333333333333334
com.itextpdf.text.pdf.qrcode.QRCode;10;;
com.itextpdf.text.pdf.richmedia.RichMediaAnnotation;8;;
com.itextpdf.text.xml.simpleparser.SimpleXMLParser;19;;
