file;entities;metric;metric_random
net.sf.jabref.AdvancedTab;13;;
net.sf.jabref.AppearancePrefsTab;9;1.0;1.0
net.sf.jabref.BasePanel;37;0.5294117647058824;0.5588235294117647
net.sf.jabref.BibtexDatabase;7;1.0;1.0
net.sf.jabref.BibtexEntry;5;0.6666666666666666;1.0
net.sf.jabref.ContentSelectorDialog2;17;;
net.sf.jabref.DatabaseSearch;8;;
net.sf.jabref.DuplicateResolverDialog;11;;
net.sf.jabref.EntryCustomizationDialog;15;;
net.sf.jabref.EntryEditor;40;0.8648648648648649;0.8648648648648649
net.sf.jabref.EntrySorter;6;1.0;1.0
net.sf.jabref.ExternalTab;8;;
net.sf.jabref.FieldContentSelector;8;0.8333333333333334;1.0
net.sf.jabref.FileTab;8;1.0;1.0
net.sf.jabref.FontSelector;10;;
net.sf.jabref.GeneralTab;6;0.75;0.75
net.sf.jabref.HelpDialog;5;;
net.sf.jabref.JabRef;6;1.0;1.0
net.sf.jabref.KeyBindingsDialog;7;;
net.sf.jabref.MetaData;5;;
net.sf.jabref.PreviewPrefsTab;9;;
net.sf.jabref.ReplaceStringDialog;13;0.9090909090909091;1.0
net.sf.jabref.SearchManager2;17;0.9333333333333333;0.9333333333333333
net.sf.jabref.SidePaneHeader;5;;
net.sf.jabref.SidePaneManager;5;;
net.sf.jabref.TabLabelPattern;13;;
net.sf.jabref.TableColumnsTab;6;1.0;1.0
net.sf.jabref.TablePrefsTab;5;1.0;1.0
net.sf.jabref.XmpPrefsTab;5;;
net.sf.jabref.about.AboutPanel;16;0.9285714285714286;0.8571428571428571
net.sf.jabref.about.AboutTextLine;9;;
net.sf.jabref.about.ExtendedInfoPanel;9;;
net.sf.jabref.collab.ChangeDisplayDialog;10;0.875;0.875
net.sf.jabref.collab.ChangeScanner;8;;
net.sf.jabref.collab.EntryDeleteChange;5;;
net.sf.jabref.collab.FileUpdatePanel;6;;
net.sf.jabref.collab.MetaDataChange;5;0.6666666666666666;1.0
net.sf.jabref.collab.StringChange;5;1.0;1.0
net.sf.jabref.export.CustomExportDialog;10;0.875;0.875
net.sf.jabref.export.ExportFormat;8;;
net.sf.jabref.export.layout.LayoutEntry;7;;
net.sf.jabref.external.AutoSetExternalFileForEntries;7;0.8;1.0
net.sf.jabref.external.DownloadExternalFile;6;;
net.sf.jabref.external.DroppedFileHandler;7;;
net.sf.jabref.external.ExternalFileMenuItem;6;0.75;1.0
net.sf.jabref.external.ExternalFilePanel;7;;
net.sf.jabref.external.ExternalFileTypeEditor;9;;
net.sf.jabref.external.ExternalFileTypeEntryEditor;12;1.0;1.0
net.sf.jabref.external.IconSelection;7;1.0;1.0
net.sf.jabref.external.PushToLyx;5;;
net.sf.jabref.external.SynchronizeFileField;7;0.8;1.0
net.sf.jabref.external.WriteXMPAction;6;;
net.sf.jabref.groups.AutoGroupDialog;14;0.9166666666666666;0.6666666666666666
net.sf.jabref.groups.GroupDialog;25;;
net.sf.jabref.groups.GroupsPrefsTab;8;;
net.sf.jabref.groups.KeywordGroup;5;;
net.sf.jabref.groups.UndoableAddOrRemoveGroup;7;;
net.sf.jabref.groups.UndoableModifyGroup;5;;
net.sf.jabref.groups.UndoableModifySubtree;6;;
net.sf.jabref.groups.UndoableMoveGroup;6;;
net.sf.jabref.gui.AttachFileDialog;8;1.0;1.0
net.sf.jabref.gui.AutoCompleteListener;6;1.0;1.0
net.sf.jabref.gui.DatabasePropertiesDialog;8;;
net.sf.jabref.gui.EntryCustomizationDialog2;10;;
net.sf.jabref.gui.FieldSetComponent;12;;
net.sf.jabref.gui.FileListEditor;14;1.0;0.9166666666666666
net.sf.jabref.gui.FileListEntryEditor;11;1.0;0.8888888888888888
net.sf.jabref.gui.ImportInspectionDialog;33;;
net.sf.jabref.gui.MainTable;10;;
net.sf.jabref.gui.MainTableFormat;6;0.3333333333333333;1.0
net.sf.jabref.gui.MainTableSelectionListener;13;1.0;0.7272727272727273
net.sf.jabref.gui.SearchResultsDialog;13;0.6;0.8
net.sf.jabref.imports.BibtexParser;8;;
net.sf.jabref.imports.CiteSeerEntryFetcherHandler;5;;
net.sf.jabref.imports.CiteSeerFetcher;9;1.0;1.0
net.sf.jabref.imports.CiteSeerUndoHandler;10;;
net.sf.jabref.imports.GeneralFetcher;10;;
net.sf.jabref.imports.ImportCustomizationDialog;12;;
net.sf.jabref.imports.MedlineHandler;8;;
net.sf.jabref.imports.OAI2Handler;5;;
net.sf.jabref.imports.ParserResult;12;;
net.sf.jabref.imports.RepecNepImporter;5;;
net.sf.jabref.imports.ZipFileChooser;6;;
net.sf.jabref.journals.JournalAbbreviations;5;;
net.sf.jabref.journals.ManageJournalsPanel;10;;
net.sf.jabref.msbib.MSBibEntry;75;1.0;0.9178082191780822
net.sf.jabref.net.Cookie;6;;
net.sf.jabref.net.URLDownload;7;;
net.sf.jabref.plugin.ManagePluginsDialog;6;;
net.sf.jabref.sql.DBConnectDialog;16;1.0;1.0
net.sf.jabref.sql.DBStrings;8;;
net.sf.jabref.sql.DbImportAction;6;1.0;1.0
net.sf.jabref.util.MassSetFieldAction;7;0.8;1.0
net.sf.jabref.util.QuotedStringTokenizer;5;;
net.sf.jabref.wizard.auximport.AuxSubGenerator;6;;
net.sf.jabref.wizard.integrity.IntegrityMessage;6;;
net.sf.jabref.wizard.integrity.gui.IntegrityMessagePanel;7;;
net.sf.jabref.wizard.integrity.gui.IntegrityWizard;5;;
