file;entities;metric;metric_random
org.jfree.chart.JFreeChart;15;;
org.jfree.chart.LegendItem;23;;
org.jfree.chart.StandardChartTheme;31;;
org.jfree.chart.annotations.CategoryLineAnnotation;6;;
org.jfree.chart.annotations.CategoryPointerAnnotation;8;;
org.jfree.chart.annotations.TextAnnotation;6;;
org.jfree.chart.annotations.XYBoxAnnotation;7;;
org.jfree.chart.annotations.XYDataImageAnnotation;6;;
org.jfree.chart.annotations.XYDrawableAnnotation;6;;
org.jfree.chart.annotations.XYLineAnnotation;6;;
org.jfree.chart.annotations.XYPointerAnnotation;8;;
org.jfree.chart.annotations.XYTextAnnotation;12;;
org.jfree.chart.annotations.XYTitleAnnotation;7;;
org.jfree.chart.axis.Axis;26;;
org.jfree.chart.axis.CategoryAxis;10;;
org.jfree.chart.axis.CategoryLabelPosition;6;;
org.jfree.chart.axis.CyclicNumberAxis;8;1.0;1.0
org.jfree.chart.axis.DateTickUnit;5;;
org.jfree.chart.axis.LogAxis;5;;
org.jfree.chart.axis.LogarithmicAxis;7;;
org.jfree.chart.axis.MarkerAxisBand;7;;
org.jfree.chart.axis.NumberAxis;6;;
org.jfree.chart.axis.PeriodAxis;14;;
org.jfree.chart.axis.PeriodAxisLabelInfo;8;;
org.jfree.chart.axis.SegmentedTimeline;13;;
org.jfree.chart.axis.ValueAxis;19;;
org.jfree.chart.block.AbstractBlock;7;;
org.jfree.chart.block.BorderArrangement;5;;
org.jfree.chart.block.RectangleConstraint;6;;
org.jfree.chart.editor.DefaultAxisEditor;14;;
org.jfree.chart.editor.DefaultNumberAxisEditor;9;;
org.jfree.chart.editor.DefaultPlotEditor;13;;
org.jfree.chart.editor.DefaultTitleEditor;8;;
org.jfree.chart.labels.AbstractCategoryItemLabelGenerator;5;;
org.jfree.chart.labels.AbstractXYItemLabelGenerator;6;;
org.jfree.chart.needle.MeterNeedle;7;;
org.jfree.chart.plot.CategoryPlot;49;;
org.jfree.chart.plot.CrosshairState;10;;
org.jfree.chart.plot.DefaultDrawingSupplier;12;;
org.jfree.chart.plot.FastScatterPlot;14;;
org.jfree.chart.plot.Marker;13;;
org.jfree.chart.plot.MeterInterval;5;;
org.jfree.chart.plot.MultiplePiePlot;8;;
org.jfree.chart.plot.PieLabelRecord;8;;
org.jfree.chart.plot.PiePlot;47;;
org.jfree.chart.plot.PiePlotState;10;;
org.jfree.chart.plot.Plot;18;;
org.jfree.chart.plot.PolarPlot;15;;
org.jfree.chart.plot.RingPlot;6;;
org.jfree.chart.plot.SpiderWebPlot;26;1.0;1.0
org.jfree.chart.plot.ThermometerPlot;25;;
org.jfree.chart.plot.XYPlot;55;;
org.jfree.chart.plot.dial.ArcDialFrame;7;;
org.jfree.chart.plot.dial.DialPlot;12;;
org.jfree.chart.plot.dial.DialTextAnnotation;6;;
org.jfree.chart.plot.dial.DialValueIndicator;14;;
org.jfree.chart.plot.dial.StandardDialRange;6;;
org.jfree.chart.plot.dial.StandardDialScale;19;;
org.jfree.chart.renderer.AbstractRenderer;45;;
org.jfree.chart.renderer.category.AbstractCategoryItemRenderer;14;;
org.jfree.chart.renderer.category.BarRenderer;16;;
org.jfree.chart.renderer.category.BoxAndWhiskerRenderer;6;;
org.jfree.chart.renderer.category.LineAndShapeRenderer;11;;
org.jfree.chart.renderer.category.MinMaxCategoryRenderer;9;;
org.jfree.chart.renderer.category.ScatterRenderer;7;;
org.jfree.chart.renderer.xy.AbstractXYItemRenderer;12;;
org.jfree.chart.renderer.xy.CandlestickRenderer;12;;
org.jfree.chart.renderer.xy.HighLowRenderer;5;;
org.jfree.chart.renderer.xy.StandardXYItemRenderer;10;;
org.jfree.chart.renderer.xy.XYAreaRenderer;5;;
org.jfree.chart.renderer.xy.XYBarRenderer;13;;
org.jfree.chart.renderer.xy.XYBlockRenderer;6;;
org.jfree.chart.renderer.xy.XYDifferenceRenderer;5;;
org.jfree.chart.renderer.xy.XYErrorRenderer;5;;
org.jfree.chart.renderer.xy.XYLineAndShapeRenderer;11;;
org.jfree.chart.renderer.xy.XYShapeRenderer;7;;
org.jfree.chart.renderer.xy.XYStepAreaRenderer;6;0.75;1.0
org.jfree.chart.text.TextBox;8;;
org.jfree.chart.title.LegendGraphic;14;;
org.jfree.chart.title.LegendTitle;13;;
org.jfree.chart.title.PaintScaleLegend;10;;
org.jfree.chart.title.TextTitle;10;;
org.jfree.chart.title.Title;6;1.0;1.0
org.jfree.chart.ui.LCBLayout;5;;
org.jfree.chart.util.LogFormat;6;;
org.jfree.chart.util.RectangleInsets;5;;
org.jfree.chart.util.RelativeDateFormat;12;;
org.jfree.data.general.DefaultHeatMapDataset;7;;
org.jfree.data.general.Series;5;;
org.jfree.data.general.WaferMapDataset;6;;
org.jfree.data.jdbc.JDBCXYDataset;6;;
org.jfree.data.statistics.BoxAndWhiskerItem;9;;
org.jfree.data.statistics.DefaultBoxAndWhiskerCategoryDataset;7;1.0;1.0
org.jfree.data.statistics.DefaultBoxAndWhiskerXYDataset;8;;
org.jfree.data.statistics.DefaultStatisticalCategoryDataset;13;;
org.jfree.data.statistics.SimpleHistogramBin;5;;
org.jfree.data.time.DynamicTimeSeriesCollection;19;0.7058823529411765;0.8235294117647058
org.jfree.data.time.Millisecond;6;;
org.jfree.data.time.Minute;5;;
org.jfree.data.time.Second;5;;
org.jfree.data.time.TimePeriodValues;9;;
org.jfree.data.time.TimeSeries;6;0.75;1.0
org.jfree.data.xy.DefaultHighLowDataset;7;;
org.jfree.data.xy.DefaultTableXYDataset;5;;
org.jfree.data.xy.IntervalXYDelegate;5;;
org.jfree.data.xy.OHLCDataItem;6;;
org.jfree.data.xy.XYInterval;5;;
org.jfree.data.xy.XYSeries;8;1.0;1.0
