file;entities;metric;metric_random
net.sf.jftp.gui.DirEntry;12;0.6;0.8
net.sf.jftp.gui.DirLister;7;0.8;1.0
net.sf.jftp.gui.DirPanel;8;1.0;1.0
net.sf.jftp.gui.DownloadList;8;;
net.sf.jftp.gui.HostChooser;16;1.0;0.7857142857142857
net.sf.jftp.gui.HostList;30;;
net.sf.jftp.gui.Properties;6;;
net.sf.jftp.gui.Remover;5;;
net.sf.jftp.gui.Renamer;5;1.0;1.0
net.sf.jftp.gui.StatusCanvas;7;;
net.sf.jftp.gui.StatusPanel;5;0.6666666666666666;1.0
net.sf.jftp.gui.framework.HImageButton;13;1.0;1.0
net.sf.jftp.net.DataConnection;14;0.75;0.9166666666666666
net.sf.jftp.net.FilesystemConnection;6;;
net.sf.jftp.net.JConnection;11;;
net.sf.jftp.net.SmbConnection;9;;
