file;entities;metric;metric_random
org.lwjgl.examples.spaceinvaders.AlienEntity;6;;
org.lwjgl.examples.spaceinvaders.Entity;7;1.0;1.0
org.lwjgl.examples.spaceinvaders.SoundManager;6;;
org.lwjgl.examples.spaceinvaders.Texture;8;;
org.lwjgl.input.ControllerEvent;6;;
org.lwjgl.input.JInputController;16;;
org.lwjgl.opencl.CLContext;5;;
org.lwjgl.opengl.AWTGLCanvas;9;;
org.lwjgl.opengl.BaseReferences;9;;
org.lwjgl.opengl.Context;7;;
org.lwjgl.opengl.ContextAttribs;10;;
org.lwjgl.opengl.KeyboardEventQueue;9;;
org.lwjgl.opengl.LinuxDisplay;27;;
org.lwjgl.opengl.LinuxKeyboard;19;;
org.lwjgl.opengl.LinuxMouse;14;;
org.lwjgl.opengl.MacOSXDisplay;8;;
org.lwjgl.opengl.MacOSXFrame;7;;
org.lwjgl.opengl.MouseEventQueue;10;;
org.lwjgl.opengl.PixelFormat;13;;
org.lwjgl.opengl.WindowsKeyboard;12;;
org.lwjgl.opengl.WindowsMouse;13;;
org.lwjgl.test.WindowCreationTest;8;;
org.lwjgl.test.applet.GearsApplet;13;0.8181818181818182;0.8181818181818182
org.lwjgl.test.input.TestControllers;5;;
org.lwjgl.test.opencl.gl.DemoFractal;43;;
org.lwjgl.test.opengl.FullScreenWindowedTest;5;;
org.lwjgl.test.opengl.Gears;7;;
org.lwjgl.test.opengl.PbufferTest;5;;
org.lwjgl.test.opengl.awt.AWTGears;8;;
org.lwjgl.test.opengl.awt.AWTGearsCanvas;11;1.0;0.7777777777777778
org.lwjgl.test.opengl.pbuffers.PbufferTest;7;;
org.lwjgl.test.opengl.shaders.ShaderFP;6;;
org.lwjgl.test.opengl.shaders.ShaderFSH;8;;
org.lwjgl.test.opengl.shaders.ShaderUNI;10;;
org.lwjgl.test.opengl.shaders.ShaderVSH;5;;
org.lwjgl.util.applet.AppletLoader;30;;
org.lwjgl.util.generator.GeneratorVisitor;5;;
org.lwjgl.util.glu.PixelStoreState;8;;
org.lwjgl.util.glu.tessellation.ActiveRegion;7;;
org.lwjgl.util.glu.tessellation.GLUface;7;;
org.lwjgl.util.glu.tessellation.GLUhalfEdge;9;;
org.lwjgl.util.glu.tessellation.GLUtessellatorImpl;31;0.8275862068965517;0.7241379310344828
org.lwjgl.util.glu.tessellation.GLUvertex;7;;
org.lwjgl.util.glu.tessellation.PriorityQHeap;6;;
org.lwjgl.util.glu.tessellation.PriorityQSort;6;;
