file;entities;metric;metric_random
net.sourceforge.stripes.action.ActionBeanContext;5;;
net.sourceforge.stripes.action.FileBean;5;;
net.sourceforge.stripes.action.StreamingResolution;10;;
net.sourceforge.stripes.ajax.JavaScriptBuilder;7;;
net.sourceforge.stripes.config.DefaultConfiguration;16;;
net.sourceforge.stripes.controller.BindingPolicyManager;5;;
net.sourceforge.stripes.controller.DynamicMappingFilter;5;;
net.sourceforge.stripes.controller.ExecutionContext;9;;
net.sourceforge.stripes.controller.FlashRequest;36;;
net.sourceforge.stripes.controller.FlashScope;5;;
net.sourceforge.stripes.mock.MockHttpServletRequest;20;;
net.sourceforge.stripes.mock.MockHttpServletResponse;11;;
net.sourceforge.stripes.mock.MockServletContext;5;;
net.sourceforge.stripes.tag.ErrorsTag;9;;
net.sourceforge.stripes.tag.FieldMetadataTag;5;;
net.sourceforge.stripes.tag.FormTag;10;;
net.sourceforge.stripes.tag.InputOptionsCollectionTag;7;;
net.sourceforge.stripes.tag.InputTagSupport;7;0.6;1.0
net.sourceforge.stripes.tag.LinkTagSupport;7;;
net.sourceforge.stripes.tag.ParamTag;5;;
net.sourceforge.stripes.tag.UseActionBeanTag;6;;
net.sourceforge.stripes.tag.layout.LayoutContext;8;;
net.sourceforge.stripes.util.TypeHandlerCache;5;;
net.sourceforge.stripes.util.UrlBuilder;7;;
net.sourceforge.stripes.util.bean.NodeEvaluation;6;;
net.sourceforge.stripes.validation.ValidationMetadata;13;0.9090909090909091;1.0
