file;entities;metric;metric_random
blogthisplugin.BlogSettingsTab;6;;
calendarexportplugin.CalendarSettingsTab;10;;
calendarexportplugin.exporter.GoogleSettingsDialog;10;;
captureplugin.CapturePluginSettingsTab;5;;
captureplugin.drivers.defaultdriver.AdditionalParams;10;;
captureplugin.drivers.defaultdriver.DeviceConfig;25;;
captureplugin.drivers.defaultdriver.configpanels.SettingsPanel;11;;
captureplugin.drivers.dreambox.DreamboxConfig;14;;
captureplugin.drivers.dreambox.DreamboxConfigDialog;16;;
captureplugin.drivers.dreambox.DreamboxDevice;5;;
captureplugin.drivers.simpledevice.SimpleConfigDialog;6;;
captureplugin.drivers.simpledevice.SimpleDevice;5;;
captureplugin.drivers.topfield.TopfieldConfiguration;17;;
captureplugin.drivers.topfield.TopfieldConfigurationDialog;42;;
captureplugin.drivers.topfield.TopfieldServiceInfo;8;;
captureplugin.drivers.topfield.TopfieldTimerEntry;5;;
captureplugin.drivers.utils.ProgramTime;5;;
captureplugin.drivers.utils.ProgramTimeDialog;6;;
devplugin.Channel;14;1.0;1.0
devplugin.PluginInfo;6;;
devplugin.PluginTreeNode;8;;
devplugin.ProgramFieldType;6;;
dreamboxdataservice.DreamboxChannelHandler;5;;
dreamboxdataservice.DreamboxSettingsPanel;7;;
emailplugin.EMailSettingsTab;10;;
genreplugin.GenreSettingsTab;8;;
growlplugin.GrowlContainer;5;;
i18nplugin.PropertiesNode;5;;
i18nplugin.TranslationDialog;9;;
i18nplugin.TranslatorEditor;8;;
newsplugin.News;6;;
newsplugin.NewsDialog;7;;
primarydatamanager.PrimaryDataManager;8;;
primarydatamanager.mirrorupdater.MirrorUpdater;6;;
primarydatamanager.mirrorupdater.data.FtpDataTarget;6;;
primarydatamanager.primarydataservice.HTMLFilterReader;5;;
primarydatamanager.primarydataservice.ProgramFrameDispatcher;6;;
primarydatamanager.primarydataservice.util.htmlparser.Tag;5;;
primarydatamanager.tvlistingstool.HtmlMirrorVisualizer;5;;
printplugin.dlgs.SettingsDialog;6;;
printplugin.dlgs.components.ProgramPreviewPanel;5;;
printplugin.dlgs.printfromqueuedialog.PrintFromQueueDialogContent;5;;
printplugin.printer.ProgramIcon;10;;
printplugin.printer.singleprogramprinter.DocumentRenderer;8;;
printplugin.settings.DayProgramPrinterSettings;9;;
printplugin.settings.MutableProgramIconSettings;5;;
schedulesdirectdataservice.SchedulesDirectSettingsPanel;5;;
simplemarkerplugin.ManagePanel;11;;
simplemarkerplugin.MarkList;10;;
simplemarkerplugin.SimpleMarkerPlugin;7;;
simplemarkerplugin.SimpleMarkerPluginSettingsTab;6;;
swedbtvdataservice.DataHydraChannelContainer;5;;
swedbtvdataservice.DataHydraChannelGroup;5;;
swedbtvdataservice.DataHydraDayParser;5;;
swedbtvdataservice.SweDBTvDataService;10;;
tvbrowser.core.ChannelUserSettings;7;;
tvbrowser.core.TvDataBase;6;;
tvbrowser.core.filters.filtercomponents.MassFilterComponent;5;;
tvbrowser.core.filters.filtercomponents.ProgramLengthFilterComponent;8;;
tvbrowser.core.icontheme.Directory;7;;
tvbrowser.core.plugin.JavaPluginProxy;6;;
tvbrowser.core.plugin.PluginProxyManager;8;;
tvbrowser.core.search.booleansearch.StringMatcherRegEx;5;;
tvbrowser.extras.common.ChannelItem;6;;
tvbrowser.extras.common.LimitationConfiguration;6;;
tvbrowser.extras.favoritesplugin.FavoritesSettingTab;5;;
tvbrowser.extras.favoritesplugin.core.Exclusion;7;;
tvbrowser.extras.favoritesplugin.core.Favorite;13;0.9090909090909091;1.0
tvbrowser.extras.favoritesplugin.dlgs.EditFavoriteDialog;18;;
tvbrowser.extras.favoritesplugin.dlgs.ExclusionPanel;6;;
tvbrowser.extras.favoritesplugin.dlgs.FavoriteTree;7;;
tvbrowser.extras.favoritesplugin.wizards.ExcludeWizardStep;25;;
tvbrowser.extras.favoritesplugin.wizards.LimitationsWizardStep;10;;
tvbrowser.extras.favoritesplugin.wizards.TypeWizardStep;12;;
tvbrowser.extras.favoritesplugin.wizards.WizardDlg;10;;
tvbrowser.extras.favoritesplugin.wizards.WizardHandler;5;;
tvbrowser.extras.programinfo.ProgramInfoSettingsTab;23;;
tvbrowser.extras.reminderplugin.ReminderDialog;6;;
tvbrowser.extras.reminderplugin.ReminderFrame;13;;
tvbrowser.extras.reminderplugin.ReminderList;5;;
tvbrowser.extras.reminderplugin.ReminderListDialog;6;;
tvbrowser.extras.reminderplugin.ReminderSettingsTab;18;;
tvbrowser.ui.SkinPanel;6;;
tvbrowser.ui.configassistant.NetworkCardPanel;12;;
tvbrowser.ui.filter.dlgs.EditFilterComponentDlg;5;;
tvbrowser.ui.filter.dlgs.EditFilterDlg;9;;
tvbrowser.ui.filter.dlgs.SelectFilterDlg;6;;
tvbrowser.ui.finder.calendar.CalendarTablePanel;5;;
tvbrowser.ui.licensebox.LicenseBox;5;;
tvbrowser.ui.mainframe.MenuBar;7;0.8;1.0
tvbrowser.ui.mainframe.toolbar.ToolBar;7;;
tvbrowser.ui.pluginview.Node;7;;
tvbrowser.ui.pluginview.PluginTree;8;;
tvbrowser.ui.programtable.DefaultProgramTableModel;12;;
tvbrowser.ui.programtable.ProgramTable;24;;
tvbrowser.ui.programtable.background.TimeBlockBackPainter;6;;
tvbrowser.ui.settings.ChannelIconAndNameSettingsTab;7;;
tvbrowser.ui.settings.ConfigPluginSettingsTab;5;;
tvbrowser.ui.settings.FontsSettingsTab;7;;
tvbrowser.ui.settings.LocaleSettingsTab;6;;
tvbrowser.ui.settings.LookAndFeelSettingsTab;14;;
tvbrowser.ui.settings.PictureSettingsTab;11;;
tvbrowser.ui.settings.PluginInfoPanel;6;;
tvbrowser.ui.settings.PluginSettingsTab;6;;
tvbrowser.ui.settings.PluginTableCellRenderer;6;;
tvbrowser.ui.settings.ProgramPanelSettingsTab;7;;
tvbrowser.ui.settings.ProgramTableSettingsTab;18;;
tvbrowser.ui.settings.ToolBarDragAndDropSettings;7;;
tvbrowser.ui.settings.TrayImportantSettingsTab;8;;
tvbrowser.ui.settings.WebbrowserSettingsTab;6;;
tvbrowser.ui.settings.channel.ChannelConfigDlg;10;;
tvbrowser.ui.settings.tablebackgroundstyles.TimeBlockBackgroundStyle;6;;
tvbrowser.ui.splashscreen.SplashScreen;8;1.0;1.0
tvbrowser.ui.tray.Java6Tray;5;;
tvbrowser.ui.tray.ProgramMenuItemUI;5;;
tvbrowser.ui.update.SoftwareUpdateDlg;7;;
tvbrowserdataservice.TvBrowserDataServiceChannelGroup;9;;
tvbrowserdataservice.TvBrowserDataServiceSettingsPanel;7;;
tvraterplugin.DialogOverview;5;;
tvraterplugin.DialogRating;9;;
tvraterplugin.TVRaterSettingsTab;5;;
util.exc.ErrorWindow;11;;
util.exc.MonitoringErrorStream;5;;
util.io.ExecutionHandler;5;;
util.io.NtpMessage;13;;
util.misc.AbstractXmlTvDataHandler;11;;
util.misc.TextLineBreakerStringWidth;7;;
util.program.AbstractPluginProgramFormating;5;;
util.program.CompoundedProgramFieldType;5;;
util.settings.ProgramPanelSettings;9;;
util.settings.WindowSetting;6;;
util.tvdataservice.IconLoader;5;;
util.ui.AlphaColorChooser;7;;
util.ui.AutoCompletion;10;;
util.ui.CaretPositionCorrector;6;;
util.ui.ChannelContextMenu;9;;
util.ui.ChannelLabel;6;;
util.ui.ChannelListCellRenderer;7;;
util.ui.DisclosureTriangle;5;;
util.ui.ExecuteSettingsDialog;6;;
util.ui.FileCheckBox;5;;
util.ui.HelpDialog;7;;
util.ui.LineNumberHeader;5;;
util.ui.ListDragAndDropHandler;8;;
util.ui.LocalPluginProgramFormatingSettingsDialog;6;;
util.ui.MultipleFieldReader;6;;
util.ui.OrderChooser;9;;
util.ui.PictureAreaIcon;7;;
util.ui.PluginChooserDlg;6;;
util.ui.PluginProgramConfigurationPanel;5;;
util.ui.SearchForm;14;;
util.ui.SearchFormSettings;8;;
util.ui.SearchHelper;6;;
util.ui.SendToPluginDialog;5;;
util.ui.SingleAndDoubleClickTreeUI;5;;
util.ui.TextAreaIcon;6;;
util.ui.beanshell.SyntaxDocument;8;;
util.ui.customizableitems.CustomizableItemsPanel;5;;
util.ui.customizableitems.SelectableItemList;7;;
util.ui.customizableitems.SortableItemList;8;;
util.ui.login.LoginDialog;7;;
util.ui.progress.ProgressMonitorGroup;6;;
util.ui.view.Node;7;;
webplugin.WebAddress;6;;
webplugin.WebAddressEditDialog;5;;
webplugin.WebSettingsTab;16;;
