file;entities;metric;metric_random
net.sourceforge.cobertura.ant.CheckTask;11;;
net.sourceforge.cobertura.ant.CommonMatchingTask;16;0.8;0.7333333333333333
net.sourceforge.cobertura.ant.InstrumentTask;13;0.9166666666666666;0.9166666666666666
net.sourceforge.cobertura.ant.ReportTask;6;;
net.sourceforge.cobertura.check.PackageCoverage;8;;
net.sourceforge.cobertura.coveragedata.ClassData;31;0.9666666666666667;1.0
net.sourceforge.cobertura.coveragedata.CoverageDataContainer;14;0.9230769230769231;0.9230769230769231
net.sourceforge.cobertura.coveragedata.CoverageDataFileHandler;5;0.75;1.0
net.sourceforge.cobertura.coveragedata.JumpData;14;0.8461538461538461;0.8461538461538461
net.sourceforge.cobertura.coveragedata.LineData;32;0.9354838709677419;0.8064516129032258
net.sourceforge.cobertura.coveragedata.PackageData;9;;
net.sourceforge.cobertura.coveragedata.ProjectData;13;1.0;1.0
net.sourceforge.cobertura.coveragedata.SourceFileData;13;;
net.sourceforge.cobertura.coveragedata.SwitchData;14;0.8461538461538461;0.7692307692307693
net.sourceforge.cobertura.coveragedata.TouchCollector;6;0.8;0.8
net.sourceforge.cobertura.coveragedata.countermaps.AtomicCounterMap;5;;
net.sourceforge.cobertura.instrument.Archive;5;;
net.sourceforge.cobertura.instrument.ClassPattern;5;0.75;1.0
net.sourceforge.cobertura.instrument.CoberturaFile;5;0.75;1.0
net.sourceforge.cobertura.instrument.FirstPassMethodInstrumenter;16;1.0;0.8666666666666667
net.sourceforge.cobertura.instrument.Main;9;0.875;1.0
net.sourceforge.cobertura.instrument.NewLocalVariableMethodAdapter;5;;
net.sourceforge.cobertura.instrument.SecondPassMethodInstrumenter;25;0.9583333333333334;0.875
net.sourceforge.cobertura.reporting.ComplexityCalculator;8;0.5714285714285714;0.8571428571428571
net.sourceforge.cobertura.reporting.Main;6;0.8;1.0
net.sourceforge.cobertura.reporting.html.HTMLReport;21;;
net.sourceforge.cobertura.reporting.xml.XMLReport;20;1.0;0.9473684210526315
net.sourceforge.cobertura.util.CommandLineBuilder;6;;
net.sourceforge.cobertura.util.FileFinder;8;0.7142857142857143;0.8571428571428571
net.sourceforge.cobertura.util.IOUtil;6;;
