file;entities;metric;metric_random
net.sourceforge.cruisecontrol.BuildLoopInformation;6;;
net.sourceforge.cruisecontrol.BuildLoopInformationBuilder;5;1.0;1.0
net.sourceforge.cruisecontrol.BuildQueue;10;0.7777777777777778;0.8888888888888888
net.sourceforge.cruisecontrol.Builder;15;0.9285714285714286;1.0
net.sourceforge.cruisecontrol.GenericPluginDetail;7;1.0;0.8333333333333334
net.sourceforge.cruisecontrol.Log;29;0.8214285714285714;0.8928571428571429
net.sourceforge.cruisecontrol.Modification;19;0.9444444444444444;0.9444444444444444
net.sourceforge.cruisecontrol.ModificationSet;20;0.8421052631578947;0.7894736842105263
net.sourceforge.cruisecontrol.PauseBuilder;6;;
net.sourceforge.cruisecontrol.PluginType;7;1.0;1.0
net.sourceforge.cruisecontrol.PluginXMLHelper;6;0.8;0.8
net.sourceforge.cruisecontrol.ProgressImpl;5;0.75;1.0
net.sourceforge.cruisecontrol.Project;77;0.8157894736842105;0.7368421052631579
net.sourceforge.cruisecontrol.ProjectConfig;46;0.9555555555555556;0.9555555555555556
net.sourceforge.cruisecontrol.ProjectState;5;0.75;1.0
net.sourceforge.cruisecontrol.ProjectWrapper;5;0.75;1.0
net.sourceforge.cruisecontrol.ProjectXMLHelper;8;0.8571428571428571;0.8571428571428571
net.sourceforge.cruisecontrol.Schedule;30;0.7586206896551724;0.7241379310344828
net.sourceforge.cruisecontrol.bootstrappers.AccurevBootstrapper;8;0.8571428571428571;1.0
net.sourceforge.cruisecontrol.bootstrappers.AlienBrainBootstrapper;6;;
net.sourceforge.cruisecontrol.bootstrappers.CMSynergyBaselineBootstrapper;11;;
net.sourceforge.cruisecontrol.bootstrappers.CMSynergyBootstrapper;7;;
net.sourceforge.cruisecontrol.bootstrappers.CVSBootstrapper;9;0.875;1.0
net.sourceforge.cruisecontrol.bootstrappers.ClearCaseBootstrapper;8;0.8571428571428571;0.8571428571428571
net.sourceforge.cruisecontrol.bootstrappers.ClearCaseViewstrapper;12;0.8181818181818182;0.8181818181818182
net.sourceforge.cruisecontrol.bootstrappers.DarcsBootstrapper;7;1.0;1.0
net.sourceforge.cruisecontrol.bootstrappers.ExecBootstrapper;7;;
net.sourceforge.cruisecontrol.bootstrappers.P4Bootstrapper;9;1.0;1.0
net.sourceforge.cruisecontrol.bootstrappers.PlasticSCMBootstrapper;9;1.0;0.875
net.sourceforge.cruisecontrol.bootstrappers.SVNBootstrapper;8;1.0;1.0
net.sourceforge.cruisecontrol.bootstrappers.TFSBootstrapper;10;0.8888888888888888;1.0
net.sourceforge.cruisecontrol.bootstrappers.VssBootstrapper;9;0.75;0.875
net.sourceforge.cruisecontrol.builders.AbstractAntBuilderDelegate;24;0.9565217391304348;1.0
net.sourceforge.cruisecontrol.builders.AntBuilder;33;0.8125;0.84375
net.sourceforge.cruisecontrol.builders.CompositeBuilder;13;0.9166666666666666;0.9166666666666666
net.sourceforge.cruisecontrol.builders.ExecBuilder;17;0.875;0.875
net.sourceforge.cruisecontrol.builders.ExecScript;13;0.8333333333333334;0.9166666666666666
net.sourceforge.cruisecontrol.builders.Maven2Builder;26;0.64;0.8
net.sourceforge.cruisecontrol.builders.Maven2Script;11;0.8;0.9
net.sourceforge.cruisecontrol.builders.MavenBuilder;8;0.8571428571428571;1.0
net.sourceforge.cruisecontrol.builders.MavenScript;10;0.7777777777777778;0.8888888888888888
net.sourceforge.cruisecontrol.builders.NantBuilder;20;0.7894736842105263;0.8947368421052632
net.sourceforge.cruisecontrol.builders.NantScript;15;0.9285714285714286;1.0
net.sourceforge.cruisecontrol.builders.PhingBuilder;21;0.8;0.9
net.sourceforge.cruisecontrol.builders.PhingScript;14;;
net.sourceforge.cruisecontrol.builders.PipedExecBuilder;11;0.9;0.8
net.sourceforge.cruisecontrol.builders.RakeBuilder;11;0.9;0.9
net.sourceforge.cruisecontrol.builders.RakeScript;10;0.8888888888888888;1.0
net.sourceforge.cruisecontrol.builders.ScriptRunner;10;1.0;0.8888888888888888
net.sourceforge.cruisecontrol.builders.XcodeBuilder;17;0.8125;0.8125
net.sourceforge.cruisecontrol.buildloggers.ClearCaseAuditLogger;5;0.75;0.75
net.sourceforge.cruisecontrol.buildloggers.MergeLogger;9;0.625;0.875
net.sourceforge.cruisecontrol.config.DashboardConfigurationPlugin;7;;
net.sourceforge.cruisecontrol.config.DefaultPropertiesPlugin;8;0.8571428571428571;1.0
net.sourceforge.cruisecontrol.config.PluginPlugin;6;0.8;0.8
net.sourceforge.cruisecontrol.config.XMLConfigManager;7;0.8333333333333334;1.0
net.sourceforge.cruisecontrol.gendoc.AttributeInfo;8;0.5714285714285714;1.0
net.sourceforge.cruisecontrol.gendoc.ChildInfo;5;0.75;1.0
net.sourceforge.cruisecontrol.gendoc.MemberInfo;8;0.5714285714285714;0.8571428571428571
net.sourceforge.cruisecontrol.gendoc.PluginInfo;27;0.6923076923076923;0.7307692307692307
net.sourceforge.cruisecontrol.gendoc.PluginInfoParser;19;1.0;0.9444444444444444
net.sourceforge.cruisecontrol.gendoc.html.HtmlUtils;9;0.75;0.875
net.sourceforge.cruisecontrol.jmx.CruiseControlControllerAgent;7;0.8333333333333334;1.0
net.sourceforge.cruisecontrol.jmx.CruiseControlControllerJMXAdaptor;31;0.9;0.9
net.sourceforge.cruisecontrol.jmx.CruiseControlControllerJMXAdaptorMBeanDescription;5;;
net.sourceforge.cruisecontrol.jmx.ProjectController;33;0.90625;0.9375
net.sourceforge.cruisecontrol.jmx.ProjectControllerMBeanDescription;5;;
net.sourceforge.cruisecontrol.labelincrementers.DefaultLabelIncrementer;7;;
net.sourceforge.cruisecontrol.labelincrementers.FormattedLabelIncrementer;8;;
net.sourceforge.cruisecontrol.labelincrementers.P4ChangelistLabelIncrementer;24;1.0;0.782608695652174
net.sourceforge.cruisecontrol.labelincrementers.PropertyFileLabelIncrementer;9;0.875;1.0
net.sourceforge.cruisecontrol.labelincrementers.SVNLabelIncrementer;10;0.8888888888888888;1.0
net.sourceforge.cruisecontrol.launch.util.Locator;7;0.8333333333333334;1.0
net.sourceforge.cruisecontrol.listeners.CMSynergySessionMonitor;8;0.8571428571428571;0.8571428571428571
net.sourceforge.cruisecontrol.listeners.CurrentBuildStatusFTPListener;5;;
net.sourceforge.cruisecontrol.listeners.CurrentBuildStatusPageListener;7;0.8333333333333334;1.0
net.sourceforge.cruisecontrol.listeners.LockFileListener;6;0.8;1.0
net.sourceforge.cruisecontrol.logmanipulators.BaseManipulator;6;0.6;0.8
net.sourceforge.cruisecontrol.publishers.ArtifactsPublisher;13;0.9166666666666666;0.8333333333333334
net.sourceforge.cruisecontrol.publishers.CMSynergyBaselinePublisher;10;0.8888888888888888;0.8888888888888888
net.sourceforge.cruisecontrol.publishers.CMSynergyPublisher;13;0.5833333333333334;0.75
net.sourceforge.cruisecontrol.publishers.CMSynergyTaskPublisher;5;1.0;1.0
net.sourceforge.cruisecontrol.publishers.ClearCaseBaselinePublisher;13;;
net.sourceforge.cruisecontrol.publishers.EmailPublisher;55;0.8703703703703703;0.7592592592592593
net.sourceforge.cruisecontrol.publishers.FTPPublisher;7;1.0;0.8333333333333334
net.sourceforge.cruisecontrol.publishers.HTMLEmailPublisher;26;0.88;0.76
net.sourceforge.cruisecontrol.publishers.HTTPPublisher;6;1.0;0.8
net.sourceforge.cruisecontrol.publishers.JabberPublisher;14;0.8461538461538461;0.8461538461538461
net.sourceforge.cruisecontrol.publishers.JnlpPublisher;10;0.8888888888888888;0.8888888888888888
net.sourceforge.cruisecontrol.publishers.OrigoPublisher;18;;
net.sourceforge.cruisecontrol.publishers.RSSPublisher;8;0.8571428571428571;1.0
net.sourceforge.cruisecontrol.publishers.SCPPublisher;18;1.0;0.9411764705882353
net.sourceforge.cruisecontrol.publishers.SocketPublisher;11;0.8;0.9
net.sourceforge.cruisecontrol.publishers.WeblogPublisher;40;0.9487179487179487;0.7435897435897436
net.sourceforge.cruisecontrol.publishers.X10Publisher;15;0.7857142857142857;0.7857142857142857
net.sourceforge.cruisecontrol.publishers.XSLTLogPublisher;7;1.0;1.0
net.sourceforge.cruisecontrol.publishers.email.EmailAddressMapper;5;;
net.sourceforge.cruisecontrol.publishers.email.LDAPMapper;18;;
net.sourceforge.cruisecontrol.publishers.email.PropertiesMapper;6;;
net.sourceforge.cruisecontrol.publishers.origo.OrigoApiClient;6;0.8;1.0
net.sourceforge.cruisecontrol.publishers.rss.CruiseControlFeed;7;1.0;1.0
net.sourceforge.cruisecontrol.publishers.rss.Feed;11;;
net.sourceforge.cruisecontrol.publishers.rss.Item;10;;
net.sourceforge.cruisecontrol.publishers.sfee.SfeeDocumentManagerPublisher;16;0.7333333333333333;0.8666666666666667
net.sourceforge.cruisecontrol.publishers.sfee.SfeeFrsPublisher;7;0.8333333333333334;0.8333333333333334
net.sourceforge.cruisecontrol.publishers.sfee.SfeePublisher;8;;
net.sourceforge.cruisecontrol.publishers.sfee.SfeeTrackerPublisher;9;0.75;0.875
net.sourceforge.cruisecontrol.report.BuildLoopMonitorRepository;5;1.0;1.0
net.sourceforge.cruisecontrol.sourcecontrols.Accurev;9;0.875;1.0
net.sourceforge.cruisecontrol.sourcecontrols.AlienBrain;10;1.0;0.8888888888888888
net.sourceforge.cruisecontrol.sourcecontrols.AlienBrainCore;16;1.0;0.8666666666666667
net.sourceforge.cruisecontrol.sourcecontrols.BuildStatus;9;0.875;0.875
net.sourceforge.cruisecontrol.sourcecontrols.CMSynergy;32;0.967741935483871;0.8709677419354839
net.sourceforge.cruisecontrol.sourcecontrols.CMSynergyModification;9;0.875;0.875
net.sourceforge.cruisecontrol.sourcecontrols.ClearCase;15;0.9285714285714286;0.8571428571428571
net.sourceforge.cruisecontrol.sourcecontrols.Compound;7;;
net.sourceforge.cruisecontrol.sourcecontrols.ConcurrentVersionsSystem;34;0.7272727272727273;0.7272727272727273
net.sourceforge.cruisecontrol.sourcecontrols.Darcs;12;0.9090909090909091;0.8181818181818182
net.sourceforge.cruisecontrol.sourcecontrols.FakeUserSourceControl;7;0.8333333333333334;1.0
net.sourceforge.cruisecontrol.sourcecontrols.FileSystem;6;0.8;1.0
net.sourceforge.cruisecontrol.sourcecontrols.Git;8;1.0;0.8571428571428571
net.sourceforge.cruisecontrol.sourcecontrols.HttpFile;5;0.75;1.0
net.sourceforge.cruisecontrol.sourcecontrols.IvySourceControl;10;0.7777777777777778;0.7777777777777778
net.sourceforge.cruisecontrol.sourcecontrols.MKS;11;1.0;0.9
net.sourceforge.cruisecontrol.sourcecontrols.Maven2SnapshotDependency;19;0.8888888888888888;0.8333333333333334
net.sourceforge.cruisecontrol.sourcecontrols.MavenSnapshotDependency;13;0.9166666666666666;0.8333333333333334
net.sourceforge.cruisecontrol.sourcecontrols.Mercurial;18;0.7647058823529411;0.8235294117647058
net.sourceforge.cruisecontrol.sourcecontrols.P4;28;0.8888888888888888;0.7407407407407407
net.sourceforge.cruisecontrol.sourcecontrols.PVCS;19;0.8333333333333334;0.8888888888888888
net.sourceforge.cruisecontrol.sourcecontrols.PlasticSCM;9;1.0;1.0
net.sourceforge.cruisecontrol.sourcecontrols.SSCM;16;1.0;0.8666666666666667
net.sourceforge.cruisecontrol.sourcecontrols.SVN;25;0.875;0.8333333333333334
net.sourceforge.cruisecontrol.sourcecontrols.SnapshotCM;10;1.0;0.8888888888888888
net.sourceforge.cruisecontrol.sourcecontrols.SourceControlProperties;7;;
net.sourceforge.cruisecontrol.sourcecontrols.Store;18;0.8823529411764706;0.8823529411764706
net.sourceforge.cruisecontrol.sourcecontrols.TeamFoundationServer;17;0.875;0.8125
net.sourceforge.cruisecontrol.sourcecontrols.TimeBuild;7;0.8333333333333334;1.0
net.sourceforge.cruisecontrol.sourcecontrols.UCM;33;0.875;0.84375
net.sourceforge.cruisecontrol.sourcecontrols.Veto;8;0.8571428571428571;0.8571428571428571
net.sourceforge.cruisecontrol.sourcecontrols.Vss;26;0.76;0.76
net.sourceforge.cruisecontrol.sourcecontrols.VssJournal;20;0.8421052631578947;0.8947368421052632
net.sourceforge.cruisecontrol.sourcecontrols.accurev.AccurevCommandline;25;0.9583333333333334;1.0
net.sourceforge.cruisecontrol.util.AbstractFTPClass;19;0.9444444444444444;0.8333333333333334
net.sourceforge.cruisecontrol.util.BuildOutputLogger;15;0.8571428571428571;0.8571428571428571
net.sourceforge.cruisecontrol.util.Commandline;30;0.9310344827586207;0.9310344827586207
net.sourceforge.cruisecontrol.util.DateUtil;13;0.9166666666666666;0.9166666666666666
net.sourceforge.cruisecontrol.util.Directory;5;;
net.sourceforge.cruisecontrol.util.IO;13;0.9166666666666666;1.0
net.sourceforge.cruisecontrol.util.MainArgs;5;;
net.sourceforge.cruisecontrol.util.ManagedCommandline;15;;
net.sourceforge.cruisecontrol.util.OSEnvironment;9;0.875;1.0
net.sourceforge.cruisecontrol.util.Processes;5;1.0;1.0
net.sourceforge.cruisecontrol.util.PruneElementFilter;5;1.0;1.0
net.sourceforge.cruisecontrol.util.StdoutBuffer;7;0.8333333333333334;1.0
net.sourceforge.cruisecontrol.util.StreamLogger;8;;
net.sourceforge.cruisecontrol.util.Util;11;;
net.sourceforge.cruisecontrol.util.ValidationHelper;15;0.9285714285714286;1.0
net.sourceforge.cruisecontrol.util.XMLLogHelper;14;0.7692307692307693;0.9230769230769231
net.sourceforge.cruisecontrol.util.XPathAwareChild;11;0.8;0.9
net.sourceforge.cruisecontrol.util.threadpool.ThreadQueue;18;0.7647058823529411;0.8235294117647058
