file;entities;metric;metric_random
com.itextpdf.text.Anchor;8;0.8571428571428571;1.0
com.itextpdf.text.Annotation;18;;
com.itextpdf.text.BaseColor;10;1.0;1.0
com.itextpdf.text.DocWriter;24;0.9565217391304348;0.8260869565217391
com.itextpdf.text.Document;45;;
com.itextpdf.text.ExceptionConverter;9;;
com.itextpdf.text.Font;25;;
com.itextpdf.text.FontFactory;27;;
com.itextpdf.text.FontFactoryImp;24;;
com.itextpdf.text.List;37;;
com.itextpdf.text.MarkedObject;7;;
com.itextpdf.text.MarkedSection;18;0.9411764705882353;1.0
com.itextpdf.text.Meta;9;;
com.itextpdf.text.Paragraph;26;0.92;0.88
com.itextpdf.text.Rectangle;60;0.9830508474576272;0.9661016949152542
com.itextpdf.text.RectangleReadOnly;25;0.9583333333333334;0.9583333333333334
com.itextpdf.text.Section;49;0.9375;0.9166666666666666
com.itextpdf.text.Utilities;22;0.9523809523809523;1.0
com.itextpdf.text.error_messages.MessageLocalization;12;1.0;0.9090909090909091
com.itextpdf.text.factories.ElementFactory;11;0.9;1.0
com.itextpdf.text.factories.GreekAlphabetFactory;5;;
com.itextpdf.text.factories.RomanAlphabetFactory;5;;
com.itextpdf.text.factories.RomanNumberFactory;5;;
com.itextpdf.text.html.Markup;5;;
com.itextpdf.text.html.simpleparser.FactoryProperties;13;0.9166666666666666;1.0
com.itextpdf.text.html.simpleparser.HTMLWorker;23;0.9545454545454546;1.0
com.itextpdf.text.html.simpleparser.IncCell;7;;
com.itextpdf.text.html.simpleparser.IncTable;10;;
com.itextpdf.text.html.simpleparser.StyleSheet;5;;
com.itextpdf.text.pdf.ArabicLigaturizer;11;;
com.itextpdf.text.pdf.Barcode128;10;0.8888888888888888;0.8888888888888888
com.itextpdf.text.pdf.Barcode39;6;0.8;0.8
com.itextpdf.text.pdf.BarcodeCodabar;5;;
com.itextpdf.text.pdf.BarcodeDatamatrix;25;0.9583333333333334;0.8333333333333334
com.itextpdf.text.pdf.BarcodeEAN;10;0.8888888888888888;1.0
com.itextpdf.text.pdf.BarcodeInter25;6;;
com.itextpdf.text.pdf.BarcodePDF417;54;0.8679245283018868;0.7358490566037735
com.itextpdf.text.pdf.BaseField;41;0.975;0.875
com.itextpdf.text.pdf.BaseFont;70;0.927536231884058;0.8695652173913043
com.itextpdf.text.pdf.BidiLine;22;;
com.itextpdf.text.pdf.BidiOrder;25;0.9166666666666666;0.9166666666666666
com.itextpdf.text.pdf.ByteBuffer;26;0.96;1.0
com.itextpdf.text.pdf.CFFFontSubset;38;0.8918918918918919;0.8378378378378378
com.itextpdf.text.pdf.CMYKColor;6;;
com.itextpdf.text.pdf.CMapAwareDocumentFont;7;0.6666666666666666;0.8333333333333334
com.itextpdf.text.pdf.ColumnText;62;0.9508196721311475;0.9180327868852459
com.itextpdf.text.pdf.DefaultFontMapper;10;;
com.itextpdf.text.pdf.DocumentFont;29;0.9642857142857143;0.8928571428571429
com.itextpdf.text.pdf.FdfReader;8;0.7142857142857143;0.8571428571428571
com.itextpdf.text.pdf.FdfWriter;14;0.8461538461538461;0.9230769230769231
com.itextpdf.text.pdf.FontDetails;7;0.8333333333333334;1.0
com.itextpdf.text.pdf.ICC_Profile;5;;
com.itextpdf.text.pdf.IntHashtable;15;0.9285714285714286;0.9285714285714286
com.itextpdf.text.pdf.LZWDecoder;7;;
com.itextpdf.text.pdf.MappedRandomAccessFile;10;0.7777777777777778;0.8888888888888888
com.itextpdf.text.pdf.MultiColumnText;26;0.92;0.96
com.itextpdf.text.pdf.OutputStreamCounter;7;;
com.itextpdf.text.pdf.OutputStreamEncryption;6;;
com.itextpdf.text.pdf.PRAcroForm;8;0.8571428571428571;1.0
com.itextpdf.text.pdf.PRStream;12;0.9090909090909091;1.0
com.itextpdf.text.pdf.PRTokeniser;27;;
com.itextpdf.text.pdf.PageResources;14;;
com.itextpdf.text.pdf.PdfAcroForm;34;;
com.itextpdf.text.pdf.PdfAction;19;0.8888888888888888;1.0
com.itextpdf.text.pdf.PdfAnnotation;55;0.9629629629629629;0.9814814814814815
com.itextpdf.text.pdf.PdfArray;24;0.9130434782608695;0.9565217391304348
com.itextpdf.text.pdf.PdfChunk;36;0.9142857142857143;0.8571428571428571
com.itextpdf.text.pdf.PdfContentByte;174;0.9075144508670521;0.9132947976878613
com.itextpdf.text.pdf.PdfContentParser;7;;
com.itextpdf.text.pdf.PdfCopy;21;0.75;0.7
com.itextpdf.text.pdf.PdfCopyFields;16;;
com.itextpdf.text.pdf.PdfCopyFieldsImp;25;0.7083333333333334;0.75
com.itextpdf.text.pdf.PdfCopyForms;17;;
com.itextpdf.text.pdf.PdfDictionary;27;0.9615384615384616;0.9615384615384616
com.itextpdf.text.pdf.PdfEncryption;26;0.88;0.88
com.itextpdf.text.pdf.PdfEncryptor;15;;
com.itextpdf.text.pdf.PdfFileSpecification;13;;
com.itextpdf.text.pdf.PdfFont;9;1.0;1.0
com.itextpdf.text.pdf.PdfFormField;33;0.875;0.875
com.itextpdf.text.pdf.PdfFunction;5;0.75;1.0
com.itextpdf.text.pdf.PdfGState;9;;
com.itextpdf.text.pdf.PdfImportedPage;15;0.7857142857142857;0.8571428571428571
com.itextpdf.text.pdf.PdfLayerMembership;6;;
com.itextpdf.text.pdf.PdfLine;26;0.8;0.84
com.itextpdf.text.pdf.PdfLister;5;;
com.itextpdf.text.pdf.PdfName;5;0.75;0.75
com.itextpdf.text.pdf.PdfObject;18;0.9411764705882353;1.0
com.itextpdf.text.pdf.PdfOutline;23;0.8636363636363636;0.8636363636363636
com.itextpdf.text.pdf.PdfPCell;68;0.9552238805970149;0.9701492537313433
com.itextpdf.text.pdf.PdfPRow;15;0.8571428571428571;0.9285714285714286
com.itextpdf.text.pdf.PdfPTable;87;0.9302325581395349;0.9418604651162791
com.itextpdf.text.pdf.PdfPageEventHelper;11;;
com.itextpdf.text.pdf.PdfPageLabels;8;0.8571428571428571;1.0
com.itextpdf.text.pdf.PdfPages;7;;
com.itextpdf.text.pdf.PdfPatternPainter;36;0.9714285714285714;0.9428571428571428
com.itextpdf.text.pdf.PdfPublicKeySecurityHandler;7;0.8333333333333334;0.8333333333333334
com.itextpdf.text.pdf.PdfReaderInstance;8;;
com.itextpdf.text.pdf.PdfRectangle;16;;
com.itextpdf.text.pdf.PdfShading;22;0.9047619047619048;0.8571428571428571
com.itextpdf.text.pdf.PdfShadingPattern;10;0.8888888888888888;0.8888888888888888
com.itextpdf.text.pdf.PdfSigGenericPKCS;5;;
com.itextpdf.text.pdf.PdfSignature;8;;
com.itextpdf.text.pdf.PdfStamper;44;;
com.itextpdf.text.pdf.PdfStamperImp;63;0.8709677419354839;0.8709677419354839
com.itextpdf.text.pdf.PdfStream;8;0.8571428571428571;1.0
com.itextpdf.text.pdf.PdfString;10;0.8888888888888888;0.8888888888888888
com.itextpdf.text.pdf.PdfStructureTreeRoot;6;0.8;0.8
com.itextpdf.text.pdf.PdfTemplate;22;0.8095238095238095;0.9047619047619048
com.itextpdf.text.pdf.PdfTextArray;5;1.0;1.0
com.itextpdf.text.pdf.PdfVisibilityExpression;5;;
com.itextpdf.text.pdf.Pfm2afm;11;1.0;0.9
com.itextpdf.text.pdf.RadioCheckField;12;1.0;1.0
com.itextpdf.text.pdf.SequenceList;6;0.6;1.0
com.itextpdf.text.pdf.SimpleBookmark;19;0.8333333333333334;0.7777777777777778
com.itextpdf.text.pdf.SimpleNamedDestination;15;0.9285714285714286;1.0
com.itextpdf.text.pdf.TrueTypeFont;40;0.8717948717948718;0.7948717948717948
com.itextpdf.text.pdf.TrueTypeFontSubSet;13;0.9166666666666666;1.0
com.itextpdf.text.pdf.Type1Font;16;0.8666666666666667;0.9333333333333333
com.itextpdf.text.pdf.Type3Font;21;1.0;1.0
com.itextpdf.text.pdf.VerticalText;19;0.8888888888888888;0.8888888888888888
com.itextpdf.text.pdf.XfdfReader;10;;
com.itextpdf.text.pdf.codec.BmpImage;28;1.0;0.8888888888888888
com.itextpdf.text.pdf.codec.CCITTG4Encoder;14;0.9230769230769231;0.8461538461538461
com.itextpdf.text.pdf.codec.GifImage;18;0.8823529411764706;0.8823529411764706
com.itextpdf.text.pdf.codec.JBIG2SegmentReader;11;0.9;0.9
com.itextpdf.text.pdf.codec.LZWStringTable;6;0.8;1.0
com.itextpdf.text.pdf.codec.PngImage;22;0.9523809523809523;0.7619047619047619
com.itextpdf.text.pdf.codec.PngWriter;12;0.9090909090909091;0.9090909090909091
com.itextpdf.text.pdf.codec.TIFFFaxDecoder;14;1.0;0.8461538461538461
com.itextpdf.text.pdf.codec.TIFFFaxDecompressor;14;1.0;0.8461538461538461
com.itextpdf.text.pdf.codec.TIFFField;20;;
com.itextpdf.text.pdf.codec.TIFFLZWDecoder;7;;
com.itextpdf.text.pdf.codec.TiffImage;9;0.75;0.75
com.itextpdf.text.pdf.codec.TiffWriter;6;;
com.itextpdf.text.pdf.codec.wmf.InputMeta;7;;
com.itextpdf.text.pdf.codec.wmf.MetaDo;8;0.8571428571428571;1.0
com.itextpdf.text.pdf.codec.wmf.MetaFont;6;;
com.itextpdf.text.pdf.codec.wmf.MetaState;34;;
com.itextpdf.text.pdf.collection.PdfCollectionField;5;;
com.itextpdf.text.pdf.collection.PdfCollectionItem;9;;
com.itextpdf.text.pdf.collection.PdfTargetDictionary;6;;
com.itextpdf.text.pdf.crypto.ARCFOUREncryption;6;;
com.itextpdf.text.pdf.draw.LineSeparator;10;;
com.itextpdf.text.pdf.draw.VerticalPositionMark;10;;
com.itextpdf.text.pdf.events.PdfPageEventForwarder;12;;
com.itextpdf.text.pdf.fonts.cmaps.CMap;6;;
com.itextpdf.text.pdf.fonts.cmaps.CMapParser;9;0.875;0.875
com.itextpdf.text.pdf.hyphenation.ByteVector;7;;
com.itextpdf.text.pdf.hyphenation.CharVector;9;;
com.itextpdf.text.pdf.hyphenation.Hyphenation;5;;
com.itextpdf.text.pdf.hyphenation.HyphenationTree;13;0.8333333333333334;0.9166666666666666
com.itextpdf.text.pdf.hyphenation.Hyphenator;12;;
com.itextpdf.text.pdf.hyphenation.SimplePatternParser;14;0.7692307692307693;0.8461538461538461
com.itextpdf.text.pdf.hyphenation.TernaryTree;21;0.7;0.9
com.itextpdf.text.pdf.internal.PdfAnnotationsImp;11;0.9;1.0
com.itextpdf.text.pdf.internal.PdfVersionImp;9;;
com.itextpdf.text.pdf.internal.PdfViewerPreferencesImp;8;0.8571428571428571;1.0
com.itextpdf.text.pdf.internal.PdfXConformanceImp;10;;
com.itextpdf.text.pdf.internal.PolylineShape;11;0.9;1.0
com.itextpdf.text.pdf.internal.PolylineShapeIterator;5;;
com.itextpdf.text.pdf.parser.GraphicsState;10;;
com.itextpdf.text.pdf.parser.ImageRenderInfo;8;0.7142857142857143;0.8571428571428571
com.itextpdf.text.pdf.parser.InlineImageUtils;7;1.0;1.0
com.itextpdf.text.pdf.parser.LineSegment;5;;
com.itextpdf.text.pdf.parser.LocationTextExtractionStrategy;6;0.8;1.0
com.itextpdf.text.pdf.parser.Matrix;7;;
com.itextpdf.text.pdf.parser.PdfContentReaderTool;7;0.8333333333333334;1.0
com.itextpdf.text.pdf.parser.PdfContentStreamProcessor;16;0.8;0.8666666666666667
com.itextpdf.text.pdf.parser.SimpleTextExtractionStrategy;5;;
com.itextpdf.text.pdf.parser.TaggedPdfReaderTool;7;0.8333333333333334;1.0
com.itextpdf.text.pdf.parser.TextMarginFinder;10;;
com.itextpdf.text.pdf.parser.TextRenderInfo;12;0.8181818181818182;0.8181818181818182
com.itextpdf.text.pdf.parser.Vector;11;;
com.itextpdf.text.pdf.qrcode.BitArray;11;0.9;1.0
com.itextpdf.text.pdf.qrcode.BitMatrix;10;;
com.itextpdf.text.pdf.qrcode.BitVector;10;1.0;1.0
com.itextpdf.text.pdf.qrcode.ByteArray;7;;
com.itextpdf.text.pdf.qrcode.ByteMatrix;8;;
com.itextpdf.text.pdf.qrcode.Encoder;21;0.85;0.8
com.itextpdf.text.pdf.qrcode.ErrorCorrectionLevel;5;;
com.itextpdf.text.pdf.qrcode.FormatInformation;7;0.6666666666666666;0.8333333333333334
com.itextpdf.text.pdf.qrcode.GF256;8;;
com.itextpdf.text.pdf.qrcode.GF256Poly;11;0.9;0.9
com.itextpdf.text.pdf.qrcode.MaskUtil;6;1.0;1.0
com.itextpdf.text.pdf.qrcode.MatrixUtil;20;1.0;0.8421052631578947
com.itextpdf.text.pdf.qrcode.Mode;5;;
com.itextpdf.text.pdf.qrcode.QRCode;24;;
com.itextpdf.text.pdf.qrcode.Version;11;0.9;0.9
com.itextpdf.text.pdf.richmedia.RichMediaActivation;6;;
com.itextpdf.text.pdf.richmedia.RichMediaAnnotation;10;;
com.itextpdf.text.pdf.richmedia.RichMediaParams;5;;
com.itextpdf.text.pdf.richmedia.RichMediaPresentation;6;;
com.itextpdf.text.xml.XmlDomWriter;7;1.0;1.0
com.itextpdf.text.xml.simpleparser.SimpleXMLParser;14;0.8461538461538461;0.9230769230769231
com.itextpdf.text.xml.xmp.DublinCoreSchema;8;;
com.itextpdf.text.xml.xmp.XmpBasicSchema;6;;
com.itextpdf.text.xml.xmp.XmpReader;5;;
com.itextpdf.text.xml.xmp.XmpSchema;8;0.5714285714285714;0.8571428571428571
com.itextpdf.text.xml.xmp.XmpWriter;5;;
