file;entities;metric;metric_random
doclet.GenerateTocXML;6;1.0;0.8
installer.CBZip2InputStream;29;0.9642857142857143;0.9642857142857143
installer.CBZip2OutputStream;32;0.967741935483871;0.9354838709677419
installer.ConsoleProgress;5;;
installer.TarBuffer;15;0.7857142857142857;0.9285714285714286
installer.TarEntry;30;0.9655172413793104;1.0
installer.TarHeader;8;;
installer.TarInputStream;15;;
installer.TarOutputStream;11;1.0;1.0
macosx.MacOSXPlugin;12;1.0;0.9090909090909091
macosx.OSXAdapter;10;1.0;0.8888888888888888
QuickNotepad;10;0.8888888888888888;0.8888888888888888
org.gjt.sp.jedit.BeanShell;19;0.9444444444444444;0.8333333333333334
org.gjt.sp.jedit.BeanShellAction;6;;
org.gjt.sp.jedit.BeanShellFacade;14;0.8461538461538461;0.7692307692307693
org.gjt.sp.jedit.EditAction;10;0.8888888888888888;0.8888888888888888
org.gjt.sp.jedit.EditPlugin;21;0.8;0.85
org.gjt.sp.jedit.JEditAbstractEditAction;5;1.0;1.0
org.gjt.sp.jedit.JEditActionContext;7;;
org.gjt.sp.jedit.JEditBeanShellAction;6;;
org.gjt.sp.jedit.Mode;20;1.0;0.8947368421052632
org.gjt.sp.jedit.OperatingSystem;17;0.9375;0.9375
org.gjt.sp.jedit.OptionGroup;11;1.0;1.0
org.gjt.sp.jedit.PerspectiveManager;6;;
org.gjt.sp.jedit.ServiceManager.loadServices(PluginJAR,URL,PluginJAR;10;1.0;1.0
org.gjt.sp.jedit.SettingsXML;5;;
org.gjt.sp.jedit.bsh.BSHAllocationExpression;9;1.0;1.0
org.gjt.sp.jedit.bsh.BSHAmbiguousName;7;0.8333333333333334;1.0
org.gjt.sp.jedit.bsh.BSHMethodDeclaration;7;0.6666666666666666;0.8333333333333334
org.gjt.sp.jedit.bsh.BSHPrimarySuffix;5;0.75;1.0
org.gjt.sp.jedit.bsh.BSHType;8;0.8571428571428571;0.8571428571428571
org.gjt.sp.jedit.bsh.BSHTypedVariableDeclaration;5;0.5;0.75
org.gjt.sp.jedit.bsh.BlockNameSpace;9;0.75;0.875
org.gjt.sp.jedit.bsh.BshClassManager;32;0.8709677419354839;0.8387096774193549
org.gjt.sp.jedit.bsh.BshMethod;11;0.9;0.9
org.gjt.sp.jedit.bsh.CallStack;11;1.0;1.0
org.gjt.sp.jedit.bsh.ClassGeneratorImpl;7;0.8333333333333334;1.0
org.gjt.sp.jedit.bsh.ClassGeneratorUtil;21;0.9;0.8
org.gjt.sp.jedit.bsh.CollectionManager;6;;
org.gjt.sp.jedit.bsh.EvalError;11;0.9;0.9
org.gjt.sp.jedit.bsh.ExternalNameSpace;13;0.75;0.9166666666666666
org.gjt.sp.jedit.bsh.Interpreter;52;0.8431372549019608;0.8627450980392157
org.gjt.sp.jedit.bsh.JJTParserState;11;;
org.gjt.sp.jedit.bsh.JThis;85;0.9880952380952381;0.9880952380952381
org.gjt.sp.jedit.bsh.Modifiers;7;0.8333333333333334;0.8333333333333334
org.gjt.sp.jedit.bsh.Primitive;35;0.9117647058823529;0.8235294117647058
org.gjt.sp.jedit.bsh.Reflect;40;0.8461538461538461;0.7435897435897436
org.gjt.sp.jedit.bsh.Remote;6;0.8;1.0
org.gjt.sp.jedit.bsh.SimpleNode;17;;
org.gjt.sp.jedit.bsh.StringUtil;5;;
org.gjt.sp.jedit.bsh.TargetError;8;;
org.gjt.sp.jedit.bsh.Types;11;0.7;0.8
org.gjt.sp.jedit.bsh.Variable;8;0.8571428571428571;1.0
org.gjt.sp.jedit.bsh.classpath.ClassManagerImpl;21;0.8;0.85
org.gjt.sp.jedit.bsh.org.objectweb.asm.ByteVector;9;1.0;1.0
org.gjt.sp.jedit.bsh.org.objectweb.asm.ClassWriter;21;1.0;0.8
org.gjt.sp.jedit.bsh.org.objectweb.asm.CodeWriter;30;0.8620689655172413;0.7586206896551724
org.gjt.sp.jedit.bsh.org.objectweb.asm.Item;6;;
org.gjt.sp.jedit.bsh.org.objectweb.asm.Type;21;0.85;0.95
org.gjt.sp.jedit.buffer.BufferAdapter;8;;
org.gjt.sp.jedit.buffer.BufferChangeAdapter;7;;
org.gjt.sp.jedit.buffer.BufferSegment;6;1.0;0.8
org.gjt.sp.jedit.bufferio.BufferIORequest;8;1.0;0.8571428571428571
org.gjt.sp.jedit.bufferio.BufferLoadRequest;6;1.0;1.0
org.gjt.sp.jedit.bufferset.BufferSet;16;0.9333333333333333;0.9333333333333333
org.gjt.sp.jedit.bufferset.BufferSetManager;16;0.8;0.8666666666666667
org.gjt.sp.jedit.gui.AbbrevEditor;7;;
org.gjt.sp.jedit.gui.AnimatedIcon;8;;
org.gjt.sp.jedit.gui.DefaultInputHandler;5;0.75;1.0
org.gjt.sp.jedit.gui.DockableLayout;14;0.8461538461538461;0.9230769230769231
org.gjt.sp.jedit.gui.DockablePanel;5;0.75;1.0
org.gjt.sp.jedit.gui.DockableWindowManager;45;0.9545454545454546;0.7954545454545454
org.gjt.sp.jedit.gui.EnhancedDialog;5;1.0;1.0
org.gjt.sp.jedit.gui.ExtendedGridLayout;15;0.8571428571428571;0.9285714285714286
org.gjt.sp.jedit.gui.ExtendedGridLayoutConstraints;15;0.6428571428571429;0.8571428571428571
org.gjt.sp.jedit.gui.FilteredListModel;16;0.8666666666666667;0.9333333333333333
org.gjt.sp.jedit.gui.FilteredTableModel;19;0.8888888888888888;0.9444444444444444
org.gjt.sp.jedit.gui.FontSelector;5;0.75;0.75
org.gjt.sp.jedit.gui.HistoryModel;15;0.8571428571428571;0.9285714285714286
org.gjt.sp.jedit.gui.HistoryText;18;;
org.gjt.sp.jedit.gui.HistoryTextArea;8;1.0;0.8571428571428571
org.gjt.sp.jedit.gui.HistoryTextField;13;1.0;0.9166666666666666
org.gjt.sp.jedit.gui.KeyEventWorkaround;6;;
org.gjt.sp.jedit.gui.OptionsDialog;15;1.0;0.7857142857142857
org.gjt.sp.jedit.gui.PingPongList;12;;
org.gjt.sp.jedit.gui.RolloverButton;5;;
org.gjt.sp.jedit.gui.ShortcutPrefixActiveEvent;5;;
org.gjt.sp.jedit.gui.SplashScreen;6;0.8;1.0
org.gjt.sp.jedit.gui.TaskMonitor;8;0.8571428571428571;0.8571428571428571
org.gjt.sp.jedit.gui.VariableGridLayout;14;1.0;0.9230769230769231
org.gjt.sp.jedit.help.HelpHistoryModel;13;0.75;0.8333333333333334
org.gjt.sp.jedit.indent.IndentRuleFactory;8;;
org.gjt.sp.jedit.input.AbstractInputHandler;20;0.9473684210526315;0.9473684210526315
org.gjt.sp.jedit.input.TextAreaInputHandler;9;0.75;0.75
org.gjt.sp.jedit.io.AutoDetection;5;1.0;1.0
org.gjt.sp.jedit.io.EncodingServer;6;;
org.gjt.sp.jedit.io.FavoritesVFS;8;;
org.gjt.sp.jedit.io.FileVFS;19;0.8888888888888888;0.8888888888888888
org.gjt.sp.jedit.io.GlobVFSFileFilter;6;;
org.gjt.sp.jedit.io.VFSManager;20;0.8421052631578947;0.9473684210526315
org.gjt.sp.jedit.msg.PluginUpdate;5;;
org.gjt.sp.jedit.options.GutterOptionPane;9;0.875;1.0
org.gjt.sp.jedit.pluginmgr.PluginList;7;;
org.gjt.sp.jedit.pluginmgr.PluginManagerProgress;5;0.75;1.0
org.gjt.sp.jedit.print.BufferPrinter1_4;5;0.75;1.0
org.gjt.sp.jedit.search.BufferListSet;7;1.0;1.0
org.gjt.sp.jedit.search.CurrentBufferSet;5;;
org.gjt.sp.jedit.search.DirectoryListSet;8;1.0;1.0
org.gjt.sp.jedit.search.HyperSearchFileNode;6;;
org.gjt.sp.jedit.search.HyperSearchOperationNode;9;;
org.gjt.sp.jedit.syntax.ModeProvider;8;1.0;1.0
org.gjt.sp.jedit.syntax.ParserRule;15;0.8571428571428571;0.9285714285714286
org.gjt.sp.jedit.textarea.Anchor;5;;
org.gjt.sp.jedit.textarea.BufferHandler;11;1.0;0.9
org.gjt.sp.jedit.textarea.FirstLine;8;;
org.gjt.sp.jedit.textarea.InputMethodSupport;11;0.9;1.0
org.gjt.sp.jedit.textarea.RangeMap;15;;
org.gjt.sp.jedit.textarea.ScreenLineManager;7;0.8333333333333334;1.0
org.gjt.sp.jedit.textarea.SelectionManager;13;0.9166666666666666;1.0
org.gjt.sp.jedit.textarea.StandaloneTextArea;18;0.7058823529411765;0.8235294117647058
org.gjt.sp.jedit.textarea.TextAreaTransferHandler;8;0.8571428571428571;0.8571428571428571
org.gjt.sp.util.HtmlUtilities;5;1.0;1.0
org.gjt.sp.util.IOUtilities;9;;
org.gjt.sp.util.IntegerArray;6;;
org.gjt.sp.util.PropertiesBean;6;1.0;1.0
org.gjt.sp.util.ReadWriteLock;5;;
org.gjt.sp.util.ReverseCharSequence;5;;
org.gjt.sp.util.StringList;8;0.8571428571428571;0.8571428571428571
org.gjt.sp.util.SyntaxUtilities;6;;
org.gjt.sp.util.Task;10;1.0;1.0
org.gjt.sp.util.TaskManager;6;0.8;1.0
org.gjt.sp.util.WorkRequest;6;0.8;1.0
