file;entities;metric;metric_random
net.sf.jftp.JFtp;39;0.868421052631579;0.9210526315789473
net.sf.jftp.event.FtpEventHandler;8;;
net.sf.jftp.gui.DirEntry;17;;
net.sf.jftp.gui.DirLister;7;;
net.sf.jftp.gui.DirPanel;11;;
net.sf.jftp.gui.DownloadList;12;0.9090909090909091;0.9090909090909091
net.sf.jftp.gui.HostChooser;14;0.9230769230769231;1.0
net.sf.jftp.gui.HostList;17;0.875;0.75
net.sf.jftp.gui.LocalDir;24;0.9130434782608695;0.9130434782608695
net.sf.jftp.gui.RemoteDir;22;0.9047619047619048;0.9047619047619048
net.sf.jftp.gui.SmbHostChooser;12;;
net.sf.jftp.gui.StatusPanel;5;;
net.sf.jftp.gui.framework.HImageButton;8;;
net.sf.jftp.gui.framework.HTextField;6;;
net.sf.jftp.net.DataConnection;8;0.7142857142857143;0.8571428571428571
net.sf.jftp.net.FilesystemConnection;28;0.9259259259259259;0.9259259259259259
net.sf.jftp.net.FtpClient;8;;
net.sf.jftp.net.FtpServerSocket;32;0.9354838709677419;0.9354838709677419
net.sf.jftp.net.FtpURLConnection;11;;
net.sf.jftp.net.JConnection;8;1.0;1.0
net.sf.jftp.net.SmbConnection;30;0.896551724137931;0.8620689655172413
net.sf.jftp.net.Transfer;6;;
net.sf.jftp.util.Log;5;;
net.sf.jftp.util.Log4JLogger;12;0.9090909090909091;1.0
net.sf.jftp.util.StringUtils;10;;
net.sf.jftp.util.SystemLogger;13;0.9166666666666666;0.9166666666666666
