file;entities;metric;metric_random
org.jhotdraw.app.AbstractApplication;44;0.813953488372093;0.8372093023255814
org.jhotdraw.app.AbstractApplicationModel;20;0.8421052631578947;0.8421052631578947
org.jhotdraw.app.AbstractView;26;0.92;0.96
org.jhotdraw.app.AppletApplication;12;;
org.jhotdraw.app.DefaultApplicationModel;6;0.6;1.0
org.jhotdraw.app.DefaultMenuBuilder;22;;
org.jhotdraw.app.EmptyMenuBuilder;22;;
org.jhotdraw.app.MDIApplication;18;0.7647058823529411;0.8823529411764706
org.jhotdraw.app.OSXApplication;25;0.7916666666666666;0.875
org.jhotdraw.app.SDIApplication;20;0.7368421052631579;0.8947368421052632
org.jhotdraw.app.action.AbstractApplicationAction;8;0.8571428571428571;0.7142857142857143
org.jhotdraw.app.action.AbstractSaveUnsavedChangesAction;5;0.75;1.0
org.jhotdraw.app.action.AbstractViewAction;11;0.9;0.8
org.jhotdraw.app.action.app.ExitAction;9;0.875;1.0
org.jhotdraw.app.action.edit.RedoAction;6;1.0;1.0
org.jhotdraw.app.action.edit.UndoAction;6;1.0;1.0
org.jhotdraw.app.action.file.ClearRecentFilesMenuAction;5;0.75;0.75
org.jhotdraw.app.action.file.OpenFileAction;5;0.5;0.75
org.jhotdraw.app.action.file.PrintFileAction;5;0.75;1.0
org.jhotdraw.app.action.view.ToggleViewPropertyAction;5;;
org.jhotdraw.app.action.window.FocusWindowAction;7;0.8333333333333334;0.8333333333333334
org.jhotdraw.app.osx.OSXPaletteHandler;10;0.8888888888888888;0.8888888888888888
org.jhotdraw.beans.AbstractBean;9;0.875;0.875
org.jhotdraw.beans.PropertyChangeEdit;7;0.8333333333333334;1.0
org.jhotdraw.color.AbstractColorWheelImageProducer;11;0.9;1.0
org.jhotdraw.color.CIELABColorSpace;11;0.9;0.9
org.jhotdraw.color.CIELCHabColorSpace;11;0.9;0.9
org.jhotdraw.color.CIEXYChromaticityDiagramImageProducer;9;0.875;1.0
org.jhotdraw.color.ColorSliderUI;24;0.9130434782608695;0.9130434782608695
org.jhotdraw.color.ColorSquareImageProducer;6;1.0;1.0
org.jhotdraw.color.ColorTrackImageProducer;11;0.9;0.9
org.jhotdraw.color.ColorUtil;9;;
org.jhotdraw.color.ColorWheelChooser;7;0.6666666666666666;0.8333333333333334
org.jhotdraw.color.ComplexColorWheelImageProducer;7;1.0;1.0
org.jhotdraw.color.CompositeColor;5;;
org.jhotdraw.color.DefaultColorSliderModel;17;0.9375;0.875
org.jhotdraw.color.DefaultHarmonicColorModel;25;0.9166666666666666;0.9166666666666666
org.jhotdraw.color.HSLHarmonicColorWheelImageProducer;7;0.8333333333333334;1.0
org.jhotdraw.color.HSVHarmonicColorWheelImageProducer;7;0.8333333333333334;0.8333333333333334
org.jhotdraw.color.JColorWheel;25;0.875;0.7916666666666666
org.jhotdraw.color.JHarmonicColorWheel;12;0.7272727272727273;0.8181818181818182
org.jhotdraw.color.PolarColorWheelImageProducer;5;1.0;1.0
org.jhotdraw.color.QuantizingColorWheelImageProducer;6;1.0;1.0
org.jhotdraw.color.SimpleHarmonicRule;6;1.0;1.0
org.jhotdraw.draw.AbstractAttributedCompositeFigure;26;0.76;0.76
org.jhotdraw.draw.AbstractAttributedDecoratedFigure;15;0.6428571428571429;0.8571428571428571
org.jhotdraw.draw.AbstractAttributedFigure;24;0.782608695652174;0.8260869565217391
org.jhotdraw.draw.AbstractCompositeFigure;59;0.8620689655172413;0.8793103448275862
org.jhotdraw.draw.AbstractDrawing;16;;
org.jhotdraw.draw.AbstractFigure;58;0.7894736842105263;0.7719298245614035
org.jhotdraw.draw.AttributeKey;16;0.8666666666666667;0.9333333333333333
org.jhotdraw.draw.AttributeKeys;9;0.875;1.0
org.jhotdraw.draw.BezierFigure;53;0.8269230769230769;0.7692307692307693
org.jhotdraw.draw.DefaultDrawing;20;0.8947368421052632;0.8947368421052632
org.jhotdraw.draw.DefaultDrawingEditor;24;0.9130434782608695;0.9130434782608695
org.jhotdraw.draw.DefaultDrawingViewTransferHandler;12;0.9090909090909091;1.0
org.jhotdraw.draw.DiamondFigure;12;;
org.jhotdraw.draw.DrawingEditorProxy;24;1.0;0.9565217391304348
org.jhotdraw.draw.EllipseFigure;12;;
org.jhotdraw.draw.GraphicalCompositeFigure;27;0.6923076923076923;0.8076923076923077
org.jhotdraw.draw.GridConstrainer;20;0.8421052631578947;0.7894736842105263
org.jhotdraw.draw.ImageFigure;25;0.9166666666666666;0.9166666666666666
org.jhotdraw.draw.LabelFigure;11;1.0;1.0
org.jhotdraw.draw.LabeledLineConnectionFigure;36;0.9428571428571428;0.9428571428571428
org.jhotdraw.draw.LineConnectionFigure;35;0.8823529411764706;0.9411764705882353
org.jhotdraw.draw.QuadTreeCompositeFigure;24;0.8260869565217391;0.782608695652174
org.jhotdraw.draw.QuadTreeDrawing;27;0.9230769230769231;0.9230769230769231
org.jhotdraw.draw.RectangleFigure;10;;
org.jhotdraw.draw.RoundRectangleFigure;20;0.9473684210526315;0.8947368421052632
org.jhotdraw.draw.TextAreaFigure;34;0.8787878787878788;0.9090909090909091
org.jhotdraw.draw.TextFigure;34;0.9393939393939394;0.9696969696969697
org.jhotdraw.draw.TriangleFigure;15;0.8571428571428571;0.9285714285714286
org.jhotdraw.draw.action.AbstractDrawingEditorAction;10;0.7777777777777778;0.8888888888888888
org.jhotdraw.draw.action.AbstractDrawingViewAction;12;0.8181818181818182;0.8181818181818182
org.jhotdraw.draw.action.AbstractSelectedAction;11;0.7;0.8
org.jhotdraw.draw.action.ButtonFactory;69;;
org.jhotdraw.draw.action.ColorIcon;5;1.0;1.0
org.jhotdraw.draw.action.EditCanvasPanel;8;0.7142857142857143;0.8571428571428571
org.jhotdraw.draw.action.GroupAction;6;0.6;0.8
org.jhotdraw.draw.connector.AbstractConnector;19;0.8333333333333334;0.8333333333333334
org.jhotdraw.draw.connector.LocatorConnector;6;1.0;0.8
org.jhotdraw.draw.decoration.AbstractLineDecoration;12;0.9090909090909091;0.8181818181818182
org.jhotdraw.draw.decoration.CompositeLineDecoration;6;1.0;1.0
org.jhotdraw.draw.event.AbstractAttributeEditorHandler;16;0.8;0.8
org.jhotdraw.draw.event.FigureAdapter;7;;
org.jhotdraw.draw.event.FigureEvent;5;0.75;1.0
org.jhotdraw.draw.event.HandleMulticaster;8;;
org.jhotdraw.draw.event.SelectionComponentDisplayer;7;0.6666666666666666;0.8333333333333334
org.jhotdraw.draw.event.SetBoundsEdit;5;;
org.jhotdraw.draw.event.TransformEdit;6;;
org.jhotdraw.draw.gui.JAttributeSlider;9;0.875;0.875
org.jhotdraw.draw.gui.JAttributeTextArea;9;0.875;0.875
org.jhotdraw.draw.gui.JAttributeTextField;9;0.875;1.0
org.jhotdraw.draw.handle.AbstractConnectionHandle;24;0.782608695652174;0.8695652173913043
org.jhotdraw.draw.handle.AbstractHandle;39;0.8947368421052632;0.868421052631579
org.jhotdraw.draw.handle.AbstractRotateHandle;14;0.9230769230769231;0.9230769230769231
org.jhotdraw.draw.handle.BezierControlPointHandle;15;0.8571428571428571;0.8571428571428571
org.jhotdraw.draw.handle.BezierNodeHandle;16;0.8;0.9333333333333333
org.jhotdraw.draw.handle.BezierOutlineHandle;7;;
org.jhotdraw.draw.handle.BezierScaleHandle;9;0.75;0.875
org.jhotdraw.draw.handle.BoundsOutlineHandle;6;;
org.jhotdraw.draw.handle.CloseHandle;6;;
org.jhotdraw.draw.handle.ConnectionEndHandle;7;;
org.jhotdraw.draw.handle.ConnectionStartHandle;7;;
org.jhotdraw.draw.handle.ConnectorHandle;17;0.8125;0.875
org.jhotdraw.draw.handle.DragHandle;7;;
org.jhotdraw.draw.handle.FontSizeHandle;8;;
org.jhotdraw.draw.handle.MoveHandle;15;;
org.jhotdraw.draw.handle.NullHandle;6;;
org.jhotdraw.draw.handle.OrientationHandle;7;0.8333333333333334;0.8333333333333334
org.jhotdraw.draw.handle.ResizeHandleKit;11;;
org.jhotdraw.draw.handle.RoundRectangleRadiusHandle;8;0.8571428571428571;1.0
org.jhotdraw.draw.handle.TextOverflowHandle;8;;
org.jhotdraw.draw.handle.TransformHandleKit;14;;
org.jhotdraw.draw.io.DOMStorableInputOutputFormat;16;0.8;0.8666666666666667
org.jhotdraw.draw.io.ImageInputFormat;11;0.7;0.9
org.jhotdraw.draw.io.ImageOutputFormat;13;0.75;0.8333333333333334
org.jhotdraw.draw.io.SerializationInputOutputFormat;15;0.8571428571428571;0.9285714285714286
org.jhotdraw.draw.io.TextInputFormat;11;0.7;0.9
org.jhotdraw.draw.liner.CurvedLiner;5;;
org.jhotdraw.draw.liner.ElbowLiner;5;;
org.jhotdraw.draw.liner.SlantedLiner;5;;
org.jhotdraw.draw.locator.BezierLabelLocator;6;0.8;1.0
org.jhotdraw.draw.locator.RelativeDecoratorLocator;10;;
org.jhotdraw.draw.locator.RelativeLocator;23;;
org.jhotdraw.draw.print.DrawingPageable;5;0.75;1.0
org.jhotdraw.draw.text.FloatingTextArea;8;0.8571428571428571;1.0
org.jhotdraw.draw.text.FloatingTextField;9;0.875;1.0
org.jhotdraw.draw.tool.AbstractTool;43;0.9047619047619048;0.7380952380952381
org.jhotdraw.draw.tool.BezierTool;18;0.7058823529411765;0.8235294117647058
org.jhotdraw.draw.tool.ConnectionTool;16;0.8;0.8
org.jhotdraw.draw.tool.CreationTool;13;0.8333333333333334;0.8333333333333334
org.jhotdraw.draw.tool.DefaultDragTracker;5;;
org.jhotdraw.draw.tool.DefaultHandleTracker;16;0.9333333333333333;0.9333333333333333
org.jhotdraw.draw.tool.DefaultSelectAreaTracker;12;0.8181818181818182;0.8181818181818182
org.jhotdraw.draw.tool.DelegationSelectionTool;11;0.9;0.8
org.jhotdraw.draw.tool.DnDTracker;5;;
org.jhotdraw.draw.tool.ImageTool;5;1.0;0.75
org.jhotdraw.draw.tool.SelectionTool;23;0.9090909090909091;0.7272727272727273
org.jhotdraw.draw.tool.TextAreaCreationTool;9;0.75;0.875
org.jhotdraw.draw.tool.TextAreaEditingTool;8;0.7142857142857143;0.8571428571428571
org.jhotdraw.draw.tool.TextCreationTool;11;0.7;0.9
org.jhotdraw.draw.tool.TextEditingTool;10;0.6666666666666666;0.8888888888888888
org.jhotdraw.geom.Bezier;36;0.9714285714285714;0.8857142857142857
org.jhotdraw.geom.BezierPath;42;0.9024390243902439;0.8292682926829268
org.jhotdraw.geom.BezierPathIterator;5;;
org.jhotdraw.geom.ConvexHull;9;;
org.jhotdraw.geom.Dimension2DDouble;8;0.8571428571428571;0.8571428571428571
org.jhotdraw.geom.Insets2D;15;1.0;0.9285714285714286
org.jhotdraw.geom.Polygon2D;17;0.9375;0.8125
org.jhotdraw.geom.QuadTree;7;;
org.jhotdraw.gui.JDisclosureToolBar;6;0.8;0.8
org.jhotdraw.gui.JFontChooser;18;0.7058823529411765;0.8235294117647058
org.jhotdraw.gui.JLifeFormattedTextArea;6;0.8;1.0
org.jhotdraw.gui.JLifeFormattedTextField;7;0.8333333333333334;0.8333333333333334
org.jhotdraw.gui.JPopupButton;22;0.9047619047619048;0.8095238095238095
org.jhotdraw.gui.JSheet;45;0.8409090909090909;0.75
org.jhotdraw.gui.ToolBarLayout;10;;
org.jhotdraw.gui.VerticalGridLayout;16;1.0;0.8
org.jhotdraw.gui.Worker;10;0.6666666666666666;0.7777777777777778
org.jhotdraw.gui.datatransfer.CompositeTransferable;5;1.0;1.0
org.jhotdraw.gui.event.GenericListener;6;0.8;0.8
org.jhotdraw.gui.event.SheetEvent;7;;
org.jhotdraw.gui.fontchooser.AbstractFontChooserModel;9;0.75;0.875
org.jhotdraw.gui.fontchooser.DefaultFontChooserModel;9;0.875;1.0
org.jhotdraw.gui.fontchooser.FontCollectionNode;23;0.8636363636363636;0.8636363636363636
org.jhotdraw.gui.fontchooser.FontFaceNode;21;0.9;0.9
org.jhotdraw.gui.fontchooser.FontFamilyNode;23;0.8636363636363636;0.8636363636363636
org.jhotdraw.gui.plaf.palette.MultiIcon;6;0.8;1.0
org.jhotdraw.gui.plaf.palette.PaletteButtonBorder;5;0.5;1.0
org.jhotdraw.gui.plaf.palette.PaletteColorChooserUI;12;0.8181818181818182;0.8181818181818182
org.jhotdraw.gui.plaf.palette.PaletteFontChooserUI;15;0.8571428571428571;0.7142857142857143
org.jhotdraw.gui.plaf.palette.PaletteFormattedTextFieldUI;5;1.0;1.0
org.jhotdraw.gui.plaf.palette.PaletteLabelUI;7;1.0;1.0
org.jhotdraw.gui.plaf.palette.PaletteLookAndFeel;21;0.95;0.85
org.jhotdraw.gui.plaf.palette.PalettePanelUI;5;0.75;1.0
org.jhotdraw.gui.plaf.palette.PaletteTabbedPaneUI;16;0.9333333333333333;0.9333333333333333
org.jhotdraw.gui.plaf.palette.PaletteToolBarBorder;5;0.75;1.0
org.jhotdraw.gui.plaf.palette.PaletteToolBarUI;51;0.78;0.76
org.jhotdraw.gui.plaf.palette.PaletteUtilities;6;0.8;0.8
org.jhotdraw.gui.plaf.palette.colorchooser.ColorIcon;5;1.0;1.0
org.jhotdraw.gui.plaf.palette.colorchooser.ColorSliderTextFieldHandler;5;0.75;1.0
org.jhotdraw.gui.plaf.palette.colorchooser.PaletteCMYKChooser;12;0.9090909090909091;0.8181818181818182
org.jhotdraw.gui.plaf.palette.colorchooser.PaletteColorSlidersChooser;8;0.8571428571428571;1.0
org.jhotdraw.gui.plaf.palette.colorchooser.PaletteColorWheelChooser;7;0.6666666666666666;0.8333333333333334
org.jhotdraw.gui.plaf.palette.colorchooser.PaletteHSBChooser;11;0.9;0.8
org.jhotdraw.gui.plaf.palette.colorchooser.PaletteRGBChooser;11;0.9;0.8
org.jhotdraw.io.Base64;16;0.7333333333333333;0.8
org.jhotdraw.io.BoundedRangeInputStream;20;0.8947368421052632;0.9473684210526315
org.jhotdraw.io.StreamPosTokenizer;30;0.9310344827586207;0.896551724137931
org.jhotdraw.samples.color.JMixer;7;1.0;1.0
org.jhotdraw.samples.color.WheelsAndSlidersMain;8;0.8571428571428571;1.0
org.jhotdraw.samples.draw.DrawApplet;12;0.6363636363636364;0.7272727272727273
org.jhotdraw.samples.draw.DrawApplicationModel;7;0.8333333333333334;1.0
org.jhotdraw.samples.draw.DrawLiveConnectApplet;10;0.8888888888888888;0.7777777777777778
org.jhotdraw.samples.draw.DrawView;11;0.7;0.8
org.jhotdraw.samples.draw.DrawingPanel;7;0.8333333333333334;1.0
org.jhotdraw.samples.mini.BezierDemo;9;0.875;0.75
org.jhotdraw.samples.mini.SVGDrawingPanelSample;6;0.8;1.0
org.jhotdraw.samples.mini.StraightLineFigure;9;;
org.jhotdraw.samples.net.NetApplet;12;0.6363636363636364;0.8181818181818182
org.jhotdraw.samples.net.NetApplicationModel;8;0.7142857142857143;0.8571428571428571
org.jhotdraw.samples.net.NetPanel;6;1.0;1.0
org.jhotdraw.samples.net.NetView;15;0.8571428571428571;0.8571428571428571
org.jhotdraw.samples.net.figures.NodeFigure;11;0.9;1.0
org.jhotdraw.samples.odg.ODGApplicationModel;13;0.9166666666666666;0.75
org.jhotdraw.samples.odg.ODGDrawingPanel;7;1.0;1.0
org.jhotdraw.samples.odg.ODGView;19;0.7777777777777778;0.7222222222222222
org.jhotdraw.samples.odg.figures.ODGBezierFigure;6;0.8;1.0
org.jhotdraw.samples.odg.figures.ODGEllipseFigure;20;0.8947368421052632;0.8421052631578947
org.jhotdraw.samples.odg.figures.ODGGroupFigure;10;0.8888888888888888;1.0
org.jhotdraw.samples.odg.figures.ODGPathFigure;24;0.9130434782608695;0.9565217391304348
org.jhotdraw.samples.odg.figures.ODGPathOutlineHandle;7;0.8333333333333334;1.0
org.jhotdraw.samples.odg.figures.ODGRectFigure;27;0.8846153846153846;0.8461538461538461
org.jhotdraw.samples.odg.figures.ODGRectRadiusHandle;7;0.8333333333333334;1.0
org.jhotdraw.samples.odg.geom.EnhancedPath;25;0.9583333333333334;0.8333333333333334
org.jhotdraw.samples.odg.io.ODGInputFormat;45;0.8636363636363636;0.8409090909090909
org.jhotdraw.samples.odg.io.ODGStylesReader;24;0.9130434782608695;0.9130434782608695
org.jhotdraw.samples.pert.PertApplet;12;0.7272727272727273;0.8181818181818182
org.jhotdraw.samples.pert.PertApplicationModel;8;0.7142857142857143;0.8571428571428571
org.jhotdraw.samples.pert.PertPanel;6;1.0;1.0
org.jhotdraw.samples.pert.PertView;15;0.8571428571428571;0.7857142857142857
org.jhotdraw.samples.pert.figures.DependencyFigure;7;;
org.jhotdraw.samples.pert.figures.TaskFigure;22;0.8571428571428571;0.8095238095238095
org.jhotdraw.samples.svg.LinearGradient;21;0.85;0.8
org.jhotdraw.samples.svg.RadialGradient;21;0.85;0.8
org.jhotdraw.samples.svg.SVGApplet;16;0.6666666666666666;0.8
org.jhotdraw.samples.svg.SVGApplicationModel;8;1.0;1.0
org.jhotdraw.samples.svg.SVGCreateFromFileTool;6;1.0;0.8
org.jhotdraw.samples.svg.SVGView;15;0.7142857142857143;0.7857142857142857
org.jhotdraw.samples.svg.action.CombineAction;8;0.5714285714285714;0.7142857142857143
org.jhotdraw.samples.svg.figures.ConvexHullOutlineHandle;8;;
org.jhotdraw.samples.svg.figures.LinkHandle;7;;
org.jhotdraw.samples.svg.figures.SVGBezierFigure;9;0.875;0.875
org.jhotdraw.samples.svg.figures.SVGEllipseFigure;19;0.8888888888888888;0.7777777777777778
org.jhotdraw.samples.svg.figures.SVGGroupFigure;10;;
org.jhotdraw.samples.svg.figures.SVGImageFigure;29;0.8928571428571429;0.8571428571428571
org.jhotdraw.samples.svg.figures.SVGPathFigure;23;0.9090909090909091;0.9090909090909091
org.jhotdraw.samples.svg.figures.SVGPathOutlineHandle;7;;
org.jhotdraw.samples.svg.figures.SVGRectFigure;25;0.9166666666666666;0.75
org.jhotdraw.samples.svg.figures.SVGRectRadiusHandle;8;0.8571428571428571;0.8571428571428571
org.jhotdraw.samples.svg.figures.SVGTextAreaFigure;34;0.9090909090909091;0.9393939393939394
org.jhotdraw.samples.svg.figures.SVGTextFigure;37;0.9166666666666666;0.8888888888888888
org.jhotdraw.samples.svg.gui.AbstractToolBar;11;0.7;0.8
org.jhotdraw.samples.svg.gui.ActionsToolBar;9;0.75;0.875
org.jhotdraw.samples.svg.gui.FillToolBar;5;1.0;1.0
org.jhotdraw.samples.svg.gui.FontToolBar;5;1.0;1.0
org.jhotdraw.samples.svg.gui.MessagePanel;6;1.0;0.8
org.jhotdraw.samples.svg.gui.ProgressIndicator;13;0.9166666666666666;0.9166666666666666
org.jhotdraw.samples.svg.gui.StrokeToolBar;5;1.0;1.0
org.jhotdraw.samples.svg.gui.ToolsToolBar;5;0.75;1.0
org.jhotdraw.samples.svg.io.DefaultSVGFigureFactory;13;;
org.jhotdraw.samples.svg.io.ImageMapOutputFormat;25;0.875;0.7916666666666666
org.jhotdraw.samples.svg.io.SVGOutputFormat;51;0.9;0.78
org.jhotdraw.samples.teddy.CharacterSetAccessory;5;1.0;1.0
org.jhotdraw.samples.teddy.FindDialog;10;;
org.jhotdraw.samples.teddy.JEditorArea;9;0.875;1.0
org.jhotdraw.samples.teddy.TeddyApplicationModel;6;;
org.jhotdraw.samples.teddy.TeddyView;29;0.7142857142857143;0.75
org.jhotdraw.samples.teddy.io.LFWriter;5;0.75;1.0
org.jhotdraw.samples.teddy.regex.Matcher;10;1.0;1.0
org.jhotdraw.text.ColorFormatter;12;0.8181818181818182;0.9090909090909091
org.jhotdraw.text.FontFormatter;10;0.8888888888888888;0.8888888888888888
org.jhotdraw.text.JavaNumberFormatter;31;0.9;0.9
org.jhotdraw.util.Images;7;;
org.jhotdraw.util.Methods;22;;
org.jhotdraw.util.ResourceBundleUtil;32;0.8709677419354839;0.8064516129032258
org.jhotdraw.util.prefs.ToolBarPrefsHandler;8;0.8571428571428571;1.0
org.jhotdraw.xml.DefaultDOMFactory;9;1.0;0.875
org.jhotdraw.xml.JavaPrimitivesDOMFactory;9;0.75;0.875
org.jhotdraw.xml.JavaxDOMOutput;20;0.9473684210526315;0.8947368421052632
org.jhotdraw.xml.NanoXMLDOMInput;17;;
org.jhotdraw.xml.NanoXMLDOMOutput;21;1.0;0.9
org.jhotdraw.xml.css.CSSParser;6;1.0;0.8
org.jhotdraw.xml.css.CSSRule;6;1.0;1.0
