file;entities;metric;metric_random
junit.extensions.TestDecorator;5;0.75;1.0
junit.framework.Assert;38;0.972972972972973;1.0
junit.framework.ComparisonCompactor;7;1.0;1.0
junit.framework.JUnit4TestAdapter;10;0.7777777777777778;0.8888888888888888
junit.framework.JUnit4TestAdapterCache;5;0.75;1.0
junit.framework.TestCase;11;0.8;0.9
junit.framework.TestFailure;6;0.8;1.0
junit.framework.TestResult;17;0.875;0.9375
junit.runner.BaseTestRunner;29;0.8928571428571429;0.7857142857142857
junit.textui.ResultPrinter;16;0.8;0.8666666666666667
junit.textui.TestRunner;15;0.7142857142857143;0.7857142857142857
org.junit.Assert;46;0.8888888888888888;0.7777777777777778
org.junit.experimental.theories.Theories;6;0.8;1.0
org.junit.experimental.theories.internal.AllMembersSupplier;6;1.0;1.0
org.junit.experimental.theories.internal.Assignments;13;0.9166666666666666;1.0
org.junit.internal.TextListener;10;0.8888888888888888;0.7777777777777778
org.junit.internal.builders.AllDefaultPossibilitiesBuilder;6;0.8;1.0
org.junit.internal.matchers.IsCollectionContaining;6;0.8;1.0
org.junit.internal.runners.ClassRoadie;5;0.75;1.0
org.junit.internal.runners.ErrorReportingRunner;5;1.0;1.0
org.junit.internal.runners.JUnit38ClassRunner;6;0.6;0.8
org.junit.internal.runners.JUnit4ClassRunner;17;0.75;0.8125
org.junit.internal.runners.MethodRoadie;8;0.7142857142857143;0.8571428571428571
org.junit.internal.runners.MethodValidator;6;1.0;0.8
org.junit.internal.runners.TestClass;11;0.8;0.8
org.junit.internal.runners.TestMethod;8;0.8571428571428571;0.8571428571428571
org.junit.internal.runners.model.EachTestNotifier;5;;
org.junit.matchers.JUnitMatchers;8;;
org.junit.runner.JUnitCore;12;0.9090909090909091;0.9090909090909091
org.junit.runner.Request;10;0.8888888888888888;1.0
org.junit.runner.Result;7;;
org.junit.runner.notification.Failure;6;0.8;1.0
org.junit.runner.notification.RunListener;7;;
org.junit.runner.notification.RunNotifier;11;;
org.junit.runners.BlockJUnit4ClassRunner;23;0.8636363636363636;0.7727272727272727
org.junit.runners.ParentRunner;22;0.9047619047619048;0.7619047619047619
org.junit.runners.model.FrameworkMethod;13;0.75;0.8333333333333334
org.junit.runners.model.RunnerBuilder;6;0.8;0.8
org.junit.runners.model.TestClass;11;0.7;0.8
