file;entities;metric;metric_random
org.lwjgl.BufferChecks;30;0.9655172413793104;0.9310344827586207
org.lwjgl.BufferUtils;18;1.0;1.0
org.lwjgl.DefaultSysImplementation;8;;
org.lwjgl.LWJGLUtil;13;0.9166666666666666;0.9166666666666666
org.lwjgl.NondirectBufferWrapper;49;0.9791666666666666;0.8125
org.lwjgl.PointerBuffer;43;0.9761904761904762;0.9761904761904762
org.lwjgl.PointerWrapperAbstract;6;;
org.lwjgl.WindowsSysImplementation;12;0.7272727272727273;0.8181818181818182
org.lwjgl.examples.Game;6;1.0;1.0
org.lwjgl.examples.spaceinvaders.Entity;11;;
org.lwjgl.examples.spaceinvaders.Game;18;0.8235294117647058;0.9411764705882353
org.lwjgl.examples.spaceinvaders.GameApplet;6;0.8;1.0
org.lwjgl.examples.spaceinvaders.SoundManager;6;;
org.lwjgl.examples.spaceinvaders.Texture;11;1.0;0.9
org.lwjgl.examples.spaceinvaders.TextureLoader;6;0.8;0.8
org.lwjgl.input.ControllerEvent;10;;
org.lwjgl.input.Controllers;19;0.9444444444444444;0.9444444444444444
org.lwjgl.input.Cursor;12;0.8181818181818182;0.7272727272727273
org.lwjgl.input.JInputController;31;;
org.lwjgl.input.Keyboard;22;0.8095238095238095;0.9047619047619048
org.lwjgl.input.Mouse;36;0.8857142857142857;0.8857142857142857
org.lwjgl.openal.AL;12;0.7272727272727273;0.8181818181818182
org.lwjgl.openal.ALC10;31;0.5333333333333333;0.8333333333333334
org.lwjgl.openal.ALC11;12;0.6363636363636364;0.8181818181818182
org.lwjgl.openal.ALCdevice;5;0.75;1.0
org.lwjgl.opencl.APIUtil;33;0.90625;0.9375
org.lwjgl.opencl.CL;10;0.8888888888888888;0.8888888888888888
org.lwjgl.opencl.CLChecks;7;1.0;0.8333333333333334
org.lwjgl.opencl.CLCommandQueue;6;1.0;0.8
org.lwjgl.opencl.CLContext;22;1.0;0.8571428571428571
org.lwjgl.opencl.CLDevice;14;1.0;0.9230769230769231
org.lwjgl.opencl.CLKernel;14;1.0;0.9230769230769231
org.lwjgl.opencl.CLMem;16;1.0;0.9333333333333333
org.lwjgl.opencl.CLObjectRegistry;7;1.0;1.0
org.lwjgl.opencl.CLPlatform;15;0.9285714285714286;0.8571428571428571
org.lwjgl.opencl.CLProgram;13;1.0;0.9166666666666666
org.lwjgl.opencl.CallbackUtil;14;0.9230769230769231;0.9230769230769231
org.lwjgl.opencl.FastLongMap;12;0.8181818181818182;0.9090909090909091
org.lwjgl.opencl.InfoUtilAbstract;9;0.875;0.875
org.lwjgl.opengl.APIUtil;19;0.8333333333333334;0.9444444444444444
org.lwjgl.opengl.AWTSurfaceLock;6;0.6;0.8
org.lwjgl.opengl.AWTUtil;11;0.9;0.9
org.lwjgl.opengl.AbstractDrawable;8;1.0;1.0
org.lwjgl.opengl.CallbackUtil;9;0.875;0.875
org.lwjgl.opengl.ContextAttribs;18;0.8823529411764706;0.9411764705882353
org.lwjgl.opengl.DisplayMode;8;;
org.lwjgl.opengl.FastIntMap;12;0.8181818181818182;0.9090909090909091
org.lwjgl.opengl.GLChecks;23;1.0;0.9090909090909091
org.lwjgl.opengl.GLContext;15;0.7142857142857143;0.8571428571428571
org.lwjgl.opengl.KeyboardEventQueue;12;0.8181818181818182;0.9090909090909091
org.lwjgl.opengl.LinuxCanvasImplementation;6;0.8;1.0
org.lwjgl.opengl.LinuxContextAttribs;9;;
org.lwjgl.opengl.LinuxContextImplementation;18;0.5882352941176471;0.7647058823529411
org.lwjgl.opengl.LinuxDisplay;140;0.7553956834532374;0.7410071942446043
org.lwjgl.opengl.LinuxDisplayPeerInfo;5;0.25;1.0
org.lwjgl.opengl.LinuxEvent;53;0.5192307692307693;0.7884615384615384
org.lwjgl.opengl.LinuxKeyboard;34;0.9090909090909091;0.9393939393939394
org.lwjgl.opengl.LinuxMouse;24;0.8260869565217391;0.8695652173913043
org.lwjgl.opengl.LinuxPbufferPeerInfo;5;0.5;0.75
org.lwjgl.opengl.LinuxPeerInfo;5;0.5;1.0
org.lwjgl.opengl.MacOSXCanvasListener;10;0.8888888888888888;1.0
org.lwjgl.opengl.MacOSXContextAttribs;9;;
org.lwjgl.opengl.MacOSXContextImplementation;20;0.5263157894736842;0.8421052631578947
org.lwjgl.opengl.MacOSXFrame;21;0.95;1.0
org.lwjgl.opengl.MacOSXMouseEventQueue;8;0.7142857142857143;0.8571428571428571
org.lwjgl.opengl.MacOSXPbufferPeerInfo;5;0.5;0.75
org.lwjgl.opengl.MacOSXPeerInfo;5;0.75;1.0
org.lwjgl.opengl.MouseEventQueue;25;0.5416666666666666;0.8333333333333334
org.lwjgl.opengl.Pbuffer;8;0.8571428571428571;1.0
org.lwjgl.opengl.PeerInfo;7;0.5;0.8333333333333334
org.lwjgl.opengl.PixelFormat;25;;
org.lwjgl.opengl.StateTracker;13;0.8333333333333334;1.0
org.lwjgl.opengl.WindowsContextAttribs;9;;
org.lwjgl.opengl.WindowsContextImplementation;18;0.5882352941176471;0.8235294117647058
org.lwjgl.opengl.WindowsDisplay;111;0.7909090909090909;0.7545454545454545
org.lwjgl.opengl.WindowsDisplayPeerInfo;6;0.6;0.8
org.lwjgl.opengl.WindowsKeyboard;18;0.8235294117647058;0.8823529411764706
org.lwjgl.opengl.WindowsMouse;16;0.8;0.9333333333333333
org.lwjgl.opengl.WindowsPbufferPeerInfo;13;0.5;0.8333333333333334
org.lwjgl.opengl.WindowsPeerInfo;8;0.42857142857142855;0.8571428571428571
org.lwjgl.test.DisplayTest;8;0.8571428571428571;0.8571428571428571
org.lwjgl.test.SysTest;9;0.875;1.0
org.lwjgl.test.WaveDataTest;7;0.8333333333333334;1.0
org.lwjgl.test.WindowCreationTest;10;0.7777777777777778;0.7777777777777778
org.lwjgl.test.applet.GearsApplet;10;0.8888888888888888;0.8888888888888888
org.lwjgl.test.applet.OpenAL;5;0.75;1.0
org.lwjgl.test.glu.tessellation.TessellationTest;13;0.9166666666666666;0.8333333333333334
org.lwjgl.test.input.HWCursorTest;12;0.9090909090909091;0.9090909090909091
org.lwjgl.test.input.KeyboardTest;9;0.625;0.875
org.lwjgl.test.input.MouseCreationTest;7;0.5;0.8333333333333334
org.lwjgl.test.input.MouseTest;17;0.8125;0.9375
org.lwjgl.test.openal.BasicTest;5;;
org.lwjgl.test.openal.EFX10Test;5;1.0;1.0
org.lwjgl.test.openal.OpenALCreationTest;7;0.8333333333333334;0.8333333333333334
org.lwjgl.test.openal.OpenALInfo;8;0.8571428571428571;1.0
org.lwjgl.test.openal.PositionTest;9;0.875;0.875
org.lwjgl.test.openal.StressTest;7;0.6666666666666666;0.8333333333333334
org.lwjgl.test.opencl.HelloOpenCL;5;0.75;1.0
org.lwjgl.test.opencl.gl.DemoFractal;16;0.9333333333333333;0.9333333333333333
org.lwjgl.test.opengl.FullScreenWindowedTest;11;0.9;1.0
org.lwjgl.test.opengl.Gears;6;1.0;1.0
org.lwjgl.test.opengl.PbufferTest;13;0.9166666666666666;1.0
org.lwjgl.test.opengl.SyncTest;6;0.8;1.0
org.lwjgl.test.opengl.VBOIndexTest;5;1.0;1.0
org.lwjgl.test.opengl.VBOTest;5;1.0;1.0
org.lwjgl.test.opengl.VersionTest;6;0.8;0.8
org.lwjgl.test.opengl.awt.AWTGearsCanvas;5;0.75;1.0
org.lwjgl.test.opengl.awt.DemoBox;5;0.75;1.0
org.lwjgl.test.opengl.multithread.BackgroundLoadTest;9;0.75;0.875
org.lwjgl.test.opengl.multithread.BackgroundLoader;7;1.0;0.8333333333333334
org.lwjgl.test.opengl.pbuffers.PbufferTest;11;0.8;0.8
org.lwjgl.test.opengl.shaders.Shader;7;0.8333333333333334;1.0
org.lwjgl.test.opengl.shaders.ShadersTest;13;0.8333333333333334;0.9166666666666666
org.lwjgl.util.Color;38;;
org.lwjgl.util.Dimension;10;;
org.lwjgl.util.Point;13;;
org.lwjgl.util.Rectangle;35;;
org.lwjgl.util.Timer;8;;
org.lwjgl.util.WaveData;8;1.0;1.0
org.lwjgl.util.XPMFile;11;0.9;0.9
org.lwjgl.util.applet.AppletLoader;43;0.8571428571428571;0.7857142857142857
org.lwjgl.util.generator.GeneratorVisitor;10;0.8888888888888888;1.0
org.lwjgl.util.generator.JNITypeTranslator;13;;
org.lwjgl.util.generator.JavaMethodsGenerator;22;1.0;0.9523809523809523
org.lwjgl.util.generator.JavaTypeTranslator;15;0.9285714285714286;0.9285714285714286
org.lwjgl.util.generator.NativeTypeTranslator;21;0.9;0.9
org.lwjgl.util.generator.PostfixTranslator;17;0.8125;0.875
org.lwjgl.util.generator.SignatureTranslator;14;0.9230769230769231;0.9230769230769231
org.lwjgl.util.generator.TypeInfo;11;0.8;0.9
org.lwjgl.util.generator.Utils;34;0.9090909090909091;0.8787878787878788
org.lwjgl.util.generator.openal.ALTypeMap;20;0.9473684210526315;0.9473684210526315
org.lwjgl.util.generator.opencl.CLCapabilitiesGenerator;6;0.8;1.0
org.lwjgl.util.generator.opencl.CLGeneratorProcessorFactory;5;1.0;1.0
org.lwjgl.util.generator.opencl.CLPDCapabilitiesGenerator;5;0.75;1.0
org.lwjgl.util.generator.opencl.CLTypeMap;20;0.9473684210526315;1.0
org.lwjgl.util.generator.opengl.GLCapabilitiesGenerator;14;0.7692307692307693;0.9230769230769231
org.lwjgl.util.generator.opengl.GLTypeMap;20;0.9473684210526315;0.9473684210526315
org.lwjgl.util.glu.GLU;12;;
org.lwjgl.util.glu.GLUtessellatorCallbackAdapter;12;;
org.lwjgl.util.glu.Project;9;0.875;0.875
org.lwjgl.util.glu.Quadric;12;0.9090909090909091;0.9090909090909091
org.lwjgl.util.glu.Util;7;;
org.lwjgl.util.glu.tessellation.Dict;11;;
org.lwjgl.util.glu.tessellation.GLUtessellatorImpl;26;0.92;0.76
org.lwjgl.util.glu.tessellation.Geom;13;;
org.lwjgl.util.glu.tessellation.Mesh;19;0.7777777777777778;0.8888888888888888
org.lwjgl.util.glu.tessellation.Normal;6;0.6;0.8
org.lwjgl.util.glu.tessellation.PriorityQ;9;1.0;1.0
org.lwjgl.util.glu.tessellation.PriorityQHeap;9;;
org.lwjgl.util.glu.tessellation.PriorityQSort;10;0.8888888888888888;0.8888888888888888
org.lwjgl.util.input.ControllerAdapter;31;;
org.lwjgl.util.jinput.LWJGLMouse;5;0.5;0.75
org.lwjgl.util.vector.Matrix;10;;
org.lwjgl.util.vector.Matrix2f;24;;
org.lwjgl.util.vector.Matrix3f;24;;
org.lwjgl.util.vector.Matrix4f;36;0.9714285714285714;1.0
org.lwjgl.util.vector.Quaternion;34;1.0;0.9696969696969697
org.lwjgl.util.vector.Vector;7;;
org.lwjgl.util.vector.Vector2f;19;;
org.lwjgl.util.vector.Vector3f;23;;
org.lwjgl.util.vector.Vector4f;25;;
