file;entities;metric;metric_random
net.sourceforge.pmd.AbstractDelegateRule;43;;
net.sourceforge.pmd.AbstractJavaRule;117;0.9827586206896551;0.9568965517241379
net.sourceforge.pmd.AbstractRuleChainVisitor;7;1.0;0.8333333333333334
net.sourceforge.pmd.CommandLineOptions;19;;
net.sourceforge.pmd.CommonAbstractRule;61;0.9166666666666666;0.8833333333333333
net.sourceforge.pmd.Report;22;;
net.sourceforge.pmd.RuleContext;12;;
net.sourceforge.pmd.RuleReference;19;0.6111111111111112;0.8333333333333334
net.sourceforge.pmd.RuleSet;31;;
net.sourceforge.pmd.RuleSetFactory;18;0.9411764705882353;0.8235294117647058
net.sourceforge.pmd.RuleSetReference;7;;
net.sourceforge.pmd.RuleSetWriter;16;1.0;1.0
net.sourceforge.pmd.RuleSets;12;;
net.sourceforge.pmd.RuleViolation;14;0.9230769230769231;0.9230769230769231
net.sourceforge.pmd.SourceFileSelector;6;;
net.sourceforge.pmd.SourceType;6;;
net.sourceforge.pmd.SourceTypeDiscoverer;5;0.75;1.0
net.sourceforge.pmd.ant.PMDTask;29;0.9285714285714286;0.9285714285714286
net.sourceforge.pmd.cpd.AbstractTokenizer;8;1.0;1.0
net.sourceforge.pmd.cpd.CPDTask;15;0.9285714285714286;0.8571428571428571
net.sourceforge.pmd.cpd.LanguageFactory;5;1.0;1.0
net.sourceforge.pmd.cpd.Match;17;;
net.sourceforge.pmd.cpd.MatchAlgorithm;6;1.0;1.0
net.sourceforge.pmd.cpd.MatchCollector;6;1.0;1.0
net.sourceforge.pmd.cpd.TokenEntry;10;;
net.sourceforge.pmd.cpd.Tokens;6;0.8;1.0
net.sourceforge.pmd.dcd.ClassLoaderUtil;11;0.8;1.0
net.sourceforge.pmd.dcd.DumpNodeVisitor;13;0.9166666666666666;1.0
net.sourceforge.pmd.dcd.UsageNodeVisitor;8;1.0;1.0
net.sourceforge.pmd.dcd.asm.TypeSignatureVisitor;23;0.9545454545454546;0.9090909090909091
net.sourceforge.pmd.dcd.graph.ClassNode;12;;
net.sourceforge.pmd.dcd.graph.ConstructorNode;6;;
net.sourceforge.pmd.dcd.graph.MemberNode;15;;
net.sourceforge.pmd.dcd.graph.NodeVisitorAdapter;12;;
net.sourceforge.pmd.dcd.graph.UsageGraph;10;1.0;1.0
net.sourceforge.pmd.dcd.graph.UsageGraphBuilder;8;0.7142857142857143;0.7142857142857143
net.sourceforge.pmd.dfa.DaaRule;8;0.8571428571428571;0.8571428571428571
net.sourceforge.pmd.dfa.DataFlowNode;15;1.0;1.0
net.sourceforge.pmd.dfa.Linker;8;1.0;1.0
net.sourceforge.pmd.dfa.StatementAndBraceFinder;15;1.0;0.9285714285714286
net.sourceforge.pmd.dfa.Structure;8;0.8571428571428571;1.0
net.sourceforge.pmd.dfa.pathfinder.CurrentPath;12;1.0;1.0
net.sourceforge.pmd.dfa.pathfinder.DAAPathFinder;19;1.0;1.0
net.sourceforge.pmd.dfa.report.AbstractReportNode;14;0.9230769230769231;1.0
net.sourceforge.pmd.dfa.report.ReportTree;6;1.0;1.0
net.sourceforge.pmd.dfa.variableaccess.VariableAccess;7;;
net.sourceforge.pmd.dfa.variableaccess.VariableAccessVisitor;7;1.0;0.8333333333333334
net.sourceforge.pmd.jaxen.AttributeAxisIterator;5;0.75;1.0
net.sourceforge.pmd.jaxen.DocumentNavigator;29;;
net.sourceforge.pmd.jaxen.NodeIterator;10;0.8888888888888888;0.8888888888888888
net.sourceforge.pmd.jsp.ast.JJTJspParserState;11;;
net.sourceforge.pmd.jsp.ast.JspParserVisitorAdapter;22;;
net.sourceforge.pmd.jsp.ast.SimpleNode;5;;
net.sourceforge.pmd.jsp.ast.StartAndEndTagMismatchException;5;;
net.sourceforge.pmd.jsp.rules.AbstractJspRule;29;0.8928571428571429;0.8928571428571429
net.sourceforge.pmd.properties.AbstractPMDProperty;20;0.7894736842105263;0.8421052631578947
net.sourceforge.pmd.properties.EnumeratedProperty;6;0.6;1.0
net.sourceforge.pmd.properties.MethodProperty;5;1.0;1.0
net.sourceforge.pmd.properties.StringProperty;6;0.6;0.8
net.sourceforge.pmd.properties.TypeProperty;5;0.75;0.75
net.sourceforge.pmd.renderers.AbstractRenderer;8;;
net.sourceforge.pmd.renderers.CSVRenderer;5;1.0;1.0
net.sourceforge.pmd.renderers.HTMLRenderer;8;1.0;0.8571428571428571
net.sourceforge.pmd.renderers.IDEAJRenderer;7;1.0;0.8333333333333334
net.sourceforge.pmd.renderers.OnTheFlyRenderer;5;;
net.sourceforge.pmd.renderers.PapariTextRenderer;5;0.5;1.0
net.sourceforge.pmd.renderers.VBHTMLRenderer;5;1.0;1.0
net.sourceforge.pmd.renderers.XMLRenderer;7;1.0;0.8333333333333334
net.sourceforge.pmd.renderers.XSLTRenderer;5;0.75;1.0
net.sourceforge.pmd.rules.AbstractInefficientZeroCheck;5;1.0;1.0
net.sourceforge.pmd.rules.AbstractPoorMethodCall;6;0.8;0.8
net.sourceforge.pmd.rules.AccessorClassGeneration;10;1.0;0.8888888888888888
net.sourceforge.pmd.rules.BeanMembersShouldSerializeRule;6;0.6;0.8
net.sourceforge.pmd.rules.CouplingBetweenObjects;11;0.9;1.0
net.sourceforge.pmd.rules.CyclomaticComplexity;12;;
net.sourceforge.pmd.rules.DoubleCheckedLocking;5;1.0;1.0
net.sourceforge.pmd.rules.ImportWrapper;5;;
net.sourceforge.pmd.rules.SimplifyBooleanReturns;10;1.0;0.8888888888888888
net.sourceforge.pmd.rules.UselessOverridingMethod;8;0.8571428571428571;0.8571428571428571
net.sourceforge.pmd.rules.VariableNamingConventions;9;0.75;0.75
net.sourceforge.pmd.rules.XPathRule;6;0.8;1.0
net.sourceforge.pmd.rules.basic.BrokenNullCheck;6;1.0;1.0
net.sourceforge.pmd.rules.codesize.AbstractNcssCount;18;0.9411764705882353;1.0
net.sourceforge.pmd.rules.codesize.NcssTypeCount;8;1.0;1.0
net.sourceforge.pmd.rules.design.ConfusingTernary;7;1.0;1.0
net.sourceforge.pmd.rules.design.GenericClassCounterRule;9;0.75;0.875
net.sourceforge.pmd.rules.design.ImmutableField;6;1.0;1.0
net.sourceforge.pmd.rules.design.NpathComplexity;14;0.9230769230769231;0.8461538461538461
net.sourceforge.pmd.rules.design.PositionalIteratorRule;5;1.0;1.0
net.sourceforge.pmd.rules.design.UseSingleton;5;;
net.sourceforge.pmd.rules.imports.UnusedImportsRule;6;1.0;0.8
net.sourceforge.pmd.rules.junit.AbstractJUnitRule;7;1.0;0.8333333333333334
net.sourceforge.pmd.rules.strictexception.ExceptionSignatureDeclaration;7;1.0;0.8333333333333334
net.sourceforge.pmd.rules.strings.ConsecutiveLiteralAppends;10;0.8888888888888888;0.8888888888888888
net.sourceforge.pmd.rules.strings.InsufficientStringBufferDeclaration;11;1.0;1.0
net.sourceforge.pmd.rules.sunsecure.ArrayIsStoredDirectly;6;1.0;1.0
net.sourceforge.pmd.stat.DataPoint;7;;
net.sourceforge.pmd.stat.Metric;7;;
net.sourceforge.pmd.stat.StatisticalRule;8;1.0;0.8571428571428571
net.sourceforge.pmd.symboltable.AbstractScope;11;1.0;1.0
net.sourceforge.pmd.symboltable.ClassScope;12;0.9090909090909091;0.9090909090909091
net.sourceforge.pmd.symboltable.DummyScope;12;;
net.sourceforge.pmd.symboltable.LocalScope;5;;
net.sourceforge.pmd.symboltable.MethodNameDeclaration;7;;
net.sourceforge.pmd.symboltable.MethodScope;7;;
net.sourceforge.pmd.symboltable.NameOccurrence;20;0.8947368421052632;0.8421052631578947
net.sourceforge.pmd.symboltable.ScopeAndDeclarationFinder;21;0.95;0.85
net.sourceforge.pmd.symboltable.SourceFileScope;12;1.0;1.0
net.sourceforge.pmd.symboltable.TypeSet;6;1.0;1.0
net.sourceforge.pmd.symboltable.VariableNameDeclaration;12;;
net.sourceforge.pmd.typeresolution.ClassTypeResolver;50;0.9795918367346939;0.9183673469387755
net.sourceforge.pmd.typeresolution.rules.SignatureDeclareThrowsException;11;0.8;0.9
net.sourceforge.pmd.typeresolution.visitors.PMDASMVisitor;17;0.875;0.875
net.sourceforge.pmd.util.CollectionUtil;9;;
net.sourceforge.pmd.util.StringUtil;13;0.9166666666666666;0.9166666666666666
net.sourceforge.pmd.util.TypeMap;5;;
net.sourceforge.pmd.util.designer.CodeEditorTextPane;5;0.75;1.0
net.sourceforge.pmd.util.filter.AbstractCompoundFilter;5;0.75;1.0
net.sourceforge.pmd.util.filter.Filters;10;;
net.sourceforge.pmd.util.viewer.gui.MainFrame;5;0.5;1.0
net.sourceforge.pmd.util.viewer.model.ASTModel;9;1.0;1.0
net.sourceforge.pmd.util.viewer.model.SimpleNodeTreeNodeAdapter;10;0.8888888888888888;1.0
net.sourceforge.pmd.util.viewer.model.ViewerModel;10;1.0;1.0
