file;entities;metric;metric_random
net.sourceforge.stripes.action.ActionBeanContext;16;0.9333333333333333;0.9333333333333333
net.sourceforge.stripes.action.ErrorResolution;5;;
net.sourceforge.stripes.action.FileBean;10;0.8888888888888888;1.0
net.sourceforge.stripes.action.OnwardResolution;9;0.875;0.875
net.sourceforge.stripes.action.RedirectResolution;6;0.6;1.0
net.sourceforge.stripes.action.SimpleMessage;6;0.8;1.0
net.sourceforge.stripes.action.StreamingResolution;10;0.8888888888888888;0.8888888888888888
net.sourceforge.stripes.ajax.JavaScriptBuilder;15;1.0;0.9285714285714286
net.sourceforge.stripes.config.BootstrapPropertyResolver;10;0.6666666666666666;0.8888888888888888
net.sourceforge.stripes.config.DefaultConfiguration;38;0.5945945945945946;0.7837837837837838
net.sourceforge.stripes.config.RuntimeConfiguration;19;;
net.sourceforge.stripes.controller.AnnotatedClassActionResolver;24;0.7391304347826086;0.8260869565217391
net.sourceforge.stripes.controller.DefaultActionBeanPropertyBinder;18;0.7058823529411765;0.8823529411764706
net.sourceforge.stripes.controller.DefaultObjectFactory;11;1.0;0.9
net.sourceforge.stripes.controller.DispatcherHelper;13;;
net.sourceforge.stripes.controller.DispatcherServlet;14;0.7692307692307693;0.7692307692307693
net.sourceforge.stripes.controller.DynamicMappingFilter;12;0.9090909090909091;0.7272727272727273
net.sourceforge.stripes.controller.FlashScope;15;0.7857142857142857;0.8571428571428571
net.sourceforge.stripes.controller.NameBasedActionResolver;11;0.8;0.9
net.sourceforge.stripes.controller.ParameterName;7;1.0;0.8333333333333334
net.sourceforge.stripes.controller.StripesFilter;8;0.8571428571428571;0.8571428571428571
net.sourceforge.stripes.controller.UrlBinding;8;1.0;0.8571428571428571
net.sourceforge.stripes.controller.UrlBindingFactory;17;0.9375;0.8125
net.sourceforge.stripes.controller.UrlBindingParameter;7;1.0;0.8333333333333334
net.sourceforge.stripes.controller.multipart.CommonsMultipartWrapper;5;0.75;1.0
net.sourceforge.stripes.controller.multipart.CosMultipartWrapper;5;0.5;1.0
net.sourceforge.stripes.exception.DefaultExceptionHandler;9;0.75;0.875
net.sourceforge.stripes.format.DateFormatter;10;;
net.sourceforge.stripes.format.DefaultFormatterFactory;6;0.8;1.0
net.sourceforge.stripes.format.EnumFormatter;5;;
net.sourceforge.stripes.format.NumberFormatter;8;;
net.sourceforge.stripes.format.ObjectFormatter;5;;
net.sourceforge.stripes.integration.spring.SpringHelper;7;0.8333333333333334;1.0
net.sourceforge.stripes.localization.DefaultLocalizationBundleFactory;5;1.0;1.0
net.sourceforge.stripes.mock.MockBaseConfig;6;;
net.sourceforge.stripes.mock.MockHttpServletRequest;72;0.971830985915493;0.9859154929577465
net.sourceforge.stripes.mock.MockHttpServletResponse;40;;
net.sourceforge.stripes.mock.MockHttpSession;18;;
net.sourceforge.stripes.mock.MockRoundtrip;22;0.8095238095238095;0.8095238095238095
net.sourceforge.stripes.mock.MockServletContext;32;;
net.sourceforge.stripes.tag.DefaultPopulationStrategy;7;0.8333333333333334;1.0
net.sourceforge.stripes.tag.ErrorsTag;15;0.8571428571428571;0.8571428571428571
net.sourceforge.stripes.tag.FormTag;45;0.8863636363636364;0.8409090909090909
net.sourceforge.stripes.tag.FormatTag;10;0.8888888888888888;0.7777777777777778
net.sourceforge.stripes.tag.HtmlTagSupport;60;0.9491525423728814;0.864406779661017
net.sourceforge.stripes.tag.InputButtonSupportTag;6;0.8;0.8
net.sourceforge.stripes.tag.InputCheckBoxTag;9;0.875;0.875
net.sourceforge.stripes.tag.InputHiddenTag;6;0.8;1.0
net.sourceforge.stripes.tag.InputImageTag;10;0.8888888888888888;1.0
net.sourceforge.stripes.tag.InputLabelTag;9;0.875;0.875
net.sourceforge.stripes.tag.InputOptionTag;11;0.9;0.9
net.sourceforge.stripes.tag.InputOptionsCollectionTag;17;0.875;0.8125
net.sourceforge.stripes.tag.InputRadioButtonTag;9;0.875;0.875
net.sourceforge.stripes.tag.InputSelectTag;11;0.9;0.9
net.sourceforge.stripes.tag.InputTagSupport;35;0.7647058823529411;0.8235294117647058
net.sourceforge.stripes.tag.InputTextAreaTag;10;0.8888888888888888;1.0
net.sourceforge.stripes.tag.InputTextTag;9;0.875;0.875
net.sourceforge.stripes.tag.LinkTag;24;0.9130434782608695;0.9565217391304348
net.sourceforge.stripes.tag.LinkTagSupport;17;1.0;0.9375
net.sourceforge.stripes.tag.MessagesTag;5;0.75;1.0
net.sourceforge.stripes.tag.ParamTag;14;;
net.sourceforge.stripes.tag.StripesTagSupport;13;0.9166666666666666;0.9166666666666666
net.sourceforge.stripes.tag.UrlTag;10;0.7777777777777778;1.0
net.sourceforge.stripes.tag.UseActionBeanTag;17;0.9375;1.0
net.sourceforge.stripes.tag.VarTagSupport;5;1.0;1.0
net.sourceforge.stripes.tag.WizardFieldsTag;10;0.7777777777777778;0.8888888888888888
net.sourceforge.stripes.tag.layout.LayoutComponentRenderer;6;1.0;1.0
net.sourceforge.stripes.tag.layout.LayoutComponentTag;8;0.8571428571428571;0.8571428571428571
net.sourceforge.stripes.tag.layout.LayoutRenderTag;8;1.0;0.8571428571428571
net.sourceforge.stripes.tag.layout.LayoutTag;7;0.8333333333333334;1.0
net.sourceforge.stripes.tag.layout.LayoutWriter;10;0.7777777777777778;0.8888888888888888
net.sourceforge.stripes.util.CollectionUtil;6;;
net.sourceforge.stripes.util.ConcurrentHashSet;13;;
net.sourceforge.stripes.util.CryptoUtil;9;0.875;0.875
net.sourceforge.stripes.util.Literal;12;;
net.sourceforge.stripes.util.Log4JLogger;19;;
net.sourceforge.stripes.util.Range;9;1.0;0.875
net.sourceforge.stripes.util.ReflectUtil;14;0.9230769230769231;1.0
net.sourceforge.stripes.util.ResolverUtil;8;1.0;0.8571428571428571
net.sourceforge.stripes.util.StringUtil;5;;
net.sourceforge.stripes.util.TypeHandlerCache;14;0.9230769230769231;0.9230769230769231
net.sourceforge.stripes.util.UrlBuilder;14;0.9230769230769231;0.8461538461538461
net.sourceforge.stripes.util.bean.BeanUtil;5;1.0;1.0
net.sourceforge.stripes.util.bean.Node;8;0.8571428571428571;1.0
net.sourceforge.stripes.util.bean.NodeEvaluation;14;;
net.sourceforge.stripes.util.bean.PropertyExpression;6;0.8;0.8
net.sourceforge.stripes.util.bean.PropertyExpressionEvaluation;17;0.75;0.8125
net.sourceforge.stripes.validation.CreditCardTypeConverter;5;1.0;1.0
net.sourceforge.stripes.validation.DefaultTypeConverterFactory;6;0.8;0.8
net.sourceforge.stripes.validation.DefaultValidationMetadataProvider;9;1.0;0.875
net.sourceforge.stripes.validation.NumberTypeConverterSupport;5;1.0;1.0
net.sourceforge.stripes.validation.OneToManyTypeConverter;5;0.75;1.0
net.sourceforge.stripes.validation.ScopedLocalizableError;5;1.0;1.0
net.sourceforge.stripes.validation.SimpleError;13;0.8333333333333334;0.9166666666666666
net.sourceforge.stripes.validation.ValidationErrors;7;0.8333333333333334;1.0
net.sourceforge.stripes.validation.ValidationMetadata;29;0.9642857142857143;0.9285714285714286
net.sourceforge.stripes.vfs.DefaultVFS;7;0.8333333333333334;1.0
net.sourceforge.stripes.vfs.JBoss6VFS;6;1.0;1.0
net.sourceforge.stripes.vfs.VFS;9;0.5;0.875
