file;entities;metric;metric_random
com.eteks.sweethome3d.HomeFramePane;5;1.0;1.0
com.eteks.sweethome3d.SweetHome3D;21;0.8;0.7
com.eteks.sweethome3d.applet.AppletApplication;19;0.8333333333333334;0.7777777777777778
com.eteks.sweethome3d.applet.AppletContentManager;5;1.0;1.0
com.eteks.sweethome3d.applet.AppletUserPreferences;14;0.8461538461538461;0.8461538461538461
com.eteks.sweethome3d.applet.HomeAppletController;5;0.75;1.0
com.eteks.sweethome3d.applet.SweetHome3DApplet;9;0.875;0.875
com.eteks.sweethome3d.applet.SweetHome3DViewer;6;1.0;1.0
com.eteks.sweethome3d.applet.ViewerHelper;6;1.0;1.0
com.eteks.sweethome3d.io.AutoRecoveryManager;8;0.8571428571428571;1.0
com.eteks.sweethome3d.io.DefaultFurnitureCatalog;13;0.9166666666666666;0.9166666666666666
com.eteks.sweethome3d.io.DefaultHomeOutputStream;7;0.8333333333333334;1.0
com.eteks.sweethome3d.io.DefaultTexturesCatalog;6;;
com.eteks.sweethome3d.io.DefaultUserPreferences;7;;
com.eteks.sweethome3d.io.FileUserPreferences;35;0.8529411764705882;0.7941176470588235
com.eteks.sweethome3d.j3d.Component3DManager;9;0.875;1.0
com.eteks.sweethome3d.j3d.DAELoader;5;1.0;1.0
com.eteks.sweethome3d.j3d.HomePieceOfFurniture3D;22;0.9523809523809523;1.0
com.eteks.sweethome3d.j3d.ModelManager;25;0.8333333333333334;0.7916666666666666
com.eteks.sweethome3d.j3d.OBJLoader;15;1.0;0.9285714285714286
com.eteks.sweethome3d.j3d.OBJMaterial;10;1.0;1.0
com.eteks.sweethome3d.j3d.OBJWriter;25;0.8333333333333334;0.7916666666666666
com.eteks.sweethome3d.j3d.PhotoRenderer;18;1.0;0.9411764705882353
com.eteks.sweethome3d.j3d.Room3D;9;0.875;1.0
com.eteks.sweethome3d.j3d.TextureManager;10;0.6666666666666666;0.8888888888888888
com.eteks.sweethome3d.j3d.Wall3D;16;0.9333333333333333;1.0
com.eteks.sweethome3d.model.BackgroundImage;11;;
com.eteks.sweethome3d.model.Camera;26;0.96;0.92
com.eteks.sweethome3d.model.CatalogPieceOfFurniture;30;0.9310344827586207;0.9310344827586207
com.eteks.sweethome3d.model.CatalogTexture;12;0.9090909090909091;0.9090909090909091
com.eteks.sweethome3d.model.Compass;30;0.9310344827586207;0.896551724137931
com.eteks.sweethome3d.model.DimensionLine;26;0.92;0.88
com.eteks.sweethome3d.model.FurnitureCatalog;9;0.75;0.875
com.eteks.sweethome3d.model.FurnitureCategory;10;0.7777777777777778;0.7777777777777778
com.eteks.sweethome3d.model.Home;79;0.9743589743589743;0.9230769230769231
com.eteks.sweethome3d.model.HomeApplication;11;;
com.eteks.sweethome3d.model.HomeDoorOrWindow;11;1.0;1.0
com.eteks.sweethome3d.model.HomeEnvironment;40;0.9743589743589743;0.9487179487179487
com.eteks.sweethome3d.model.HomeFurnitureGroup;35;0.9117647058823529;0.8529411764705882
com.eteks.sweethome3d.model.HomeLight;7;0.6666666666666666;0.8333333333333334
com.eteks.sweethome3d.model.HomePrint;13;;
com.eteks.sweethome3d.model.HomeTexture;6;1.0;1.0
com.eteks.sweethome3d.model.Label;16;0.9333333333333333;0.9333333333333333
com.eteks.sweethome3d.model.LightSource;5;;
com.eteks.sweethome3d.model.ObserverCamera;14;0.9230769230769231;0.8461538461538461
com.eteks.sweethome3d.model.Room;59;0.9137931034482759;0.9137931034482759
com.eteks.sweethome3d.model.Sash;5;;
com.eteks.sweethome3d.model.TextStyle;10;0.7777777777777778;0.7777777777777778
com.eteks.sweethome3d.model.TexturesCatalog;9;0.75;0.875
com.eteks.sweethome3d.model.TexturesCategory;10;0.7777777777777778;0.7777777777777778
com.eteks.sweethome3d.model.UserPreferences;57;0.8928571428571429;0.9107142857142857
com.eteks.sweethome3d.model.Wall;58;0.8771929824561403;0.8596491228070176
com.eteks.sweethome3d.plugin.Plugin;20;0.5263157894736842;0.8421052631578947
com.eteks.sweethome3d.plugin.PluginAction;9;0.875;0.875
com.eteks.sweethome3d.plugin.PluginManager;8;0.7142857142857143;1.0
com.eteks.sweethome3d.swing.BackgroundImageWizardStepsPanel;11;0.9;1.0
com.eteks.sweethome3d.swing.FileContentManager;11;0.8;0.8
com.eteks.sweethome3d.swing.FurnitureCatalogListPanel;11;0.9;0.9
com.eteks.sweethome3d.swing.FurnitureCatalogTransferHandler;5;;
com.eteks.sweethome3d.swing.FurnitureCatalogTree;6;0.8;1.0
com.eteks.sweethome3d.swing.FurnitureTable;13;0.8333333333333334;0.9166666666666666
com.eteks.sweethome3d.swing.FurnitureTransferHandler;5;;
com.eteks.sweethome3d.swing.HelpPane;14;0.9230769230769231;0.9230769230769231
com.eteks.sweethome3d.swing.Home3DAttributesPanel;6;0.8;1.0
com.eteks.sweethome3d.swing.HomeComponent3D;41;0.9;0.9
com.eteks.sweethome3d.swing.HomeFurniturePanel;7;0.8333333333333334;1.0
com.eteks.sweethome3d.swing.HomePrintableComponent;8;0.7142857142857143;0.7142857142857143
com.eteks.sweethome3d.swing.IconManager;11;1.0;1.0
com.eteks.sweethome3d.swing.ImportedFurnitureWizardStepsPanel;19;0.8888888888888888;0.9444444444444444
com.eteks.sweethome3d.swing.ImportedTextureWizardStepsPanel;13;0.9166666666666666;1.0
com.eteks.sweethome3d.swing.LocatedTransferHandler;8;0.8571428571428571;1.0
com.eteks.sweethome3d.swing.ModelPreviewComponent;31;0.7666666666666667;0.7666666666666667
com.eteks.sweethome3d.swing.NullableCheckBox;14;0.9230769230769231;0.8461538461538461
com.eteks.sweethome3d.swing.PageSetupPanel;8;0.7142857142857143;1.0
com.eteks.sweethome3d.swing.PhotoPanel;15;0.9285714285714286;1.0
com.eteks.sweethome3d.swing.PlanComponent;119;0.8728813559322034;0.7711864406779662
com.eteks.sweethome3d.swing.PlanTransferHandler;11;1.0;0.9
com.eteks.sweethome3d.swing.PrintPreviewPanel;7;0.8333333333333334;1.0
com.eteks.sweethome3d.swing.ProportionalLayout;10;;
com.eteks.sweethome3d.swing.RoomPanel;9;0.875;1.0
com.eteks.sweethome3d.swing.ScaledImageComponent;8;0.7142857142857143;0.7142857142857143
com.eteks.sweethome3d.swing.SwingViewFactory;23;;
com.eteks.sweethome3d.swing.ThreadedTaskPanel;6;0.8;0.8
com.eteks.sweethome3d.swing.UserPreferencesPanel;5;0.75;1.0
com.eteks.sweethome3d.swing.VideoPanel;27;0.9615384615384616;1.0
com.eteks.sweethome3d.swing.WallPanel;10;0.8888888888888888;1.0
com.eteks.sweethome3d.swing.WizardPane;5;0.75;1.0
com.eteks.sweethome3d.tools.ExtensionsClassLoader;5;0.75;1.0
com.eteks.sweethome3d.tools.OperatingSystem;8;0.8571428571428571;1.0
com.eteks.sweethome3d.tools.URLContent;7;1.0;1.0
com.eteks.sweethome3d.viewcontroller.BackgroundImageWizardController;20;0.8421052631578947;0.8421052631578947
com.eteks.sweethome3d.viewcontroller.CompassController;23;0.9545454545454546;0.9545454545454546
com.eteks.sweethome3d.viewcontroller.FurnitureCatalogController;11;0.8;0.9
com.eteks.sweethome3d.viewcontroller.FurnitureController;40;0.7948717948717948;0.7692307692307693
com.eteks.sweethome3d.viewcontroller.HelpController;23;0.6818181818181818;0.8181818181818182
com.eteks.sweethome3d.viewcontroller.Home3DAttributesController;25;0.9583333333333334;0.9583333333333334
com.eteks.sweethome3d.viewcontroller.HomeController;86;0.8588235294117647;0.8117647058823529
com.eteks.sweethome3d.viewcontroller.HomeController3D;13;0.9166666666666666;0.9166666666666666
com.eteks.sweethome3d.viewcontroller.HomeFurnitureController;56;0.8909090909090909;0.8909090909090909
com.eteks.sweethome3d.viewcontroller.ImportedFurnitureWizardController;43;0.9047619047619048;0.8571428571428571
com.eteks.sweethome3d.viewcontroller.ImportedTextureWizardController;21;0.85;0.8
com.eteks.sweethome3d.viewcontroller.LabelController;14;0.7692307692307693;0.8461538461538461
com.eteks.sweethome3d.viewcontroller.PageSetupController;7;;
com.eteks.sweethome3d.viewcontroller.PhotoController;27;0.8846153846153846;0.9230769230769231
com.eteks.sweethome3d.viewcontroller.PlanController;183;0.8681318681318682;0.7307692307692307
com.eteks.sweethome3d.viewcontroller.RoomController;30;0.9655172413793104;0.9310344827586207
com.eteks.sweethome3d.viewcontroller.TextureChoiceController;10;;
com.eteks.sweethome3d.viewcontroller.UserPreferencesController;36;0.9714285714285714;1.0
com.eteks.sweethome3d.viewcontroller.VideoController;26;0.88;0.92
com.eteks.sweethome3d.viewcontroller.WallController;53;0.9230769230769231;0.8846153846153846
com.eteks.sweethome3d.viewcontroller.WizardController;23;0.7272727272727273;0.8181818181818182
