file;entities;metric;metric_random
net.sourceforge.cruisecontrol.Modification;13;;
net.sourceforge.cruisecontrol.PluginType;28;1.0;0.9629629629629629
net.sourceforge.cruisecontrol.ProjectState;11;0.9;1.0
net.sourceforge.cruisecontrol.Schedule;8;0.8571428571428571;0.8571428571428571
net.sourceforge.cruisecontrol.labelincrementers.P4ChangelistLabelIncrementer;5;;
net.sourceforge.cruisecontrol.publishers.rss.RSS;13;;
net.sourceforge.cruisecontrol.sourcecontrols.AlienBrain;5;;
net.sourceforge.cruisecontrol.sourcecontrols.BuildStatus;5;0.75;1.0
net.sourceforge.cruisecontrol.sourcecontrols.CMSynergy;6;0.6;1.0
net.sourceforge.cruisecontrol.sourcecontrols.CMSynergyModification;21;;
net.sourceforge.cruisecontrol.sourcecontrols.Git;7;;
net.sourceforge.cruisecontrol.sourcecontrols.accurev.AccurevCommand;6;;
