file;entities;metric;metric_random
installer.CBZip2InputStream;7;;
installer.CBZip2OutputStream;9;;
installer.TarHeader;22;;
org.gjt.sp.jedit.Debug;22;;
org.gjt.sp.jedit.JARClassLoader;5;;
org.gjt.sp.jedit.Macros;7;;
org.gjt.sp.jedit.OperatingSystem;12;;
org.gjt.sp.jedit.Registers;5;;
org.gjt.sp.jedit.bsh.ClassGeneratorUtil;7;;
org.gjt.sp.jedit.bsh.Interpreter;5;1.0;1.0
org.gjt.sp.jedit.bsh.Types;5;;
org.gjt.sp.jedit.bsh.org.objectweb.asm.Type;20;;
org.gjt.sp.jedit.bufferio.BufferIORequest;14;1.0;0.8461538461538461
org.gjt.sp.jedit.gui.DockableLayout;5;;
org.gjt.sp.jedit.msg.BufferUpdate;10;;
org.gjt.sp.jedit.msg.EditPaneUpdate;6;;
org.gjt.sp.jedit.options.GeneralOptionPane;5;;
org.gjt.sp.jedit.print.BufferPrintable;6;;
org.gjt.sp.jedit.search.SearchAndReplace;11;;
org.gjt.sp.jedit.syntax.ParserRule;18;0.8823529411764706;0.9411764705882353
org.gjt.sp.jedit.syntax.Token;22;;
org.gjt.sp.jedit.textarea.ScrollLayout;5;;
org.gjt.sp.jedit.textarea.TextAreaTransferHandler;5;;
