file;entities;metric;metric_random
org.jfree.chart.ChartColor;24;;
org.jfree.chart.JFreeChart;7;0.8333333333333334;1.0
org.jfree.chart.annotations.CategoryPointerAnnotation;6;0.8;1.0
org.jfree.chart.annotations.TextAnnotation;6;0.8;1.0
org.jfree.chart.annotations.XYPointerAnnotation;6;0.8;1.0
org.jfree.chart.annotations.XYTextAnnotation;6;0.8;1.0
org.jfree.chart.axis.Axis;16;0.9333333333333333;1.0
org.jfree.chart.axis.AxisLocation;5;0.75;1.0
org.jfree.chart.axis.CategoryLabelPositions;6;0.8;1.0
org.jfree.chart.axis.CompassFormat;5;0.75;1.0
org.jfree.chart.axis.DateTickUnitType;7;;
org.jfree.chart.axis.NumberAxis;5;0.75;1.0
org.jfree.chart.axis.PeriodAxisLabelInfo;6;0.8;1.0
org.jfree.chart.axis.SegmentedTimeline;8;0.8571428571428571;1.0
org.jfree.chart.axis.ValueAxis;9;0.875;1.0
org.jfree.chart.labels.ItemLabelAnchor;26;0.96;0.96
org.jfree.chart.plot.CategoryPlot;10;0.8888888888888888;0.8888888888888888
org.jfree.chart.plot.DefaultDrawingSupplier;7;0.8333333333333334;1.0
org.jfree.chart.plot.Plot;12;0.9090909090909091;1.0
org.jfree.chart.plot.PolarPlot;7;0.8333333333333334;0.6666666666666666
org.jfree.chart.plot.SpiderWebPlot;13;0.9166666666666666;1.0
org.jfree.chart.plot.WaferMapPlot;7;0.8333333333333334;0.8333333333333334
org.jfree.chart.plot.XYPlot;7;0.8333333333333334;0.8333333333333334
org.jfree.chart.renderer.xy.StandardXYItemRenderer;7;0.8333333333333334;1.0
org.jfree.chart.renderer.xy.XYAreaRenderer;6;0.8;1.0
org.jfree.chart.text.TextAnchor;16;0.9333333333333333;1.0
org.jfree.chart.text.TextBlockAnchor;10;0.8888888888888888;1.0
org.jfree.chart.title.Title;5;0.75;1.0
org.jfree.chart.util.Align;20;;
org.jfree.chart.util.GradientPaintTransformType;5;0.75;1.0
org.jfree.chart.util.RectangleAnchor;10;0.8888888888888888;1.0
org.jfree.chart.util.RectangleEdge;5;0.75;1.0
org.jfree.data.time.Day;5;0.75;1.0
org.jfree.data.time.Quarter;5;0.75;1.0
org.jfree.data.time.SerialDate;30;0.9310344827586207;0.8620689655172413
