file;entities;metric;metric_random
wicket.Application;7;1.0;0.8333333333333334
wicket.Component;29;1.0;0.7857142857142857
wicket.Page;7;0.8333333333333334;1.0
wicket.RequestCycle;10;;
wicket.Session;7;0.8333333333333334;0.8333333333333334
wicket.ajax.AbstractDefaultAjaxBehavior;5;0.75;1.0
wicket.feedback.FeedbackMessage;8;0.8571428571428571;0.8571428571428571
wicket.markup.html.form.Form;7;1.0;0.8333333333333334
wicket.markup.html.link.PopupSettings;8;0.8571428571428571;0.8571428571428571
wicket.markup.parser.filter.HtmlProblemFinder;5;0.75;1.0
wicket.markup.resolver.AutoLinkResolver;5;;
wicket.protocol.http.ClientProperties;36;1.0;0.9714285714285714
wicket.protocol.http.WicketFilter;5;0.5;1.0
wicket.protocol.http.documentvalidation.HtmlDocumentParser;8;0.8571428571428571;1.0
wicket.protocol.http.request.AbstractWebRequestCodingStrategy;6;1.0;1.0
wicket.util.crypt.Base64;12;1.0;0.9090909090909091
wicket.util.crypt.Base64UrlSafe;9;1.0;0.875
wicket.util.lang.Objects;14;0.9230769230769231;0.9230769230769231
wicket.util.parse.metapattern.MetaPattern;52;0.9803921568627451;0.9215686274509803
wicket.util.parse.metapattern.parsers.VariableAssignmentParser;5;;
wicket.util.time.Duration;9;0.875;0.875
wicket.util.upload.FileUploadBase;8;;
wicket.util.upload.MultipartFormInputStream;8;1.0;0.8571428571428571
