file;entities;metric;metric_random
com.puppycrawl.tools.checkstyle.CheckStyleTask;36;1.0;0.6363636363636364
com.puppycrawl.tools.checkstyle.Checker;39;1.0;0.6666666666666666
com.puppycrawl.tools.checkstyle.ConfigurationLoader;23;0.9473684210526315;0.47368421052631576
com.puppycrawl.tools.checkstyle.DefaultConfiguration;14;1.0;0.7272727272727273
com.puppycrawl.tools.checkstyle.DefaultLogger;14;1.0;0.6
com.puppycrawl.tools.checkstyle.PackageNamesLoader;13;1.0;0.7777777777777778
com.puppycrawl.tools.checkstyle.PropertyCacheFile;13;0.7777777777777778;0.6666666666666666
com.puppycrawl.tools.checkstyle.StringArrayReader;12;1.0;0.6666666666666666
com.puppycrawl.tools.checkstyle.TreeWalker;31;0.9629629629629629;0.5925925925925926
com.puppycrawl.tools.checkstyle.XMLLogger;15;0.9090909090909091;0.7272727272727273
com.puppycrawl.tools.checkstyle.api.AbstractFileSetCheck;17;1.0;0.9333333333333333
com.puppycrawl.tools.checkstyle.api.AbstractViolationReporter;13;1.0;1.0
com.puppycrawl.tools.checkstyle.api.AuditEvent;14;1.0;0.6
com.puppycrawl.tools.checkstyle.api.Check;27;1.0;0.7916666666666666
com.puppycrawl.tools.checkstyle.api.Comment;13;1.0;0.8
com.puppycrawl.tools.checkstyle.api.DetailAST;27;1.0;0.7916666666666666
com.puppycrawl.tools.checkstyle.api.FastStack;11;1.0;1.0
com.puppycrawl.tools.checkstyle.api.FileContents;22;1.0;0.6666666666666666
com.puppycrawl.tools.checkstyle.api.FullIdent;13;1.0;0.8
com.puppycrawl.tools.checkstyle.api.LocalizedMessage;30;0.8846153846153846;0.4230769230769231
com.puppycrawl.tools.checkstyle.api.ScopeUtils;10;1.0;1.0
com.puppycrawl.tools.checkstyle.api.SeverityLevelCounter;10;1.0;0.8571428571428571
com.puppycrawl.tools.checkstyle.api.TokenTypes;165;1.0;0.9753086419753086
com.puppycrawl.tools.checkstyle.api.Utils;15;1.0;0.9166666666666666
com.puppycrawl.tools.checkstyle.checks.AbstractFormatCheck;10;1.0;0.7142857142857143
com.puppycrawl.tools.checkstyle.checks.AbstractTypeAwareCheck;29;0.9259259259259259;0.8518518518518519
com.puppycrawl.tools.checkstyle.checks.CheckUtils;17;0.9285714285714286;0.8571428571428571
com.puppycrawl.tools.checkstyle.checks.DescendantTokenCheck;21;1.0;0.8421052631578947
com.puppycrawl.tools.checkstyle.checks.RegexpCheck;24;1.0;0.55
com.puppycrawl.tools.checkstyle.checks.TranslationCheck;11;1.0;0.875
com.puppycrawl.tools.checkstyle.checks.UncommentedMainCheck;19;1.0;0.8235294117647058
com.puppycrawl.tools.checkstyle.checks.annotation.AnnotationUseStyleCheck;19;1.0;0.875
com.puppycrawl.tools.checkstyle.checks.annotation.MissingDeprecatedCheck;11;1.0;0.8888888888888888
com.puppycrawl.tools.checkstyle.checks.annotation.MissingOverrideCheck;10;1.0;0.7142857142857143
com.puppycrawl.tools.checkstyle.checks.annotation.SuppressWarningsCheck;13;1.0;0.8
com.puppycrawl.tools.checkstyle.checks.coding.FallThroughCheck;18;1.0;0.8666666666666667
com.puppycrawl.tools.checkstyle.checks.coding.HiddenFieldCheck;21;1.0;0.8421052631578947
com.puppycrawl.tools.checkstyle.checks.coding.IllegalInstantiationCheck;18;1.0;0.75
com.puppycrawl.tools.checkstyle.checks.coding.IllegalTypeCheck;22;1.0;0.6111111111111112
com.puppycrawl.tools.checkstyle.checks.coding.InnerAssignmentCheck;10;1.0;1.0
com.puppycrawl.tools.checkstyle.checks.coding.JUnitTestCaseCheck;14;1.0;0.9166666666666666
com.puppycrawl.tools.checkstyle.checks.coding.ModifiedControlVariableCheck;13;1.0;0.9090909090909091
com.puppycrawl.tools.checkstyle.checks.coding.MultipleStringLiteralsCheck;13;0.8;0.8
com.puppycrawl.tools.checkstyle.checks.coding.ParameterAssignmentCheck;13;1.0;0.9090909090909091
com.puppycrawl.tools.checkstyle.checks.coding.RequireThisCheck;11;0.875;0.875
com.puppycrawl.tools.checkstyle.checks.coding.ReturnCountCheck;14;1.0;0.8
com.puppycrawl.tools.checkstyle.checks.coding.UnnecessaryParenthesesCheck;13;1.0;0.6
com.puppycrawl.tools.checkstyle.checks.design.MutableExceptionCheck;12;1.0;0.875
com.puppycrawl.tools.checkstyle.checks.design.VisibilityModifierCheck;16;1.0;0.9230769230769231
com.puppycrawl.tools.checkstyle.checks.duplicates.StrictDuplicateCodeCheck;28;1.0;0.5416666666666666
com.puppycrawl.tools.checkstyle.checks.header.AbstractHeaderCheck;12;1.0;0.7
com.puppycrawl.tools.checkstyle.checks.imports.AccessResult;19;1.0;0.6666666666666666
com.puppycrawl.tools.checkstyle.checks.imports.Guard;11;1.0;0.625
com.puppycrawl.tools.checkstyle.checks.imports.ImportControlLoader;13;0.8888888888888888;0.6666666666666666
com.puppycrawl.tools.checkstyle.checks.imports.ImportOrderCheck;24;1.0;0.7
com.puppycrawl.tools.checkstyle.checks.imports.PkgControl;11;1.0;0.875
com.puppycrawl.tools.checkstyle.checks.imports.UnusedImportsCheck;12;1.0;0.7777777777777778
com.puppycrawl.tools.checkstyle.checks.indentation.ArrayInitHandler;10;1.0;1.0
com.puppycrawl.tools.checkstyle.checks.indentation.BlockParentHandler;22;0.9473684210526315;0.9473684210526315
com.puppycrawl.tools.checkstyle.checks.indentation.ExpressionHandler;36;1.0;0.7878787878787878
com.puppycrawl.tools.checkstyle.checks.indentation.HandlerFactory;10;0.6666666666666666;0.8333333333333334
com.puppycrawl.tools.checkstyle.checks.indentation.IndentationCheck;20;1.0;0.75
com.puppycrawl.tools.checkstyle.checks.javadoc.HtmlTag;15;1.0;0.6363636363636364
com.puppycrawl.tools.checkstyle.checks.javadoc.JavadocMethodCheck;47;1.0;0.5681818181818182
com.puppycrawl.tools.checkstyle.checks.javadoc.JavadocStyleCheck;32;1.0;0.6551724137931034
com.puppycrawl.tools.checkstyle.checks.javadoc.JavadocTag;17;1.0;0.5714285714285714
com.puppycrawl.tools.checkstyle.checks.javadoc.JavadocTypeCheck;21;1.0;0.7894736842105263
com.puppycrawl.tools.checkstyle.checks.javadoc.TagParser;12;1.0;1.0
com.puppycrawl.tools.checkstyle.checks.javadoc.WriteTagCheck;13;1.0;0.8181818181818182
com.puppycrawl.tools.checkstyle.checks.metrics.AbstractClassCouplingCheck;16;1.0;0.6923076923076923
com.puppycrawl.tools.checkstyle.checks.metrics.AbstractComplexityCheck;20;1.0;0.75
com.puppycrawl.tools.checkstyle.checks.metrics.BooleanExpressionComplexityCheck;15;1.0;0.8181818181818182
com.puppycrawl.tools.checkstyle.checks.metrics.JavaNCSSCheck;19;1.0;0.6875
com.puppycrawl.tools.checkstyle.checks.metrics.NPathComplexityCheck;10;1.0;1.0
com.puppycrawl.tools.checkstyle.checks.naming.AbstractAccessControlNameCheck;15;1.0;0.8333333333333334
com.puppycrawl.tools.checkstyle.checks.regexp.DetectorOptions;23;1.0;0.65
com.puppycrawl.tools.checkstyle.checks.regexp.RegexpSinglelineJavaCheck;12;1.0;1.0
com.puppycrawl.tools.checkstyle.checks.sizes.ExecutableStatementCountCheck;15;1.0;0.8181818181818182
com.puppycrawl.tools.checkstyle.doclets.CheckDocsDoclet;10;1.0;1.0
com.puppycrawl.tools.checkstyle.filters.SuppressElement;19;1.0;0.6666666666666666
com.puppycrawl.tools.checkstyle.filters.SuppressWithNearbyCommentFilter;27;1.0;0.6086956521739131
com.puppycrawl.tools.checkstyle.filters.SuppressionCommentFilter;27;1.0;0.5652173913043478
com.puppycrawl.tools.checkstyle.filters.SuppressionsLoader;11;1.0;0.8571428571428571
com.puppycrawl.tools.checkstyle.gui.AbstractCellEditor;10;1.0;1.0
com.puppycrawl.tools.checkstyle.gui.AbstractTreeTableModel;16;1.0;0.8461538461538461
com.puppycrawl.tools.checkstyle.gui.ParseTreeInfoPanel;10;0.8571428571428571;0.8571428571428571
com.puppycrawl.tools.checkstyle.gui.ParseTreeModel;11;1.0;0.875
com.puppycrawl.tools.checkstyle.gui.TreeTableModelAdapter;12;1.0;0.8888888888888888
