file;entities;metric;metric_random
net.sourceforge.cobertura.ant.CheckTask;22;1.0;0.631578947368421
net.sourceforge.cobertura.ant.CommonMatchingTask;22;1.0;0.7894736842105263
net.sourceforge.cobertura.ant.InstrumentTask;23;1.0;0.75
net.sourceforge.cobertura.ant.ReportTask;12;1.0;0.7777777777777778
net.sourceforge.cobertura.check.Main;16;0.9166666666666666;0.8333333333333334
net.sourceforge.cobertura.check.PackageCoverage;12;1.0;0.8
net.sourceforge.cobertura.coveragedata.ClassData;38;1.0;0.8235294117647058
net.sourceforge.cobertura.coveragedata.CoverageDataContainer;18;1.0;0.9285714285714286
net.sourceforge.cobertura.coveragedata.JumpData;20;1.0;0.8125
net.sourceforge.cobertura.coveragedata.LineData;42;1.0;0.7894736842105263
net.sourceforge.cobertura.coveragedata.PackageData;12;1.0;0.875
net.sourceforge.cobertura.coveragedata.ProjectData;15;1.0;0.9166666666666666
net.sourceforge.cobertura.coveragedata.SourceFileData;16;1.0;0.9166666666666666
net.sourceforge.cobertura.coveragedata.SwitchData;23;1.0;0.631578947368421
net.sourceforge.cobertura.coveragedata.TouchCollector;12;1.0;0.7
net.sourceforge.cobertura.instrument.ClassInstrumenter;16;0.9166666666666666;0.6666666666666666
net.sourceforge.cobertura.instrument.FirstPassMethodInstrumenter;32;1.0;0.6896551724137931
net.sourceforge.cobertura.instrument.Main;15;1.0;0.8333333333333334
net.sourceforge.cobertura.instrument.SecondPassMethodInstrumenter;37;1.0;0.6666666666666666
net.sourceforge.cobertura.reporting.ComplexityCalculator;14;1.0;0.7
net.sourceforge.cobertura.reporting.Main;11;1.0;0.75
net.sourceforge.cobertura.reporting.html.HTMLReport;28;1.0;0.8333333333333334
net.sourceforge.cobertura.reporting.xml.XMLReport;27;1.0;0.7391304347826086
net.sourceforge.cobertura.util.CommandLineBuilder;11;1.0;1.0
net.sourceforge.cobertura.util.FileFinder;11;1.0;0.875
