file;entities;metric;metric_random
net.sourceforge.cruisecontrol.BuildLoopInformation;12;1.0;0.7777777777777778
net.sourceforge.cruisecontrol.BuildQueue;15;1.0;0.9166666666666666
net.sourceforge.cruisecontrol.Builder;22;1.0;0.7894736842105263
net.sourceforge.cruisecontrol.CruiseControlConfig;42;0.8947368421052632;0.5
net.sourceforge.cruisecontrol.CruiseControlController;36;0.9375;0.6875
net.sourceforge.cruisecontrol.GenericPluginDetail;11;1.0;0.875
net.sourceforge.cruisecontrol.Log;42;0.9736842105263158;0.6578947368421053
net.sourceforge.cruisecontrol.Main;44;0.9512195121951219;0.7317073170731707
net.sourceforge.cruisecontrol.Modification;42;1.0;0.47368421052631576
net.sourceforge.cruisecontrol.ModificationSet;29;0.9615384615384616;0.5769230769230769
net.sourceforge.cruisecontrol.PluginRegistry;25;0.9523809523809523;0.8095238095238095
net.sourceforge.cruisecontrol.PluginType;38;1.0;0.7058823529411765
net.sourceforge.cruisecontrol.PluginXMLHelper;11;1.0;0.7142857142857143
net.sourceforge.cruisecontrol.ProgressImpl;10;1.0;1.0
net.sourceforge.cruisecontrol.Project;106;1.0;0.6666666666666666
net.sourceforge.cruisecontrol.ProjectConfig;61;1.0;0.7241379310344828
net.sourceforge.cruisecontrol.ProjectState;20;1.0;0.75
net.sourceforge.cruisecontrol.ProjectWrapper;10;0.8333333333333334;0.6666666666666666
net.sourceforge.cruisecontrol.ProjectXMLHelper;16;1.0;0.75
net.sourceforge.cruisecontrol.Schedule;44;1.0;0.7073170731707317
net.sourceforge.cruisecontrol.bootstrappers.AccurevBootstrapper;13;1.0;0.8181818181818182
net.sourceforge.cruisecontrol.bootstrappers.CMSynergyBaselineBootstrapper;21;1.0;0.7222222222222222
net.sourceforge.cruisecontrol.bootstrappers.CMSynergyBootstrapper;13;1.0;0.7
net.sourceforge.cruisecontrol.bootstrappers.CVSBootstrapper;16;1.0;0.7692307692307693
net.sourceforge.cruisecontrol.bootstrappers.ClearCaseBootstrapper;11;1.0;0.875
net.sourceforge.cruisecontrol.bootstrappers.ClearCaseViewstrapper;15;1.0;0.8333333333333334
net.sourceforge.cruisecontrol.bootstrappers.DarcsBootstrapper;12;1.0;0.6666666666666666
net.sourceforge.cruisecontrol.bootstrappers.P4Bootstrapper;15;1.0;0.75
net.sourceforge.cruisecontrol.bootstrappers.PlasticSCMBootstrapper;15;1.0;0.8333333333333334
net.sourceforge.cruisecontrol.bootstrappers.SSCMBootstrapper;24;0.9523809523809523;0.6666666666666666
net.sourceforge.cruisecontrol.bootstrappers.SVNBootstrapper;15;1.0;0.6666666666666666
net.sourceforge.cruisecontrol.bootstrappers.TFSBootstrapper;18;1.0;0.6
net.sourceforge.cruisecontrol.bootstrappers.VssBootstrapper;15;1.0;0.75
net.sourceforge.cruisecontrol.builders.AbstractAntBuilderDelegate;26;1.0;0.9565217391304348
net.sourceforge.cruisecontrol.builders.AntBuilder;56;1.0;0.5849056603773585
net.sourceforge.cruisecontrol.builders.AntScript;67;0.96875;0.59375
net.sourceforge.cruisecontrol.builders.CompositeBuilder;19;1.0;0.75
net.sourceforge.cruisecontrol.builders.ExecBuilder;25;1.0;0.7272727272727273
net.sourceforge.cruisecontrol.builders.ExecScript;22;1.0;0.6842105263157895
net.sourceforge.cruisecontrol.builders.Maven2Builder;38;1.0;0.6285714285714286
net.sourceforge.cruisecontrol.builders.Maven2Script;27;1.0;0.6086956521739131
net.sourceforge.cruisecontrol.builders.MavenBuilder;13;1.0;0.8
net.sourceforge.cruisecontrol.builders.MavenScript;20;1.0;0.625
net.sourceforge.cruisecontrol.builders.NantBuilder;34;1.0;0.6129032258064516
net.sourceforge.cruisecontrol.builders.NantScript;26;1.0;0.7916666666666666
net.sourceforge.cruisecontrol.builders.PhingBuilder;37;1.0;0.5588235294117647
net.sourceforge.cruisecontrol.builders.PhingScript;25;1.0;0.6956521739130435
net.sourceforge.cruisecontrol.builders.PipedExecBuilder;16;1.0;0.7692307692307693
net.sourceforge.cruisecontrol.builders.RakeBuilder;19;1.0;0.6875
net.sourceforge.cruisecontrol.builders.RakeScript;20;1.0;0.5882352941176471
net.sourceforge.cruisecontrol.builders.ScriptRunner;12;1.0;0.9
net.sourceforge.cruisecontrol.builders.XcodeBuilder;26;1.0;0.6521739130434783
net.sourceforge.cruisecontrol.buildloggers.MergeLogger;15;1.0;0.75
net.sourceforge.cruisecontrol.config.DashboardConfigurationPlugin;10;1.0;0.875
net.sourceforge.cruisecontrol.config.DefaultPropertiesPlugin;14;1.0;0.75
net.sourceforge.cruisecontrol.config.XMLConfigManager;15;1.0;0.5454545454545454
net.sourceforge.cruisecontrol.gendoc.AttributeInfo;13;1.0;0.7777777777777778
net.sourceforge.cruisecontrol.gendoc.MemberInfo;14;1.0;0.8
net.sourceforge.cruisecontrol.gendoc.PluginInfo;39;1.0;0.6571428571428571
net.sourceforge.cruisecontrol.gendoc.PluginInfoParser;26;1.0;0.8181818181818182
net.sourceforge.cruisecontrol.gendoc.html.HtmlUtils;13;1.0;0.8888888888888888
net.sourceforge.cruisecontrol.jmx.CruiseControlControllerAgent;19;0.9333333333333333;0.6666666666666666
net.sourceforge.cruisecontrol.jmx.CruiseControlControllerJMXAdaptor;39;1.0;0.8
net.sourceforge.cruisecontrol.jmx.ProjectController;39;0.9714285714285714;0.8857142857142857
net.sourceforge.cruisecontrol.labelincrementers.DefaultLabelIncrementer;13;1.0;0.7
net.sourceforge.cruisecontrol.labelincrementers.FormattedLabelIncrementer;16;1.0;0.6666666666666666
net.sourceforge.cruisecontrol.labelincrementers.P4ChangelistLabelIncrementer;38;1.0;0.6
net.sourceforge.cruisecontrol.labelincrementers.PropertyFileLabelIncrementer;14;1.0;0.7272727272727273
net.sourceforge.cruisecontrol.labelincrementers.SVNLabelIncrementer;14;1.0;0.8181818181818182
net.sourceforge.cruisecontrol.launch.Launcher;20;0.7777777777777778;0.7222222222222222
net.sourceforge.cruisecontrol.listeners.CMSynergySessionMonitor;13;1.0;0.9
net.sourceforge.cruisecontrol.listeners.CurrentBuildStatusPageListener;21;0.8235294117647058;0.7058823529411765
net.sourceforge.cruisecontrol.logmanipulators.BaseManipulator;10;1.0;0.8333333333333334
net.sourceforge.cruisecontrol.publishers.ArtifactsPublisher;19;1.0;0.7058823529411765
net.sourceforge.cruisecontrol.publishers.CMSynergyBaselinePublisher;19;1.0;0.625
net.sourceforge.cruisecontrol.publishers.CMSynergyPublisher;18;1.0;0.8
net.sourceforge.cruisecontrol.publishers.ClearCaseBaselinePublisher;18;1.0;0.9333333333333333
net.sourceforge.cruisecontrol.publishers.EmailPublisher;83;0.85;0.55
net.sourceforge.cruisecontrol.publishers.FTPPublisher;11;1.0;0.75
net.sourceforge.cruisecontrol.publishers.HTMLEmailPublisher;35;1.0;0.75
net.sourceforge.cruisecontrol.publishers.HTTPPublisher;12;1.0;0.6666666666666666
net.sourceforge.cruisecontrol.publishers.JabberPublisher;26;0.9130434782608695;0.6521739130434783
net.sourceforge.cruisecontrol.publishers.JnlpPublisher;16;1.0;0.8461538461538461
net.sourceforge.cruisecontrol.publishers.OrigoPublisher;30;0.9230769230769231;0.6153846153846154
net.sourceforge.cruisecontrol.publishers.RSSPublisher;15;1.0;0.6666666666666666
net.sourceforge.cruisecontrol.publishers.SCPPublisher;31;1.0;0.75
net.sourceforge.cruisecontrol.publishers.SocketPublisher;19;1.0;0.6
net.sourceforge.cruisecontrol.publishers.WeblogPublisher;62;0.9830508474576272;0.5932203389830508
net.sourceforge.cruisecontrol.publishers.X10Publisher;21;1.0;0.7777777777777778
net.sourceforge.cruisecontrol.publishers.XSLTLogPublisher;12;1.0;0.8888888888888888
net.sourceforge.cruisecontrol.publishers.email.LDAPMapper;28;1.0;0.7083333333333334
net.sourceforge.cruisecontrol.publishers.email.MavenMapperHelper;11;1.0;0.7142857142857143
net.sourceforge.cruisecontrol.publishers.rss.CruiseControlFeed;10;1.0;1.0
net.sourceforge.cruisecontrol.publishers.rss.Feed;19;1.0;0.7333333333333333
net.sourceforge.cruisecontrol.publishers.rss.Item;17;1.0;0.6428571428571429
net.sourceforge.cruisecontrol.publishers.rss.RSS;14;1.0;1.0
net.sourceforge.cruisecontrol.publishers.sfee.SfeeDocumentManagerPublisher;25;1.0;0.6521739130434783
net.sourceforge.cruisecontrol.publishers.sfee.SfeeFrsPublisher;10;1.0;1.0
net.sourceforge.cruisecontrol.publishers.sfee.SfeePublisher;11;1.0;0.8888888888888888
net.sourceforge.cruisecontrol.publishers.sfee.SfeeTrackerPublisher;15;1.0;0.7692307692307693
net.sourceforge.cruisecontrol.report.BuildLoopStatusReportTask;12;0.875;0.625
net.sourceforge.cruisecontrol.sourcecontrols.Accurev;15;1.0;0.75
net.sourceforge.cruisecontrol.sourcecontrols.AlienBrain;16;1.0;0.6923076923076923
net.sourceforge.cruisecontrol.sourcecontrols.AlienBrainCore;24;1.0;0.7142857142857143
net.sourceforge.cruisecontrol.sourcecontrols.BuildStatus;17;1.0;0.6428571428571429
net.sourceforge.cruisecontrol.sourcecontrols.CMSynergy;61;1.0;0.5344827586206896
net.sourceforge.cruisecontrol.sourcecontrols.CMSynergyModification;33;1.0;0.6896551724137931
net.sourceforge.cruisecontrol.sourcecontrols.ClearCase;28;0.96;0.6
net.sourceforge.cruisecontrol.sourcecontrols.ClearCaseModification;11;1.0;0.5714285714285714
net.sourceforge.cruisecontrol.sourcecontrols.Compound;11;1.0;0.7777777777777778
net.sourceforge.cruisecontrol.sourcecontrols.ConcurrentVersionsSystem;60;0.9649122807017544;0.49122807017543857
net.sourceforge.cruisecontrol.sourcecontrols.Darcs;18;1.0;0.6666666666666666
net.sourceforge.cruisecontrol.sourcecontrols.Git;17;1.0;0.5714285714285714
net.sourceforge.cruisecontrol.sourcecontrols.IvySourceControl;13;1.0;0.8
net.sourceforge.cruisecontrol.sourcecontrols.MKS;18;1.0;0.8666666666666667
net.sourceforge.cruisecontrol.sourcecontrols.Maven2SnapshotDependency;27;0.9583333333333334;0.625
net.sourceforge.cruisecontrol.sourcecontrols.MavenSnapshotDependency;20;1.0;0.8235294117647058
net.sourceforge.cruisecontrol.sourcecontrols.Mercurial;26;0.9565217391304348;0.7391304347826086
net.sourceforge.cruisecontrol.sourcecontrols.P4;40;0.972972972972973;0.6216216216216216
net.sourceforge.cruisecontrol.sourcecontrols.PVCS;31;1.0;0.6428571428571429
net.sourceforge.cruisecontrol.sourcecontrols.PlasticSCM;18;0.8;0.6666666666666666
net.sourceforge.cruisecontrol.sourcecontrols.SSCM;26;1.0;0.7391304347826086
net.sourceforge.cruisecontrol.sourcecontrols.SVN;37;1.0;0.6470588235294118
net.sourceforge.cruisecontrol.sourcecontrols.SnapshotCM;20;0.8235294117647058;0.5882352941176471
net.sourceforge.cruisecontrol.sourcecontrols.SourceControlProperties;11;1.0;0.75
net.sourceforge.cruisecontrol.sourcecontrols.Store;28;1.0;0.68
net.sourceforge.cruisecontrol.sourcecontrols.TeamFoundationServer;28;1.0;0.68
net.sourceforge.cruisecontrol.sourcecontrols.UCM;45;0.9761904761904762;0.6904761904761905
net.sourceforge.cruisecontrol.sourcecontrols.Veto;11;1.0;0.875
net.sourceforge.cruisecontrol.sourcecontrols.Vss;36;1.0;0.78125
net.sourceforge.cruisecontrol.sourcecontrols.VssJournal;31;1.0;0.7407407407407407
net.sourceforge.cruisecontrol.sourcecontrols.accurev.AccurevCommand;11;1.0;0.7142857142857143
net.sourceforge.cruisecontrol.sourcecontrols.accurev.AccurevCommandline;35;0.9354838709677419;0.6774193548387096
net.sourceforge.cruisecontrol.util.AbstractFTPClass;27;1.0;0.6666666666666666
net.sourceforge.cruisecontrol.util.BuildOutputLogger;21;1.0;0.8235294117647058
net.sourceforge.cruisecontrol.util.CommandExecutor;10;1.0;0.5
net.sourceforge.cruisecontrol.util.Commandline;40;0.9444444444444444;0.75
net.sourceforge.cruisecontrol.util.DateUtil;20;0.9411764705882353;0.7058823529411765
net.sourceforge.cruisecontrol.util.EmptyElementFilter;12;1.0;0.75
net.sourceforge.cruisecontrol.util.IO;14;1.0;1.0
net.sourceforge.cruisecontrol.util.ManagedCommandline;23;1.0;0.6842105263157895
net.sourceforge.cruisecontrol.util.OSEnvironment;12;1.0;0.875
net.sourceforge.cruisecontrol.util.PruneElementFilter;10;1.0;0.8333333333333334
net.sourceforge.cruisecontrol.util.StdoutBuffer;13;1.0;0.7
net.sourceforge.cruisecontrol.util.StreamLogger;11;1.0;0.875
net.sourceforge.cruisecontrol.util.Util;12;1.0;1.0
net.sourceforge.cruisecontrol.util.ValidationHelper;16;1.0;1.0
net.sourceforge.cruisecontrol.util.XMLLogHelper;16;1.0;1.0
net.sourceforge.cruisecontrol.util.XPathAwareChild;17;1.0;0.7142857142857143
net.sourceforge.cruisecontrol.util.threadpool.ThreadQueue;27;0.9583333333333334;0.6666666666666666
