file;entities;metric;metric_random
com.itextpdf.text.Anchor;20;1.0;0.5625
com.itextpdf.text.Annotation;59;1.0;0.4
com.itextpdf.text.BaseColor;31;1.0;0.5185185185185185
com.itextpdf.text.Chunk;81;0.5064935064935064;0.45454545454545453
com.itextpdf.text.DocWriter;40;1.0;0.5555555555555556
com.itextpdf.text.Document;69;1.0;0.6153846153846154
com.itextpdf.text.ElementTags;127;1.0;0.984
com.itextpdf.text.ExceptionConverter;13;1.0;0.8888888888888888
com.itextpdf.text.Font;48;1.0;0.5
com.itextpdf.text.FontFactory;46;1.0;0.6511627906976745
com.itextpdf.text.FontFactoryImp;30;0.9615384615384616;0.8076923076923077
com.itextpdf.text.Image;170;0.7710843373493976;0.5421686746987951
com.itextpdf.text.Jpeg;19;1.0;0.6666666666666666
com.itextpdf.text.Jpeg2000;21;1.0;0.5882352941176471
com.itextpdf.text.List;62;1.0;0.5517241379310345
com.itextpdf.text.ListItem;15;1.0;0.8181818181818182
com.itextpdf.text.MarkedObject;11;1.0;0.75
com.itextpdf.text.MarkedSection;20;1.0;1.0
com.itextpdf.text.Meta;13;1.0;0.7
com.itextpdf.text.PageSize;53;1.0;0.9803921568627451
com.itextpdf.text.Paragraph;45;1.0;0.5609756097560976
com.itextpdf.text.Phrase;37;0.9393939393939394;0.6363636363636364
com.itextpdf.text.Rectangle;88;1.0;0.5952380952380952
com.itextpdf.text.RectangleReadOnly;28;1.0;0.9230769230769231
com.itextpdf.text.Section;68;1.0;0.640625
com.itextpdf.text.Utilities;22;;
com.itextpdf.text.error_messages.MessageLocalization;16;1.0;0.8461538461538461
com.itextpdf.text.factories.ElementFactory;11;;
com.itextpdf.text.html.HtmlTags;86;;
com.itextpdf.text.html.Markup;72;1.0;0.9
com.itextpdf.text.html.simpleparser.FactoryProperties;16;1.0;0.9166666666666666
com.itextpdf.text.html.simpleparser.HTMLWorker;40;1.0;0.6111111111111112
com.itextpdf.text.html.simpleparser.IncCell;10;1.0;0.8571428571428571
com.itextpdf.text.html.simpleparser.IncTable;14;1.0;0.8181818181818182
com.itextpdf.text.pdf.AcroFields;91;0.9080459770114943;0.5632183908045977
com.itextpdf.text.pdf.ArabicLigaturizer;50;1.0;0.75
com.itextpdf.text.pdf.AsianFontMapper;21;1.0;0.8823529411764706
com.itextpdf.text.pdf.Barcode;65;0.967741935483871;0.5483870967741935
com.itextpdf.text.pdf.Barcode128;32;1.0;0.6896551724137931
com.itextpdf.text.pdf.Barcode39;10;1.0;0.7142857142857143
com.itextpdf.text.pdf.BarcodeDatamatrix;49;1.0;0.5555555555555556
com.itextpdf.text.pdf.BarcodeEAN;30;1.0;0.7037037037037037
com.itextpdf.text.pdf.BarcodePDF417;114;0.9818181818181818;0.44545454545454544
com.itextpdf.text.pdf.BaseField;76;0.9861111111111112;0.4583333333333333
com.itextpdf.text.pdf.BaseFont;148;0.9722222222222222;0.4791666666666667
com.itextpdf.text.pdf.BidiLine;47;0.9767441860465116;0.6511627906976745
com.itextpdf.text.pdf.BidiOrder;57;0.9811320754716981;0.5094339622641509
com.itextpdf.text.pdf.ByteBuffer;37;1.0;0.696969696969697
com.itextpdf.text.pdf.CFFFont;34;0.8333333333333334;0.6
com.itextpdf.text.pdf.CFFFontSubset;59;1.0;0.5636363636363636
com.itextpdf.text.pdf.CJKFont;52;0.9791666666666666;0.5625
com.itextpdf.text.pdf.CMYKColor;13;1.0;0.6666666666666666
com.itextpdf.text.pdf.CMapAwareDocumentFont;12;1.0;0.6666666666666666
com.itextpdf.text.pdf.ColumnText;118;0.9824561403508771;0.5350877192982456
com.itextpdf.text.pdf.DefaultFontMapper;12;1.0;0.9
com.itextpdf.text.pdf.DocumentFont;51;1.0;0.6170212765957447
com.itextpdf.text.pdf.ExtendedColor;14;1.0;0.8
com.itextpdf.text.pdf.FdfReader;15;1.0;0.6666666666666666
com.itextpdf.text.pdf.FdfWriter;18;1.0;0.8571428571428571
com.itextpdf.text.pdf.FontDetails;19;1.0;0.75
com.itextpdf.text.pdf.IntHashtable;22;1.0;0.6842105263157895
com.itextpdf.text.pdf.LZWDecoder;16;1.0;0.8461538461538461
com.itextpdf.text.pdf.MappedRandomAccessFile;13;1.0;0.8
com.itextpdf.text.pdf.MultiColumnText;41;1.0;0.6216216216216216
com.itextpdf.text.pdf.OutputStreamCounter;10;1.0;0.8571428571428571
com.itextpdf.text.pdf.OutputStreamEncryption;15;0.9090909090909091;0.7272727272727273
com.itextpdf.text.pdf.PRAcroForm;13;1.0;0.8
com.itextpdf.text.pdf.PRStream;22;1.0;0.5263157894736842
com.itextpdf.text.pdf.PRTokeniser;38;1.0;0.7352941176470589
com.itextpdf.text.pdf.PageResources;26;1.0;0.782608695652174
com.itextpdf.text.pdf.PdfAcroForm;40;1.0;0.8378378378378378
com.itextpdf.text.pdf.PdfAction;48;1.0;0.4444444444444444
com.itextpdf.text.pdf.PdfAnnotation;96;1.0;0.5217391304347826
com.itextpdf.text.pdf.PdfArray;31;1.0;0.8928571428571429
com.itextpdf.text.pdf.PdfChunk;55;1.0;0.6274509803921569
com.itextpdf.text.pdf.PdfContentByte;203;0.9949748743718593;0.7839195979899497
com.itextpdf.text.pdf.PdfContentParser;10;1.0;0.8333333333333334
com.itextpdf.text.pdf.PdfCopy;31;1.0;0.7857142857142857
com.itextpdf.text.pdf.PdfCopyFields;19;1.0;0.875
com.itextpdf.text.pdf.PdfCopyFieldsImp;48;0.9772727272727273;0.5681818181818182
com.itextpdf.text.pdf.PdfCopyForms;19;1.0;0.9375
com.itextpdf.text.pdf.PdfDestination;16;1.0;0.5833333333333334
com.itextpdf.text.pdf.PdfDictionary;36;1.0;0.78125
com.itextpdf.text.pdf.PdfDocument;125;0.48760330578512395;0.5537190082644629
com.itextpdf.text.pdf.PdfEncodings;25;0.9130434782608695;0.6956521739130435
com.itextpdf.text.pdf.PdfEncryption;51;0.9574468085106383;0.5106382978723404
com.itextpdf.text.pdf.PdfEncryptor;16;1.0;1.0
com.itextpdf.text.pdf.PdfFileSpecification;16;1.0;0.9230769230769231
com.itextpdf.text.pdf.PdfFont;14;1.0;0.7272727272727273
com.itextpdf.text.pdf.PdfFormField;74;1.0;0.5285714285714286
com.itextpdf.text.pdf.PdfGState;22;1.0;0.7
com.itextpdf.text.pdf.PdfGraphics2D;132;0.9609375;0.59375
com.itextpdf.text.pdf.PdfImportedPage;19;1.0;0.8125
com.itextpdf.text.pdf.PdfIndirectObject;12;0.875;0.75
com.itextpdf.text.pdf.PdfLayer;30;0.9259259259259259;0.7037037037037037
com.itextpdf.text.pdf.PdfLayerMembership;14;1.0;0.6
com.itextpdf.text.pdf.PdfLine;38;1.0;0.6857142857142857
com.itextpdf.text.pdf.PdfName;659;1.0;0.9786259541984733
com.itextpdf.text.pdf.PdfObject;36;1.0;0.53125
com.itextpdf.text.pdf.PdfOutline;47;1.0;0.4772727272727273
com.itextpdf.text.pdf.PdfPCell;93;1.0;0.6555555555555556
com.itextpdf.text.pdf.PdfPKCS7;88;0.9285714285714286;0.4880952380952381
com.itextpdf.text.pdf.PdfPRow;25;1.0;0.5714285714285714
com.itextpdf.text.pdf.PdfPTable;122;1.0;0.635593220338983
com.itextpdf.text.pdf.PdfPage;13;1.0;0.5555555555555556
com.itextpdf.text.pdf.PdfPageEventHelper;11;;
com.itextpdf.text.pdf.PdfPageLabels;17;1.0;0.6153846153846154
com.itextpdf.text.pdf.PdfPages;13;1.0;0.9
com.itextpdf.text.pdf.PdfPatternPainter;42;1.0;0.8717948717948718
com.itextpdf.text.pdf.PdfPublicKeySecurityHandler;11;1.0;0.8571428571428571
com.itextpdf.text.pdf.PdfReader;186;0.989010989010989;0.5659340659340659
com.itextpdf.text.pdf.PdfReaderInstance;18;1.0;0.6428571428571429
com.itextpdf.text.pdf.PdfRectangle;26;1.0;0.5652173913043478
com.itextpdf.text.pdf.PdfShading;32;1.0;0.7586206896551724
com.itextpdf.text.pdf.PdfShadingPattern;16;1.0;0.7692307692307693
com.itextpdf.text.pdf.PdfSigGenericPKCS;13;1.0;0.8
com.itextpdf.text.pdf.PdfSignatureAppearance;122;0.9491525423728814;0.5169491525423728
com.itextpdf.text.pdf.PdfStamper;51;1.0;0.8333333333333334
com.itextpdf.text.pdf.PdfStamperImp;86;1.0;0.6746987951807228
com.itextpdf.text.pdf.PdfStream;26;0.9545454545454546;0.36363636363636365
com.itextpdf.text.pdf.PdfString;20;1.0;0.5882352941176471
com.itextpdf.text.pdf.PdfStructureTreeRoot;10;1.0;0.8571428571428571
com.itextpdf.text.pdf.PdfTemplate;34;1.0;0.6
com.itextpdf.text.pdf.PdfTextArray;10;1.0;0.8571428571428571
com.itextpdf.text.pdf.PdfTransition;24;1.0;0.7
com.itextpdf.text.pdf.PdfWriter;286;0.7021276595744681;0.450354609929078
com.itextpdf.text.pdf.Pfm2afm;58;0.9818181818181818;0.7636363636363637
com.itextpdf.text.pdf.PushbuttonField;43;0.9487179487179487;0.5641025641025641
com.itextpdf.text.pdf.RadioCheckField;23;1.0;0.5789473684210527
com.itextpdf.text.pdf.RandomAccessFileOrArray;57;0.9259259259259259;0.6851851851851852
com.itextpdf.text.pdf.SequenceList;28;1.0;0.5
com.itextpdf.text.pdf.SimpleBookmark;22;1.0;0.9473684210526315
com.itextpdf.text.pdf.SimpleNamedDestination;18;1.0;0.8666666666666667
com.itextpdf.text.pdf.StandardDecryption;11;0.8571428571428571;0.8571428571428571
com.itextpdf.text.pdf.TSAClientBouncyCastle;11;1.0;0.75
com.itextpdf.text.pdf.TextField;40;0.8918918918918919;0.7027027027027027
com.itextpdf.text.pdf.TrueTypeFont;70;1.0;0.6212121212121212
com.itextpdf.text.pdf.TrueTypeFontSubSet;45;1.0;0.4634146341463415
com.itextpdf.text.pdf.TrueTypeFontUnicode;19;0.9333333333333333;0.9333333333333333
com.itextpdf.text.pdf.Type1Font;44;0.975;0.625
com.itextpdf.text.pdf.Type3Font;30;1.0;0.8148148148148148
com.itextpdf.text.pdf.VerticalText;33;1.0;0.6551724137931034
com.itextpdf.text.pdf.XfaForm;42;0.9473684210526315;0.7105263157894737
com.itextpdf.text.pdf.XfdfReader;19;1.0;0.6875
com.itextpdf.text.pdf.codec.Base64;43;0.975;0.7
com.itextpdf.text.pdf.codec.BmpImage;68;0.984375;0.4375
com.itextpdf.text.pdf.codec.CCITTG4Encoder;40;0.9722222222222222;0.5
com.itextpdf.text.pdf.codec.GifImage;54;0.98;0.56
com.itextpdf.text.pdf.codec.JBIG2SegmentReader;41;1.0;0.5405405405405406
com.itextpdf.text.pdf.codec.LZWCompressor;12;1.0;0.8888888888888888
com.itextpdf.text.pdf.codec.LZWStringTable;19;1.0;0.4
com.itextpdf.text.pdf.codec.PngImage;71;1.0;0.417910447761194
com.itextpdf.text.pdf.codec.PngWriter;21;1.0;0.7058823529411765
com.itextpdf.text.pdf.codec.TIFFConstants;210;;
com.itextpdf.text.pdf.codec.TIFFDirectory;39;0.9142857142857143;0.7428571428571429
com.itextpdf.text.pdf.codec.TIFFFaxDecoder;36;1.0;0.46875
com.itextpdf.text.pdf.codec.TIFFFaxDecompressor;41;1.0;0.43243243243243246
com.itextpdf.text.pdf.codec.TIFFField;39;1.0;0.5714285714285714
com.itextpdf.text.pdf.codec.TIFFLZWDecoder;18;1.0;0.8
com.itextpdf.text.pdf.codec.wmf.InputMeta;10;1.0;1.0
com.itextpdf.text.pdf.codec.wmf.MetaBrush;19;1.0;0.6666666666666666
com.itextpdf.text.pdf.codec.wmf.MetaDo;85;1.0;0.7160493827160493
com.itextpdf.text.pdf.codec.wmf.MetaFont;37;1.0;0.5151515151515151
com.itextpdf.text.pdf.codec.wmf.MetaPen;15;1.0;0.6363636363636364
com.itextpdf.text.pdf.codec.wmf.MetaState;66;1.0;0.5161290322580645
com.itextpdf.text.pdf.collection.PdfCollectionField;15;1.0;0.7272727272727273
com.itextpdf.text.pdf.collection.PdfCollectionItem;11;1.0;1.0
com.itextpdf.text.pdf.crypto.ARCFOUREncryption;10;1.0;0.8571428571428571
com.itextpdf.text.pdf.draw.LineSeparator;16;1.0;0.6923076923076923
com.itextpdf.text.pdf.draw.VerticalPositionMark;14;1.0;0.8181818181818182
com.itextpdf.text.pdf.events.FieldPositioningEvents;15;0.75;0.5833333333333334
com.itextpdf.text.pdf.events.IndexEvents;13;0.6363636363636364;0.9090909090909091
com.itextpdf.text.pdf.events.PdfPageEventForwarder;13;1.0;1.0
com.itextpdf.text.pdf.fonts.cmaps.CMap;10;1.0;0.7142857142857143
com.itextpdf.text.pdf.fonts.cmaps.CMapParser;16;1.0;0.8333333333333334
com.itextpdf.text.pdf.hyphenation.ByteVector;16;1.0;0.5833333333333334
com.itextpdf.text.pdf.hyphenation.CharVector;18;1.0;0.7142857142857143
com.itextpdf.text.pdf.hyphenation.HyphenationTree;19;1.0;0.8
com.itextpdf.text.pdf.hyphenation.Hyphenator;19;0.9333333333333333;0.7333333333333333
com.itextpdf.text.pdf.hyphenation.SimplePatternParser;25;1.0;0.5714285714285714
com.itextpdf.text.pdf.hyphenation.TernaryTree;32;0.9642857142857143;0.6428571428571429
com.itextpdf.text.pdf.internal.PdfAnnotationsImp;15;1.0;0.75
com.itextpdf.text.pdf.internal.PdfVersionImp;15;1.0;0.8333333333333334
com.itextpdf.text.pdf.internal.PdfViewerPreferencesImp;17;0.9285714285714286;0.5714285714285714
com.itextpdf.text.pdf.internal.PdfXConformanceImp;18;1.0;0.7333333333333333
com.itextpdf.text.pdf.internal.PolylineShape;15;1.0;0.9166666666666666
com.itextpdf.text.pdf.parser.GraphicsState;22;1.0;0.631578947368421
com.itextpdf.text.pdf.parser.ImageRenderInfo;12;1.0;0.8888888888888888
com.itextpdf.text.pdf.parser.InlineImageUtils;11;1.0;0.75
com.itextpdf.text.pdf.parser.Matrix;20;1.0;0.5625
com.itextpdf.text.pdf.parser.PdfContentStreamProcessor;26;1.0;0.6363636363636364
com.itextpdf.text.pdf.parser.PdfImageObject;25;0.9047619047619048;0.5238095238095238
com.itextpdf.text.pdf.parser.TextMarginFinder;11;1.0;1.0
com.itextpdf.text.pdf.parser.TextRenderInfo;17;1.0;0.7857142857142857
com.itextpdf.text.pdf.parser.Vector;16;1.0;0.75
com.itextpdf.text.pdf.qrcode.BitArray;14;1.0;0.9090909090909091
com.itextpdf.text.pdf.qrcode.BitMatrix;16;1.0;0.6923076923076923
com.itextpdf.text.pdf.qrcode.BitVector;14;1.0;0.8
com.itextpdf.text.pdf.qrcode.ByteArray;13;1.0;0.7777777777777778
com.itextpdf.text.pdf.qrcode.ByteMatrix;12;1.0;0.8888888888888888
com.itextpdf.text.pdf.qrcode.CharacterSetECI;10;0.8333333333333334;1.0
com.itextpdf.text.pdf.qrcode.Encoder;24;1.0;0.9047619047619048
com.itextpdf.text.pdf.qrcode.ErrorCorrectionLevel;14;1.0;0.6
com.itextpdf.text.pdf.qrcode.FormatInformation;13;1.0;0.6666666666666666
com.itextpdf.text.pdf.qrcode.GF256;15;1.0;0.5454545454545454
com.itextpdf.text.pdf.qrcode.GF256Poly;14;1.0;0.9090909090909091
com.itextpdf.text.pdf.qrcode.MatrixUtil;30;1.0;0.7407407407407407
com.itextpdf.text.pdf.qrcode.Mode;18;1.0;0.6428571428571429
com.itextpdf.text.pdf.qrcode.QRCode;36;1.0;0.6875
com.itextpdf.text.pdf.qrcode.Version;18;1.0;0.7857142857142857
com.itextpdf.text.pdf.richmedia.RichMediaAnnotation;20;1.0;0.5294117647058824
com.itextpdf.text.xml.XmlDomWriter;12;1.0;0.6666666666666666
com.itextpdf.text.xml.simpleparser.SimpleXMLParser;49;1.0;0.4444444444444444
com.itextpdf.text.xml.xmp.DublinCoreSchema;27;1.0;0.75
com.itextpdf.text.xml.xmp.PdfSchema;10;1.0;0.7142857142857143
com.itextpdf.text.xml.xmp.XmpBasicSchema;19;1.0;0.8125
com.itextpdf.text.xml.xmp.XmpMMSchema;16;1.0;1.0
com.itextpdf.text.xml.xmp.XmpSchema;11;1.0;1.0
com.itextpdf.text.xml.xmp.XmpWriter;21;0.8235294117647058;0.47058823529411764
