file;entities;metric;metric_random
installer.CBZip2InputStream;74;1.0;0.5
installer.CBZip2OutputStream;75;1.0;0.5352112676056338
installer.SwingInstall;17;1.0;0.8461538461538461
installer.TarBuffer;32;1.0;0.5357142857142857
installer.TarEntry;35;1.0;0.84375
installer.TarHeader;45;1.0;0.5121951219512195
installer.TarInputStream;27;1.0;0.6666666666666666
installer.TarOutputStream;22;1.0;0.631578947368421
macosx.MacOSXPlugin;14;1.0;1.0
macosx.OSXAdapter;15;1.0;0.7272727272727273
QuickNotepad;18;1.0;0.7857142857142857
org.gjt.sp.jedit.Abbrevs;25;0.9090909090909091;0.6818181818181818
org.gjt.sp.jedit.AbstractOptionPane;21;0.8888888888888888;0.8333333333333334
org.gjt.sp.jedit.ActionListHandler;19;0.9375;0.8125
org.gjt.sp.jedit.ActionSet;17;0.8571428571428571;0.7857142857142857
org.gjt.sp.jedit.BeanShell;21;0.9473684210526315;0.9473684210526315
org.gjt.sp.jedit.BeanShellAction;12;1.0;0.8888888888888888
org.gjt.sp.jedit.BeanShellFacade;19;1.0;0.8
org.gjt.sp.jedit.Buffer;120;0.9482758620689655;0.6293103448275862
org.gjt.sp.jedit.BufferHistory;15;0.9230769230769231;0.8461538461538461
org.gjt.sp.jedit.Debug;22;;
org.gjt.sp.jedit.EditAction;12;1.0;0.9
org.gjt.sp.jedit.EditBus;11;0.875;1.0
org.gjt.sp.jedit.EditPane;43;0.95;0.75
org.gjt.sp.jedit.EditPlugin;22;1.0;1.0
org.gjt.sp.jedit.EditServer;13;0.9;0.7
org.gjt.sp.jedit.GUIUtilities;83;0.975;0.8
org.gjt.sp.jedit.JARClassLoader;27;0.8695652173913043;0.7391304347826086
org.gjt.sp.jedit.JEditActionContext;11;1.0;0.7777777777777778
org.gjt.sp.jedit.JEditActionSet;23;0.8947368421052632;0.8421052631578947
org.gjt.sp.jedit.JEditBeanShellAction;16;1.0;0.8333333333333334
org.gjt.sp.jedit.Macros;33;0.967741935483871;0.8709677419354839
org.gjt.sp.jedit.Marker;11;0.875;1.0
org.gjt.sp.jedit.MiscUtilities;77;0.918918918918919;0.8648648648648649
org.gjt.sp.jedit.Mode;29;1.0;0.6538461538461539
org.gjt.sp.jedit.OperatingSystem;29;1.0;0.7407407407407407
org.gjt.sp.jedit.OptionGroup;17;1.0;0.7142857142857143
org.gjt.sp.jedit.PluginJAR;55;0.9807692307692307;0.6538461538461539
org.gjt.sp.jedit.PropertyManager;19;0.9411764705882353;0.9411764705882353
org.gjt.sp.jedit.Registers;32;0.9655172413793104;0.8275862068965517
org.gjt.sp.jedit.ServiceListHandler;17;0.9285714285714286;0.7857142857142857
org.gjt.sp.jedit.ServiceManager.loadServices(PluginJAR,URL,PluginJAR;11;1.0;1.0
org.gjt.sp.jedit.TextUtilities;35;0.9393939393939394;0.7575757575757576
org.gjt.sp.jedit.View;136;0.9621212121212122;0.5378787878787878
org.gjt.sp.jedit.jEdit;172;0.9881656804733728;0.7633136094674556
org.gjt.sp.jedit.browser.BrowserIORequest;18;0.9285714285714286;0.42857142857142855
org.gjt.sp.jedit.browser.BrowserView;23;0.95;0.7
org.gjt.sp.jedit.browser.FileCellRenderer;20;0.8125;0.5625
org.gjt.sp.jedit.browser.VFSBrowser;96;0.9239130434782609;0.5
org.gjt.sp.jedit.browser.VFSDirectoryEntryTable;23;0.9473684210526315;0.6842105263157895
org.gjt.sp.jedit.browser.VFSDirectoryEntryTableModel;23;0.95;0.85
org.gjt.sp.jedit.browser.VFSFileChooserDialog;20;0.9411764705882353;0.5294117647058824
org.gjt.sp.jedit.bsh.BSHAllocationExpression;11;1.0;1.0
org.gjt.sp.jedit.bsh.BSHForStatement;10;1.0;1.0
org.gjt.sp.jedit.bsh.BSHMethodDeclaration;16;1.0;0.6923076923076923
org.gjt.sp.jedit.bsh.BSHPrimarySuffix;10;1.0;0.5
org.gjt.sp.jedit.bsh.BSHType;13;1.0;0.8
org.gjt.sp.jedit.bsh.BlockNameSpace;10;1.0;1.0
org.gjt.sp.jedit.bsh.BshClassManager;41;1.0;0.7368421052631579
org.gjt.sp.jedit.bsh.BshMethod;24;1.0;0.6190476190476191
org.gjt.sp.jedit.bsh.CallStack;14;1.0;1.0
org.gjt.sp.jedit.bsh.ClassGeneratorUtil;41;1.0;0.5675675675675675
org.gjt.sp.jedit.bsh.DelayedEvalBshMethod;11;1.0;1.0
org.gjt.sp.jedit.bsh.EvalError;15;1.0;0.75
org.gjt.sp.jedit.bsh.ExternalNameSpace;16;1.0;0.9230769230769231
org.gjt.sp.jedit.bsh.Interpreter;75;1.0;0.6197183098591549
org.gjt.sp.jedit.bsh.JJTParserState;17;1.0;0.7142857142857143
org.gjt.sp.jedit.bsh.JThis;86;1.0;0.9880952380952381
org.gjt.sp.jedit.bsh.JavaCharStream;48;0.9090909090909091;0.5681818181818182
org.gjt.sp.jedit.bsh.LHS;18;0.9285714285714286;0.5714285714285714
org.gjt.sp.jedit.bsh.Name;28;0.9166666666666666;0.75
org.gjt.sp.jedit.bsh.NameSpace;95;0.9560439560439561;0.6703296703296703
org.gjt.sp.jedit.bsh.ParseException;17;0.7142857142857143;0.5
org.gjt.sp.jedit.bsh.Parser;362;0.9777158774373259;0.935933147632312
org.gjt.sp.jedit.bsh.ParserTokenManager;75;0.8873239436619719;0.5352112676056338
org.gjt.sp.jedit.bsh.Primitive;48;0.9772727272727273;0.7045454545454546
org.gjt.sp.jedit.bsh.Reflect;40;;
org.gjt.sp.jedit.bsh.SimpleNode;24;1.0;0.75
org.gjt.sp.jedit.bsh.TargetError;12;1.0;0.8888888888888888
org.gjt.sp.jedit.bsh.This;13;0.9;0.9
org.gjt.sp.jedit.bsh.TokenMgrError;11;1.0;0.8571428571428571
org.gjt.sp.jedit.bsh.Types;16;1.0;0.7142857142857143
org.gjt.sp.jedit.bsh.Variable;19;1.0;0.5333333333333333
org.gjt.sp.jedit.bsh.classpath.BshClassPath;63;0.847457627118644;0.6779661016949152
org.gjt.sp.jedit.bsh.classpath.ClassManagerImpl;30;1.0;0.7307692307692307
org.gjt.sp.jedit.bsh.org.objectweb.asm.ByteVector;13;1.0;0.6
org.gjt.sp.jedit.bsh.org.objectweb.asm.ClassWriter;71;0.9850746268656716;0.47761194029850745
org.gjt.sp.jedit.bsh.org.objectweb.asm.CodeWriter;58;0.9444444444444444;0.5740740740740741
org.gjt.sp.jedit.bsh.org.objectweb.asm.Item;19;1.0;0.5
org.gjt.sp.jedit.bsh.org.objectweb.asm.Label;14;1.0;0.8181818181818182
org.gjt.sp.jedit.bsh.org.objectweb.asm.Type;47;1.0;0.5581395348837209
org.gjt.sp.jedit.buffer.BufferSegment;12;1.0;0.6666666666666666
org.gjt.sp.jedit.buffer.ContentManager;16;0.9285714285714286;0.7857142857142857
org.gjt.sp.jedit.buffer.FoldHandler;12;0.875;0.75
org.gjt.sp.jedit.buffer.JEditBuffer;141;0.9635036496350365;0.7518248175182481
org.gjt.sp.jedit.buffer.KillRing;20;0.9411764705882353;0.8823529411764706
org.gjt.sp.jedit.buffer.LineManager;25;0.9545454545454546;0.7272727272727273
org.gjt.sp.jedit.buffer.UndoManager;28;0.96;0.72
org.gjt.sp.jedit.bufferio.BufferIORequest;29;1.0;0.52
org.gjt.sp.jedit.bufferio.MarkersSaveRequest;10;1.0;0.8333333333333334
org.gjt.sp.jedit.bufferset.BufferSet;22;0.9444444444444444;0.7777777777777778
org.gjt.sp.jedit.bufferset.BufferSetManager;18;1.0;1.0
org.gjt.sp.jedit.gui.AbbrevEditor;10;1.0;1.0
org.gjt.sp.jedit.gui.AbstractContextOptionPane;16;0.9230769230769231;0.7692307692307693
org.gjt.sp.jedit.gui.ActionBar;13;0.8888888888888888;0.8888888888888888
org.gjt.sp.jedit.gui.AnimatedIcon;15;1.0;0.9166666666666666
org.gjt.sp.jedit.gui.CloseDialog;15;0.9166666666666666;0.6666666666666666
org.gjt.sp.jedit.gui.CompleteWord;16;0.8461538461538461;0.7692307692307693
org.gjt.sp.jedit.gui.CompletionPopup;18;0.9333333333333333;0.7333333333333333
org.gjt.sp.jedit.gui.ContextAddDialog;10;0.8571428571428571;0.7142857142857143
org.gjt.sp.jedit.gui.DockableLayout;26;1.0;0.6956521739130435
org.gjt.sp.jedit.gui.DockableWindowFactory;12;0.875;0.875
org.gjt.sp.jedit.gui.DockableWindowManager;60;0.9642857142857143;0.6785714285714286
org.gjt.sp.jedit.gui.DockableWindowManagerImpl;39;0.8611111111111112;0.6944444444444444
org.gjt.sp.jedit.gui.DockingLayoutManager;28;0.9166666666666666;0.7083333333333334
org.gjt.sp.jedit.gui.EditAbbrevDialog;12;0.8888888888888888;0.6666666666666666
org.gjt.sp.jedit.gui.ExtendedGridLayout;21;1.0;0.6666666666666666
org.gjt.sp.jedit.gui.ExtendedGridLayoutConstraints;29;1.0;0.6
org.gjt.sp.jedit.gui.FilePropertiesDialog;20;0.8823529411764706;0.7058823529411765
org.gjt.sp.jedit.gui.FilesChangedDialog;15;0.9166666666666666;0.8333333333333334
org.gjt.sp.jedit.gui.FilteredListModel;22;1.0;0.7368421052631579
org.gjt.sp.jedit.gui.FilteredTableModel;25;1.0;0.7727272727272727
org.gjt.sp.jedit.gui.FloatingWindowContainer;15;0.8333333333333334;0.9166666666666666
org.gjt.sp.jedit.gui.FontSelectorDialog;23;0.9473684210526315;0.5263157894736842
org.gjt.sp.jedit.gui.GrabKeyDialog;21;0.8888888888888888;0.6666666666666666
org.gjt.sp.jedit.gui.HistoryModel;22;0.8888888888888888;0.7222222222222222
org.gjt.sp.jedit.gui.HistoryText;25;1.0;0.7272727272727273
org.gjt.sp.jedit.gui.HistoryTextArea;10;1.0;1.0
org.gjt.sp.jedit.gui.HistoryTextField;20;1.0;0.7058823529411765
org.gjt.sp.jedit.gui.InputHandler;16;0.9230769230769231;1.0
org.gjt.sp.jedit.gui.JCheckBoxList;22;0.7894736842105263;0.8421052631578947
org.gjt.sp.jedit.gui.KeyEventTranslator;14;0.5833333333333334;0.75
org.gjt.sp.jedit.gui.KeyEventWorkaround;10;1.0;0.75
org.gjt.sp.jedit.gui.LogViewer;17;0.9285714285714286;0.7142857142857143
org.gjt.sp.jedit.gui.MarkerViewer;16;0.9230769230769231;0.6923076923076923
org.gjt.sp.jedit.gui.OptionsDialog;26;1.0;0.5652173913043478
org.gjt.sp.jedit.gui.PanelWindowContainer;32;0.8928571428571429;0.6785714285714286
org.gjt.sp.jedit.gui.PasteFromListDialog;12;0.8888888888888888;0.7777777777777778
org.gjt.sp.jedit.gui.PingPongList;22;1.0;0.5789473684210527
org.gjt.sp.jedit.gui.RegisterViewer;17;0.9285714285714286;0.7142857142857143
org.gjt.sp.jedit.gui.SelectLineRange;10;0.8571428571428571;0.7142857142857143
org.gjt.sp.jedit.gui.SplashScreen;20;0.9375;0.6875
org.gjt.sp.jedit.gui.StatusBar;36;0.96875;0.65625
org.gjt.sp.jedit.gui.StyleEditor;17;0.9285714285714286;0.6428571428571429
org.gjt.sp.jedit.gui.TaskMonitor;10;1.0;1.0
org.gjt.sp.jedit.gui.VariableGridLayout;35;1.0;0.4838709677419355
org.gjt.sp.jedit.help.HelpHistoryModel;17;1.0;0.9285714285714286
org.gjt.sp.jedit.help.HelpIndex;13;0.8888888888888888;0.8888888888888888
org.gjt.sp.jedit.help.HelpTOCPanel;11;0.875;0.75
org.gjt.sp.jedit.help.HelpViewer;25;0.9545454545454546;0.6818181818181818
org.gjt.sp.jedit.help.HistoryButton;13;1.0;0.6666666666666666
org.gjt.sp.jedit.input.AbstractInputHandler;31;0.9259259259259259;0.6666666666666666
org.gjt.sp.jedit.input.TextAreaInputHandler;11;1.0;0.875
org.gjt.sp.jedit.io.FavoritesVFS;13;0.9;0.8
org.gjt.sp.jedit.io.FileVFS;22;0.9473684210526315;0.8947368421052632
org.gjt.sp.jedit.io.VFS;58;0.9629629629629629;0.5740740740740741
org.gjt.sp.jedit.io.VFSFile;48;0.9090909090909091;0.6590909090909091
org.gjt.sp.jedit.io.VFSManager;32;0.9655172413793104;0.6206896551724138
org.gjt.sp.jedit.menu.EnhancedMenu;13;0.9;0.8
org.gjt.sp.jedit.msg.BufferUpdate;17;1.0;0.6923076923076923
org.gjt.sp.jedit.msg.EditPaneUpdate;11;1.0;0.7142857142857143
org.gjt.sp.jedit.msg.PluginUpdate;13;1.0;0.7777777777777778
org.gjt.sp.jedit.options.AbbrevsOptionPane;14;0.9090909090909091;0.6363636363636364
org.gjt.sp.jedit.options.AppearanceOptionPane;22;0.9444444444444444;0.7777777777777778
org.gjt.sp.jedit.options.BrowserColorsOptionPane;25;0.8181818181818182;0.7272727272727273
org.gjt.sp.jedit.options.BrowserOptionPane;13;1.0;0.9
org.gjt.sp.jedit.options.BufferOptionPane;16;1.0;0.9230769230769231
org.gjt.sp.jedit.options.DockingOptionPane;32;0.8214285714285714;0.5357142857142857
org.gjt.sp.jedit.options.EditingOptionPane;27;0.9583333333333334;0.8333333333333334
org.gjt.sp.jedit.options.EncodingsOptionPane;10;1.0;0.8571428571428571
org.gjt.sp.jedit.options.FirewallOptionPane;12;1.0;0.8888888888888888
org.gjt.sp.jedit.options.GeneralOptionPane;19;1.0;0.6666666666666666
org.gjt.sp.jedit.options.GutterOptionPane;37;1.0;0.6363636363636364
org.gjt.sp.jedit.options.MouseOptionPane;10;1.0;0.8333333333333334
org.gjt.sp.jedit.options.PluginManagerOptionPane;14;0.9090909090909091;0.8181818181818182
org.gjt.sp.jedit.options.PrintOptionPane;12;1.0;1.0
org.gjt.sp.jedit.options.SaveBackupOptionPane;14;1.0;0.8181818181818182
org.gjt.sp.jedit.options.ShortcutsOptionPane;14;0.9090909090909091;0.7272727272727273
org.gjt.sp.jedit.options.StatusBarOptionPane;21;0.9444444444444444;0.8888888888888888
org.gjt.sp.jedit.options.TextAreaOptionPane;29;1.0;0.9615384615384616
org.gjt.sp.jedit.options.ToolBarOptionPane;30;0.8148148148148148;0.6296296296296297
org.gjt.sp.jedit.options.ViewOptionPane;17;1.0;0.8571428571428571
org.gjt.sp.jedit.pluginmgr.InstallPanel;15;1.0;0.6363636363636364
org.gjt.sp.jedit.pluginmgr.ManagePanel;13;1.0;0.8
org.gjt.sp.jedit.pluginmgr.MirrorListHandler;19;0.9375;0.6875
org.gjt.sp.jedit.pluginmgr.PluginList;18;1.0;0.5714285714285714
org.gjt.sp.jedit.pluginmgr.PluginListHandler;34;0.967741935483871;0.7096774193548387
org.gjt.sp.jedit.pluginmgr.PluginManager;26;0.9090909090909091;0.6363636363636364
org.gjt.sp.jedit.pluginmgr.PluginManagerProgress;13;1.0;0.9
org.gjt.sp.jedit.pluginmgr.Roster;13;0.8888888888888888;0.7777777777777778
org.gjt.sp.jedit.print.BufferPrintable;29;0.96;0.6
org.gjt.sp.jedit.search.BoyerMooreSearchMatcher;14;0.9090909090909091;0.6363636363636364
org.gjt.sp.jedit.search.DirectoryListSet;14;1.0;0.8181818181818182
org.gjt.sp.jedit.search.HyperSearchFileNode;11;0.8571428571428571;0.8571428571428571
org.gjt.sp.jedit.search.HyperSearchOperationNode;14;1.0;0.7272727272727273
org.gjt.sp.jedit.search.HyperSearchRequest;12;0.8888888888888888;0.7777777777777778
org.gjt.sp.jedit.search.HyperSearchResult;16;0.9230769230769231;0.9230769230769231
org.gjt.sp.jedit.search.HyperSearchResults;39;0.9142857142857143;0.5428571428571428
org.gjt.sp.jedit.search.SearchAndReplace;53;0.9803921568627451;0.7647058823529411
org.gjt.sp.jedit.search.SearchBar;22;0.9473684210526315;0.631578947368421
org.gjt.sp.jedit.search.SearchDialog;36;0.9375;0.53125
org.gjt.sp.jedit.syntax.Chunk;27;0.8260869565217391;0.4782608695652174
org.gjt.sp.jedit.syntax.DefaultTokenHandler;10;0.875;1.0
org.gjt.sp.jedit.syntax.DisplayTokenHandler;18;0.9333333333333333;0.7333333333333333
org.gjt.sp.jedit.syntax.KeywordMap;16;0.9230769230769231;0.6923076923076923
org.gjt.sp.jedit.syntax.ModeProvider;10;1.0;1.0
org.gjt.sp.jedit.syntax.ParserRule;48;1.0;0.5
org.gjt.sp.jedit.syntax.ParserRuleSet;47;0.9767441860465116;0.6744186046511628
org.gjt.sp.jedit.syntax.Token;31;0.9629629629629629;0.7037037037037037
org.gjt.sp.jedit.syntax.TokenMarker;26;0.9565217391304348;0.782608695652174
org.gjt.sp.jedit.syntax.XModeHandler;26;0.9565217391304348;0.6521739130434783
org.gjt.sp.jedit.textarea.Anchor;12;1.0;0.7777777777777778
org.gjt.sp.jedit.textarea.AntiAlias;13;0.8888888888888888;0.8888888888888888
org.gjt.sp.jedit.textarea.BufferHandler;19;1.0;0.75
org.gjt.sp.jedit.textarea.ChunkCache;36;0.9696969696969697;0.696969696969697
org.gjt.sp.jedit.textarea.DisplayManager;42;0.8947368421052632;0.7894736842105263
org.gjt.sp.jedit.textarea.FirstLine;10;1.0;0.8571428571428571
org.gjt.sp.jedit.textarea.Gutter;82;0.9615384615384616;0.5512820512820513
org.gjt.sp.jedit.textarea.InputMethodSupport;17;1.0;0.7142857142857143
org.gjt.sp.jedit.textarea.JEditTextArea;36;0.96875;0.84375
org.gjt.sp.jedit.textarea.RangeMap;20;1.0;0.8823529411764706
org.gjt.sp.jedit.textarea.ScreenLineManager;12;1.0;0.875
org.gjt.sp.jedit.textarea.ScrollLayout;16;0.9230769230769231;0.6153846153846154
org.gjt.sp.jedit.textarea.Selection;18;0.9333333333333333;0.8
org.gjt.sp.jedit.textarea.SelectionManager;16;0.9230769230769231;0.9230769230769231
org.gjt.sp.jedit.textarea.StandaloneTextArea;20;1.0;0.9411764705882353
org.gjt.sp.jedit.textarea.TextArea;316;0.9807692307692307;0.717948717948718
org.gjt.sp.jedit.textarea.TextAreaMouseHandler;25;0.9545454545454546;0.6818181818181818
org.gjt.sp.jedit.textarea.TextAreaPainter;99;0.968421052631579;0.5157894736842106
org.gjt.sp.jedit.textarea.TextAreaTransferHandler;13;1.0;0.7272727272727273
org.gjt.sp.util.IOUtilities;10;1.0;1.0
org.gjt.sp.util.IntegerArray;10;1.0;0.8571428571428571
org.gjt.sp.util.Log;30;0.9285714285714286;0.6785714285714286
org.gjt.sp.util.PropertiesBean;10;1.0;0.8571428571428571
org.gjt.sp.util.SegmentCharSequence;11;1.0;0.75
org.gjt.sp.util.StandardUtilities;23;0.95;0.95
org.gjt.sp.util.StringList;11;1.0;0.875
org.gjt.sp.util.Task;15;1.0;0.8333333333333334
org.gjt.sp.util.WorkThread;22;0.9473684210526315;0.7368421052631579
org.gjt.sp.util.WorkThreadPool;31;0.8888888888888888;0.5555555555555556
