file;entities;metric;metric_random
net.sf.jftp.JFtp;57;0.9622641509433962;0.6037735849056604
net.sf.jftp.config.Settings;92;0.9444444444444444;0.8555555555555555
net.sf.jftp.event.FtpEventHandler;12;0.875;0.75
net.sf.jftp.gui.AppMenuBar;19;0.9333333333333333;0.8666666666666667
net.sf.jftp.gui.DirEntry;35;1.0;0.4838709677419355
net.sf.jftp.gui.DirLister;15;1.0;0.6666666666666666
net.sf.jftp.gui.DirPanel;22;1.0;0.7368421052631579
net.sf.jftp.gui.DownloadList;22;1.0;0.6666666666666666
net.sf.jftp.gui.HostChooser;35;1.0;0.6129032258064516
net.sf.jftp.gui.HostList;48;1.0;0.6666666666666666
net.sf.jftp.gui.LocalDir;57;0.9811320754716981;0.5283018867924528
net.sf.jftp.gui.RemoteDir;52;0.9791666666666666;0.4791666666666667
net.sf.jftp.gui.SmbHostChooser;21;0.8823529411764706;0.5882352941176471
net.sf.jftp.gui.StatusCanvas;12;1.0;0.7777777777777778
net.sf.jftp.gui.StatusPanel;11;1.0;0.875
net.sf.jftp.gui.framework.GUIDefaults;20;;
net.sf.jftp.gui.framework.HImageButton;22;1.0;0.7894736842105263
net.sf.jftp.net.DataConnection;31;1.0;0.5185185185185185
net.sf.jftp.net.FilesystemConnection;38;1.0;0.7647058823529411
net.sf.jftp.net.FtpClient;12;1.0;0.8888888888888888
net.sf.jftp.net.FtpConnection;127;0.959349593495935;0.4878048780487805
net.sf.jftp.net.FtpServerSocket;50;0.9565217391304348;0.6086956521739131
net.sf.jftp.net.FtpURLConnection;16;1.0;0.7692307692307693
net.sf.jftp.net.JConnection;20;1.0;0.7058823529411765
net.sf.jftp.net.SmbConnection;43;1.0;0.6666666666666666
net.sf.jftp.net.Transfer;28;0.9583333333333334;0.625
net.sf.jftp.util.Log4JLogger;13;1.0;1.0
net.sf.jftp.util.StringUtils;10;;
net.sf.jftp.util.SystemLogger;13;;
