file;entities;metric;metric_random
org.jhotdraw.app.AbstractApplication;60;0.9464285714285714;0.6785714285714286
org.jhotdraw.app.AbstractApplicationModel;31;1.0;0.6296296296296297
org.jhotdraw.app.AbstractView;36;1.0;0.696969696969697
org.jhotdraw.app.AppletApplication;15;1.0;0.9166666666666666
org.jhotdraw.app.DefaultMenuBuilder;22;;
org.jhotdraw.app.EmptyMenuBuilder;22;;
org.jhotdraw.app.MDIApplication;24;1.0;0.8095238095238095
org.jhotdraw.app.OSXApplication;30;1.0;0.8888888888888888
org.jhotdraw.app.SDIApplication;22;1.0;0.9473684210526315
org.jhotdraw.app.action.AbstractApplicationAction;11;1.0;0.875
org.jhotdraw.app.action.AbstractViewAction;19;0.9333333333333333;0.6666666666666666
org.jhotdraw.app.action.app.ExitAction;13;1.0;0.7777777777777778
org.jhotdraw.app.action.edit.RedoAction;10;1.0;0.6666666666666666
org.jhotdraw.app.action.edit.UndoAction;10;1.0;1.0
org.jhotdraw.app.action.view.ToggleViewPropertyAction;14;1.0;0.6363636363636364
org.jhotdraw.app.action.view.ViewPropertyAction;12;1.0;0.6666666666666666
org.jhotdraw.app.action.window.FocusWindowAction;11;1.0;0.8571428571428571
org.jhotdraw.app.osx.OSXAdapter;19;0.9333333333333333;0.8
org.jhotdraw.app.osx.OSXPaletteHandler;16;1.0;0.6923076923076923
org.jhotdraw.beans.AbstractBean;10;1.0;1.0
org.jhotdraw.beans.PropertyChangeEdit;21;1.0;0.6111111111111112
org.jhotdraw.color.AbstractColorWheelImageProducer;21;1.0;0.7777777777777778
org.jhotdraw.color.CIELABColorSpace;20;0.875;0.625
org.jhotdraw.color.CIELCHabColorSpace;20;0.875;0.75
org.jhotdraw.color.CIEXYChromaticityDiagramImageProducer;22;1.0;0.6666666666666666
org.jhotdraw.color.CMYKNominalColorSpace;13;0.9;0.9
org.jhotdraw.color.ColorSliderUI;33;0.9655172413793104;0.7241379310344828
org.jhotdraw.color.ColorSquareImageProducer;12;1.0;0.6666666666666666
org.jhotdraw.color.ColorTrackImageProducer;19;1.0;0.6875
org.jhotdraw.color.ColorUtil;11;1.0;0.875
org.jhotdraw.color.ColorWheelChooser;12;0.8888888888888888;0.7777777777777778
org.jhotdraw.color.ComplexColorWheelImageProducer;13;1.0;0.8
org.jhotdraw.color.DefaultColorSliderModel;22;1.0;0.7894736842105263
org.jhotdraw.color.DefaultHarmonicColorModel;33;1.0;0.8
org.jhotdraw.color.HSBColorSpace;13;0.9;1.0
org.jhotdraw.color.HSLColorSpace;13;0.9;1.0
org.jhotdraw.color.HSLHarmonicColorWheelImageProducer;11;1.0;0.75
org.jhotdraw.color.HSLPhysiologicColorSpace;13;0.9;1.0
org.jhotdraw.color.HSVColorSpace;13;0.9;1.0
org.jhotdraw.color.HSVHarmonicColorWheelImageProducer;11;1.0;1.0
org.jhotdraw.color.HSVPhysiologicColorSpace;13;0.9;1.0
org.jhotdraw.color.JColorWheel;39;1.0;0.6388888888888888
org.jhotdraw.color.JHarmonicColorWheel;20;1.0;0.6875
org.jhotdraw.color.QuantizingColorWheelImageProducer;12;1.0;0.7777777777777778
org.jhotdraw.draw.AbstractAttributedCompositeFigure;29;1.0;0.9615384615384616
org.jhotdraw.draw.AbstractAttributedDecoratedFigure;16;1.0;1.0
org.jhotdraw.draw.AbstractAttributedFigure;27;1.0;0.9166666666666666
org.jhotdraw.draw.AbstractCompositeFigure;65;1.0;0.9032258064516129
org.jhotdraw.draw.AbstractDrawing;22;0.9444444444444444;0.7222222222222222
org.jhotdraw.draw.AbstractFigure;67;1.0;0.84375
org.jhotdraw.draw.AttributeKey;25;1.0;0.6818181818181818
org.jhotdraw.draw.AttributeKeys;52;1.0;0.82
org.jhotdraw.draw.BezierFigure;57;1.0;0.9444444444444444
org.jhotdraw.draw.DefaultDrawing;22;1.0;0.9473684210526315
org.jhotdraw.draw.DefaultDrawingEditor;35;1.0;0.75
org.jhotdraw.draw.DefaultDrawingView;110;0.9528301886792453;0.660377358490566
org.jhotdraw.draw.DefaultDrawingViewBeanInfo;25;0.6521739130434783;0.7391304347826086
org.jhotdraw.draw.DefaultDrawingViewTransferHandler;15;1.0;0.9090909090909091
org.jhotdraw.draw.DiamondFigure;16;1.0;0.75
org.jhotdraw.draw.DrawingEditorProxy;27;1.0;0.9166666666666666
org.jhotdraw.draw.EllipseFigure;15;1.0;0.9166666666666666
org.jhotdraw.draw.GraphicalCompositeFigure;33;1.0;0.8
org.jhotdraw.draw.GridConstrainer;31;0.9629629629629629;0.5925925925925926
org.jhotdraw.draw.ImageFigure;30;1.0;0.8148148148148148
org.jhotdraw.draw.LabelFigure;14;1.0;0.8181818181818182
org.jhotdraw.draw.LabeledLineConnectionFigure;41;1.0;0.8947368421052632
org.jhotdraw.draw.LineConnectionFigure;41;1.0;0.8378378378378378
org.jhotdraw.draw.QuadTreeCompositeFigure;29;1.0;0.9230769230769231
org.jhotdraw.draw.QuadTreeDrawing;29;1.0;0.9629629629629629
org.jhotdraw.draw.RectangleFigure;13;1.0;0.9
org.jhotdraw.draw.RoundRectangleFigure;26;0.9545454545454546;0.7727272727272727
org.jhotdraw.draw.TextAreaFigure;40;0.9722222222222222;0.8333333333333334
org.jhotdraw.draw.TextFigure;39;1.0;0.8611111111111112
org.jhotdraw.draw.TriangleFigure;20;1.0;0.8235294117647058
org.jhotdraw.draw.action.AbstractDrawingEditorAction;13;1.0;0.9
org.jhotdraw.draw.action.AbstractDrawingViewAction;18;1.0;0.7333333333333333
org.jhotdraw.draw.action.AbstractSelectedAction;15;1.0;0.9166666666666666
org.jhotdraw.draw.action.AttributeAction;10;1.0;1.0
org.jhotdraw.draw.action.AttributeToggler;10;1.0;0.7142857142857143
org.jhotdraw.draw.action.ButtonFactory;78;1.0;0.8533333333333334
org.jhotdraw.draw.action.ColorIcon;15;0.9090909090909091;0.45454545454545453
org.jhotdraw.draw.action.DefaultAttributeAction;13;1.0;0.7
org.jhotdraw.draw.action.EditCanvasAction;10;1.0;0.6666666666666666
org.jhotdraw.draw.action.EditCanvasPanel;20;0.9411764705882353;0.6470588235294118
org.jhotdraw.draw.action.EditGridAction;10;1.0;0.8333333333333334
org.jhotdraw.draw.action.EditGridPanel;12;0.8888888888888888;0.7777777777777778
org.jhotdraw.draw.action.EditorColorChooserAction;10;1.0;0.6666666666666666
org.jhotdraw.draw.action.GroupAction;12;1.0;0.75
org.jhotdraw.draw.action.ImageBevelBorder;11;1.0;0.7142857142857143
org.jhotdraw.draw.connector.AbstractConnector;24;1.0;0.8095238095238095
org.jhotdraw.draw.connector.LocatorConnector;10;1.0;0.6666666666666666
org.jhotdraw.draw.connector.StickyRectangleConnector;13;0.8;0.9
org.jhotdraw.draw.decoration.AbstractLineDecoration;16;1.0;0.8461538461538461
org.jhotdraw.draw.decoration.ArrowTip;10;1.0;0.7142857142857143
org.jhotdraw.draw.event.AbstractAttributeEditorHandler;30;1.0;0.6296296296296297
org.jhotdraw.draw.event.FigureEvent;11;1.0;0.625
org.jhotdraw.draw.event.HandleMulticaster;11;1.0;0.875
org.jhotdraw.draw.event.SelectionComponentDisplayer;13;1.0;0.7
org.jhotdraw.draw.event.TransformEdit;10;1.0;0.7142857142857143
org.jhotdraw.draw.gui.JAttributeSlider;14;1.0;0.7272727272727273
org.jhotdraw.draw.gui.JAttributeSliderBeanInfo;25;0.6521739130434783;0.7391304347826086
org.jhotdraw.draw.gui.JAttributeTextArea;11;1.0;1.0
org.jhotdraw.draw.gui.JAttributeTextAreaBeanInfo;25;0.6521739130434783;0.6521739130434783
org.jhotdraw.draw.gui.JAttributeTextField;11;1.0;0.875
org.jhotdraw.draw.gui.JAttributeTextFieldBeanInfo;25;0.6521739130434783;0.7391304347826086
org.jhotdraw.draw.handle.AbstractConnectionHandle;31;1.0;0.8571428571428571
org.jhotdraw.draw.handle.AbstractHandle;45;1.0;0.8571428571428571
org.jhotdraw.draw.handle.AbstractRotateHandle;21;1.0;0.7777777777777778
org.jhotdraw.draw.handle.BezierControlPointHandle;21;1.0;0.7222222222222222
org.jhotdraw.draw.handle.BezierNodeHandle;22;1.0;0.7368421052631579
org.jhotdraw.draw.handle.BezierOutlineHandle;10;1.0;0.7142857142857143
org.jhotdraw.draw.handle.BezierScaleHandle;16;1.0;0.6923076923076923
org.jhotdraw.draw.handle.BoundsOutlineHandle;17;1.0;0.6428571428571429
org.jhotdraw.draw.handle.ConnectorHandle;24;1.0;0.7142857142857143
org.jhotdraw.draw.handle.FontSizeHandle;13;1.0;0.8
org.jhotdraw.draw.handle.HandleAttributeKeys;106;;
org.jhotdraw.draw.handle.MoveHandle;17;1.0;0.9285714285714286
org.jhotdraw.draw.handle.OrientationHandle;11;1.0;0.75
org.jhotdraw.draw.handle.ResizeHandleKit;13;1.0;0.9
org.jhotdraw.draw.handle.RoundRectangleRadiusHandle;11;1.0;1.0
org.jhotdraw.draw.handle.TransformHandleKit;15;1.0;1.0
org.jhotdraw.draw.io.DOMStorableInputOutputFormat;24;1.0;0.6666666666666666
org.jhotdraw.draw.io.ImageInputFormat;19;1.0;0.625
org.jhotdraw.draw.io.ImageOutputFormat;19;1.0;0.875
org.jhotdraw.draw.io.SerializationInputOutputFormat;23;1.0;0.7
org.jhotdraw.draw.io.TextInputFormat;18;1.0;0.6
org.jhotdraw.draw.locator.BezierLabelLocator;11;1.0;0.75
org.jhotdraw.draw.locator.RelativeDecoratorLocator;14;1.0;0.9090909090909091
org.jhotdraw.draw.locator.RelativeLocator;29;1.0;0.7692307692307693
org.jhotdraw.draw.text.FloatingTextArea;14;1.0;0.7272727272727273
org.jhotdraw.draw.text.FloatingTextField;14;1.0;0.7272727272727273
org.jhotdraw.draw.tool.AbstractTool;52;1.0;0.7959183673469388
org.jhotdraw.draw.tool.BezierTool;31;1.0;0.6296296296296297
org.jhotdraw.draw.tool.ConnectionTool;31;1.0;0.6296296296296297
org.jhotdraw.draw.tool.CreationTool;26;1.0;0.5652173913043478
org.jhotdraw.draw.tool.DefaultDragTracker;15;1.0;0.75
org.jhotdraw.draw.tool.DefaultHandleTracker;24;1.0;0.6666666666666666
org.jhotdraw.draw.tool.DefaultSelectAreaTracker;18;1.0;0.7333333333333333
org.jhotdraw.draw.tool.DelegationSelectionTool;20;1.0;0.6875
org.jhotdraw.draw.tool.DnDTracker;14;1.0;0.6363636363636364
org.jhotdraw.draw.tool.ImageTool;11;1.0;1.0
org.jhotdraw.draw.tool.SelectionTool;31;0.9629629629629629;0.7037037037037037
org.jhotdraw.draw.tool.TextAreaCreationTool;14;1.0;0.7272727272727273
org.jhotdraw.draw.tool.TextAreaEditingTool;11;1.0;0.875
org.jhotdraw.draw.tool.TextCreationTool;15;1.0;0.8333333333333334
org.jhotdraw.draw.tool.TextEditingTool;13;1.0;0.8
org.jhotdraw.geom.Bezier;37;1.0;0.9714285714285714
org.jhotdraw.geom.BezierPath;52;1.0;0.7708333333333334
org.jhotdraw.geom.BezierPathIterator;11;1.0;0.5714285714285714
org.jhotdraw.geom.Dimension2DDouble;13;1.0;0.7
org.jhotdraw.geom.DoubleStroke;12;1.0;0.7777777777777778
org.jhotdraw.geom.Geom;47;0.9772727272727273;0.8863636363636364
org.jhotdraw.geom.Insets2D;16;1.0;0.9285714285714286
org.jhotdraw.geom.Polygon2D;21;1.0;0.8823529411764706
org.jhotdraw.geom.QuadTree;14;1.0;0.6363636363636364
org.jhotdraw.gui.JDisclosureToolBar;10;1.0;0.8333333333333334
org.jhotdraw.gui.JDisclosureToolBarBeanInfo;25;0.6521739130434783;0.6521739130434783
org.jhotdraw.gui.JFontChooser;35;0.8709677419354839;0.5806451612903226
org.jhotdraw.gui.JLifeFormattedTexAreaBeanInfo;25;0.6521739130434783;0.6521739130434783
org.jhotdraw.gui.JLifeFormattedTextField;11;1.0;0.75
org.jhotdraw.gui.JLifeFormattedTextFieldBeanInfo;25;0.6521739130434783;0.6521739130434783
org.jhotdraw.gui.JMDIDesktopPane;20;0.8235294117647058;0.7647058823529411
org.jhotdraw.gui.JPopupButton;36;0.9375;0.5625
org.jhotdraw.gui.JPopupButtonBeanInfo;25;0.6521739130434783;0.782608695652174
org.jhotdraw.gui.JSheet;57;0.9811320754716981;0.7169811320754716
org.jhotdraw.gui.ToolBarLayout;15;1.0;0.8181818181818182
org.jhotdraw.gui.VerticalGridLayout;26;1.0;0.6086956521739131
org.jhotdraw.gui.Worker;12;1.0;1.0
org.jhotdraw.gui.event.SheetEvent;15;1.0;0.6666666666666666
org.jhotdraw.gui.fontchooser.AbstractFontChooserModel;10;1.0;1.0
org.jhotdraw.gui.fontchooser.DefaultFontChooserModel;12;1.0;0.8888888888888888
org.jhotdraw.gui.fontchooser.FontCollectionNode;29;1.0;0.8076923076923077
org.jhotdraw.gui.fontchooser.FontFaceNode;25;1.0;0.8636363636363636
org.jhotdraw.gui.fontchooser.FontFamilyNode;27;1.0;0.8333333333333334
org.jhotdraw.gui.plaf.palette.MultiIcon;13;1.0;0.7
org.jhotdraw.gui.plaf.palette.PaletteColorChooserUI;20;0.9411764705882353;0.7647058823529411
org.jhotdraw.gui.plaf.palette.PaletteFontChooserSelectionPanel;18;0.9333333333333333;0.8
org.jhotdraw.gui.plaf.palette.PaletteFontChooserUI;24;1.0;0.8571428571428571
org.jhotdraw.gui.plaf.palette.PaletteLabelUI;12;1.0;0.9
org.jhotdraw.gui.plaf.palette.PaletteLazyActionMap;14;0.9090909090909091;1.0
org.jhotdraw.gui.plaf.palette.PaletteLookAndFeel;23;1.0;0.95
org.jhotdraw.gui.plaf.palette.PaletteSliderThumbIcon;14;1.0;0.6363636363636364
org.jhotdraw.gui.plaf.palette.PaletteSliderUI;16;0.9230769230769231;0.7692307692307693
org.jhotdraw.gui.plaf.palette.PaletteTabbedPaneUI;22;1.0;0.7368421052631579
org.jhotdraw.gui.plaf.palette.PaletteToolBarBorder;12;1.0;0.8
org.jhotdraw.gui.plaf.palette.PaletteToolBarUI;88;0.9647058823529412;0.5294117647058824
org.jhotdraw.gui.plaf.palette.colorchooser.ColorIcon;15;0.9090909090909091;0.5454545454545454
org.jhotdraw.gui.plaf.palette.colorchooser.PaletteCMYKChooser;37;0.9705882352941176;0.7058823529411765
org.jhotdraw.gui.plaf.palette.colorchooser.PaletteColorSlidersChooser;12;1.0;1.0
org.jhotdraw.gui.plaf.palette.colorchooser.PaletteColorWheelChooser;12;0.8888888888888888;0.7777777777777778
org.jhotdraw.gui.plaf.palette.colorchooser.PaletteHSBChooser;31;0.9642857142857143;0.7142857142857143
org.jhotdraw.gui.plaf.palette.colorchooser.PaletteRGBChooser;25;0.9545454545454546;0.6363636363636364
org.jhotdraw.gui.plaf.palette.colorchooser.PaletteSwatchesChooser;14;0.8;0.7
org.jhotdraw.io.Base64;31;1.0;0.6428571428571429
org.jhotdraw.io.BoundedRangeInputStream;26;1.0;0.8260869565217391
org.jhotdraw.io.StreamPosTokenizer;65;0.9180327868852459;0.4426229508196721
org.jhotdraw.net.ClientHttpRequest;48;0.9090909090909091;0.8181818181818182
org.jhotdraw.samples.color.JMixer;58;0.9818181818181818;0.8181818181818182
org.jhotdraw.samples.color.WheelsAndSlidersMain;15;0.9166666666666666;0.75
org.jhotdraw.samples.draw.DrawApplet;15;0.9166666666666666;0.8333333333333334
org.jhotdraw.samples.draw.DrawLiveConnectApplet;17;1.0;0.7142857142857143
org.jhotdraw.samples.draw.DrawView;16;0.9230769230769231;0.7692307692307693
org.jhotdraw.samples.draw.DrawingPanel;17;0.9285714285714286;0.7857142857142857
org.jhotdraw.samples.draw.DrawingPanelBeanInfo;25;0.6521739130434783;0.6521739130434783
org.jhotdraw.samples.mini.BezierDemo;25;0.9545454545454546;0.6818181818181818
org.jhotdraw.samples.mini.SVGDrawingPanelSample;17;0.9285714285714286;0.8571428571428571
org.jhotdraw.samples.mini.StraightLineFigure;11;1.0;0.875
org.jhotdraw.samples.net.NetApplet;15;0.9166666666666666;0.9166666666666666
org.jhotdraw.samples.net.NetApplicationModel;12;1.0;0.875
org.jhotdraw.samples.net.NetPanel;16;0.9230769230769231;0.6923076923076923
org.jhotdraw.samples.net.NetView;22;0.9444444444444444;0.7777777777777778
org.jhotdraw.samples.net.figures.NodeFigure;17;1.0;0.9230769230769231
org.jhotdraw.samples.odg.ODGApplicationModel;16;1.0;0.9166666666666666
org.jhotdraw.samples.odg.ODGAttributeKeys;14;0.9090909090909091;0.7272727272727273
org.jhotdraw.samples.odg.ODGDrawingPanel;17;0.9285714285714286;0.7142857142857143
org.jhotdraw.samples.odg.ODGDrawingPanelBeanInfo;25;0.6521739130434783;0.782608695652174
org.jhotdraw.samples.odg.ODGPropertiesPanel;15;0.9166666666666666;0.8333333333333334
org.jhotdraw.samples.odg.ODGPropertiesPanelBeanInfo;25;0.6521739130434783;0.6956521739130435
org.jhotdraw.samples.odg.ODGView;29;0.96;0.72
org.jhotdraw.samples.odg.figures.ODGEllipseFigure;24;1.0;0.9047619047619048
org.jhotdraw.samples.odg.figures.ODGGroupFigure;12;1.0;0.8888888888888888
org.jhotdraw.samples.odg.figures.ODGPathFigure;27;1.0;0.9130434782608695
org.jhotdraw.samples.odg.figures.ODGPathOutlineHandle;10;1.0;0.8571428571428571
org.jhotdraw.samples.odg.figures.ODGRectFigure;33;1.0;0.8
org.jhotdraw.samples.odg.figures.ODGRectRadiusHandle;12;1.0;0.75
org.jhotdraw.samples.odg.geom.EnhancedPath;28;1.0;0.9230769230769231
org.jhotdraw.samples.odg.io.ODGInputFormat;50;1.0;0.9130434782608695
org.jhotdraw.samples.odg.io.ODGStylesReader;29;1.0;0.84
org.jhotdraw.samples.pert.PertApplet;15;0.9166666666666666;0.9166666666666666
org.jhotdraw.samples.pert.PertApplicationModel;12;1.0;0.875
org.jhotdraw.samples.pert.PertPanel;16;0.9230769230769231;0.6923076923076923
org.jhotdraw.samples.pert.PertView;21;0.9411764705882353;0.8235294117647058
org.jhotdraw.samples.pert.figures.TaskFigure;24;1.0;1.0
org.jhotdraw.samples.svg.LinearGradient;33;1.0;0.6
org.jhotdraw.samples.svg.RadialGradient;33;1.0;0.6666666666666666
org.jhotdraw.samples.svg.SVGApplet;20;1.0;0.8823529411764706
org.jhotdraw.samples.svg.SVGApplicationModel;14;1.0;0.8
org.jhotdraw.samples.svg.SVGAttributeKeys;20;1.0;0.8888888888888888
org.jhotdraw.samples.svg.SVGConstants;11;1.0;1.0
org.jhotdraw.samples.svg.SVGCreateFromFileTool;14;1.0;0.8181818181818182
org.jhotdraw.samples.svg.SVGDrawingPanel;40;0.9459459459459459;0.6216216216216216
org.jhotdraw.samples.svg.SVGDrawingPanelBeanInfo;25;0.6521739130434783;0.6956521739130435
org.jhotdraw.samples.svg.SVGView;22;0.9444444444444444;0.7222222222222222
org.jhotdraw.samples.svg.action.CombineAction;15;1.0;0.6363636363636364
org.jhotdraw.samples.svg.figures.ConvexHullOutlineHandle;20;1.0;0.5882352941176471
org.jhotdraw.samples.svg.figures.SVGBezierFigure;12;1.0;0.8888888888888888
org.jhotdraw.samples.svg.figures.SVGEllipseFigure;24;1.0;0.8095238095238095
org.jhotdraw.samples.svg.figures.SVGGroupFigure;12;1.0;1.0
org.jhotdraw.samples.svg.figures.SVGImageFigure;36;1.0;0.7878787878787878
org.jhotdraw.samples.svg.figures.SVGPathFigure;28;1.0;0.875
org.jhotdraw.samples.svg.figures.SVGPathOutlineHandle;10;1.0;1.0
org.jhotdraw.samples.svg.figures.SVGRectFigure;34;1.0;0.6333333333333333
org.jhotdraw.samples.svg.figures.SVGRectRadiusHandle;12;1.0;0.75
org.jhotdraw.samples.svg.figures.SVGTextAreaFigure;42;0.9736842105263158;0.7631578947368421
org.jhotdraw.samples.svg.figures.SVGTextFigure;45;1.0;0.8095238095238095
org.jhotdraw.samples.svg.gui.AbstractToolBar;17;1.0;0.7142857142857143
org.jhotdraw.samples.svg.gui.AbstractToolBarBeanInfo;25;0.6521739130434783;0.7391304347826086
org.jhotdraw.samples.svg.gui.ActionsToolBar;13;1.0;0.9
org.jhotdraw.samples.svg.gui.ActionsToolBarBeanInfo;25;0.6521739130434783;0.6521739130434783
org.jhotdraw.samples.svg.gui.AlignToolBarBeanInfo;25;0.6521739130434783;0.6521739130434783
org.jhotdraw.samples.svg.gui.ArrangeToolBarBeanInfo;25;0.6521739130434783;0.8695652173913043
org.jhotdraw.samples.svg.gui.CanvasToolBarBeanInfo;25;0.6521739130434783;0.6086956521739131
org.jhotdraw.samples.svg.gui.FigureToolBarBeanInfo;25;0.6521739130434783;0.6521739130434783
org.jhotdraw.samples.svg.gui.FillToolBarBeanInfo;25;0.6521739130434783;0.782608695652174
org.jhotdraw.samples.svg.gui.FontToolBarBeanInfo;25;0.6521739130434783;0.7391304347826086
org.jhotdraw.samples.svg.gui.LinkToolBarBeanInfo;25;0.6521739130434783;0.7391304347826086
org.jhotdraw.samples.svg.gui.MessagePanel;13;0.9;0.8
org.jhotdraw.samples.svg.gui.ProgressIndicator;21;0.9444444444444444;0.6666666666666666
org.jhotdraw.samples.svg.gui.StrokeToolBarBeanInfo;25;0.6521739130434783;0.6956521739130435
org.jhotdraw.samples.svg.gui.SummaryToolBarBeanInfo;25;0.6521739130434783;0.6956521739130435
org.jhotdraw.samples.svg.gui.ToolsToolBarBeanInfo;25;0.6521739130434783;0.6956521739130435
org.jhotdraw.samples.svg.gui.ViewToolBarBeanInfo;25;0.6521739130434783;0.6521739130434783
org.jhotdraw.samples.svg.io.DefaultSVGFigureFactory;14;1.0;1.0
org.jhotdraw.samples.svg.io.ImageMapOutputFormat;30;0.9615384615384616;0.8846153846153846
org.jhotdraw.samples.svg.io.SVGInputFormat;78;0.972972972972973;0.7702702702702703
org.jhotdraw.samples.svg.io.SVGOutputFormat;61;1.0;0.7894736842105263
org.jhotdraw.samples.teddy.CharacterSetAccessory;12;1.0;0.75
org.jhotdraw.samples.teddy.FindDialog;32;0.9655172413793104;0.6206896551724138
org.jhotdraw.samples.teddy.JEditorArea;11;1.0;1.0
org.jhotdraw.samples.teddy.TeddyView;39;0.9714285714285714;0.7142857142857143
org.jhotdraw.samples.teddy.regex.Matcher;18;1.0;0.8
org.jhotdraw.text.ColorFormatter;26;0.9545454545454546;0.5909090909090909
org.jhotdraw.text.FontFormatter;15;1.0;0.75
org.jhotdraw.text.JavaNumberFormatter;49;1.0;0.6086956521739131
org.jhotdraw.undo.CompositeEdit;14;0.9090909090909091;0.5454545454545454
org.jhotdraw.undo.UndoRedoManager;28;0.8333333333333334;0.7083333333333334
org.jhotdraw.util.Methods;23;1.0;1.0
org.jhotdraw.util.ResourceBundleUtil;40;0.9722222222222222;0.7777777777777778
org.jhotdraw.util.prefs.PreferencesUtil;50;0.9565217391304348;0.8913043478260869
org.jhotdraw.util.prefs.ToolBarPrefsHandler;12;1.0;0.8888888888888888
org.jhotdraw.xml.DefaultDOMFactory;16;1.0;0.7692307692307693
org.jhotdraw.xml.JavaxDOMInput;25;0.9523809523809523;0.7142857142857143
org.jhotdraw.xml.JavaxDOMOutput;27;1.0;0.75
org.jhotdraw.xml.NanoXMLDOMInput;24;1.0;0.7619047619047619
org.jhotdraw.xml.NanoXMLDOMOutput;29;1.0;0.6923076923076923
org.jhotdraw.xml.css.CSSRule;12;1.0;0.5555555555555556
