file;entities;metric;metric_random
org.lwjgl.BufferChecks;31;1.0;0.9655172413793104
org.lwjgl.BufferUtils;18;;
org.lwjgl.LWJGLUtil;24;1.0;0.7272727272727273
org.lwjgl.NondirectBufferWrapper;51;1.0;0.9795918367346939
org.lwjgl.PointerBuffer;50;1.0;0.8478260869565217
org.lwjgl.Sys;17;0.9285714285714286;0.7857142857142857
org.lwjgl.WindowsSysImplementation;13;1.0;1.0
org.lwjgl.examples.Game;11;1.0;0.75
org.lwjgl.examples.spaceinvaders.AlienEntity;14;1.0;0.6
org.lwjgl.examples.spaceinvaders.Entity;19;1.0;0.6875
org.lwjgl.examples.spaceinvaders.Game;53;0.9591836734693877;0.5714285714285714
org.lwjgl.examples.spaceinvaders.SoundManager;13;1.0;0.8
org.lwjgl.examples.spaceinvaders.Texture;20;1.0;0.7058823529411765
org.lwjgl.examples.spaceinvaders.TextureLoader;11;1.0;0.75
org.lwjgl.input.ControllerEvent;21;1.0;0.5294117647058824
org.lwjgl.input.Controllers;24;1.0;0.8181818181818182
org.lwjgl.input.Cursor;19;1.0;0.7333333333333333
org.lwjgl.input.JInputController;48;1.0;0.6444444444444445
org.lwjgl.input.Keyboard;165;1.0;0.7962962962962963
org.lwjgl.input.Mouse;68;1.0;0.5692307692307692
org.lwjgl.openal.AL;16;1.0;0.8461538461538461
org.lwjgl.openal.ALC10;52;1.0;0.66
org.lwjgl.openal.ALC11;19;1.0;0.7647058823529411
org.lwjgl.opencl.APIUtil;49;0.9782608695652174;0.7391304347826086
org.lwjgl.opencl.CL;12;1.0;0.8888888888888888
org.lwjgl.opencl.CLCommandQueue;10;1.0;1.0
org.lwjgl.opencl.CLContext;31;0.9629629629629629;0.7037037037037037
org.lwjgl.opencl.CLDevice;21;1.0;0.5882352941176471
org.lwjgl.opencl.CLKernel;16;1.0;1.0
org.lwjgl.opencl.CLMem;18;1.0;0.9333333333333333
org.lwjgl.opencl.CLPlatform;21;0.8823529411764706;0.7647058823529411
org.lwjgl.opencl.CLProgram;16;1.0;0.9166666666666666
org.lwjgl.opencl.CallbackUtil;16;1.0;1.0
org.lwjgl.opencl.FastLongMap;17;1.0;0.7857142857142857
org.lwjgl.opencl.InfoUtilAbstract;10;1.0;1.0
org.lwjgl.opencl.InfoUtilFactory;10;1.0;1.0
org.lwjgl.opengl.APIUtil;27;1.0;0.75
org.lwjgl.opengl.AWTGLCanvas;45;0.975609756097561;0.6097560975609756
org.lwjgl.opengl.AWTSurfaceLock;10;1.0;0.8333333333333334
org.lwjgl.opengl.AWTUtil;11;;
org.lwjgl.opengl.AbstractDrawable;11;1.0;1.0
org.lwjgl.opengl.BaseReferences;12;1.0;0.8888888888888888
org.lwjgl.opengl.CallbackUtil;12;1.0;0.8888888888888888
org.lwjgl.opengl.Context;28;0.9583333333333334;0.6666666666666666
org.lwjgl.opengl.ContextAttribs;35;1.0;0.6451612903225806
org.lwjgl.opengl.Display;77;0.9594594594594594;0.6891891891891891
org.lwjgl.opengl.DisplayMode;13;1.0;0.9
org.lwjgl.opengl.FastIntMap;17;1.0;0.7857142857142857
org.lwjgl.opengl.GLChecks;24;1.0;1.0
org.lwjgl.opengl.GLContext;21;1.0;0.8421052631578947
org.lwjgl.opengl.KeyboardEventQueue;23;1.0;0.8421052631578947
org.lwjgl.opengl.LinuxContextAttribs;19;1.0;0.6875
org.lwjgl.opengl.LinuxContextImplementation;18;;
org.lwjgl.opengl.LinuxDisplay;196;1.0;0.6010362694300518
org.lwjgl.opengl.LinuxEvent;68;1.0;0.734375
org.lwjgl.opengl.LinuxKeyboard;61;1.0;0.5263157894736842
org.lwjgl.opengl.LinuxKeycodes;366;1.0;0.9972527472527473
org.lwjgl.opengl.LinuxMouse;49;1.0;0.5111111111111111
org.lwjgl.opengl.MacOSXCanvasListener;15;1.0;0.75
org.lwjgl.opengl.MacOSXContextAttribs;19;1.0;0.5625
org.lwjgl.opengl.MacOSXContextImplementation;20;;
org.lwjgl.opengl.MacOSXDisplay;65;0.9672131147540983;0.7868852459016393
org.lwjgl.opengl.MacOSXFrame;30;1.0;0.7307692307692307
org.lwjgl.opengl.MacOSXMouseEventQueue;12;1.0;0.75
org.lwjgl.opengl.MouseEventQueue;38;1.0;0.7647058823529411
org.lwjgl.opengl.Pbuffer;30;1.0;0.5769230769230769
org.lwjgl.opengl.PeerInfo;11;1.0;0.75
org.lwjgl.opengl.PixelFormat;45;1.0;0.5952380952380952
org.lwjgl.opengl.RenderTexture;38;1.0;0.9428571428571428
org.lwjgl.opengl.StateTracker;18;1.0;0.8
org.lwjgl.opengl.WindowsContextAttribs;19;1.0;0.6875
org.lwjgl.opengl.WindowsContextImplementation;18;;
org.lwjgl.opengl.WindowsDisplay;204;0.99;0.495
org.lwjgl.opengl.WindowsKeyboard;33;1.0;0.6206896551724138
org.lwjgl.opengl.WindowsKeycodes;197;1.0;0.9948717948717949
org.lwjgl.opengl.WindowsMouse;30;1.0;0.7037037037037037
org.lwjgl.opengl.WindowsPbufferPeerInfo;14;1.0;1.0
org.lwjgl.opengl.XRandR;10;0.75;0.875
org.lwjgl.test.SysTest;10;1.0;1.0
org.lwjgl.test.WindowCreationTest;18;1.0;0.75
org.lwjgl.test.applet.GearsApplet;23;1.0;0.8095238095238095
org.lwjgl.test.glu.tessellation.TessellationTest;14;1.0;1.0
org.lwjgl.test.input.HWCursorTest;16;1.0;0.8571428571428571
org.lwjgl.test.input.KeyboardTest;12;1.0;0.8888888888888888
org.lwjgl.test.input.MouseTest;29;0.92;0.6
org.lwjgl.test.openal.PositionTest;28;0.96;0.64
org.lwjgl.test.openal.StressTest;10;1.0;0.8571428571428571
org.lwjgl.test.opencl.gl.DemoFractal;62;1.0;0.7241379310344828
org.lwjgl.test.opengl.FullScreenWindowedTest;18;1.0;0.7142857142857143
org.lwjgl.test.opengl.Gears;13;1.0;0.9090909090909091
org.lwjgl.test.opengl.PbufferTest;21;1.0;0.6666666666666666
org.lwjgl.test.opengl.VBOIndexTest;15;1.0;0.6923076923076923
org.lwjgl.test.opengl.VBOTest;11;1.0;0.7777777777777778
org.lwjgl.test.opengl.awt.AWTGears;12;1.0;0.7777777777777778
org.lwjgl.test.opengl.awt.AWTGearsCanvas;17;1.0;0.7857142857142857
org.lwjgl.test.opengl.multithread.BackgroundLoadTest;13;1.0;0.8
org.lwjgl.test.opengl.multithread.BackgroundLoader;15;1.0;0.6363636363636364
org.lwjgl.test.opengl.pbuffers.PbufferTest;23;0.9473684210526315;0.5263157894736842
org.lwjgl.test.opengl.shaders.ShaderFSH;11;1.0;0.875
org.lwjgl.test.opengl.shaders.ShaderUNI;13;1.0;0.9
org.lwjgl.test.opengl.shaders.ShadersTest;23;1.0;0.7
org.lwjgl.util.Color;46;1.0;0.8333333333333334
org.lwjgl.util.Dimension;15;1.0;0.7272727272727273
org.lwjgl.util.Point;18;1.0;0.8571428571428571
org.lwjgl.util.Rectangle;41;1.0;0.8648648648648649
org.lwjgl.util.Timer;16;1.0;0.5
org.lwjgl.util.WaveData;12;1.0;0.7777777777777778
org.lwjgl.util.XPMFile;18;1.0;0.8571428571428571
org.lwjgl.util.applet.AppletLoader;84;0.9876543209876543;0.5061728395061729
org.lwjgl.util.generator.GeneratorVisitor;16;1.0;0.7692307692307693
org.lwjgl.util.generator.JNITypeTranslator;14;1.0;1.0
org.lwjgl.util.generator.JavaMethodsGenerator;23;1.0;0.9523809523809523
org.lwjgl.util.generator.JavaTypeTranslator;16;1.0;1.0
org.lwjgl.util.generator.NativeMethodStubsGenerator;19;0.8823529411764706;0.7058823529411765
org.lwjgl.util.generator.NativeTypeTranslator;26;1.0;0.8260869565217391
org.lwjgl.util.generator.PostfixTranslator;21;1.0;0.8333333333333334
org.lwjgl.util.generator.SignatureTranslator;17;1.0;0.8571428571428571
org.lwjgl.util.generator.TypeInfo;16;1.0;0.75
org.lwjgl.util.generator.Utils;47;1.0;0.7111111111111111
org.lwjgl.util.generator.openal.ALTypeMap;21;1.0;1.0
org.lwjgl.util.generator.opencl.CLGeneratorProcessorFactory;12;1.0;0.9
org.lwjgl.util.generator.opencl.CLTypeMap;21;1.0;1.0
org.lwjgl.util.generator.opengl.GLCapabilitiesGenerator;21;1.0;0.8421052631578947
org.lwjgl.util.generator.opengl.GLTypeMap;21;1.0;1.0
org.lwjgl.util.glu.GLU;128;1.0;0.873015873015873
org.lwjgl.util.glu.GLUtessellatorCallbackAdapter;12;;
org.lwjgl.util.glu.PixelStoreState;11;1.0;0.875
org.lwjgl.util.glu.Project;18;1.0;0.8125
org.lwjgl.util.glu.Quadric;17;1.0;0.8571428571428571
org.lwjgl.util.glu.tessellation.Dict;15;1.0;0.75
org.lwjgl.util.glu.tessellation.GLUhalfEdge;10;1.0;1.0
org.lwjgl.util.glu.tessellation.GLUtessellatorImpl;61;0.9824561403508771;0.5263157894736842
org.lwjgl.util.glu.tessellation.Geom;14;1.0;1.0
org.lwjgl.util.glu.tessellation.Mesh;20;1.0;1.0
org.lwjgl.util.glu.tessellation.Normal;11;1.0;0.75
org.lwjgl.util.glu.tessellation.PriorityQ;10;1.0;1.0
org.lwjgl.util.glu.tessellation.PriorityQHeap;16;1.0;0.8461538461538461
org.lwjgl.util.glu.tessellation.PriorityQSort;17;1.0;0.7142857142857143
org.lwjgl.util.glu.tessellation.Render;18;0.8;0.7333333333333333
org.lwjgl.util.glu.tessellation.Sweep;38;0.9142857142857143;0.9428571428571428
org.lwjgl.util.input.ControllerAdapter;31;;
org.lwjgl.util.jinput.LWJGLMouse;12;1.0;0.625
org.lwjgl.util.vector.Matrix;11;1.0;1.0
org.lwjgl.util.vector.Matrix2f;28;1.0;0.875
org.lwjgl.util.vector.Matrix3f;27;1.0;0.9130434782608695
org.lwjgl.util.vector.Matrix4f;39;1.0;0.9428571428571428
org.lwjgl.util.vector.Quaternion;39;1.0;0.9142857142857143
org.lwjgl.util.vector.Vector2f;24;1.0;0.8
org.lwjgl.util.vector.Vector3f;28;1.0;0.875
org.lwjgl.util.vector.Vector4f;30;1.0;0.8846153846153846
