file;entities;metric;metric_random
net.sourceforge.pmd.AbstractDelegateRule;45;1.0;0.9761904761904762
net.sourceforge.pmd.AbstractJavaRule;118;1.0;1.0
net.sourceforge.pmd.CommandLineOptions;40;1.0;0.6756756756756757
net.sourceforge.pmd.CommonAbstractRule;76;1.0;0.7397260273972602
net.sourceforge.pmd.Language;12;0.875;0.625
net.sourceforge.pmd.PMD;30;0.9230769230769231;0.6923076923076923
net.sourceforge.pmd.Report;32;1.0;0.6896551724137931
net.sourceforge.pmd.RuleContext;19;1.0;0.625
net.sourceforge.pmd.RuleReference;27;1.0;0.76
net.sourceforge.pmd.RuleSet;39;1.0;0.8378378378378378
net.sourceforge.pmd.RuleSetFactory;19;1.0;1.0
net.sourceforge.pmd.RuleSetReference;10;1.0;1.0
net.sourceforge.pmd.RuleSetWriter;20;1.0;0.8235294117647058
net.sourceforge.pmd.RuleSets;16;1.0;0.9230769230769231
net.sourceforge.pmd.RuleViolation;28;1.0;0.68
net.sourceforge.pmd.SourceType;15;1.0;0.8181818181818182
net.sourceforge.pmd.ant.Formatter;25;0.9090909090909091;0.7727272727272727
net.sourceforge.pmd.ant.PMDTask;45;1.0;0.6744186046511628
net.sourceforge.pmd.cpd.AbstractTokenizer;17;1.0;0.6666666666666666
net.sourceforge.pmd.cpd.CPD;28;0.875;0.75
net.sourceforge.pmd.cpd.CPDTask;26;1.0;0.5652173913043478
net.sourceforge.pmd.cpd.GUI;47;0.9302325581395349;0.5581395348837209
net.sourceforge.pmd.cpd.GridBagHelper;12;1.0;0.7777777777777778
net.sourceforge.pmd.cpd.LanguageFactory;10;1.0;0.875
net.sourceforge.pmd.cpd.Match;29;1.0;0.6
net.sourceforge.pmd.cpd.MatchAlgorithm;17;1.0;0.5384615384615384
net.sourceforge.pmd.cpd.MatchCollector;10;1.0;0.8571428571428571
net.sourceforge.pmd.cpd.TokenEntry;20;0.9375;0.625
net.sourceforge.pmd.cpd.cppast.CPPParserTokenManager;59;0.8571428571428571;0.6607142857142857
net.sourceforge.pmd.cpd.cppast.ParseException;10;0.7142857142857143;0.7142857142857143
net.sourceforge.pmd.cpd.cppast.SimpleCharStream;52;0.9387755102040817;0.5510204081632653
net.sourceforge.pmd.cpd.cppast.TokenMgrError;11;1.0;0.7142857142857143
net.sourceforge.pmd.dcd.ClassLoaderUtil;13;1.0;0.9090909090909091
net.sourceforge.pmd.dcd.DumpNodeVisitor;13;;
net.sourceforge.pmd.dcd.asm.TypeSignatureVisitor;36;1.0;0.59375
net.sourceforge.pmd.dcd.graph.ClassNode;18;1.0;0.8
net.sourceforge.pmd.dcd.graph.MemberNode;22;1.0;0.7368421052631579
net.sourceforge.pmd.dcd.graph.NodeVisitorAdapter;13;1.0;1.0
net.sourceforge.pmd.dcd.graph.UsageGraph;13;1.0;0.8
net.sourceforge.pmd.dcd.graph.UsageGraphBuilder;13;1.0;0.7777777777777778
net.sourceforge.pmd.dfa.DaaRule;15;1.0;0.75
net.sourceforge.pmd.dfa.DataFlowNode;25;1.0;0.6363636363636364
net.sourceforge.pmd.dfa.Linker;11;1.0;1.0
net.sourceforge.pmd.dfa.StatementAndBraceFinder;16;1.0;1.0
net.sourceforge.pmd.dfa.Structure;11;1.0;0.7777777777777778
net.sourceforge.pmd.dfa.pathfinder.CurrentPath;14;1.0;1.0
net.sourceforge.pmd.dfa.pathfinder.DAAPathFinder;27;1.0;0.6956521739130435
net.sourceforge.pmd.dfa.report.AbstractReportNode;17;1.0;0.8666666666666667
net.sourceforge.pmd.dfa.variableaccess.VariableAccess;13;1.0;0.7777777777777778
net.sourceforge.pmd.jaxen.AttributeAxisIterator;11;1.0;0.8571428571428571
net.sourceforge.pmd.jaxen.DocumentNavigator;30;1.0;1.0
net.sourceforge.pmd.jaxen.NodeIterator;12;1.0;0.8888888888888888
net.sourceforge.pmd.jsp.ast.ASTAttribute;10;0.8571428571428571;0.8571428571428571
net.sourceforge.pmd.jsp.ast.ASTDoctypeExternalId;11;0.875;0.75
net.sourceforge.pmd.jsp.ast.ASTElement;13;0.9;0.7
net.sourceforge.pmd.jsp.ast.ASTJspDirectiveAttribute;10;0.8571428571428571;1.0
net.sourceforge.pmd.jsp.ast.JJTJspParserState;17;1.0;0.7142857142857143
net.sourceforge.pmd.jsp.ast.JspParser;110;0.9056603773584906;0.7075471698113207
net.sourceforge.pmd.jsp.ast.JspParserTokenManager;135;0.9389312977099237;0.7633587786259542
net.sourceforge.pmd.jsp.ast.JspParserVisitorAdapter;22;;
net.sourceforge.pmd.jsp.ast.ParseException;10;0.7142857142857143;0.7142857142857143
net.sourceforge.pmd.jsp.ast.TokenMgrError;11;1.0;0.5714285714285714
net.sourceforge.pmd.jsp.rules.AbstractJspRule;29;;
net.sourceforge.pmd.properties.AbstractPMDProperty;28;1.0;0.8
net.sourceforge.pmd.properties.EnumeratedProperty;10;1.0;1.0
net.sourceforge.pmd.properties.StringProperty;11;1.0;0.7142857142857143
net.sourceforge.pmd.renderers.AbstractRenderer;11;1.0;1.0
net.sourceforge.pmd.renderers.HTMLRenderer;14;1.0;0.7272727272727273
net.sourceforge.pmd.renderers.IDEAJRenderer;11;1.0;0.8571428571428571
net.sourceforge.pmd.renderers.PapariTextRenderer;12;1.0;0.8
net.sourceforge.pmd.renderers.XSLTRenderer;10;1.0;0.7142857142857143
net.sourceforge.pmd.rules.AccessorClassGeneration;13;1.0;0.9090909090909091
net.sourceforge.pmd.rules.ConstructorCallsOverridableMethod;21;0.9444444444444444;0.9444444444444444
net.sourceforge.pmd.rules.CouplingBetweenObjects;15;1.0;0.8333333333333334
net.sourceforge.pmd.rules.CyclomaticComplexity;16;1.0;0.8571428571428571
net.sourceforge.pmd.rules.SimplifyBooleanReturns;10;;
net.sourceforge.pmd.rules.UselessOverridingMethod;12;1.0;0.75
net.sourceforge.pmd.rules.VariableNamingConventions;18;1.0;0.6666666666666666
net.sourceforge.pmd.rules.XPathRule;10;1.0;0.8571428571428571
net.sourceforge.pmd.rules.codesize.AbstractNcssCount;20;1.0;0.9411764705882353
net.sourceforge.pmd.rules.design.GenericClassCounterRule;21;0.9411764705882353;0.5882352941176471
net.sourceforge.pmd.rules.design.NonThreadSafeSingleton;10;1.0;0.8571428571428571
net.sourceforge.pmd.rules.design.NpathComplexity;14;;
net.sourceforge.pmd.rules.junit.AbstractJUnitRule;11;1.0;0.875
net.sourceforge.pmd.rules.strings.ConsecutiveLiteralAppends;14;1.0;0.9090909090909091
net.sourceforge.pmd.rules.strings.InsufficientStringBufferDeclaration;12;1.0;1.0
net.sourceforge.pmd.stat.DataPoint;12;1.0;0.6666666666666666
net.sourceforge.pmd.stat.Metric;15;1.0;0.75
net.sourceforge.pmd.stat.StatisticalRule;16;0.9230769230769231;0.6153846153846154
net.sourceforge.pmd.symboltable.AbstractScope;12;1.0;1.0
net.sourceforge.pmd.symboltable.ClassScope;19;0.9333333333333333;0.8
net.sourceforge.pmd.symboltable.DummyScope;13;1.0;1.0
net.sourceforge.pmd.symboltable.MethodScope;10;1.0;1.0
net.sourceforge.pmd.symboltable.NameOccurrence;30;1.0;0.6538461538461539
net.sourceforge.pmd.symboltable.ScopeAndDeclarationFinder;22;1.0;0.95
net.sourceforge.pmd.symboltable.SourceFileScope;16;1.0;0.8461538461538461
net.sourceforge.pmd.symboltable.VariableNameDeclaration;13;1.0;1.0
net.sourceforge.pmd.typeresolution.ClassTypeResolver;58;1.0;0.8148148148148148
net.sourceforge.pmd.typeresolution.rules.SignatureDeclareThrowsException;13;1.0;0.9
net.sourceforge.pmd.typeresolution.visitors.PMDASMVisitor;23;1.0;0.8095238095238095
net.sourceforge.pmd.util.Benchmark;26;0.9583333333333334;0.7916666666666666
net.sourceforge.pmd.util.CollectionUtil;12;1.0;0.7777777777777778
net.sourceforge.pmd.util.StringUtil;16;1.0;0.8571428571428571
net.sourceforge.pmd.util.designer.Designer;33;0.9655172413793104;0.5862068965517241
net.sourceforge.pmd.util.filter.Filters;10;;
net.sourceforge.pmd.util.viewer.gui.MainFrame;16;1.0;0.8461538461538461
net.sourceforge.pmd.util.viewer.model.ASTModel;12;1.0;0.7777777777777778
net.sourceforge.pmd.util.viewer.model.SimpleNodeTreeNodeAdapter;14;1.0;0.8181818181818182
net.sourceforge.pmd.util.viewer.model.ViewerModel;14;1.0;0.8181818181818182
net.sourceforge.pmd.util.viewer.model.ViewerModelEvent;12;1.0;0.625
