file;entities;metric;metric_random
net.sourceforge.stripes.action.ActionBeanContext;21;1.0;0.7368421052631579
net.sourceforge.stripes.action.FileBean;17;1.0;0.5714285714285714
net.sourceforge.stripes.action.ForwardResolution;11;0.8571428571428571;0.7142857142857143
net.sourceforge.stripes.action.OnwardResolution;17;1.0;0.6153846153846154
net.sourceforge.stripes.action.RedirectResolution;15;1.0;0.6363636363636364
net.sourceforge.stripes.action.SimpleMessage;11;1.0;0.8571428571428571
net.sourceforge.stripes.action.StreamingResolution;27;1.0;0.4782608695652174
net.sourceforge.stripes.ajax.JavaScriptBuilder;26;1.0;0.5454545454545454
net.sourceforge.stripes.config.BootstrapPropertyResolver;15;0.9090909090909091;0.8181818181818182
net.sourceforge.stripes.config.DefaultConfiguration;55;1.0;0.6923076923076923
net.sourceforge.stripes.config.RuntimeConfiguration;36;1.0;0.5882352941176471
net.sourceforge.stripes.controller.AnnotatedClassActionResolver;30;1.0;0.7777777777777778
net.sourceforge.stripes.controller.BindingPolicyManager;17;0.9230769230769231;0.7692307692307693
net.sourceforge.stripes.controller.DefaultActionBeanPropertyBinder;20;1.0;1.0
net.sourceforge.stripes.controller.DefaultObjectFactory;15;1.0;0.75
net.sourceforge.stripes.controller.DispatcherHelper;16;1.0;0.8571428571428571
net.sourceforge.stripes.controller.DispatcherServlet;18;0.9333333333333333;0.8
net.sourceforge.stripes.controller.DynamicMappingFilter;22;1.0;0.5789473684210527
net.sourceforge.stripes.controller.ExecutionContext;27;0.9583333333333334;0.6666666666666666
net.sourceforge.stripes.controller.FlashRequest;95;0.989010989010989;0.5494505494505495
net.sourceforge.stripes.controller.FlashScope;25;1.0;0.6190476190476191
net.sourceforge.stripes.controller.NameBasedActionResolver;15;1.0;0.8461538461538461
net.sourceforge.stripes.controller.ParameterName;12;1.0;0.625
net.sourceforge.stripes.controller.StripesFilter;15;0.9166666666666666;0.9166666666666666
net.sourceforge.stripes.controller.StripesRequestWrapper;42;0.8974358974358975;0.7692307692307693
net.sourceforge.stripes.controller.UrlBinding;14;1.0;0.8181818181818182
net.sourceforge.stripes.controller.UrlBindingFactory;22;1.0;0.8421052631578947
net.sourceforge.stripes.controller.UrlBindingParameter;16;1.0;0.5833333333333334
net.sourceforge.stripes.controller.multipart.DefaultMultipartWrapperFactory;11;1.0;0.75
net.sourceforge.stripes.exception.DefaultExceptionHandler;12;1.0;0.8888888888888888
net.sourceforge.stripes.exception.UrlBindingConflictException;12;0.875;0.875
net.sourceforge.stripes.format.DateFormatter;15;1.0;0.8333333333333334
net.sourceforge.stripes.format.NumberFormatter;13;1.0;0.8
net.sourceforge.stripes.integration.spring.SpringHelper;10;1.0;0.75
net.sourceforge.stripes.localization.DefaultLocalizationBundleFactory;11;1.0;0.625
net.sourceforge.stripes.mock.MockHttpServletRequest;93;1.0;0.7111111111111111
net.sourceforge.stripes.mock.MockHttpServletResponse;52;1.0;0.673469387755102
net.sourceforge.stripes.mock.MockHttpSession;23;1.0;1.0
net.sourceforge.stripes.mock.MockRoundtrip;30;1.0;0.7307692307692307
net.sourceforge.stripes.mock.MockServletContext;38;1.0;0.8857142857142857
net.sourceforge.stripes.tag.ErrorsTag;27;1.0;0.625
net.sourceforge.stripes.tag.FieldMetadataTag;25;0.9523809523809523;0.7619047619047619
net.sourceforge.stripes.tag.FormTag;56;1.0;0.7924528301886793
net.sourceforge.stripes.tag.FormatTag;14;1.0;1.0
net.sourceforge.stripes.tag.HtmlTagSupport;63;1.0;0.9833333333333333
net.sourceforge.stripes.tag.InputCheckBoxTag;12;1.0;0.8888888888888888
net.sourceforge.stripes.tag.InputImageTag;11;1.0;1.0
net.sourceforge.stripes.tag.InputLabelTag;10;1.0;1.0
net.sourceforge.stripes.tag.InputOptionTag;14;1.0;0.8333333333333334
net.sourceforge.stripes.tag.InputOptionsCollectionTag;24;1.0;0.7272727272727273
net.sourceforge.stripes.tag.InputRadioButtonTag;12;1.0;1.0
net.sourceforge.stripes.tag.InputSelectTag;13;1.0;1.0
net.sourceforge.stripes.tag.InputTagSupport;42;1.0;0.825
net.sourceforge.stripes.tag.InputTextAreaTag;11;1.0;1.0
net.sourceforge.stripes.tag.InputTextTag;12;1.0;1.0
net.sourceforge.stripes.tag.LinkTag;24;;
net.sourceforge.stripes.tag.LinkTagSupport;26;1.0;0.6956521739130435
net.sourceforge.stripes.tag.ParamTag;19;1.0;0.7647058823529411
net.sourceforge.stripes.tag.StripesTagSupport;17;1.0;0.7857142857142857
net.sourceforge.stripes.tag.UrlTag;12;1.0;1.0
net.sourceforge.stripes.tag.UseActionBeanTag;23;1.0;0.7619047619047619
net.sourceforge.stripes.tag.WizardFieldsTag;11;1.0;1.0
net.sourceforge.stripes.tag.layout.LayoutComponentRenderer;11;1.0;0.8571428571428571
net.sourceforge.stripes.tag.layout.LayoutComponentTag;14;1.0;0.7272727272727273
net.sourceforge.stripes.tag.layout.LayoutContext;33;0.9655172413793104;0.6206896551724138
net.sourceforge.stripes.tag.layout.LayoutRenderTag;12;1.0;0.7777777777777778
net.sourceforge.stripes.tag.layout.LayoutWriter;14;1.0;0.8
net.sourceforge.stripes.util.Base64;43;0.975;0.575
net.sourceforge.stripes.util.ConcurrentHashSet;19;1.0;0.8
net.sourceforge.stripes.util.CryptoUtil;20;1.0;0.6666666666666666
net.sourceforge.stripes.util.Literal;12;;
net.sourceforge.stripes.util.Log;17;0.9285714285714286;1.0
net.sourceforge.stripes.util.Log4JLogger;26;0.9545454545454546;0.7727272727272727
net.sourceforge.stripes.util.Range;11;1.0;1.0
net.sourceforge.stripes.util.ReflectUtil;20;0.9411764705882353;0.7647058823529411
net.sourceforge.stripes.util.ResolverUtil;11;1.0;0.875
net.sourceforge.stripes.util.TypeHandlerCache;20;1.0;0.7647058823529411
net.sourceforge.stripes.util.UrlBuilder;24;1.0;0.6666666666666666
net.sourceforge.stripes.util.bean.Node;13;1.0;0.7
net.sourceforge.stripes.util.bean.NodeEvaluation;21;1.0;0.7777777777777778
net.sourceforge.stripes.util.bean.PropertyExpression;17;1.0;0.5384615384615384
net.sourceforge.stripes.util.bean.PropertyExpressionEvaluation;21;1.0;0.8333333333333334
net.sourceforge.stripes.validation.DateTypeConverter;15;0.9166666666666666;0.6666666666666666
net.sourceforge.stripes.validation.DefaultValidationMetadataProvider;12;1.0;0.8888888888888888
net.sourceforge.stripes.validation.ScopedLocalizableError;10;1.0;0.6666666666666666
net.sourceforge.stripes.validation.SimpleError;19;1.0;0.8
net.sourceforge.stripes.validation.ValidationMetadata;44;1.0;0.6341463414634146
net.sourceforge.stripes.vfs.VFS;13;1.0;1.0
