file;entities;metric;metric_random
com.eteks.sweethome3d.HomeFrameController;11;1.0;0.75
com.eteks.sweethome3d.HomeFramePane;19;0.8666666666666667;0.4666666666666667
com.eteks.sweethome3d.SweetHome3D;34;1.0;0.6
com.eteks.sweethome3d.applet.AppletApplication;47;1.0;0.4883720930232558
com.eteks.sweethome3d.applet.AppletUserPreferences;40;1.0;0.4166666666666667
com.eteks.sweethome3d.applet.HomeAppletController;10;1.0;0.8571428571428571
com.eteks.sweethome3d.applet.HomeAppletRecorder;10;1.0;0.7142857142857143
com.eteks.sweethome3d.applet.SweetHome3DApplet;10;1.0;1.0
com.eteks.sweethome3d.applet.ViewerHelper;10;1.0;0.8571428571428571
com.eteks.sweethome3d.io.AutoRecoveryManager;18;1.0;0.5714285714285714
com.eteks.sweethome3d.io.DefaultFurnitureCatalog;24;0.9523809523809523;0.5714285714285714
com.eteks.sweethome3d.io.DefaultHomeOutputStream;13;1.0;0.7
com.eteks.sweethome3d.io.DefaultTexturesCatalog;16;0.9230769230769231;0.6923076923076923
com.eteks.sweethome3d.io.FileUserPreferences;84;1.0;0.525
com.eteks.sweethome3d.j3d.Component3DManager;16;1.0;0.6666666666666666
com.eteks.sweethome3d.j3d.HomePieceOfFurniture3D;28;1.0;0.7916666666666666
com.eteks.sweethome3d.j3d.ModelManager;38;1.0;0.6470588235294118
com.eteks.sweethome3d.j3d.OBJLoader;24;1.0;0.7142857142857143
com.eteks.sweethome3d.j3d.OBJMaterial;13;1.0;1.0
com.eteks.sweethome3d.j3d.OBJWriter;44;1.0;0.5853658536585366
com.eteks.sweethome3d.j3d.Object3DBranch;10;1.0;0.875
com.eteks.sweethome3d.j3d.PhotoRenderer;30;1.0;0.6296296296296297
com.eteks.sweethome3d.j3d.Room3D;15;1.0;0.6363636363636364
com.eteks.sweethome3d.j3d.TextureManager;17;1.0;0.6923076923076923
com.eteks.sweethome3d.j3d.Wall3D;22;1.0;0.7777777777777778
com.eteks.sweethome3d.model.BackgroundImage;23;1.0;0.6842105263157895
com.eteks.sweethome3d.model.Camera;40;1.0;0.6388888888888888
com.eteks.sweethome3d.model.CatalogDoorOrWindow;12;1.0;0.5
com.eteks.sweethome3d.model.CatalogPieceOfFurniture;66;0.9838709677419355;0.46774193548387094
com.eteks.sweethome3d.model.CatalogTexture;26;0.9545454545454546;0.5
com.eteks.sweethome3d.model.Compass;46;0.9761904761904762;0.6428571428571429
com.eteks.sweethome3d.model.DimensionLine;36;1.0;0.6875
com.eteks.sweethome3d.model.FurnitureCatalog;12;1.0;0.8
com.eteks.sweethome3d.model.FurnitureCategory;15;1.0;0.7272727272727273
com.eteks.sweethome3d.model.Home;126;1.0;0.5491803278688525
com.eteks.sweethome3d.model.HomeApplication;13;1.0;0.9090909090909091
com.eteks.sweethome3d.model.HomeDoorOrWindow;17;1.0;0.6923076923076923
com.eteks.sweethome3d.model.HomeEnvironment;64;1.0;0.5833333333333334
com.eteks.sweethome3d.model.HomeFurnitureGroup;51;1.0;0.6808510638297872
com.eteks.sweethome3d.model.HomeLight;12;1.0;0.875
com.eteks.sweethome3d.model.HomePieceOfFurniture;109;0.9904761904761905;0.6095238095238096
com.eteks.sweethome3d.model.HomePrint;28;1.0;0.5833333333333334
com.eteks.sweethome3d.model.HomeTexture;12;1.0;0.75
com.eteks.sweethome3d.model.Label;23;1.0;0.7894736842105263
com.eteks.sweethome3d.model.LightSource;13;1.0;0.6666666666666666
com.eteks.sweethome3d.model.ObserverCamera;18;1.0;0.7857142857142857
com.eteks.sweethome3d.model.Room;81;1.0;0.6883116883116883
com.eteks.sweethome3d.model.Sash;12;1.0;0.875
com.eteks.sweethome3d.model.TextStyle;17;0.9230769230769231;0.6923076923076923
com.eteks.sweethome3d.model.TexturesCatalog;12;1.0;0.8
com.eteks.sweethome3d.model.TexturesCategory;15;1.0;0.7272727272727273
com.eteks.sweethome3d.model.UserPreferences;84;1.0;0.6375
com.eteks.sweethome3d.model.Wall;80;1.0;0.6710526315789473
com.eteks.sweethome3d.plugin.Plugin;29;1.0;0.7407407407407407
com.eteks.sweethome3d.plugin.PluginAction;14;1.0;0.7272727272727273
com.eteks.sweethome3d.plugin.PluginManager;24;1.0;0.5
com.eteks.sweethome3d.swing.BackgroundImageWizardStepsPanel;30;1.0;0.6538461538461539
com.eteks.sweethome3d.swing.ColorButton;11;1.0;0.8571428571428571
com.eteks.sweethome3d.swing.CompassPanel;23;1.0;0.85
com.eteks.sweethome3d.swing.FileContentManager;33;1.0;0.4827586206896552
com.eteks.sweethome3d.swing.FurnitureCatalogListPanel;18;1.0;0.6666666666666666
com.eteks.sweethome3d.swing.FurnitureCatalogTree;11;1.0;0.75
com.eteks.sweethome3d.swing.FurnitureTable;17;1.0;0.7857142857142857
com.eteks.sweethome3d.swing.FurnitureTransferHandler;11;1.0;0.75
com.eteks.sweethome3d.swing.HelpPane;20;1.0;0.7058823529411765
com.eteks.sweethome3d.swing.Home3DAttributesPanel;25;1.0;0.7727272727272727
com.eteks.sweethome3d.swing.HomeComponent3D;73;1.0;0.5571428571428572
com.eteks.sweethome3d.swing.HomeFurniturePanel;41;1.0;0.8157894736842105
com.eteks.sweethome3d.swing.HomePane;121;0.9829059829059829;0.6068376068376068
com.eteks.sweethome3d.swing.HomePrintableComponent;21;1.0;0.6470588235294118
com.eteks.sweethome3d.swing.IconManager;17;1.0;0.7692307692307693
com.eteks.sweethome3d.swing.ImportedFurnitureWizardStepsPanel;60;1.0;0.6140350877192983
com.eteks.sweethome3d.swing.ImportedTextureWizardStepsPanel;32;1.0;0.7142857142857143
com.eteks.sweethome3d.swing.LabelPanel;10;1.0;0.7142857142857143
com.eteks.sweethome3d.swing.LocatedTransferHandler;11;1.0;0.7777777777777778
com.eteks.sweethome3d.swing.ModelPreviewComponent;40;1.0;0.7567567567567568
com.eteks.sweethome3d.swing.NullableCheckBox;22;1.0;0.6666666666666666
com.eteks.sweethome3d.swing.PageSetupPanel;26;1.0;0.6363636363636364
com.eteks.sweethome3d.swing.PhotoPanel;52;0.9791666666666666;0.5
com.eteks.sweethome3d.swing.PlanComponent;191;0.9946524064171123;0.5133689839572193
com.eteks.sweethome3d.swing.PlanTransferHandler;18;1.0;0.7333333333333333
com.eteks.sweethome3d.swing.PrintPreviewPanel;12;1.0;0.7777777777777778
com.eteks.sweethome3d.swing.ProportionalLayout;15;1.0;0.9166666666666666
com.eteks.sweethome3d.swing.RoomPanel;29;1.0;0.6923076923076923
com.eteks.sweethome3d.swing.ScaledImageComponent;13;1.0;0.7
com.eteks.sweethome3d.swing.SwingTools;17;0.8571428571428571;0.9285714285714286
com.eteks.sweethome3d.swing.SwingViewFactory;23;;
com.eteks.sweethome3d.swing.ThreadedTaskPanel;13;1.0;0.8
com.eteks.sweethome3d.swing.UserPreferencesPanel;42;1.0;0.8461538461538461
com.eteks.sweethome3d.swing.VideoPanel;67;0.9841269841269841;0.47619047619047616
com.eteks.sweethome3d.swing.WallPanel;48;1.0;0.8
com.eteks.sweethome3d.swing.WizardPane;12;1.0;0.7777777777777778
com.eteks.sweethome3d.tools.ExtensionsClassLoader;10;1.0;0.8571428571428571
com.eteks.sweethome3d.tools.OperatingSystem;13;1.0;0.8
com.eteks.sweethome3d.tools.URLContent;10;1.0;0.8333333333333334
com.eteks.sweethome3d.viewcontroller.BackgroundImageWizardController;40;1.0;0.6216216216216216
com.eteks.sweethome3d.viewcontroller.CompassController;38;1.0;0.7142857142857143
com.eteks.sweethome3d.viewcontroller.FurnitureCatalogController;20;1.0;0.6470588235294118
com.eteks.sweethome3d.viewcontroller.FurnitureController;49;1.0;0.7608695652173914
com.eteks.sweethome3d.viewcontroller.HelpController;36;1.0;0.71875
com.eteks.sweethome3d.viewcontroller.Home3DAttributesController;43;1.0;0.65
com.eteks.sweethome3d.viewcontroller.HomeController;108;0.9903846153846154;0.7115384615384616
com.eteks.sweethome3d.viewcontroller.HomeController3D;23;1.0;0.75
com.eteks.sweethome3d.viewcontroller.HomeFurnitureController;89;1.0;0.627906976744186
com.eteks.sweethome3d.viewcontroller.ImportedFurnitureWizardController;77;1.0;0.5
com.eteks.sweethome3d.viewcontroller.ImportedTextureWizardController;40;1.0;0.5405405405405406
com.eteks.sweethome3d.viewcontroller.LabelController;25;1.0;0.6818181818181818
com.eteks.sweethome3d.viewcontroller.PageSetupController;15;1.0;0.8333333333333334
com.eteks.sweethome3d.viewcontroller.PhotoController;44;1.0;0.6341463414634146
com.eteks.sweethome3d.viewcontroller.PlanController;236;1.0;0.7025862068965517
com.eteks.sweethome3d.viewcontroller.RoomController;50;1.0;0.6808510638297872
com.eteks.sweethome3d.viewcontroller.TextureChoiceController;18;1.0;0.6666666666666666
com.eteks.sweethome3d.viewcontroller.ThreadedTaskController;13;1.0;0.7
com.eteks.sweethome3d.viewcontroller.UserPreferencesController;55;1.0;0.6538461538461539
com.eteks.sweethome3d.viewcontroller.VideoController;41;1.0;0.6842105263157895
com.eteks.sweethome3d.viewcontroller.WallController;82;1.0;0.6455696202531646
com.eteks.sweethome3d.viewcontroller.WizardController;37;1.0;0.6470588235294118
