file;entities;metric;metric_random
blogthisplugin.BlogSettings;11;1.0;0.875
blogthisplugin.BlogSettingsTab;13;1.0;0.7777777777777778
blogthisplugin.BlogThisPlugin;29;1.0;0.8
calendarexportplugin.CalendarExportPlugin;50;0.9565217391304348;0.5217391304347826
calendarexportplugin.CalendarExportSettings;36;1.0;0.8484848484848485
calendarexportplugin.CalendarSettingsTab;17;1.0;0.6923076923076923
calendarexportplugin.exporter.AppleSettingsDialog;10;1.0;0.6666666666666666
calendarexportplugin.exporter.CalExporter;10;1.0;0.8333333333333334
calendarexportplugin.exporter.GoogleExporter;21;1.0;0.7222222222222222
calendarexportplugin.exporter.GoogleSettingsDialog;21;1.0;0.5882352941176471
calendarexportplugin.exporter.OutlookExporter;12;1.0;0.8
calendarexportplugin.utils.AbstractCalFile;10;1.0;1.0
captureplugin.CapturePlugin;39;0.8857142857142857;0.6
captureplugin.CapturePluginData;12;1.0;0.875
captureplugin.CapturePluginPanel;10;1.0;0.6666666666666666
captureplugin.CapturePluginSettingsTab;11;1.0;0.8571428571428571
captureplugin.drivers.DeviceCreatorDialog;11;1.0;0.7142857142857143
captureplugin.drivers.defaultdriver.AdditionalParams;25;1.0;0.6190476190476191
captureplugin.drivers.defaultdriver.CaptureExecute;15;0.9090909090909091;0.6363636363636364
captureplugin.drivers.defaultdriver.CaptureParamLibrary;19;1.0;0.7333333333333333
captureplugin.drivers.defaultdriver.DefaultDevice;27;1.0;0.8260869565217391
captureplugin.drivers.defaultdriver.DefaultKonfigurator;13;0.8888888888888888;0.6666666666666666
captureplugin.drivers.defaultdriver.DeviceConfig;84;1.0;0.6
captureplugin.drivers.defaultdriver.ParamEntry;14;1.0;0.8181818181818182
captureplugin.drivers.defaultdriver.ProgramTimeList;13;1.0;1.0
captureplugin.drivers.defaultdriver.configpanels.ChannelTableModel;12;1.0;0.875
captureplugin.drivers.defaultdriver.configpanels.SettingsPanel;16;1.0;0.75
captureplugin.drivers.dreambox.DreamboxConfig;52;1.0;0.6530612244897959
captureplugin.drivers.dreambox.DreamboxConfigDialog;27;1.0;0.6956521739130435
captureplugin.drivers.dreambox.DreamboxDevice;29;1.0;0.76
captureplugin.drivers.dreambox.connector.DreamboxChannel;10;1.0;0.7142857142857143
captureplugin.drivers.dreambox.connector.DreamboxConnector;17;0.9230769230769231;0.8461538461538461
captureplugin.drivers.elgatodriver.ElgatoConnection;15;0.8333333333333334;0.75
captureplugin.drivers.simpledevice.SimpleChannel;13;1.0;0.8
captureplugin.drivers.simpledevice.SimpleConfig;17;1.0;0.7857142857142857
captureplugin.drivers.simpledevice.SimpleConfigDialog;14;0.9;0.7
captureplugin.drivers.simpledevice.SimpleDevice;31;1.0;0.7407407407407407
captureplugin.drivers.thetubedriver.TheTubeConnection;12;0.8888888888888888;0.6666666666666666
captureplugin.drivers.topfield.TopfieldChannelTableModel;17;1.0;0.6923076923076923
captureplugin.drivers.topfield.TopfieldConfiguration;60;1.0;0.625
captureplugin.drivers.topfield.TopfieldConfigurationDialog;124;1.0;0.4166666666666667
captureplugin.drivers.topfield.TopfieldDevice;54;1.0;0.58
captureplugin.drivers.topfield.TopfieldServiceInfo;31;1.0;0.4444444444444444
captureplugin.drivers.topfield.TopfieldTimerEntry;14;1.0;0.6363636363636364
captureplugin.drivers.topfield.connector.TopfieldConnector;30;1.0;0.6153846153846154
captureplugin.drivers.utils.ProgramTime;28;1.0;0.68
captureplugin.drivers.utils.ProgramTimeDialog;12;1.0;0.75
captureplugin.tabs.DevicePanel;13;0.8888888888888888;0.6666666666666666
captureplugin.tabs.DeviceTableModel;11;1.0;0.8571428571428571
captureplugin.tabs.ProgramListPanel;10;1.0;1.0
captureplugin.utils.ConfigTableModel;12;1.0;0.875
clipboardplugin.ClipboardPlugin;28;1.0;0.7916666666666666
devplugin.AbstractTvDataService;33;1.0;0.9333333333333333
devplugin.ActionMenu;20;1.0;0.7058823529411765
devplugin.Channel;88;1.0;0.4523809523809524
devplugin.ChannelGroupImpl;11;1.0;0.875
devplugin.ContextMenuSeparatorAction;11;1.0;0.875
devplugin.Date;45;1.0;0.6341463414634146
devplugin.Plugin;65;0.967741935483871;0.8225806451612904
devplugin.PluginInfo;19;1.0;0.6875
devplugin.PluginTreeNode;65;0.9508196721311475;0.6065573770491803
devplugin.PluginsFilterComponent;10;1.0;0.875
devplugin.ProgramFieldType;72;1.0;0.6323529411764706
devplugin.ProgramInfoHelper;12;1.0;0.7
devplugin.ProgramItem;16;1.0;0.6923076923076923
devplugin.ProgramReceiveTarget;21;0.9411764705882353;0.7058823529411765
devplugin.SettingsItem;20;1.0;1.0
devplugin.ThemeIcon;10;1.0;0.8571428571428571
devplugin.Version;19;0.9375;0.5625
dreamboxdataservice.DreamboxChannelHandler;12;1.0;0.7777777777777778
dreamboxdataservice.DreamboxDataService;24;1.0;0.7142857142857143
dreamboxdataservice.DreamboxSettingsPanel;13;1.0;0.6666666666666666
emailplugin.EMailPlugin;28;0.9166666666666666;0.7083333333333334
emailplugin.EMailSettings;13;1.0;0.8
emailplugin.EMailSettingsTab;18;1.0;0.6428571428571429
emailplugin.MailCreator;12;1.0;0.7777777777777778
genreplugin.GenrePlugin;33;0.9310344827586207;0.5862068965517241
genreplugin.GenreSettings;11;1.0;0.75
genreplugin.GenreSettingsTab;15;1.0;0.7272727272727273
growlplugin.GrowlContainer;11;1.0;0.7142857142857143
growlplugin.GrowlPlugin;20;1.0;0.6875
i18nplugin.AbstractHierarchicalNode;14;1.0;0.7272727272727273
i18nplugin.I18NPlugin;15;1.0;0.7272727272727273
i18nplugin.PropertiesEntryNode;14;1.0;0.7
i18nplugin.PropertiesNode;18;1.0;0.8
i18nplugin.TranslationDialog;22;1.0;0.7222222222222222
i18nplugin.TranslatorEditor;16;1.0;0.75
knotifyplugin.KNotifyPlugin;20;1.0;0.6875
knotifyplugin.KNotifySettingsTab;10;1.0;0.8333333333333334
listviewplugin.ListTableModel;14;1.0;1.0
listviewplugin.ListViewDialog;35;0.9354838709677419;0.6774193548387096
listviewplugin.ListViewPlugin;19;0.8666666666666667;0.6
newsplugin.News;15;1.0;0.5454545454545454
newsplugin.NewsDialog;16;1.0;0.6666666666666666
newsplugin.NewsPlugin;22;0.8888888888888888;0.6111111111111112
primarydatamanager.PDSRunner;14;1.0;0.6
primarydatamanager.PrimaryDataManager;26;0.9545454545454546;0.5454545454545454
primarydatamanager.RawDataProcessor;22;1.0;0.7222222222222222
primarydatamanager.mirrorupdater.MirrorUpdater;22;0.9444444444444444;0.6666666666666666
primarydatamanager.mirrorupdater.config.PropertiesConfiguration;13;1.0;0.6666666666666666
primarydatamanager.mirrorupdater.data.FtpDataTarget;14;1.0;0.6
primarydatamanager.primarydataservice.AbstractPrimaryDataService;19;1.0;0.5625
primarydatamanager.primarydataservice.Entry;12;1.0;0.75
primarydatamanager.primarydataservice.HTMLFilterReader;15;1.0;0.6666666666666666
primarydatamanager.primarydataservice.MeasuringInputStream;13;1.0;0.9
primarydatamanager.primarydataservice.ProgramFrameDispatcher;15;1.0;0.5833333333333334
primarydatamanager.primarydataservice.util.RtfFilterReader;15;0.9090909090909091;0.6363636363636364
primarydatamanager.primarydataservice.util.html2txt.Html2TxtConverter;14;1.0;0.8
primarydatamanager.primarydataservice.util.html2txt.TagReader;20;0.8235294117647058;0.6470588235294118
primarydatamanager.primarydataservice.util.htmlparser.HTMLParser;12;1.0;0.7777777777777778
primarydatamanager.primarydataservice.util.htmlparser.Tag;27;1.0;0.75
primarydatamanager.primarydataservice.util.httpsession.HttpSession;13;1.0;0.8
primarydatamanager.tvlistingstool.HtmlMirrorVisualizer;16;0.9166666666666666;0.5
printplugin.PrintPlugin;38;1.0;0.7352941176470589
printplugin.dlgs.MainPrintDialog;11;1.0;0.7142857142857143
printplugin.dlgs.PreviewDlg;32;0.8571428571428571;0.6428571428571429
printplugin.dlgs.SettingsDialog;15;1.0;0.5454545454545454
printplugin.dlgs.components.FontsDialog;13;1.0;0.6666666666666666
printplugin.dlgs.components.ProgramItemFieldsConfigDlg;10;0.6666666666666666;0.8333333333333334
printplugin.dlgs.components.ProgramPreviewPanel;16;1.0;0.75
printplugin.dlgs.printdayprogramsdialog.LayoutTab;11;1.0;0.8571428571428571
printplugin.dlgs.printdayprogramsdialog.ListingsTab;15;1.0;0.5833333333333334
printplugin.dlgs.printdayprogramsdialog.PrintDayProgramsDialogContent;13;1.0;0.6666666666666666
printplugin.dlgs.printfromqueuedialog.GeneralTab;10;1.0;1.0
printplugin.dlgs.printfromqueuedialog.PrintFromQueueDialogContent;14;1.0;0.7
printplugin.printer.AbstractPrintJob;10;1.0;0.8333333333333334
printplugin.printer.ProgramIcon;25;0.8571428571428571;0.5238095238095238
printplugin.printer.ProgramItem;13;1.0;0.7
printplugin.printer.dayprogramprinter.ProgramTableIcon;30;0.8846153846153846;0.46153846153846156
printplugin.printer.singleprogramprinter.DocumentRenderer;18;1.0;0.7333333333333333
printplugin.settings.DayProgramPrinterSettings;22;1.0;0.6111111111111112
printplugin.settings.MutableProgramIconSettings;24;1.0;0.8095238095238095
printplugin.settings.PrinterProgramIconSettings;17;1.0;0.7692307692307693
printplugin.settings.ProgramInfoPrintSettings;19;0.9333333333333333;0.6666666666666666
printplugin.settings.Scheme;10;1.0;1.0
programlistplugin.ProgramListPlugin;31;0.9259259259259259;0.5925925925925926
programlistplugin.ProgramListSettings;10;1.0;0.8571428571428571
radiotimesdataservice.RadioTimesDataService;21;1.0;0.7777777777777778
radiotimesdataservice.RadioTimesFileParser;35;0.967741935483871;0.6774193548387096
schedulesdirectdataservice.SchedulesDirectDataService;29;0.9230769230769231;0.6923076923076923
schedulesdirectdataservice.SchedulesDirectSettingsPanel;11;1.0;0.5714285714285714
simplemarkerplugin.ManagePanel;19;1.0;0.7333333333333333
simplemarkerplugin.MarkList;41;1.0;0.6756756756756757
simplemarkerplugin.MarkListsVector;10;1.0;1.0
simplemarkerplugin.SimpleMarkerPlugin;53;1.0;0.7551020408163265
simplemarkerplugin.SimpleMarkerPluginSettingsTab;22;1.0;0.75
simplemarkerplugin.SimpleMarkerSettings;19;1.0;0.875
simplemarkerplugin.table.MarkListTableModel;11;1.0;0.8571428571428571
swedbtvdataservice.DataHydraChannelContainer;19;1.0;0.8125
swedbtvdataservice.DataHydraChannelGroup;14;1.0;0.7272727272727273
swedbtvdataservice.DataHydraChannelParser;16;0.9166666666666666;0.5833333333333334
swedbtvdataservice.DataHydraDayParser;23;1.0;0.7894736842105263
swedbtvdataservice.SweDBTvDataService;38;0.9705882352941176;0.5882352941176471
tvbrowser.TVBrowser;59;0.9818181818181818;0.5818181818181818
tvbrowser.core.ChannelList;60;1.0;0.7068965517241379
tvbrowser.core.ChannelUserSettings;25;0.9523809523809523;0.7619047619047619
tvbrowser.core.PluginLoader;33;1.0;0.5862068965517241
tvbrowser.core.Settings;248;0.975609756097561;0.8983739837398373
tvbrowser.core.TvDataBase;50;1.0;0.7608695652173914
tvbrowser.core.TvDataInventory;12;1.0;0.75
tvbrowser.core.TvDataUpdater;22;1.0;0.7222222222222222
tvbrowser.core.contextmenu.ContextMenuManager;21;1.0;0.7647058823529411
tvbrowser.core.data.OnDemandDayProgramFile;20;1.0;0.6875
tvbrowser.core.filters.FilterComponentList;14;1.0;0.8181818181818182
tvbrowser.core.filters.FilterList;23;0.9473684210526315;0.7368421052631579
tvbrowser.core.filters.FilterManagerImpl;11;1.0;0.875
tvbrowser.core.filters.Token;60;0.6607142857142857;0.48214285714285715
tvbrowser.core.filters.filtercomponents.AgeLimitFilterComponent;12;1.0;0.875
tvbrowser.core.filters.filtercomponents.BeanShellFilterComponent;15;1.0;0.7272727272727273
tvbrowser.core.filters.filtercomponents.ChannelFilterComponent;13;1.0;0.6666666666666666
tvbrowser.core.filters.filtercomponents.DateFilterComponent;14;1.0;0.8
tvbrowser.core.filters.filtercomponents.DayFilterComponent;13;1.0;0.7777777777777778
tvbrowser.core.filters.filtercomponents.FavoritesFilterComponent;10;1.0;1.0
tvbrowser.core.filters.filtercomponents.KeywordFilterComponent;15;1.0;0.8181818181818182
tvbrowser.core.filters.filtercomponents.MassFilterComponent;17;1.0;0.6923076923076923
tvbrowser.core.filters.filtercomponents.PluginFilterComponent;13;1.0;0.8888888888888888
tvbrowser.core.filters.filtercomponents.PluginIconFilterComponent;12;1.0;0.875
tvbrowser.core.filters.filtercomponents.ProgramInfoFilterComponent;13;0.8888888888888888;0.7777777777777778
tvbrowser.core.filters.filtercomponents.ProgramLengthFilterComponent;18;1.0;0.6428571428571429
tvbrowser.core.filters.filtercomponents.ProgramMarkingPriorityFilterComponent;12;1.0;0.75
tvbrowser.core.filters.filtercomponents.ProgramRunningFilterComponent;16;1.0;0.5833333333333334
tvbrowser.core.filters.filtercomponents.ProgramTypeFilterComponent;13;1.0;0.7777777777777778
tvbrowser.core.filters.filtercomponents.ReminderFilterComponent;10;1.0;0.8571428571428571
tvbrowser.core.filters.filtercomponents.SingleTitleFilterComponent;13;0.7777777777777778;0.7777777777777778
tvbrowser.core.filters.filtercomponents.TimeFilterComponent;16;1.0;0.75
tvbrowser.core.icontheme.Directory;22;1.0;0.7368421052631579
tvbrowser.core.icontheme.IconLoader;18;1.0;0.7142857142857143
tvbrowser.core.icontheme.IconTheme;19;0.9333333333333333;0.8
tvbrowser.core.plugin.AbstractPluginProxy;75;1.0;0.9295774647887324
tvbrowser.core.plugin.ActionProxy;10;1.0;0.8571428571428571
tvbrowser.core.plugin.BeanShellPluginProxy;41;1.0;0.918918918918919
tvbrowser.core.plugin.JavaPluginProxy;48;1.0;0.8409090909090909
tvbrowser.core.plugin.PluginManagerImpl;51;0.9787234042553191;0.851063829787234
tvbrowser.core.plugin.PluginProxyManager;61;1.0;0.6666666666666666
tvbrowser.core.plugin.programformating.GlobalPluginProgramFormating;15;1.0;0.8461538461538461
tvbrowser.core.plugin.programformating.GlobalPluginProgramFormatingManager;12;1.0;0.75
tvbrowser.core.search.booleansearch.BooleanSearcher;10;0.8333333333333334;0.6666666666666666
tvbrowser.core.search.booleansearch.StringMatcherRegEx;10;1.0;0.7142857142857143
tvbrowser.core.tvdataservice.ChannelGroupManager;16;1.0;0.6666666666666666
tvbrowser.core.tvdataservice.DefaultTvDataServiceProxy;26;1.0;0.9545454545454546
tvbrowser.core.tvdataservice.TvDataServiceProxyManager;19;1.0;0.7333333333333333
tvbrowser.extras.common.ChannelItem;13;1.0;0.7
tvbrowser.extras.common.LimitationConfiguration;30;1.0;0.46153846153846156
tvbrowser.extras.common.ReminderConfiguration;11;1.0;0.8571428571428571
tvbrowser.extras.favoritesplugin.ContextMenuProvider;14;1.0;1.0
tvbrowser.extras.favoritesplugin.FavoritesPlugin;81;0.922077922077922;0.6623376623376623
tvbrowser.extras.favoritesplugin.FavoritesPluginProxy;26;1.0;0.8181818181818182
tvbrowser.extras.favoritesplugin.FavoritesSettingTab;11;1.0;0.75
tvbrowser.extras.favoritesplugin.core.ActorsFavorite;12;1.0;0.75
tvbrowser.extras.favoritesplugin.core.AdvancedFavorite;17;1.0;0.6923076923076923
tvbrowser.extras.favoritesplugin.core.Exclusion;23;1.0;0.47368421052631576
tvbrowser.extras.favoritesplugin.core.Favorite;68;1.0;0.7076923076923077
tvbrowser.extras.favoritesplugin.dlgs.EditFavoriteDialog;35;1.0;0.6774193548387096
tvbrowser.extras.favoritesplugin.dlgs.ExclusionPanel;13;1.0;0.5555555555555556
tvbrowser.extras.favoritesplugin.dlgs.FavoriteNode;14;1.0;0.8181818181818182
tvbrowser.extras.favoritesplugin.dlgs.FavoriteTree;34;0.9666666666666667;0.7333333333333333
tvbrowser.extras.favoritesplugin.dlgs.FavoriteTreeModel;32;1.0;0.9285714285714286
tvbrowser.extras.favoritesplugin.dlgs.ManageFavoritesDialog;38;0.9411764705882353;0.6764705882352942
tvbrowser.extras.favoritesplugin.wizards.ExcludeWizardStep;43;1.0;0.6410256410256411
tvbrowser.extras.favoritesplugin.wizards.FinishWizardStep;10;1.0;0.8333333333333334
tvbrowser.extras.favoritesplugin.wizards.LimitationsWizardStep;20;1.0;0.8125
tvbrowser.extras.favoritesplugin.wizards.NotificationWizardStep;13;1.0;0.6666666666666666
tvbrowser.extras.favoritesplugin.wizards.RenameWizardStep;11;1.0;0.8571428571428571
tvbrowser.extras.favoritesplugin.wizards.TypeWizardStep;28;1.0;0.5
tvbrowser.extras.favoritesplugin.wizards.WizardDlg;27;1.0;0.6521739130434783
tvbrowser.extras.favoritesplugin.wizards.WizardHandler;14;1.0;0.7272727272727273
tvbrowser.extras.programinfo.ProgramInfo;38;0.8823529411764706;0.6470588235294118
tvbrowser.extras.programinfo.ProgramInfoDialog;36;0.9375;0.53125
tvbrowser.extras.programinfo.ProgramInfoProxy;12;1.0;1.0
tvbrowser.extras.programinfo.ProgramInfoSettings;88;1.0;0.6190476190476191
tvbrowser.extras.programinfo.ProgramInfoSettingsTab;29;1.0;0.7777777777777778
tvbrowser.extras.reminderplugin.ReminderDialog;16;1.0;0.5833333333333334
tvbrowser.extras.reminderplugin.ReminderFrame;27;1.0;0.5217391304347826
tvbrowser.extras.reminderplugin.ReminderList;33;1.0;0.7931034482758621
tvbrowser.extras.reminderplugin.ReminderListDialog;17;0.9230769230769231;0.5384615384615384
tvbrowser.extras.reminderplugin.ReminderListItem;20;1.0;0.625
tvbrowser.extras.reminderplugin.ReminderPlugin;53;0.9183673469387755;0.6530612244897959
tvbrowser.extras.reminderplugin.ReminderPluginProxy;24;1.0;0.8
tvbrowser.extras.reminderplugin.ReminderSettingsTab;26;1.0;0.6818181818181818
tvbrowser.extras.reminderplugin.ReminderTableModel;17;1.0;0.7692307692307693
tvbrowser.extras.searchplugin.RepetitionDialog;10;1.0;0.8333333333333334
tvbrowser.extras.searchplugin.SearchDialog;11;1.0;0.7142857142857143
tvbrowser.extras.searchplugin.SearchPlugin;25;0.9047619047619048;0.7142857142857143
tvbrowser.extras.searchplugin.SearchPluginProxy;13;1.0;0.9
tvbrowser.ui.SkinPanel;15;1.0;0.6363636363636364
tvbrowser.ui.configassistant.AbstractCardPanel;13;1.0;0.9
tvbrowser.ui.configassistant.ConfigAssistant;13;1.0;0.7777777777777778
tvbrowser.ui.configassistant.NetworkCardPanel;18;1.0;0.7857142857142857
tvbrowser.ui.configassistant.TvBrowserPictureSettingsUpdateDialog;10;1.0;0.6666666666666666
tvbrowser.ui.filter.dlgs.EditFilterComponentDlg;18;1.0;0.6428571428571429
tvbrowser.ui.filter.dlgs.EditFilterDlg;20;1.0;0.5
tvbrowser.ui.filter.dlgs.SelectFilterDlg;13;1.0;0.6666666666666666
tvbrowser.ui.finder.AbstractDateSelector;20;1.0;0.9411764705882353
tvbrowser.ui.finder.FinderItem;16;1.0;0.8333333333333334
tvbrowser.ui.finder.FinderItemRenderer;26;0.8636363636363636;0.6363636363636364
tvbrowser.ui.finder.calendar.CalendarTableModel;13;1.0;0.8888888888888888
tvbrowser.ui.finder.calendar.CalendarTablePanel;11;1.0;0.7142857142857143
tvbrowser.ui.licensebox.LicenseBox;10;1.0;0.8333333333333334
tvbrowser.ui.mainframe.ChannelChooserPanel;11;1.0;0.75
tvbrowser.ui.mainframe.MainFrame;154;0.96;0.6533333333333333
tvbrowser.ui.mainframe.MenuBar;50;1.0;0.782608695652174
tvbrowser.ui.mainframe.SoftwareUpdater;10;1.0;0.8571428571428571
tvbrowser.ui.mainframe.TimeChooserPanel;13;1.0;0.7777777777777778
tvbrowser.ui.mainframe.UpdateDlg;21;0.8235294117647058;0.5294117647058824
tvbrowser.ui.mainframe.actions.TVBrowserAction;16;0.8333333333333334;0.8333333333333334
tvbrowser.ui.mainframe.actions.TVBrowserActions;30;1.0;0.9642857142857143
tvbrowser.ui.mainframe.searchfield.SearchField;17;0.8461538461538461;0.6923076923076923
tvbrowser.ui.mainframe.searchfield.SearchFilter;13;1.0;0.6666666666666666
tvbrowser.ui.mainframe.toolbar.ContextMenu;10;1.0;0.8333333333333334
tvbrowser.ui.mainframe.toolbar.DefaultToolBarModel;33;0.9655172413793104;0.7931034482758621
tvbrowser.ui.mainframe.toolbar.ToolBar;47;1.0;0.5116279069767442
tvbrowser.ui.pluginview.Node;35;0.967741935483871;0.4838709677419355
tvbrowser.ui.pluginview.PluginTree;31;1.0;0.7777777777777778
tvbrowser.ui.pluginview.PluginTreeModel;14;1.0;0.9
tvbrowser.ui.pluginview.PluginView;16;1.0;0.9230769230769231
tvbrowser.ui.pluginview.contextmenu.AbstractContextMenu;10;1.0;1.0
tvbrowser.ui.pluginview.contextmenu.PluginContextMenu;11;1.0;0.7142857142857143
tvbrowser.ui.programtable.DefaultProgramTableModel;44;1.0;0.6829268292682927
tvbrowser.ui.programtable.KeyboardAction;14;1.0;0.8
tvbrowser.ui.programtable.ProgramTable;93;1.0;0.7078651685393258
tvbrowser.ui.programtable.ProgramTableScrollPane;37;1.0;0.8484848484848485
tvbrowser.ui.programtable.background.TimeBlockBackPainter;13;1.0;0.7777777777777778
tvbrowser.ui.settings.BlockedPlugin;14;1.0;0.8181818181818182
tvbrowser.ui.settings.BlockedPluginArrayProperty;14;1.0;0.7272727272727273
tvbrowser.ui.settings.ChannelIconAndNameSettingsTab;12;1.0;0.8888888888888888
tvbrowser.ui.settings.ChannelsSettingsTab;44;0.95;0.6
tvbrowser.ui.settings.ConfigPluginSettingsTab;14;1.0;0.6
tvbrowser.ui.settings.ContextmenuSettingsTab;10;0.8571428571428571;0.8571428571428571
tvbrowser.ui.settings.DirectoriesSettingsTab;10;1.0;0.6666666666666666
tvbrowser.ui.settings.FontsSettingsTab;13;1.0;0.7
tvbrowser.ui.settings.LocaleSettingsTab;16;0.9166666666666666;0.6666666666666666
tvbrowser.ui.settings.LookAndFeelSettingsTab;23;1.0;0.7
tvbrowser.ui.settings.MausSettingsTab;11;0.875;0.875
tvbrowser.ui.settings.PictureSettingsTab;21;1.0;0.6111111111111112
tvbrowser.ui.settings.PluginInfoPanel;11;1.0;0.7142857142857143
tvbrowser.ui.settings.PluginSettingsTab;27;1.0;0.6521739130434783
tvbrowser.ui.settings.PluginTableCellRenderer;13;0.8888888888888888;0.6666666666666666
tvbrowser.ui.settings.ProgramPanelSettingsTab;18;1.0;0.6666666666666666
tvbrowser.ui.settings.ProgramTableSettingsTab;29;1.0;0.7307692307692307
tvbrowser.ui.settings.SettingsDialog;29;0.92;0.72
tvbrowser.ui.settings.StartupSettingsTab;28;0.92;0.72
tvbrowser.ui.settings.ToolBarDragAndDropSettings;38;0.9705882352941176;0.6764705882352942
tvbrowser.ui.settings.TrayBaseSettingsTab;10;0.7142857142857143;0.7142857142857143
tvbrowser.ui.settings.TrayImportantSettingsTab;17;0.9285714285714286;0.5
tvbrowser.ui.settings.TrayNowSettingsTab;14;0.8181818181818182;0.6363636363636364
tvbrowser.ui.settings.TrayOnTimeSettingsTab;17;0.7142857142857143;0.5714285714285714
tvbrowser.ui.settings.TrayProgramsChannelsSettingsTab;20;0.8235294117647058;0.6470588235294118
tvbrowser.ui.settings.TraySoonSettingsTab;13;0.7;0.6
tvbrowser.ui.settings.WebbrowserSettingsTab;12;1.0;0.6666666666666666
tvbrowser.ui.settings.channel.AvailableChannelsTableModel;10;1.0;0.8571428571428571
tvbrowser.ui.settings.channel.ChannelConfigDlg;21;1.0;0.7058823529411765
tvbrowser.ui.settings.channel.ChannelFilter;11;1.0;0.7142857142857143
tvbrowser.ui.settings.channel.MultiChannelConfigDlg;10;1.0;0.8333333333333334
tvbrowser.ui.settings.tablebackgroundstyles.DayTimeBackgroundStyle;10;1.0;0.8333333333333334
tvbrowser.ui.settings.tablebackgroundstyles.SingleImageBackgroundStyle;10;1.0;0.8333333333333334
tvbrowser.ui.settings.tablebackgroundstyles.TimeBlockBackgroundStyle;15;1.0;0.6363636363636364
tvbrowser.ui.splashscreen.SplashScreen;19;1.0;0.6
tvbrowser.ui.tray.Java6Tray;19;0.9333333333333333;0.6
tvbrowser.ui.tray.ProgramMenuItem;34;0.8666666666666667;0.5333333333333333
tvbrowser.ui.tray.SystemTray;39;0.9428571428571428;0.6285714285714286
tvbrowser.ui.update.SoftwareUpdateDlg;17;1.0;0.46153846153846156
tvbrowser.ui.update.SoftwareUpdateItem;22;1.0;0.9473684210526315
tvbrowserdataservice.TvBrowserDataService;54;0.92;0.54
tvbrowserdataservice.TvBrowserDataServiceChannelGroup;35;1.0;0.6129032258064516
tvbrowserdataservice.TvBrowserDataServiceSettings;14;1.0;0.8
tvbrowserdataservice.TvBrowserDataServiceSettingsPanel;19;1.0;0.7333333333333333
tvbrowserdataservice.TvDataBaseUpdater;10;1.0;0.8333333333333334
tvbrowserdataservice.file.ChannelList;16;1.0;0.75
tvbrowserdataservice.file.DayProgramFile;44;0.975;0.725
tvbrowserdataservice.file.ProgramField;36;0.96875;0.6875
tvbrowserdataservice.file.ProgramFrame;19;1.0;0.875
tvbrowserdataservice.file.SummaryFile;15;1.0;0.8181818181818182
tvdataservice.MarkedProgramsList;15;1.0;0.7272727272727273
tvdataservice.MutableChannelDayProgram;20;1.0;0.875
tvdataservice.MutableProgram;86;0.975609756097561;0.6829268292682927
tvraterplugin.Database;16;1.0;0.9285714285714286
tvraterplugin.DialogOverview;13;1.0;0.8888888888888888
tvraterplugin.DialogRating;20;1.0;0.5625
tvraterplugin.Rating;51;0.9148936170212766;0.48936170212765956
tvraterplugin.TVRaterFilter;12;1.0;0.7777777777777778
tvraterplugin.TVRaterFilterAllCategories;23;0.9;0.55
tvraterplugin.TVRaterPlugin;52;0.9166666666666666;0.6875
tvraterplugin.TVRaterSettings;17;1.0;0.7857142857142857
tvraterplugin.TVRaterSettingsTab;11;1.0;0.7142857142857143
tvraterplugin.Updater;19;1.0;0.8
util.browserlauncher.BrowserLauncher;48;1.0;0.7777777777777778
util.exc.ErrorHandler;13;1.0;0.8181818181818182
util.exc.ErrorWindow;21;1.0;0.6666666666666666
util.exc.MonitoringErrorStream;11;1.0;0.5714285714285714
util.exc.TvBrowserException;16;1.0;0.6923076923076923
util.io.BufferedRandomAccessFile;14;1.0;0.5
util.io.CheckNetworkConnection;10;0.8571428571428571;0.5714285714285714
util.io.DownloadManager;13;1.0;0.5555555555555556
util.io.ExecutionHandler;23;1.0;0.55
util.io.IOUtilities;38;1.0;0.9444444444444444
util.io.Mirror;29;0.96;0.64
util.io.NtpMessage;22;1.0;0.7894736842105263
util.io.stream.StreamUtilities;24;;
util.misc.AbstractXmlTvDataHandler;36;1.0;0.48484848484848486
util.misc.HashCodeUtilities;18;0.875;0.9375
util.misc.JavaVersion;10;1.0;1.0
util.misc.TextLineBreakerStringWidth;24;0.95;0.6
util.paramhandler.ParamCheckDialog;12;1.0;0.625
util.paramhandler.ParamInputField;12;1.0;0.75
util.paramhandler.ParamLibrary;20;1.0;0.8823529411764706
util.paramhandler.ParamParser;16;1.0;0.6923076923076923
util.program.AbstractPluginProgramFormating;22;1.0;0.7894736842105263
util.program.CompoundedProgramFieldType;13;1.0;0.6666666666666666
util.program.ProgramTextCreator;25;1.0;0.8695652173913043
util.program.ProgramUtilities;15;0.8461538461538461;0.8461538461538461
util.settings.ChoiceProperty;10;1.0;0.8333333333333334
util.settings.PluginPictureSettings;11;1.0;0.8571428571428571
util.settings.ProgramPanelSettings;43;1.0;0.358974358974359
util.settings.Property;11;1.0;0.875
util.settings.PropertyBasedSettings;16;1.0;0.9166666666666666
util.settings.PropertyManager;15;1.0;0.8181818181818182
util.settings.StringArrayProperty;15;1.0;0.9166666666666666
util.settings.StringProperty;11;1.0;0.8571428571428571
util.settings.WindowSetting;11;1.0;0.75
util.tvdataservice.IconLoader;14;0.9;0.7
util.ui.AlphaColorChooser;21;1.0;0.47058823529411764
util.ui.AutoCompletion;19;1.0;0.625
util.ui.CaretPositionCorrector;14;1.0;0.8181818181818182
util.ui.ChannelChooserDlg;16;1.0;0.4166666666666667
util.ui.ChannelContextMenu;14;1.0;0.7
util.ui.ChannelLabel;25;1.0;0.6666666666666666
util.ui.ChannelListCellRenderer;16;1.0;0.6153846153846154
util.ui.ColorButton;11;1.0;0.7142857142857143
util.ui.CreditsScrollerPanel;10;1.0;0.8571428571428571
util.ui.DefaultMarkingPrioritySelectionPanel;18;1.0;0.5714285714285714
util.ui.DisclosureTriangle;20;1.0;0.75
util.ui.ExecuteSettingsDialog;20;1.0;0.4375
util.ui.FileCheckBox;18;1.0;0.7142857142857143
util.ui.FontChooserPanel;17;0.9230769230769231;0.6153846153846154
util.ui.GridFlowLayout;12;1.0;0.875
util.ui.HelpDialog;22;1.0;0.5555555555555556
util.ui.LineNumberHeader;13;1.0;0.8
util.ui.LinkButton;10;1.0;0.7142857142857143
util.ui.ListDragAndDropHandler;16;1.0;0.6923076923076923
util.ui.LocalPluginProgramFormatingSettingsDialog;14;0.9;0.8
util.ui.Localizer;65;0.9672131147540983;0.5573770491803278
util.ui.MarkerChooserDlg;11;0.8571428571428571;0.5714285714285714
util.ui.MultipleFieldReader;15;1.0;0.6363636363636364
util.ui.OrderChooser;35;1.0;0.6129032258064516
util.ui.OverlayListener;11;0.875;0.75
util.ui.PictureAreaIcon;14;1.0;0.7
util.ui.PluginChooserDlg;21;1.0;0.6470588235294118
util.ui.PluginProgramConfigurationPanel;10;1.0;0.6666666666666666
util.ui.ProgramList;30;0.9259259259259259;0.7407407407407407
util.ui.ProgramListCellRenderer;10;1.0;0.5
util.ui.ProgramPanel;83;0.9746835443037974;0.4430379746835443
util.ui.ScrollableMenu;43;0.95;0.675
util.ui.SearchForm;41;1.0;0.4594594594594595
util.ui.SearchFormSettings;32;1.0;0.5357142857142857
util.ui.SearchHelper;16;1.0;0.6666666666666666
util.ui.SendToPluginDialog;15;1.0;0.5454545454545454
util.ui.SingleAndDoubleClickTreeUI;16;1.0;0.6666666666666666
util.ui.TVBrowserIcons;32;1.0;0.9666666666666667
util.ui.TabLayout;14;1.0;0.6363636363636364
util.ui.TextAreaIcon;18;1.0;0.6428571428571429
util.ui.TimePeriodChooser;16;1.0;0.6666666666666666
util.ui.UiUtilities;30;1.0;0.8928571428571429
util.ui.beanshell.SyntaxDocument;33;1.0;0.7333333333333333
util.ui.customizableitems.CustomizableItemsPanel;37;1.0;0.8787878787878788
util.ui.customizableitems.SelectableItemList;34;1.0;0.6333333333333333
util.ui.customizableitems.SortableItemList;32;1.0;0.5357142857142857
util.ui.findasyoutype.FindAction;39;0.9428571428571428;0.7428571428571429
util.ui.findasyoutype.TextComponentFindAction;24;1.0;0.8
util.ui.login.LoginDialog;15;1.0;0.7272727272727273
util.ui.progress.ProgressInputStream;10;1.0;0.7142857142857143
util.ui.progress.ProgressMonitorGroup;10;1.0;0.7142857142857143
util.ui.table.TableSorter;43;0.9743589743589743;0.5384615384615384
util.ui.view.Node;19;1.0;0.6875
util.ui.view.SplitViewProperty;17;1.0;0.7142857142857143
webplugin.WebAddress;25;1.0;0.6666666666666666
webplugin.WebAddressEditDialog;12;1.0;0.75
webplugin.WebPlugin;39;0.9428571428571428;0.5428571428571428
webplugin.WebSettingsTab;30;1.0;0.6153846153846154
