file;entities;metric;metric_random
wicket.AccessStackPageMap;16;1.0;0.9166666666666666
wicket.Application;59;0.9818181818181818;0.6363636363636364
wicket.AttributeModifier;22;1.0;0.5555555555555556
wicket.Component;173;0.9881656804733728;0.6745562130177515
wicket.Localizer;12;1.0;0.875
wicket.MarkupContainer;49;1.0;0.8666666666666667
wicket.Page;70;1.0;0.6363636363636364
wicket.PageMap;30;0.9615384615384616;0.7307692307692307
wicket.Request;14;1.0;0.9090909090909091
wicket.RequestCycle;68;0.984375;0.625
wicket.RequestListenerInterface;15;0.9090909090909091;0.6363636363636364
wicket.Resource;15;0.9090909090909091;0.7272727272727273
wicket.ResourceReference;20;1.0;0.6875
wicket.Response;17;1.0;1.0
wicket.Session;76;0.9861111111111112;0.6944444444444444
wicket.SharedResources;13;0.8888888888888888;1.0
wicket.ajax.AbstractDefaultAjaxBehavior;15;1.0;0.9230769230769231
wicket.ajax.AjaxEventBehavior;13;1.0;0.8888888888888888
wicket.ajax.AjaxRequestTarget;24;0.9;0.75
wicket.behavior.AbstractAjaxBehavior;14;1.0;0.9
wicket.behavior.AbstractBehavior;11;1.0;1.0
wicket.behavior.HeaderContributor;14;0.9;0.9
wicket.feedback.FeedbackMessage;27;1.0;0.6086956521739131
wicket.feedback.FeedbackMessages;24;1.0;0.85
wicket.feedback.FeedbackMessagesModel;16;1.0;0.8333333333333334
wicket.markup.ComponentTag;78;1.0;0.7972972972972973
wicket.markup.ContainerInfo;12;1.0;0.6666666666666666
wicket.markup.Markup;31;1.0;0.7037037037037037
wicket.markup.MarkupCache;19;1.0;0.8666666666666667
wicket.markup.MarkupFragment;19;1.0;0.6
wicket.markup.MarkupParser;22;1.0;0.7222222222222222
wicket.markup.MarkupResourceStream;18;1.0;0.7857142857142857
wicket.markup.MarkupStream;35;1.0;0.9375
wicket.markup.html.PackageResource;20;0.9375;0.625
wicket.markup.html.PackageResourceReference;12;1.0;0.75
wicket.markup.html.WebMarkupContainerWithAssociatedMarkup;10;1.0;0.6666666666666666
wicket.markup.html.WebPage;23;1.0;0.47368421052631576
wicket.markup.html.body.BodyTagAttributeModifier;10;1.0;0.6666666666666666
wicket.markup.html.border.Border;15;1.0;0.6666666666666666
wicket.markup.html.form.AbstractChoice;23;1.0;0.65
wicket.markup.html.form.AbstractSingleSelectChoice;19;1.0;0.6666666666666666
wicket.markup.html.form.Button;17;1.0;0.6153846153846154
wicket.markup.html.form.CheckBox;10;1.0;1.0
wicket.markup.html.form.CheckBoxMultipleChoice;17;1.0;0.6923076923076923
wicket.markup.html.form.CheckGroup;11;1.0;0.75
wicket.markup.html.form.DropDownChoice;15;1.0;0.6666666666666666
wicket.markup.html.form.Form;63;1.0;0.7966101694915254
wicket.markup.html.form.FormComponent;65;0.9672131147540983;0.6885245901639344
wicket.markup.html.form.ListChoice;20;0.875;0.6875
wicket.markup.html.form.ListMultipleChoice;21;0.9411764705882353;0.6470588235294118
wicket.markup.html.form.PasswordTextField;11;1.0;0.8571428571428571
wicket.markup.html.form.RadioChoice;21;1.0;0.7058823529411765
wicket.markup.html.form.persistence.CookieValuePersister;14;1.0;1.0
wicket.markup.html.form.persistence.CookieValuePersisterSettings;15;1.0;0.7692307692307693
wicket.markup.html.form.upload.FileUpload;11;1.0;1.0
wicket.markup.html.form.upload.FileUploadField;11;1.0;1.0
wicket.markup.html.form.validation.NumberValidator;10;1.0;1.0
wicket.markup.html.form.validation.PatternValidator;11;1.0;0.8571428571428571
wicket.markup.html.image.Image;18;1.0;0.7142857142857143
wicket.markup.html.image.resource.DefaultButtonImageResource;27;0.9565217391304348;0.5652173913043478
wicket.markup.html.image.resource.DynamicImageResource;12;1.0;0.6666666666666666
wicket.markup.html.image.resource.LocalizedImageResource;19;1.0;0.7333333333333333
wicket.markup.html.image.resource.RenderedDynamicImageResource;17;1.0;0.7692307692307693
wicket.markup.html.include.Include;11;1.0;0.875
wicket.markup.html.internal.HeaderResponse;11;1.0;0.8571428571428571
wicket.markup.html.internal.HtmlHeaderContainer;10;1.0;1.0
wicket.markup.html.link.BookmarkablePageLink;16;1.0;0.75
wicket.markup.html.link.ExternalLink;12;1.0;0.625
wicket.markup.html.link.InternalFrame;10;1.0;0.8333333333333334
wicket.markup.html.link.Link;29;1.0;0.68
wicket.markup.html.link.PopupSettings;30;1.0;0.46153846153846156
wicket.markup.html.link.ResourceLink;10;1.0;0.6666666666666666
wicket.markup.html.list.ListItemModel;10;1.0;0.6666666666666666
wicket.markup.html.list.ListView;25;1.0;0.7727272727272727
wicket.markup.html.list.PageableListView;12;1.0;0.8888888888888888
wicket.markup.html.navigation.paging.PagingNavigation;22;1.0;0.6666666666666666
wicket.markup.html.pages.BrowserInfoPage;10;1.0;0.6666666666666666
wicket.markup.html.panel.FeedbackPanel;21;1.0;0.7647058823529411
wicket.markup.html.panel.Fragment;14;1.0;0.7
wicket.markup.html.tree.AbstractTree;58;0.9814814814814815;0.7037037037037037
wicket.markup.html.tree.DefaultAbstractTree;25;1.0;0.7619047619047619
wicket.markup.html.tree.DefaultTreeState;18;1.0;0.7333333333333333
wicket.markup.html.tree.table.AbstractColumn;10;1.0;0.7142857142857143
wicket.markup.html.tree.table.AbstractRenderableColumn;10;1.0;1.0
wicket.markup.html.tree.table.PropertyRenderableColumn;11;1.0;0.5714285714285714
wicket.markup.html.tree.table.PropertyTreeColumn;10;1.0;0.8333333333333334
wicket.markup.html.tree.table.SideColumnsView;12;1.0;0.625
wicket.markup.html.tree.table.TreeTable;13;0.8888888888888888;0.7777777777777778
wicket.markup.loader.InheritedMarkupMarkupLoader;11;1.0;0.8571428571428571
wicket.markup.parser.XmlPullParser;22;1.0;0.6842105263157895
wicket.markup.parser.XmlTag;49;1.0;0.717391304347826
wicket.markup.transformer.AbstractOutputTransformerContainer;11;1.0;1.0
wicket.model.AbstractDetachableAssignmentAwareModel;16;1.0;0.9230769230769231
wicket.model.AbstractDetachableInheritableModel;16;1.0;1.0
wicket.model.AbstractDetachableModel;15;1.0;1.0
wicket.model.AbstractPropertyAssignmentAwareModel;11;1.0;1.0
wicket.model.AbstractPropertyInheritableModel;11;1.0;1.0
wicket.model.BoundCompoundPropertyModel;11;1.0;0.8571428571428571
wicket.model.LoadableDetachableModel;12;1.0;0.75
wicket.model.Model;11;1.0;1.0
wicket.model.StringResourceModel;22;1.0;0.5
wicket.protocol.http.AbstractHttpSessionStore;14;1.0;0.9
wicket.protocol.http.BufferedHttpServletResponse;53;1.0;0.78
wicket.protocol.http.BufferedWebResponse;10;1.0;0.7142857142857143
wicket.protocol.http.ClientPageSavingSessionStore;10;1.0;1.0
wicket.protocol.http.ClientProperties;48;1.0;0.7045454545454546
wicket.protocol.http.MockHttpServletRequest;79;1.0;0.8
wicket.protocol.http.MockHttpServletResponse;60;1.0;0.6964285714285714
wicket.protocol.http.MockHttpSession;25;1.0;0.7142857142857143
wicket.protocol.http.MockServletContext;33;1.0;0.8620689655172413
wicket.protocol.http.MockWebApplication;33;1.0;0.6896551724137931
wicket.protocol.http.RequestLogger;19;1.0;0.6875
wicket.protocol.http.WebApplication;39;0.9722222222222222;0.8888888888888888
wicket.protocol.http.WebRequest;11;;
wicket.protocol.http.WebRequestCycle;12;0.8888888888888888;0.8888888888888888
wicket.protocol.http.WebResponse;25;1.0;0.8095238095238095
wicket.protocol.http.WebSession;12;1.0;0.75
wicket.protocol.http.WicketFilter;19;1.0;0.5625
wicket.protocol.http.documentvalidation.HtmlDocumentParser;23;1.0;0.5789473684210527
wicket.protocol.http.documentvalidation.HtmlDocumentValidator;15;1.0;0.8181818181818182
wicket.protocol.http.documentvalidation.Tag;13;1.0;0.9
wicket.protocol.http.portlet.PortletApplication;24;1.0;0.8636363636363636
wicket.protocol.http.portlet.PortletPage;17;1.0;0.6153846153846154
wicket.protocol.http.portlet.PortletRequestCodingStrategy;26;1.0;0.8181818181818182
wicket.protocol.http.portlet.PortletSessionStore;22;1.0;0.8888888888888888
wicket.protocol.http.portlet.WicketPortletRequest;11;1.0;0.875
wicket.protocol.http.request.AbstractWebRequestCodingStrategy;18;1.0;0.8125
wicket.protocol.http.request.CryptedUrlWebRequestCodingStrategy;14;1.0;1.0
wicket.protocol.http.request.WebClientInfo;12;1.0;0.625
wicket.protocol.http.request.WebErrorCodeResponseTarget;12;1.0;0.6666666666666666
wicket.protocol.http.request.WebExternalResourceRequestTarget;10;1.0;0.8333333333333334
wicket.protocol.http.request.WebRequestCodingStrategy;11;1.0;0.8571428571428571
wicket.protocol.http.servlet.MultipartServletWebRequest;15;1.0;0.75
wicket.protocol.http.servlet.ServletWebRequest;15;1.0;0.9090909090909091
wicket.request.RequestParameters;35;1.0;0.6774193548387096
wicket.request.compound.CompoundRequestCycleProcessor;18;1.0;0.7333333333333333
wicket.request.target.basic.EmptyRequestTarget;10;1.0;0.8571428571428571
wicket.request.target.component.BookmarkablePageRequestTarget;21;1.0;0.6111111111111112
wicket.request.target.component.listener.AbstractListenerInterfaceRequestTarget;12;1.0;0.6666666666666666
wicket.request.target.resource.ComponentResourceRequestTarget;10;1.0;0.8571428571428571
wicket.request.target.resource.ResourceStreamRequestTarget;13;1.0;0.8888888888888888
wicket.request.target.resource.SharedResourceRequestTarget;11;1.0;1.0
wicket.resource.PropertiesFactory;12;1.0;0.75
wicket.settings.Settings;149;1.0;0.6137931034482759
wicket.util.collections.IntHashMap;47;0.8837209302325582;0.6744186046511628
wicket.util.collections.MicroMap;19;1.0;0.6666666666666666
wicket.util.collections.MiniMap;26;1.0;0.7727272727272727
wicket.util.convert.ConversionException;19;1.0;0.7333333333333333
wicket.util.convert.converters.DateConverter;10;1.0;0.8333333333333334
wicket.util.crypt.AbstractCrypt;14;1.0;0.9
wicket.util.crypt.Base64;24;1.0;0.7272727272727273
wicket.util.crypt.Base64UrlSafe;19;1.0;0.7647058823529411
wicket.util.diff.Chunk;25;1.0;0.6818181818181818
wicket.util.diff.Delta;16;0.9166666666666666;0.75
wicket.util.diff.Diff;19;1.0;0.6666666666666666
wicket.util.diff.Revision;14;1.0;0.9090909090909091
wicket.util.file.File;11;1.0;0.75
wicket.util.file.Folder;14;1.0;0.7272727272727273
wicket.util.file.Path;10;1.0;0.7142857142857143
wicket.util.io.ByteArrayOutputStream;18;1.0;0.6666666666666666
wicket.util.io.FullyBufferedReader;22;1.0;0.6842105263157895
wicket.util.io.IOUtils;35;1.0;0.96875
wicket.util.io.StringBufferWriter;12;1.0;0.8888888888888888
wicket.util.io.ThresholdingOutputStream;15;1.0;0.8333333333333334
wicket.util.io.XmlReader;15;1.0;0.6363636363636364
wicket.util.lang.Bytes;24;1.0;0.8095238095238095
wicket.util.lang.Objects;37;1.0;0.6764705882352942
wicket.util.lang.PropertyResolver;10;1.0;1.0
wicket.util.parse.metapattern.MetaPattern;66;1.0;0.7580645161290323
wicket.util.parse.metapattern.parsers.MetaPatternParser;10;1.0;0.7142857142857143
wicket.util.resource.AbstractStringResourceStream;10;1.0;0.8571428571428571
wicket.util.resource.FileResourceStream;11;1.0;0.7142857142857143
wicket.util.resource.PackagedTextTemplate;10;1.0;0.8333333333333334
wicket.util.resource.StringBufferResourceStream;10;1.0;1.0
wicket.util.resource.TextTemplateDecorator;19;1.0;1.0
wicket.util.resource.UrlResourceStream;17;1.0;0.6923076923076923
wicket.util.string.AbstractStringList;10;;
wicket.util.string.AppendingStringBuffer;62;1.0;0.896551724137931
wicket.util.string.JavascriptUtils;17;1.0;0.7692307692307693
wicket.util.string.PrependingStringBuffer;11;1.0;0.75
wicket.util.string.StringList;26;0.9545454545454546;0.8181818181818182
wicket.util.string.StringValue;50;0.9782608695652174;0.9130434782608695
wicket.util.string.Strings;35;1.0;0.90625
wicket.util.tester.ExternalPageViewer;10;1.0;0.8333333333333334
wicket.util.tester.FormTester;15;1.0;0.75
wicket.util.tester.TagTester;14;1.0;0.8181818181818182
wicket.util.tester.WicketTester;38;1.0;0.9142857142857143
wicket.util.thread.Task;14;1.0;0.6363636363636364
wicket.util.time.Duration;36;0.9696969696969697;0.7575757575757576
wicket.util.time.Time;41;0.9736842105263158;0.868421052631579
wicket.util.time.TimeFrame;14;0.9090909090909091;0.9090909090909091
wicket.util.time.TimeOfDay;24;0.9523809523809523;0.8095238095238095
wicket.util.upload.DiskFileItem;34;1.0;0.6333333333333333
wicket.util.upload.DiskFileItemFactory;10;1.0;0.6666666666666666
wicket.util.upload.FileUploadBase;24;0.9523809523809523;0.6666666666666666
wicket.util.upload.MultipartFormInputStream;33;1.0;0.5172413793103449
wicket.util.upload.ParameterParser;17;1.0;0.7142857142857143
wicket.util.value.CopyOnWriteValueMap;33;1.0;0.9655172413793104
wicket.util.value.IntValue;11;1.0;0.8571428571428571
wicket.util.value.LongValue;11;1.0;1.0
wicket.util.value.ValueMap;31;1.0;0.7777777777777778
wicket.version.undo.UndoPageVersionManager;19;1.0;0.7333333333333333
