file;entities;metric;metric_random
com.puppycrawl.tools.checkstyle.CheckStyleTask;22;0.7;0.65
com.puppycrawl.tools.checkstyle.Checker;25;0.8260869565217391;0.782608695652174
com.puppycrawl.tools.checkstyle.DefaultConfiguration;9;0.8571428571428571;1.0
com.puppycrawl.tools.checkstyle.DefaultLogger;7;;
com.puppycrawl.tools.checkstyle.Main;8;;
com.puppycrawl.tools.checkstyle.PackageNamesLoader;7;0.5;0.75
com.puppycrawl.tools.checkstyle.StringArrayReader;5;;
com.puppycrawl.tools.checkstyle.TreeWalker;20;0.9411764705882353;0.9411764705882353
com.puppycrawl.tools.checkstyle.XMLLogger;9;0.8571428571428571;1.0
com.puppycrawl.tools.checkstyle.api.AbstractFileSetCheck;14;0.8181818181818182;0.8181818181818182
com.puppycrawl.tools.checkstyle.api.AbstractLoader;5;;
com.puppycrawl.tools.checkstyle.api.AbstractViolationReporter;11;0.7777777777777778;1.0
com.puppycrawl.tools.checkstyle.api.AnnotationUtility;6;;
com.puppycrawl.tools.checkstyle.api.AuditEvent;8;;
com.puppycrawl.tools.checkstyle.api.AutomaticBean;6;0.6666666666666666;1.0
com.puppycrawl.tools.checkstyle.api.Check;21;0.8888888888888888;0.7222222222222222
com.puppycrawl.tools.checkstyle.api.Comment;7;1.0;0.8
com.puppycrawl.tools.checkstyle.api.DetailAST;20;0.7058823529411765;0.7647058823529411
com.puppycrawl.tools.checkstyle.api.FastStack;10;0.8571428571428571;1.0
com.puppycrawl.tools.checkstyle.api.FileContents;14;0.5833333333333334;0.8333333333333334
com.puppycrawl.tools.checkstyle.api.FilterSet;8;0.8333333333333334;1.0
com.puppycrawl.tools.checkstyle.api.FullIdent;9;0.8333333333333334;0.8333333333333334
com.puppycrawl.tools.checkstyle.api.ScopeUtils;9;;
com.puppycrawl.tools.checkstyle.api.SeverityLevelCounter;7;1.0;1.0
com.puppycrawl.tools.checkstyle.api.Utils;12;;
com.puppycrawl.tools.checkstyle.checks.AbstractFormatCheck;5;1.0;1.0
com.puppycrawl.tools.checkstyle.checks.DeclarationCollector;5;1.0;1.0
com.puppycrawl.tools.checkstyle.checks.DescendantTokenCheck;12;0.9;1.0
com.puppycrawl.tools.checkstyle.checks.FinalParametersCheck;7;1.0;1.0
com.puppycrawl.tools.checkstyle.checks.RegexpCheck;10;1.0;0.875
com.puppycrawl.tools.checkstyle.checks.TranslationCheck;9;0.8571428571428571;0.8571428571428571
com.puppycrawl.tools.checkstyle.checks.UncommentedMainCheck;14;1.0;0.8333333333333334
com.puppycrawl.tools.checkstyle.checks.annotation.AnnotationUseStyleCheck;15;1.0;0.7692307692307693
com.puppycrawl.tools.checkstyle.checks.annotation.MissingOverrideCheck;6;1.0;1.0
com.puppycrawl.tools.checkstyle.checks.annotation.SuppressWarningsCheck;10;0.625;0.75
com.puppycrawl.tools.checkstyle.checks.blocks.LeftCurlyCheck;6;1.0;1.0
com.puppycrawl.tools.checkstyle.checks.coding.AbstractNestedDepthCheck;6;0.5;1.0
com.puppycrawl.tools.checkstyle.checks.coding.AbstractSuperCheck;7;0.4;1.0
com.puppycrawl.tools.checkstyle.checks.coding.EqualsAvoidNullCheck;7;1.0;1.0
com.puppycrawl.tools.checkstyle.checks.coding.EqualsHashCodeCheck;5;0.3333333333333333;1.0
com.puppycrawl.tools.checkstyle.checks.coding.ExplicitInitializationCheck;6;0.75;1.0
com.puppycrawl.tools.checkstyle.checks.coding.FallThroughCheck;14;0.8181818181818182;0.7272727272727273
com.puppycrawl.tools.checkstyle.checks.coding.FinalLocalVariableCheck;8;1.0;1.0
com.puppycrawl.tools.checkstyle.checks.coding.HiddenFieldCheck;16;0.9230769230769231;0.8461538461538461
com.puppycrawl.tools.checkstyle.checks.coding.IllegalInstantiationCheck;13;0.9090909090909091;0.8181818181818182
com.puppycrawl.tools.checkstyle.checks.coding.IllegalTokenTextCheck;7;0.6;1.0
com.puppycrawl.tools.checkstyle.checks.coding.IllegalTypeCheck;14;0.9166666666666666;0.8333333333333334
com.puppycrawl.tools.checkstyle.checks.coding.InnerAssignmentCheck;6;0.3333333333333333;0.6666666666666666
com.puppycrawl.tools.checkstyle.checks.coding.JUnitTestCaseCheck;11;0.8888888888888888;0.7777777777777778
com.puppycrawl.tools.checkstyle.checks.coding.MagicNumberCheck;6;0.75;1.0
com.puppycrawl.tools.checkstyle.checks.coding.ModifiedControlVariableCheck;11;1.0;1.0
com.puppycrawl.tools.checkstyle.checks.coding.NestedIfDepthCheck;5;1.0;1.0
com.puppycrawl.tools.checkstyle.checks.coding.NestedTryDepthCheck;5;1.0;1.0
com.puppycrawl.tools.checkstyle.checks.coding.PackageDeclarationCheck;5;1.0;1.0
com.puppycrawl.tools.checkstyle.checks.coding.ParameterAssignmentCheck;11;1.0;1.0
com.puppycrawl.tools.checkstyle.checks.coding.RedundantThrowsCheck;6;1.0;0.75
com.puppycrawl.tools.checkstyle.checks.coding.ReturnCountCheck;9;1.0;0.7142857142857143
com.puppycrawl.tools.checkstyle.checks.coding.SimplifyBooleanReturnCheck;5;1.0;1.0
com.puppycrawl.tools.checkstyle.checks.coding.UnnecessaryParenthesesCheck;7;0.6;1.0
com.puppycrawl.tools.checkstyle.checks.design.MutableExceptionCheck;8;0.8333333333333334;0.8333333333333334
com.puppycrawl.tools.checkstyle.checks.design.ThrowsCountCheck;6;1.0;1.0
com.puppycrawl.tools.checkstyle.checks.design.VisibilityModifierCheck;11;0.8888888888888888;1.0
com.puppycrawl.tools.checkstyle.checks.duplicates.StrictDuplicateCodeCheck;15;0.8461538461538461;0.8461538461538461
com.puppycrawl.tools.checkstyle.checks.header.AbstractHeaderCheck;9;0.7142857142857143;0.8571428571428571
com.puppycrawl.tools.checkstyle.checks.header.RegexpHeaderCheck;5;0.3333333333333333;1.0
com.puppycrawl.tools.checkstyle.checks.imports.AccessResult;6;0.6666666666666666;1.0
com.puppycrawl.tools.checkstyle.checks.imports.ImportControlCheck;5;0.6666666666666666;1.0
com.puppycrawl.tools.checkstyle.checks.imports.ImportControlLoader;6;0.6666666666666666;1.0
com.puppycrawl.tools.checkstyle.checks.imports.ImportOrderCheck;12;0.8;1.0
com.puppycrawl.tools.checkstyle.checks.imports.PkgControl;5;0.6666666666666666;1.0
com.puppycrawl.tools.checkstyle.checks.imports.UnusedImportsCheck;8;0.8333333333333334;0.8333333333333334
com.puppycrawl.tools.checkstyle.checks.indentation.ArrayInitHandler;9;0.8571428571428571;1.0
com.puppycrawl.tools.checkstyle.checks.indentation.ClassDefHandler;6;0.75;1.0
com.puppycrawl.tools.checkstyle.checks.indentation.ExpressionHandler;30;0.7037037037037037;0.7777777777777778
com.puppycrawl.tools.checkstyle.checks.indentation.IfHandler;6;0.75;1.0
com.puppycrawl.tools.checkstyle.checks.indentation.IndentLevel;6;1.0;1.0
com.puppycrawl.tools.checkstyle.checks.indentation.IndentationCheck;13;0.7272727272727273;0.9090909090909091
com.puppycrawl.tools.checkstyle.checks.indentation.LineSet;7;0.6;1.0
com.puppycrawl.tools.checkstyle.checks.indentation.MethodCallHandler;5;1.0;1.0
com.puppycrawl.tools.checkstyle.checks.indentation.MethodDefHandler;6;1.0;1.0
com.puppycrawl.tools.checkstyle.checks.indentation.ObjectBlockHandler;6;1.0;1.0
com.puppycrawl.tools.checkstyle.checks.indentation.SlistHandler;8;0.8333333333333334;0.8333333333333334
com.puppycrawl.tools.checkstyle.checks.indentation.SwitchHandler;6;1.0;1.0
com.puppycrawl.tools.checkstyle.checks.javadoc.HtmlTag;7;1.0;1.0
com.puppycrawl.tools.checkstyle.checks.javadoc.JavadocMethodCheck;28;0.7307692307692307;0.7692307692307693
com.puppycrawl.tools.checkstyle.checks.javadoc.JavadocStyleCheck;21;0.8421052631578947;0.6842105263157895
com.puppycrawl.tools.checkstyle.checks.javadoc.JavadocTag;11;0.8888888888888888;1.0
com.puppycrawl.tools.checkstyle.checks.javadoc.JavadocTypeCheck;13;0.8181818181818182;0.8181818181818182
com.puppycrawl.tools.checkstyle.checks.javadoc.JavadocVariableCheck;5;1.0;1.0
com.puppycrawl.tools.checkstyle.checks.javadoc.TagParser;10;0.75;0.875
com.puppycrawl.tools.checkstyle.checks.javadoc.WriteTagCheck;8;1.0;1.0
com.puppycrawl.tools.checkstyle.checks.metrics.AbstractClassCouplingCheck;10;0.75;0.75
com.puppycrawl.tools.checkstyle.checks.metrics.AbstractComplexityCheck;15;0.6923076923076923;0.8461538461538461
com.puppycrawl.tools.checkstyle.checks.metrics.BooleanExpressionComplexityCheck;10;1.0;0.875
com.puppycrawl.tools.checkstyle.checks.metrics.JavaNCSSCheck;12;0.9;0.7
com.puppycrawl.tools.checkstyle.checks.metrics.NPathComplexityCheck;8;0.6666666666666666;0.8333333333333334
com.puppycrawl.tools.checkstyle.checks.naming.AbstractAccessControlNameCheck;10;1.0;1.0
com.puppycrawl.tools.checkstyle.checks.naming.AbstractClassNameCheck;6;0.75;0.75
com.puppycrawl.tools.checkstyle.checks.regexp.DetectorOptions;14;;
com.puppycrawl.tools.checkstyle.checks.regexp.RegexpMultilineCheck;7;1.0;1.0
com.puppycrawl.tools.checkstyle.checks.regexp.RegexpSinglelineCheck;7;1.0;1.0
com.puppycrawl.tools.checkstyle.checks.regexp.RegexpSinglelineJavaCheck;9;0.8333333333333334;0.8333333333333334
com.puppycrawl.tools.checkstyle.checks.sizes.ExecutableStatementCountCheck;10;1.0;1.0
com.puppycrawl.tools.checkstyle.checks.sizes.OuterTypeNumberCheck;6;0.75;1.0
com.puppycrawl.tools.checkstyle.checks.whitespace.GenericWhitespaceCheck;5;1.0;1.0
com.puppycrawl.tools.checkstyle.checks.whitespace.WhitespaceAroundCheck;7;1.0;1.0
com.puppycrawl.tools.checkstyle.doclets.CheckDocsDoclet;9;;
com.puppycrawl.tools.checkstyle.filters.SuppressElement;8;1.0;0.8333333333333334
com.puppycrawl.tools.checkstyle.filters.SuppressWithNearbyCommentFilter;13;1.0;0.7272727272727273
com.puppycrawl.tools.checkstyle.filters.SuppressionCommentFilter;14;1.0;0.75
com.puppycrawl.tools.checkstyle.filters.SuppressionFilter;5;1.0;1.0
com.puppycrawl.tools.checkstyle.filters.SuppressionsLoader;5;1.0;1.0
com.puppycrawl.tools.checkstyle.gui.AbstractCellEditor;9;1.0;1.0
com.puppycrawl.tools.checkstyle.gui.AbstractTreeTableModel;13;0.7272727272727273;0.8181818181818182
com.puppycrawl.tools.checkstyle.gui.ParseTreeModel;9;1.0;1.0
com.puppycrawl.tools.checkstyle.gui.TreeTableModelAdapter;9;0.7142857142857143;0.8571428571428571
