file;entities;metric;metric_random
net.sourceforge.cobertura.ant.CheckTask;11;1.0;1.0
net.sourceforge.cobertura.ant.CommonMatchingTask;16;0.7857142857142857;0.7142857142857143
net.sourceforge.cobertura.ant.InstrumentTask;13;0.8181818181818182;0.7272727272727273
net.sourceforge.cobertura.ant.ReportTask;6;1.0;1.0
net.sourceforge.cobertura.check.PackageCoverage;8;0.0;0.6666666666666666
net.sourceforge.cobertura.coveragedata.ClassData;31;0.8275862068965517;0.6896551724137931
net.sourceforge.cobertura.coveragedata.CoverageDataContainer;14;0.9090909090909091;0.8181818181818182
net.sourceforge.cobertura.coveragedata.CoverageDataFileHandler;5;;
net.sourceforge.cobertura.coveragedata.JumpData;14;0.7272727272727273;0.6363636363636364
net.sourceforge.cobertura.coveragedata.LineData;32;0.8275862068965517;0.6206896551724138
net.sourceforge.cobertura.coveragedata.PackageData;9;0.8571428571428571;0.8571428571428571
net.sourceforge.cobertura.coveragedata.ProjectData;13;0.9;0.7
net.sourceforge.cobertura.coveragedata.SourceFileData;13;0.8181818181818182;0.7272727272727273
net.sourceforge.cobertura.coveragedata.SwitchData;14;0.7272727272727273;0.7272727272727273
net.sourceforge.cobertura.coveragedata.TouchCollector;6;;
net.sourceforge.cobertura.coveragedata.countermaps.AtomicCounterMap;5;1.0;1.0
net.sourceforge.cobertura.instrument.Archive;5;;
net.sourceforge.cobertura.instrument.ClassPattern;5;1.0;1.0
net.sourceforge.cobertura.instrument.CoberturaFile;5;1.0;1.0
net.sourceforge.cobertura.instrument.FirstPassMethodInstrumenter;16;1.0;0.7857142857142857
net.sourceforge.cobertura.instrument.Main;9;0.8571428571428571;1.0
net.sourceforge.cobertura.instrument.NewLocalVariableMethodAdapter;5;1.0;1.0
net.sourceforge.cobertura.instrument.SecondPassMethodInstrumenter;25;;
net.sourceforge.cobertura.reporting.ComplexityCalculator;8;;
net.sourceforge.cobertura.reporting.Main;6;1.0;1.0
net.sourceforge.cobertura.reporting.html.HTMLReport;21;0.8947368421052632;0.7894736842105263
net.sourceforge.cobertura.reporting.xml.XMLReport;20;0.9444444444444444;1.0
net.sourceforge.cobertura.util.CommandLineBuilder;6;0.6666666666666666;1.0
net.sourceforge.cobertura.util.FileFinder;8;0.5;1.0
net.sourceforge.cobertura.util.IOUtil;6;;
