file;entities;metric;metric_random
net.sourceforge.cruisecontrol.BuildLoopInformation;6;1.0;1.0
net.sourceforge.cruisecontrol.BuildLoopInformationBuilder;5;1.0;1.0
net.sourceforge.cruisecontrol.BuildQueue;10;0.875;0.875
net.sourceforge.cruisecontrol.Builder;15;0.8461538461538461;0.8461538461538461
net.sourceforge.cruisecontrol.GenericPluginDetail;7;1.0;0.75
net.sourceforge.cruisecontrol.Log;29;0.7307692307692307;0.5
net.sourceforge.cruisecontrol.Modification;19;0.8823529411764706;0.7058823529411765
net.sourceforge.cruisecontrol.ModificationSet;20;0.6111111111111112;0.7222222222222222
net.sourceforge.cruisecontrol.PauseBuilder;6;1.0;1.0
net.sourceforge.cruisecontrol.PluginType;7;1.0;1.0
net.sourceforge.cruisecontrol.PluginXMLHelper;6;0.75;1.0
net.sourceforge.cruisecontrol.ProgressImpl;5;1.0;1.0
net.sourceforge.cruisecontrol.Project;77;0.7397260273972602;0.547945205479452
net.sourceforge.cruisecontrol.ProjectConfig;46;0.8372093023255814;0.6046511627906976
net.sourceforge.cruisecontrol.ProjectState;5;1.0;1.0
net.sourceforge.cruisecontrol.ProjectWrapper;5;0.3333333333333333;1.0
net.sourceforge.cruisecontrol.ProjectXMLHelper;8;0.8;0.8
net.sourceforge.cruisecontrol.Schedule;30;0.6428571428571429;0.75
net.sourceforge.cruisecontrol.bootstrappers.AccurevBootstrapper;8;0.6666666666666666;1.0
net.sourceforge.cruisecontrol.bootstrappers.AlienBrainBootstrapper;6;1.0;0.75
net.sourceforge.cruisecontrol.bootstrappers.CMSynergyBaselineBootstrapper;11;1.0;1.0
net.sourceforge.cruisecontrol.bootstrappers.CMSynergyBootstrapper;7;1.0;1.0
net.sourceforge.cruisecontrol.bootstrappers.CVSBootstrapper;9;0.8571428571428571;0.8571428571428571
net.sourceforge.cruisecontrol.bootstrappers.ClearCaseBootstrapper;8;0.8333333333333334;1.0
net.sourceforge.cruisecontrol.bootstrappers.ClearCaseViewstrapper;12;0.7;0.6
net.sourceforge.cruisecontrol.bootstrappers.DarcsBootstrapper;7;1.0;1.0
net.sourceforge.cruisecontrol.bootstrappers.ExecBootstrapper;7;1.0;1.0
net.sourceforge.cruisecontrol.bootstrappers.P4Bootstrapper;9;1.0;0.7142857142857143
net.sourceforge.cruisecontrol.bootstrappers.PlasticSCMBootstrapper;9;1.0;1.0
net.sourceforge.cruisecontrol.bootstrappers.SVNBootstrapper;8;1.0;1.0
net.sourceforge.cruisecontrol.bootstrappers.TFSBootstrapper;10;1.0;0.875
net.sourceforge.cruisecontrol.bootstrappers.VssBootstrapper;9;0.7142857142857143;0.8571428571428571
net.sourceforge.cruisecontrol.builders.AbstractAntBuilderDelegate;24;0.8636363636363636;0.7727272727272727
net.sourceforge.cruisecontrol.builders.AntBuilder;33;0.8;0.7666666666666667
net.sourceforge.cruisecontrol.builders.CompositeBuilder;13;0.9;0.9
net.sourceforge.cruisecontrol.builders.ExecBuilder;17;1.0;0.8
net.sourceforge.cruisecontrol.builders.ExecScript;13;0.9090909090909091;0.7272727272727273
net.sourceforge.cruisecontrol.builders.Maven2Builder;26;0.8333333333333334;0.7083333333333334
net.sourceforge.cruisecontrol.builders.Maven2Script;11;1.0;0.8888888888888888
net.sourceforge.cruisecontrol.builders.MavenBuilder;8;1.0;1.0
net.sourceforge.cruisecontrol.builders.MavenScript;10;1.0;0.75
net.sourceforge.cruisecontrol.builders.NantBuilder;20;0.7777777777777778;0.8333333333333334
net.sourceforge.cruisecontrol.builders.NantScript;15;1.0;1.0
net.sourceforge.cruisecontrol.builders.PhingBuilder;21;0.6666666666666666;0.7222222222222222
net.sourceforge.cruisecontrol.builders.PhingScript;14;1.0;1.0
net.sourceforge.cruisecontrol.builders.PipedExecBuilder;11;0.75;0.75
net.sourceforge.cruisecontrol.builders.RakeBuilder;11;1.0;0.7777777777777778
net.sourceforge.cruisecontrol.builders.RakeScript;10;0.875;0.875
net.sourceforge.cruisecontrol.builders.ScriptRunner;10;0.875;0.75
net.sourceforge.cruisecontrol.builders.XcodeBuilder;17;0.6666666666666666;0.7333333333333333
net.sourceforge.cruisecontrol.buildloggers.ClearCaseAuditLogger;5;1.0;1.0
net.sourceforge.cruisecontrol.buildloggers.MergeLogger;9;0.8571428571428571;0.8571428571428571
net.sourceforge.cruisecontrol.config.DashboardConfigurationPlugin;7;0.8;1.0
net.sourceforge.cruisecontrol.config.DefaultPropertiesPlugin;8;1.0;1.0
net.sourceforge.cruisecontrol.config.PluginPlugin;6;0.75;1.0
net.sourceforge.cruisecontrol.config.XMLConfigManager;7;0.8;1.0
net.sourceforge.cruisecontrol.gendoc.AttributeInfo;8;1.0;1.0
net.sourceforge.cruisecontrol.gendoc.ChildInfo;5;0.6666666666666666;1.0
net.sourceforge.cruisecontrol.gendoc.MemberInfo;8;;
net.sourceforge.cruisecontrol.gendoc.PluginInfo;27;0.5416666666666666;0.6666666666666666
net.sourceforge.cruisecontrol.gendoc.PluginInfoParser;19;1.0;0.8823529411764706
net.sourceforge.cruisecontrol.gendoc.html.HtmlUtils;9;0.8333333333333334;0.6666666666666666
net.sourceforge.cruisecontrol.jmx.CruiseControlControllerAgent;7;1.0;1.0
net.sourceforge.cruisecontrol.jmx.CruiseControlControllerJMXAdaptor;31;0.75;0.6428571428571429
net.sourceforge.cruisecontrol.jmx.CruiseControlControllerJMXAdaptorMBeanDescription;5;;
net.sourceforge.cruisecontrol.jmx.ProjectController;33;0.9354838709677419;0.7419354838709677
net.sourceforge.cruisecontrol.jmx.ProjectControllerMBeanDescription;5;;
net.sourceforge.cruisecontrol.labelincrementers.DefaultLabelIncrementer;7;1.0;1.0
net.sourceforge.cruisecontrol.labelincrementers.FormattedLabelIncrementer;8;0.8333333333333334;1.0
net.sourceforge.cruisecontrol.labelincrementers.P4ChangelistLabelIncrementer;24;0.7727272727272727;0.6818181818181818
net.sourceforge.cruisecontrol.labelincrementers.PropertyFileLabelIncrementer;9;1.0;1.0
net.sourceforge.cruisecontrol.labelincrementers.SVNLabelIncrementer;10;0.875;1.0
net.sourceforge.cruisecontrol.launch.util.Locator;7;;
net.sourceforge.cruisecontrol.listeners.CMSynergySessionMonitor;8;0.8;1.0
net.sourceforge.cruisecontrol.listeners.CurrentBuildStatusFTPListener;5;1.0;1.0
net.sourceforge.cruisecontrol.listeners.CurrentBuildStatusPageListener;7;0.75;0.75
net.sourceforge.cruisecontrol.listeners.LockFileListener;6;0.5;1.0
net.sourceforge.cruisecontrol.logmanipulators.BaseManipulator;6;0.75;1.0
net.sourceforge.cruisecontrol.publishers.ArtifactsPublisher;13;0.6363636363636364;0.7272727272727273
net.sourceforge.cruisecontrol.publishers.CMSynergyBaselinePublisher;10;0.75;0.875
net.sourceforge.cruisecontrol.publishers.CMSynergyPublisher;13;0.9090909090909091;1.0
net.sourceforge.cruisecontrol.publishers.CMSynergyTaskPublisher;5;0.6666666666666666;1.0
net.sourceforge.cruisecontrol.publishers.ClearCaseBaselinePublisher;13;0.8;0.8
net.sourceforge.cruisecontrol.publishers.EmailPublisher;55;0.8627450980392157;0.5490196078431373
net.sourceforge.cruisecontrol.publishers.FTPPublisher;7;0.8;1.0
net.sourceforge.cruisecontrol.publishers.HTMLEmailPublisher;26;0.7916666666666666;0.6666666666666666
net.sourceforge.cruisecontrol.publishers.HTTPPublisher;6;0.75;1.0
net.sourceforge.cruisecontrol.publishers.JabberPublisher;14;0.8181818181818182;0.8181818181818182
net.sourceforge.cruisecontrol.publishers.JnlpPublisher;10;1.0;0.8571428571428571
net.sourceforge.cruisecontrol.publishers.OrigoPublisher;18;1.0;0.875
net.sourceforge.cruisecontrol.publishers.RSSPublisher;8;1.0;0.8
net.sourceforge.cruisecontrol.publishers.SCPPublisher;18;0.875;0.6875
net.sourceforge.cruisecontrol.publishers.SocketPublisher;11;0.7777777777777778;0.8888888888888888
net.sourceforge.cruisecontrol.publishers.WeblogPublisher;40;0.8947368421052632;0.6052631578947368
net.sourceforge.cruisecontrol.publishers.X10Publisher;15;0.8333333333333334;0.5833333333333334
net.sourceforge.cruisecontrol.publishers.XSLTLogPublisher;7;1.0;1.0
net.sourceforge.cruisecontrol.publishers.email.EmailAddressMapper;5;;
net.sourceforge.cruisecontrol.publishers.email.LDAPMapper;18;1.0;0.8125
net.sourceforge.cruisecontrol.publishers.email.PropertiesMapper;6;1.0;1.0
net.sourceforge.cruisecontrol.publishers.origo.OrigoApiClient;6;;
net.sourceforge.cruisecontrol.publishers.rss.CruiseControlFeed;7;1.0;1.0
net.sourceforge.cruisecontrol.publishers.rss.Feed;11;0.7777777777777778;0.8888888888888888
net.sourceforge.cruisecontrol.publishers.rss.Item;10;0.875;1.0
net.sourceforge.cruisecontrol.publishers.sfee.SfeeDocumentManagerPublisher;16;0.6923076923076923;0.6923076923076923
net.sourceforge.cruisecontrol.publishers.sfee.SfeeFrsPublisher;7;0.5;1.0
net.sourceforge.cruisecontrol.publishers.sfee.SfeePublisher;8;1.0;1.0
net.sourceforge.cruisecontrol.publishers.sfee.SfeeTrackerPublisher;9;1.0;1.0
net.sourceforge.cruisecontrol.report.BuildLoopMonitorRepository;5;;
net.sourceforge.cruisecontrol.sourcecontrols.Accurev;9;0.5714285714285714;1.0
net.sourceforge.cruisecontrol.sourcecontrols.AlienBrain;10;0.2857142857142857;0.5714285714285714
net.sourceforge.cruisecontrol.sourcecontrols.AlienBrainCore;16;0.9285714285714286;0.8571428571428571
net.sourceforge.cruisecontrol.sourcecontrols.BuildStatus;9;0.2857142857142857;1.0
net.sourceforge.cruisecontrol.sourcecontrols.CMSynergy;32;0.7586206896551724;0.7586206896551724
net.sourceforge.cruisecontrol.sourcecontrols.CMSynergyModification;9;;
net.sourceforge.cruisecontrol.sourcecontrols.ClearCase;15;0.8461538461538461;0.7692307692307693
net.sourceforge.cruisecontrol.sourcecontrols.Compound;7;0.8;1.0
net.sourceforge.cruisecontrol.sourcecontrols.ConcurrentVersionsSystem;34;0.5806451612903226;0.6774193548387096
net.sourceforge.cruisecontrol.sourcecontrols.Darcs;12;0.8;0.9
net.sourceforge.cruisecontrol.sourcecontrols.FakeUserSourceControl;7;1.0;1.0
net.sourceforge.cruisecontrol.sourcecontrols.FileSystem;6;0.25;1.0
net.sourceforge.cruisecontrol.sourcecontrols.Git;8;0.8;1.0
net.sourceforge.cruisecontrol.sourcecontrols.HttpFile;5;0.6666666666666666;1.0
net.sourceforge.cruisecontrol.sourcecontrols.IvySourceControl;10;0.625;0.75
net.sourceforge.cruisecontrol.sourcecontrols.MKS;11;0.6666666666666666;0.7777777777777778
net.sourceforge.cruisecontrol.sourcecontrols.Maven2SnapshotDependency;19;0.5;0.6875
net.sourceforge.cruisecontrol.sourcecontrols.MavenSnapshotDependency;13;0.6363636363636364;0.7272727272727273
net.sourceforge.cruisecontrol.sourcecontrols.Mercurial;18;0.6666666666666666;0.6666666666666666
net.sourceforge.cruisecontrol.sourcecontrols.P4;28;0.84;0.64
net.sourceforge.cruisecontrol.sourcecontrols.PVCS;19;0.9411764705882353;0.8235294117647058
net.sourceforge.cruisecontrol.sourcecontrols.PlasticSCM;9;0.7142857142857143;0.8571428571428571
net.sourceforge.cruisecontrol.sourcecontrols.SSCM;16;0.9285714285714286;0.6428571428571429
net.sourceforge.cruisecontrol.sourcecontrols.SVN;25;0.6818181818181818;0.6818181818181818
net.sourceforge.cruisecontrol.sourcecontrols.SnapshotCM;10;0.75;0.75
net.sourceforge.cruisecontrol.sourcecontrols.SourceControlProperties;7;1.0;1.0
net.sourceforge.cruisecontrol.sourcecontrols.Store;18;0.6;0.6666666666666666
net.sourceforge.cruisecontrol.sourcecontrols.TeamFoundationServer;17;0.7857142857142857;0.8571428571428571
net.sourceforge.cruisecontrol.sourcecontrols.TimeBuild;7;0.2;0.8
net.sourceforge.cruisecontrol.sourcecontrols.UCM;33;0.8064516129032258;0.5806451612903226
net.sourceforge.cruisecontrol.sourcecontrols.Veto;8;0.8333333333333334;0.8333333333333334
net.sourceforge.cruisecontrol.sourcecontrols.Vss;26;0.7083333333333334;0.7083333333333334
net.sourceforge.cruisecontrol.sourcecontrols.VssJournal;20;0.7222222222222222;0.6111111111111112
net.sourceforge.cruisecontrol.sourcecontrols.accurev.AccurevCommandline;25;0.6086956521739131;0.6521739130434783
net.sourceforge.cruisecontrol.util.AbstractFTPClass;19;0.8823529411764706;0.7647058823529411
net.sourceforge.cruisecontrol.util.BuildOutputLogger;15;0.7692307692307693;0.8461538461538461
net.sourceforge.cruisecontrol.util.Commandline;30;0.5925925925925926;0.6296296296296297
net.sourceforge.cruisecontrol.util.DateUtil;13;;
net.sourceforge.cruisecontrol.util.Directory;5;0.6666666666666666;1.0
net.sourceforge.cruisecontrol.util.IO;13;;
net.sourceforge.cruisecontrol.util.MainArgs;5;;
net.sourceforge.cruisecontrol.util.ManagedCommandline;15;1.0;0.7692307692307693
net.sourceforge.cruisecontrol.util.OSEnvironment;9;0.5714285714285714;1.0
net.sourceforge.cruisecontrol.util.Processes;5;;
net.sourceforge.cruisecontrol.util.PruneElementFilter;5;1.0;1.0
net.sourceforge.cruisecontrol.util.StdoutBuffer;7;0.8;1.0
net.sourceforge.cruisecontrol.util.StreamLogger;8;1.0;1.0
net.sourceforge.cruisecontrol.util.Util;11;;
net.sourceforge.cruisecontrol.util.ValidationHelper;15;;
net.sourceforge.cruisecontrol.util.XMLLogHelper;14;0.75;0.8333333333333334
net.sourceforge.cruisecontrol.util.XPathAwareChild;11;1.0;0.7777777777777778
net.sourceforge.cruisecontrol.util.threadpool.ThreadQueue;18;1.0;0.9375
