file;entities;metric;metric_random
net.sf.ext.BrowserLauncher;6;;
net.sf.jabref.AuthorList;25;0.6363636363636364;0.5454545454545454
net.sf.jabref.BasePanel;88;0.788235294117647;0.611764705882353
net.sf.jabref.BibtexDatabase;34;0.8064516129032258;0.6774193548387096
net.sf.jabref.BibtexEntry;29;0.8148148148148148;0.7407407407407407
net.sf.jabref.BibtexFields;17;0.9333333333333333;1.0
net.sf.jabref.BibtexString;7;1.0;1.0
net.sf.jabref.ContentSelectorDialog2;8;1.0;1.0
net.sf.jabref.CustomEntryType;8;1.0;1.0
net.sf.jabref.DuplicateCheck;5;;
net.sf.jabref.DuplicateResolverDialog;8;1.0;0.8
net.sf.jabref.EntryCustomizationDialog;7;1.0;1.0
net.sf.jabref.EntryEditor;32;0.7;0.7
net.sf.jabref.EntrySorter;6;0.75;1.0
net.sf.jabref.ExternalTab;5;1.0;1.0
net.sf.jabref.FieldTextArea;16;0.8571428571428571;0.7142857142857143
net.sf.jabref.FieldTextField;15;0.7692307692307693;0.8461538461538461
net.sf.jabref.FieldTextMenu;7;1.0;1.0
net.sf.jabref.FileHistory;6;;
net.sf.jabref.HelpContent;7;1.0;1.0
net.sf.jabref.MetaData;16;0.5384615384615384;0.6923076923076923
net.sf.jabref.OpenFileFilter;5;0.6666666666666666;1.0
net.sf.jabref.PreviewPrefsTab;5;1.0;1.0
net.sf.jabref.ReplaceStringDialog;6;;
net.sf.jabref.RightClickMenu;7;0.8;1.0
net.sf.jabref.SearchManager2;19;1.0;1.0
net.sf.jabref.SidePaneComponent;8;0.3333333333333333;0.8333333333333334
net.sf.jabref.SidePaneManager;16;0.5714285714285714;1.0
net.sf.jabref.SimpleUrlDragDrop;5;;
net.sf.jabref.TabLabelPattern;7;0.6;1.0
net.sf.jabref.UnknownEntryType;7;1.0;0.8
net.sf.jabref.UrlDragDrop;5;;
net.sf.jabref.about.AboutPanel;9;0.5714285714285714;0.8571428571428571
net.sf.jabref.about.AboutTextLine;22;1.0;1.0
net.sf.jabref.about.TextBlock;6;1.0;1.0
net.sf.jabref.autocompleter.AbstractAutoCompleter;7;0.5;1.0
net.sf.jabref.autocompleter.NameFieldAutoCompleter;5;0.6666666666666666;1.0
net.sf.jabref.bst.BibtexNameFormatter;5;;
net.sf.jabref.bst.BstLexer;29;1.0;1.0
net.sf.jabref.bst.BstParser;13;1.0;0.9090909090909091
net.sf.jabref.collab.Change;7;0.6;0.8
net.sf.jabref.collab.ChangeScanner;12;;
net.sf.jabref.collab.FileUpdateMonitor;10;1.0;1.0
net.sf.jabref.collab.MetaDataChange;6;1.0;1.0
net.sf.jabref.export.AutoSaveManager;7;0.6;1.0
net.sf.jabref.export.CustomExportDialog;8;;
net.sf.jabref.export.CustomExportList;10;0.5;0.875
net.sf.jabref.export.ExportFileFilter;5;0.3333333333333333;1.0
net.sf.jabref.export.ExportFormat;10;0.75;1.0
net.sf.jabref.export.ExportFormats;7;;
net.sf.jabref.export.FileActions;9;;
net.sf.jabref.export.LatexFieldFormatter;6;1.0;1.0
net.sf.jabref.export.OpenDocumentSpreadsheetCreator;6;1.0;1.0
net.sf.jabref.export.OpenOfficeDocumentCreator;6;1.0;1.0
net.sf.jabref.export.SaveDatabaseAction;9;1.0;0.8333333333333334
net.sf.jabref.export.SaveSession;8;0.8333333333333334;0.8333333333333334
net.sf.jabref.export.layout.LayoutHelper;11;0.875;0.625
net.sf.jabref.external.DownloadExternalFile;7;1.0;1.0
net.sf.jabref.external.DroppedFileHandler;7;;
net.sf.jabref.external.ExternalFilePanel;9;1.0;0.8571428571428571
net.sf.jabref.external.ExternalFileType;20;1.0;0.8333333333333334
net.sf.jabref.external.ExternalFileTypeEditor;6;1.0;0.5
net.sf.jabref.external.ExternalFileTypeEntryEditor;6;1.0;1.0
net.sf.jabref.external.FileLinksUpgradeWarning;5;1.0;1.0
net.sf.jabref.external.FindFullText;5;1.0;1.0
net.sf.jabref.external.PushToApplicationButton;7;0.6666666666666666;1.0
net.sf.jabref.external.PushToEmacs;11;0.875;0.75
net.sf.jabref.external.PushToLatexEditor;11;0.75;0.875
net.sf.jabref.external.PushToLyx;11;0.625;0.875
net.sf.jabref.external.PushToVim;11;0.875;0.75
net.sf.jabref.external.PushToWinEdt;11;0.75;0.875
net.sf.jabref.external.RegExpFileSearch;6;;
net.sf.jabref.groups.AllEntriesGroup;16;0.9230769230769231;0.8461538461538461
net.sf.jabref.groups.AutoGroupDialog;7;;
net.sf.jabref.groups.ExplicitGroup;23;0.7;0.65
net.sf.jabref.groups.GroupDialog;11;0.5555555555555556;0.6666666666666666
net.sf.jabref.groups.GroupTreeCellRenderer;5;;
net.sf.jabref.groups.GroupTreeNode;30;0.7142857142857143;0.75
net.sf.jabref.groups.GroupsTree;24;0.8636363636363636;0.7727272727272727
net.sf.jabref.groups.KeywordGroup;24;0.7142857142857143;0.6190476190476191
net.sf.jabref.groups.SearchGroup;21;0.7222222222222222;0.6666666666666666
net.sf.jabref.groups.TransferableEntrySelection;5;;
net.sf.jabref.groups.UndoableAddOrRemoveGroup;7;0.8;1.0
net.sf.jabref.groups.UndoableChangeAssignment;5;1.0;1.0
net.sf.jabref.groups.UndoableModifySubtree;5;0.6666666666666666;1.0
net.sf.jabref.groups.UndoableResetGroups;5;0.6666666666666666;1.0
net.sf.jabref.gui.DatabasePropertiesDialog;5;0.5;1.0
net.sf.jabref.gui.EntryCustomizationDialog2;8;1.0;1.0
net.sf.jabref.gui.EntryTypeList;7;1.0;1.0
net.sf.jabref.gui.FieldSetComponent;17;0.7333333333333333;0.7333333333333333
net.sf.jabref.gui.FileDialogs;9;;
net.sf.jabref.gui.FileListEditor;31;0.7857142857142857;0.5714285714285714
net.sf.jabref.gui.FileListEntry;7;1.0;1.0
net.sf.jabref.gui.FileListEntryEditor;12;0.9;0.7
net.sf.jabref.gui.FileListTableModel;19;0.75;0.75
net.sf.jabref.gui.MainTableFormat;9;0.8571428571428571;0.7142857142857143
net.sf.jabref.gui.MainTableSelectionListener;23;0.9047619047619048;0.9523809523809523
net.sf.jabref.gui.PersistenceTableColumnListener;6;;
net.sf.jabref.gui.PreventDraggingJTableHeader;5;1.0;1.0
net.sf.jabref.gui.SearchResultsDialog;8;1.0;1.0
net.sf.jabref.gui.VerticalLabelUI;11;0.75;0.875
net.sf.jabref.imports.BibTeXMLHandler;7;1.0;1.0
net.sf.jabref.imports.BibtexParser;30;1.0;0.8214285714285714
net.sf.jabref.imports.CiteSeerEntryFetcher;7;0.8;1.0
net.sf.jabref.imports.CiteSeerFetcher;17;0.7857142857142857;0.8571428571428571
net.sf.jabref.imports.CsaImporter;7;0.6;1.0
net.sf.jabref.imports.CustomImportList;5;;
net.sf.jabref.imports.EndnoteImporter;5;1.0;1.0
net.sf.jabref.imports.ImportFormat;12;0.8;0.8
net.sf.jabref.imports.ImportFormatReader;19;0.75;0.5
net.sf.jabref.imports.JSTORFetcher;11;0.625;0.75
net.sf.jabref.imports.JSTORFetcher2;10;0.875;0.875
net.sf.jabref.imports.MedlineFetcher;9;0.5714285714285714;0.8571428571428571
net.sf.jabref.imports.MedlineImporter;5;1.0;1.0
net.sf.jabref.imports.OAI2Handler;5;;
net.sf.jabref.imports.OpenDatabaseAction;6;0.5;1.0
net.sf.jabref.imports.ParserResult;24;0.9090909090909091;0.8636363636363636
net.sf.jabref.imports.RepecNepImporter;14;0.8333333333333334;0.75
net.sf.jabref.imports.SPIRESFetcher;13;0.8;0.8
net.sf.jabref.imports.ScienceDirectFetcher;9;0.8571428571428571;0.8571428571428571
net.sf.jabref.journals.JournalAbbreviations;14;0.5454545454545454;0.7272727272727273
net.sf.jabref.journals.ManageJournalsPanel;7;1.0;1.0
net.sf.jabref.labelPattern.LabelPattern;7;0.8;1.0
net.sf.jabref.labelPattern.LabelPatternUtil;24;;
net.sf.jabref.mods.MODSEntry;9;0.8571428571428571;1.0
net.sf.jabref.mods.PersonName;10;0.875;1.0
net.sf.jabref.msbib.MSBibEntry;24;0.6363636363636364;0.7727272727272727
net.sf.jabref.net.Cookie;5;0.6666666666666666;1.0
net.sf.jabref.net.URLDownload;10;0.875;1.0
net.sf.jabref.plugin.ManagePluginsDialog;7;0.8;1.0
net.sf.jabref.sql.DBConnectDialog;6;1.0;1.0
net.sf.jabref.sql.DBStrings;17;0.8571428571428571;0.8571428571428571
net.sf.jabref.sql.SQLutil;34;;
net.sf.jabref.undo.CountingUndoManager;5;;
net.sf.jabref.undo.NamedCompound;5;1.0;1.0
net.sf.jabref.undo.UndoableKeyChange;5;1.0;1.0
net.sf.jabref.util.CaseChanger;6;;
net.sf.jabref.util.Pair;17;0.8666666666666667;0.8666666666666667
net.sf.jabref.util.TXMLReader;8;1.0;0.8333333333333334
net.sf.jabref.util.XMPUtil;20;;
net.sf.jabref.wizard.auximport.AuxSubGenerator;13;0.7272727272727273;0.9090909090909091
net.sf.jabref.wizard.integrity.IntegrityCheck;6;;
net.sf.jabref.wizard.integrity.gui.IntegrityMessagePanel;7;;
tests.net.sf.jabref.AuthorListTest;18;0.9375;1.0
tests.net.sf.jabref.UtilFindFileTest;6;;
tests.net.sf.jabref.bst.BibtexCaseChangerTest;5;;
tests.net.sf.jabref.bst.BibtexNameFormatterTest;8;;
tests.net.sf.jabref.bst.TestVM;33;0.967741935483871;0.9354838709677419
tests.net.sf.jabref.export.layout.LayoutTest;9;0.8571428571428571;1.0
tests.net.sf.jabref.export.layout.format.AuthorLastFirstAbbreviatorTester;6;;
tests.net.sf.jabref.gui.AutoCompleterTest;8;1.0;1.0
tests.net.sf.jabref.imports.BibtexParserTest;14;;
tests.net.sf.jabref.imports.CopacImporterTest;5;;
tests.net.sf.jabref.imports.IsiImporterTest;14;;
tests.net.sf.jabref.imports.OAI2ImportTest;8;;
tests.net.sf.jabref.imports.RISImporterTest;5;;
tests.net.sf.jabref.labelPattern.LabelPatternUtilTest;7;;
tests.net.sf.jabref.util.XMPSchemaBibtexTest;12;;
