file;entities;metric;metric_random
doclet.GenerateTocXML;6;;
installer.CBZip2InputStream;29;0.92;0.76
installer.CBZip2OutputStream;32;0.9655172413793104;0.8275862068965517
installer.ConsoleProgress;5;1.0;1.0
installer.TarBuffer;15;0.8333333333333334;0.6666666666666666
installer.TarEntry;30;0.8148148148148148;0.8148148148148148
installer.TarHeader;8;1.0;1.0
installer.TarInputStream;15;0.6923076923076923;0.7692307692307693
installer.TarOutputStream;11;0.7777777777777778;0.7777777777777778
macosx.MacOSXPlugin;12;0.9;1.0
macosx.OSXAdapter;10;1.0;1.0
QuickNotepad;10;0.875;1.0
org.gjt.sp.jedit.BeanShell;19;;
org.gjt.sp.jedit.BeanShellAction;6;0.5;1.0
org.gjt.sp.jedit.BeanShellFacade;14;0.9;0.9
org.gjt.sp.jedit.EditAction;10;0.5714285714285714;0.7142857142857143
org.gjt.sp.jedit.EditPlugin;21;0.8888888888888888;0.6666666666666666
org.gjt.sp.jedit.JEditAbstractEditAction;5;1.0;1.0
org.gjt.sp.jedit.JEditActionContext;7;1.0;1.0
org.gjt.sp.jedit.JEditBeanShellAction;6;0.5;0.75
org.gjt.sp.jedit.Mode;20;0.47058823529411764;0.5882352941176471
org.gjt.sp.jedit.OperatingSystem;17;;
org.gjt.sp.jedit.OptionGroup;11;0.7777777777777778;0.7777777777777778
org.gjt.sp.jedit.PerspectiveManager;6;;
org.gjt.sp.jedit.ServiceManager.loadServices(PluginJAR,URL,PluginJAR;10;;
org.gjt.sp.jedit.SettingsXML;5;;
org.gjt.sp.jedit.bsh.BSHAllocationExpression;9;;
org.gjt.sp.jedit.bsh.BSHAmbiguousName;7;1.0;1.0
org.gjt.sp.jedit.bsh.BSHMethodDeclaration;7;0.8;0.8
org.gjt.sp.jedit.bsh.BSHPrimarySuffix;5;0.6666666666666666;1.0
org.gjt.sp.jedit.bsh.BSHType;8;0.8;1.0
org.gjt.sp.jedit.bsh.BSHTypedVariableDeclaration;5;0.0;1.0
org.gjt.sp.jedit.bsh.BlockNameSpace;9;0.5714285714285714;1.0
org.gjt.sp.jedit.bsh.BshClassManager;32;0.5862068965517241;0.6206896551724138
org.gjt.sp.jedit.bsh.BshMethod;11;1.0;0.8888888888888888
org.gjt.sp.jedit.bsh.CallStack;11;;
org.gjt.sp.jedit.bsh.ClassGeneratorImpl;7;1.0;1.0
org.gjt.sp.jedit.bsh.ClassGeneratorUtil;21;0.7894736842105263;0.8947368421052632
org.gjt.sp.jedit.bsh.CollectionManager;6;1.0;1.0
org.gjt.sp.jedit.bsh.EvalError;11;0.8888888888888888;0.8888888888888888
org.gjt.sp.jedit.bsh.ExternalNameSpace;13;0.8181818181818182;0.9090909090909091
org.gjt.sp.jedit.bsh.Interpreter;52;0.7291666666666666;0.5625
org.gjt.sp.jedit.bsh.JJTParserState;11;;
org.gjt.sp.jedit.bsh.JThis;85;;
org.gjt.sp.jedit.bsh.Modifiers;7;;
org.gjt.sp.jedit.bsh.Primitive;35;0.78125;0.6875
org.gjt.sp.jedit.bsh.Reflect;40;;
org.gjt.sp.jedit.bsh.Remote;6;;
org.gjt.sp.jedit.bsh.SimpleNode;17;0.8666666666666667;0.8
org.gjt.sp.jedit.bsh.StringUtil;5;;
org.gjt.sp.jedit.bsh.TargetError;8;1.0;1.0
org.gjt.sp.jedit.bsh.Types;11;;
org.gjt.sp.jedit.bsh.Variable;8;1.0;1.0
org.gjt.sp.jedit.bsh.classpath.ClassManagerImpl;21;0.4444444444444444;0.8333333333333334
org.gjt.sp.jedit.bsh.org.objectweb.asm.ByteVector;9;;
org.gjt.sp.jedit.bsh.org.objectweb.asm.ClassWriter;21;;
org.gjt.sp.jedit.bsh.org.objectweb.asm.CodeWriter;30;0.8461538461538461;0.6923076923076923
org.gjt.sp.jedit.bsh.org.objectweb.asm.Item;6;1.0;1.0
org.gjt.sp.jedit.bsh.org.objectweb.asm.Type;21;0.8333333333333334;0.7222222222222222
org.gjt.sp.jedit.buffer.BufferAdapter;8;;
org.gjt.sp.jedit.buffer.BufferChangeAdapter;7;;
org.gjt.sp.jedit.buffer.BufferSegment;6;;
org.gjt.sp.jedit.bufferio.BufferIORequest;8;0.6666666666666666;1.0
org.gjt.sp.jedit.bufferio.BufferLoadRequest;6;0.6666666666666666;1.0
org.gjt.sp.jedit.bufferset.BufferSet;16;0.7857142857142857;1.0
org.gjt.sp.jedit.bufferset.BufferSetManager;16;1.0;0.6923076923076923
org.gjt.sp.jedit.gui.AbbrevEditor;7;;
org.gjt.sp.jedit.gui.AnimatedIcon;8;1.0;0.8333333333333334
org.gjt.sp.jedit.gui.DefaultInputHandler;5;1.0;1.0
org.gjt.sp.jedit.gui.DockableLayout;14;0.75;0.8333333333333334
org.gjt.sp.jedit.gui.DockablePanel;5;0.6666666666666666;1.0
org.gjt.sp.jedit.gui.DockableWindowManager;45;0.6585365853658537;0.6097560975609756
org.gjt.sp.jedit.gui.EnhancedDialog;5;1.0;1.0
org.gjt.sp.jedit.gui.ExtendedGridLayout;15;0.7692307692307693;1.0
org.gjt.sp.jedit.gui.ExtendedGridLayoutConstraints;15;1.0;0.8461538461538461
org.gjt.sp.jedit.gui.FilteredListModel;16;0.7142857142857143;0.7857142857142857
org.gjt.sp.jedit.gui.FilteredTableModel;19;0.7647058823529411;0.7647058823529411
org.gjt.sp.jedit.gui.FontSelector;5;0.3333333333333333;1.0
org.gjt.sp.jedit.gui.HistoryModel;15;0.6666666666666666;0.8333333333333334
org.gjt.sp.jedit.gui.HistoryText;18;0.8125;0.6875
org.gjt.sp.jedit.gui.HistoryTextArea;8;0.6666666666666666;1.0
org.gjt.sp.jedit.gui.HistoryTextField;13;0.45454545454545453;0.7272727272727273
org.gjt.sp.jedit.gui.KeyEventWorkaround;6;;
org.gjt.sp.jedit.gui.OptionsDialog;15;0.9166666666666666;1.0
org.gjt.sp.jedit.gui.PingPongList;12;0.8;0.8
org.gjt.sp.jedit.gui.RolloverButton;5;0.6666666666666666;1.0
org.gjt.sp.jedit.gui.ShortcutPrefixActiveEvent;5;1.0;1.0
org.gjt.sp.jedit.gui.SplashScreen;6;;
org.gjt.sp.jedit.gui.TaskMonitor;8;;
org.gjt.sp.jedit.gui.VariableGridLayout;14;0.75;0.9166666666666666
org.gjt.sp.jedit.help.HelpHistoryModel;13;0.7272727272727273;0.8181818181818182
org.gjt.sp.jedit.indent.IndentRuleFactory;8;;
org.gjt.sp.jedit.input.AbstractInputHandler;20;0.7647058823529411;0.7058823529411765
org.gjt.sp.jedit.input.TextAreaInputHandler;9;0.8571428571428571;1.0
org.gjt.sp.jedit.io.AutoDetection;5;;
org.gjt.sp.jedit.io.EncodingServer;6;;
org.gjt.sp.jedit.io.FavoritesVFS;8;1.0;1.0
org.gjt.sp.jedit.io.FileVFS;19;0.75;0.6875
org.gjt.sp.jedit.io.GlobVFSFileFilter;6;0.5;1.0
org.gjt.sp.jedit.io.VFSManager;20;;
org.gjt.sp.jedit.msg.PluginUpdate;5;1.0;1.0
org.gjt.sp.jedit.options.GutterOptionPane;9;1.0;0.8571428571428571
org.gjt.sp.jedit.pluginmgr.PluginList;7;1.0;1.0
org.gjt.sp.jedit.pluginmgr.PluginManagerProgress;5;1.0;1.0
org.gjt.sp.jedit.print.BufferPrinter1_4;5;;
org.gjt.sp.jedit.search.BufferListSet;7;1.0;1.0
org.gjt.sp.jedit.search.CurrentBufferSet;5;;
org.gjt.sp.jedit.search.DirectoryListSet;8;1.0;1.0
org.gjt.sp.jedit.search.HyperSearchFileNode;6;0.75;1.0
org.gjt.sp.jedit.search.HyperSearchOperationNode;9;0.5;1.0
org.gjt.sp.jedit.syntax.ModeProvider;8;0.8333333333333334;1.0
org.gjt.sp.jedit.syntax.ParserRule;15;1.0;1.0
org.gjt.sp.jedit.textarea.Anchor;5;;
org.gjt.sp.jedit.textarea.BufferHandler;11;;
org.gjt.sp.jedit.textarea.FirstLine;8;;
org.gjt.sp.jedit.textarea.InputMethodSupport;11;0.5555555555555556;0.7777777777777778
org.gjt.sp.jedit.textarea.RangeMap;15;;
org.gjt.sp.jedit.textarea.ScreenLineManager;7;1.0;0.8
org.gjt.sp.jedit.textarea.SelectionManager;13;0.45454545454545453;0.7272727272727273
org.gjt.sp.jedit.textarea.StandaloneTextArea;18;0.8571428571428571;0.5
org.gjt.sp.jedit.textarea.TextAreaTransferHandler;8;0.8333333333333334;1.0
org.gjt.sp.util.HtmlUtilities;5;;
org.gjt.sp.util.IOUtilities;9;;
org.gjt.sp.util.IntegerArray;6;0.5;1.0
org.gjt.sp.util.PropertiesBean;6;0.75;1.0
org.gjt.sp.util.ReadWriteLock;5;1.0;1.0
org.gjt.sp.util.ReverseCharSequence;5;;
org.gjt.sp.util.StringList;8;0.3333333333333333;0.8333333333333334
org.gjt.sp.util.SyntaxUtilities;6;;
org.gjt.sp.util.Task;10;0.875;1.0
org.gjt.sp.util.TaskManager;6;1.0;1.0
org.gjt.sp.util.WorkRequest;6;;
