file;entities;metric;metric_random
org.jfree.chart.ChartFactory;40;;
org.jfree.chart.ChartRenderingInfo;10;0.75;1.0
org.jfree.chart.ChartUtilities;27;;
org.jfree.chart.LegendItem;38;0.9722222222222222;0.8333333333333334
org.jfree.chart.LegendItemCollection;7;0.8;1.0
org.jfree.chart.PaintMap;8;1.0;1.0
org.jfree.chart.PolarChartPanel;5;0.6666666666666666;1.0
org.jfree.chart.StrokeMap;8;1.0;1.0
org.jfree.chart.annotations.AbstractXYAnnotation;8;1.0;0.8333333333333334
org.jfree.chart.annotations.CategoryLineAnnotation;18;1.0;0.75
org.jfree.chart.annotations.CategoryPointerAnnotation;22;1.0;0.75
org.jfree.chart.annotations.CategoryTextAnnotation;10;1.0;0.875
org.jfree.chart.annotations.TextAnnotation;16;1.0;0.7857142857142857
org.jfree.chart.annotations.XYBoxAnnotation;6;;
org.jfree.chart.annotations.XYDataImageAnnotation;14;1.0;0.75
org.jfree.chart.annotations.XYImageAnnotation;10;1.0;0.875
org.jfree.chart.annotations.XYLineAnnotation;6;;
org.jfree.chart.annotations.XYPointerAnnotation;22;1.0;0.9
org.jfree.chart.annotations.XYPolygonAnnotation;10;1.0;0.75
org.jfree.chart.annotations.XYShapeAnnotation;6;;
org.jfree.chart.annotations.XYTextAnnotation;30;1.0;0.8214285714285714
org.jfree.chart.annotations.XYTitleAnnotation;13;1.0;0.8181818181818182
org.jfree.chart.axis.Axis;68;0.9696969696969697;0.7272727272727273
org.jfree.chart.axis.AxisCollection;5;1.0;1.0
org.jfree.chart.axis.AxisLocation;5;0.5;1.0
org.jfree.chart.axis.AxisSpace;18;1.0;0.6875
org.jfree.chart.axis.AxisState;11;0.8888888888888888;0.7777777777777778
org.jfree.chart.axis.CategoryAxis;47;0.9111111111111111;0.6666666666666666
org.jfree.chart.axis.CategoryLabelPosition;8;1.0;0.8333333333333334
org.jfree.chart.axis.CategoryTick;5;1.0;1.0
org.jfree.chart.axis.CyclicNumberAxis;30;0.9285714285714286;0.6785714285714286
org.jfree.chart.axis.DateAxis;47;0.9318181818181818;0.5454545454545454
org.jfree.chart.axis.DateTickUnit;15;0.8333333333333334;0.5833333333333334
org.jfree.chart.axis.ExtendedCategoryAxis;10;1.0;0.875
org.jfree.chart.axis.LogAxis;31;1.0;0.75
org.jfree.chart.axis.LogarithmicAxis;27;1.0;0.72
org.jfree.chart.axis.MarkerAxisBand;6;0.75;1.0
org.jfree.chart.axis.ModuloAxis;16;0.8571428571428571;0.8571428571428571
org.jfree.chart.axis.NumberAxis;36;0.9696969696969697;0.6666666666666666
org.jfree.chart.axis.PeriodAxis;44;1.0;0.6666666666666666
org.jfree.chart.axis.PeriodAxisLabelInfo;14;1.0;0.8333333333333334
org.jfree.chart.axis.SegmentedTimeline;44;0.8536585365853658;0.5853658536585366
org.jfree.chart.axis.StandardTickUnitSource;5;1.0;1.0
org.jfree.chart.axis.SubCategoryAxis;12;0.7;1.0
org.jfree.chart.axis.SymbolAxis;20;1.0;0.7222222222222222
org.jfree.chart.axis.Tick;7;1.0;0.8
org.jfree.chart.axis.TickUnit;6;1.0;1.0
org.jfree.chart.axis.TickUnits;8;0.8333333333333334;1.0
org.jfree.chart.axis.ValueAxis;71;0.9420289855072463;0.7101449275362319
org.jfree.chart.block.AbstractBlock;35;0.9393939393939394;0.7272727272727273
org.jfree.chart.block.BlockBorder;6;1.0;0.75
org.jfree.chart.block.BlockContainer;12;1.0;0.8
org.jfree.chart.block.BlockParams;6;;
org.jfree.chart.block.BorderArrangement;9;;
org.jfree.chart.block.CenterArrangement;12;;
org.jfree.chart.block.ColorBlock;7;1.0;1.0
org.jfree.chart.block.ColumnArrangement;9;;
org.jfree.chart.block.FlowArrangement;12;;
org.jfree.chart.block.GridArrangement;13;;
org.jfree.chart.block.LabelBlock;19;1.0;0.8235294117647058
org.jfree.chart.block.LineBorder;7;1.0;0.8
org.jfree.chart.block.RectangleConstraint;14;1.0;0.75
org.jfree.chart.editor.DefaultChartEditor;7;1.0;1.0
org.jfree.chart.editor.DefaultNumberAxisEditor;12;0.9;0.8
org.jfree.chart.editor.DefaultPlotEditor;14;1.0;0.8333333333333334
org.jfree.chart.editor.DefaultTitleEditor;9;0.8571428571428571;0.8571428571428571
org.jfree.chart.encoders.EncoderUtil;8;;
org.jfree.chart.encoders.ImageEncoderFactory;6;;
org.jfree.chart.encoders.SunJPEGEncoderAdapter;6;1.0;1.0
org.jfree.chart.encoders.SunPNGEncoderAdapter;6;1.0;1.0
org.jfree.chart.entity.AxisEntity;7;1.0;1.0
org.jfree.chart.entity.CategoryItemEntity;8;1.0;1.0
org.jfree.chart.entity.ChartEntity;17;1.0;0.6666666666666666
org.jfree.chart.entity.JFreeChartEntity;7;1.0;1.0
org.jfree.chart.entity.LegendItemEntity;7;1.0;1.0
org.jfree.chart.entity.PieSectionEntity;11;1.0;0.8888888888888888
org.jfree.chart.entity.PlotEntity;7;1.0;1.0
org.jfree.chart.entity.StandardEntityCollection;10;0.75;0.75
org.jfree.chart.entity.TitleEntity;7;1.0;1.0
org.jfree.chart.entity.XYItemEntity;8;1.0;1.0
org.jfree.chart.event.ChartProgressEvent;6;;
org.jfree.chart.imagemap.ImageMapUtilities;7;;
org.jfree.chart.labels.AbstractCategoryItemLabelGenerator;10;0.875;1.0
org.jfree.chart.labels.AbstractPieItemLabelGenerator;8;1.0;1.0
org.jfree.chart.labels.AbstractXYItemLabelGenerator;11;0.7777777777777778;0.8888888888888888
org.jfree.chart.labels.BubbleXYItemLabelGenerator;7;1.0;1.0
org.jfree.chart.labels.CustomXYToolTipGenerator;7;1.0;0.8
org.jfree.chart.labels.HighLowItemLabelGenerator;5;;
org.jfree.chart.labels.ItemLabelPosition;5;1.0;1.0
org.jfree.chart.labels.MultipleXYSeriesLabelGenerator;7;;
org.jfree.chart.labels.StandardCategorySeriesLabelGenerator;5;;
org.jfree.chart.labels.StandardPieSectionLabelGenerator;6;1.0;1.0
org.jfree.chart.labels.StandardXYSeriesLabelGenerator;5;;
org.jfree.chart.labels.StandardXYZToolTipGenerator;6;1.0;1.0
org.jfree.chart.labels.SymbolicXYItemLabelGenerator;6;0.75;1.0
org.jfree.chart.needle.MeterNeedle;24;0.9090909090909091;0.7272727272727273
org.jfree.chart.plot.AbstractPieLabelDistributor;5;0.3333333333333333;1.0
org.jfree.chart.plot.CategoryCrosshairState;6;1.0;1.0
org.jfree.chart.plot.CategoryMarker;5;1.0;1.0
org.jfree.chart.plot.CategoryPlot;211;0.8947368421052632;0.6267942583732058
org.jfree.chart.plot.CombinedDomainCategoryPlot;22;0.8;0.75
org.jfree.chart.plot.CombinedDomainXYPlot;23;0.7142857142857143;0.6666666666666666
org.jfree.chart.plot.CombinedRangeCategoryPlot;17;0.7333333333333333;0.7333333333333333
org.jfree.chart.plot.CombinedRangeXYPlot;22;0.7;0.7
org.jfree.chart.plot.CompassPlot;32;0.8;0.8
org.jfree.chart.plot.CrosshairState;22;0.95;0.75
org.jfree.chart.plot.DefaultDrawingSupplier;14;0.8181818181818182;0.6363636363636364
org.jfree.chart.plot.FastScatterPlot;47;0.9111111111111111;0.6888888888888889
org.jfree.chart.plot.IntervalMarker;8;1.0;1.0
org.jfree.chart.plot.Marker;32;0.9333333333333333;0.7333333333333333
org.jfree.chart.plot.MeterInterval;8;1.0;0.6666666666666666
org.jfree.chart.plot.MeterPlot;53;0.9215686274509803;0.7058823529411765
org.jfree.chart.plot.MultiplePiePlot;22;0.9;0.85
org.jfree.chart.plot.PieLabelDistributor;8;0.8333333333333334;1.0
org.jfree.chart.plot.PieLabelRecord;15;1.0;0.7692307692307693
org.jfree.chart.plot.PiePlot;124;0.8842975206611571;0.7520661157024794
org.jfree.chart.plot.PiePlot3D;10;0.75;1.0
org.jfree.chart.plot.PiePlotState;20;;
org.jfree.chart.plot.Plot;65;0.967741935483871;0.6129032258064516
org.jfree.chart.plot.PlotRenderingInfo;13;0.8181818181818182;0.8181818181818182
org.jfree.chart.plot.PolarPlot;57;0.8727272727272727;0.7272727272727273
org.jfree.chart.plot.RingPlot;19;0.875;0.8125
org.jfree.chart.plot.SpiderWebPlot;65;0.9682539682539683;0.8571428571428571
org.jfree.chart.plot.ThermometerPlot;70;0.835820895522388;0.7313432835820896
org.jfree.chart.plot.WaferMapPlot;10;0.5;0.75
org.jfree.chart.plot.XYPlot;220;0.9174311926605505;0.6146788990825688
org.jfree.chart.plot.dial.AbstractDialLayer;10;1.0;0.875
org.jfree.chart.plot.dial.ArcDialFrame;23;0.9047619047619048;0.7142857142857143
org.jfree.chart.plot.dial.DialBackground;11;1.0;0.7777777777777778
org.jfree.chart.plot.dial.DialCap;15;1.0;0.8461538461538461
org.jfree.chart.plot.dial.DialPlot;39;0.6111111111111112;0.6388888888888888
org.jfree.chart.plot.dial.DialPointer;8;1.0;1.0
org.jfree.chart.plot.dial.DialTextAnnotation;19;1.0;0.7647058823529411
org.jfree.chart.plot.dial.DialValueIndicator;35;1.0;0.7878787878787878
org.jfree.chart.plot.dial.StandardDialFrame;16;1.0;0.8571428571428571
org.jfree.chart.plot.dial.StandardDialRange;20;1.0;0.8333333333333334
org.jfree.chart.plot.dial.StandardDialScale;47;1.0;0.7777777777777778
org.jfree.chart.renderer.DefaultPolarItemRenderer;11;0.7777777777777778;1.0
org.jfree.chart.renderer.GrayPaintScale;7;1.0;0.8
org.jfree.chart.renderer.LookupPaintScale;9;0.7142857142857143;1.0
org.jfree.chart.renderer.Outlier;10;1.0;0.875
org.jfree.chart.renderer.OutlierList;8;0.8333333333333334;1.0
org.jfree.chart.renderer.OutlierListCollection;7;1.0;1.0
org.jfree.chart.renderer.WaferMapRenderer;12;0.9;1.0
org.jfree.chart.renderer.category.AbstractCategoryItemRenderer;62;0.8135593220338984;0.6101694915254238
org.jfree.chart.renderer.category.AreaRenderer;6;1.0;1.0
org.jfree.chart.renderer.category.BarRenderer3D;15;1.0;0.75
org.jfree.chart.renderer.category.BoxAndWhiskerRenderer;24;1.0;0.8095238095238095
org.jfree.chart.renderer.category.CategoryItemRendererState;10;;
org.jfree.chart.renderer.category.CategoryStepRenderer;7;1.0;0.8
org.jfree.chart.renderer.category.GanttRenderer;15;0.8461538461538461;0.7692307692307693
org.jfree.chart.renderer.category.GradientBarPainter;7;;
org.jfree.chart.renderer.category.GroupedStackedBarRenderer;6;1.0;1.0
org.jfree.chart.renderer.category.LayeredBarRenderer;6;1.0;0.75
org.jfree.chart.renderer.category.LevelRenderer;12;0.7777777777777778;0.6666666666666666
org.jfree.chart.renderer.category.LineAndShapeRenderer;33;1.0;0.9354838709677419
org.jfree.chart.renderer.category.LineRenderer3D;15;1.0;0.6923076923076923
org.jfree.chart.renderer.category.MinMaxCategoryRenderer;18;0.875;0.8125
org.jfree.chart.renderer.category.ScatterRenderer;22;0.9;0.75
org.jfree.chart.renderer.category.StackedAreaRenderer;10;0.75;0.875
org.jfree.chart.renderer.category.StackedBarRenderer;7;1.0;1.0
org.jfree.chart.renderer.category.StackedBarRenderer3D;13;1.0;0.8181818181818182
org.jfree.chart.renderer.category.StandardBarPainter;5;;
org.jfree.chart.renderer.category.StatisticalBarRenderer;10;1.0;0.875
org.jfree.chart.renderer.category.StatisticalLineAndShapeRenderer;10;1.0;0.75
org.jfree.chart.renderer.category.WaterfallBarRenderer;13;1.0;0.7272727272727273
org.jfree.chart.renderer.xy.AbstractXYItemRenderer;59;0.8727272727272727;0.5818181818181818
org.jfree.chart.renderer.xy.CandlestickRenderer;27;0.9583333333333334;0.7083333333333334
org.jfree.chart.renderer.xy.ClusteredXYBarRenderer;6;1.0;1.0
org.jfree.chart.renderer.xy.DeviationRenderer;10;0.7142857142857143;0.8571428571428571
org.jfree.chart.renderer.xy.GradientXYBarPainter;7;;
org.jfree.chart.renderer.xy.HighLowRenderer;16;1.0;0.8571428571428571
org.jfree.chart.renderer.xy.SamplingXYLineRenderer;10;0.7142857142857143;0.8571428571428571
org.jfree.chart.renderer.xy.StackedXYAreaRenderer;13;0.7;0.9
org.jfree.chart.renderer.xy.StackedXYAreaRenderer2;10;0.5;0.625
org.jfree.chart.renderer.xy.StackedXYBarRenderer;8;1.0;0.8
org.jfree.chart.renderer.xy.StandardXYBarPainter;5;;
org.jfree.chart.renderer.xy.StandardXYItemRenderer;30;0.9259259259259259;0.8518518518518519
org.jfree.chart.renderer.xy.VectorRenderer;5;;
org.jfree.chart.renderer.xy.XYAreaRenderer;14;0.9090909090909091;0.7272727272727273
org.jfree.chart.renderer.xy.XYAreaRenderer2;10;1.0;0.75
org.jfree.chart.renderer.xy.XYBlockRenderer;14;1.0;0.9166666666666666
org.jfree.chart.renderer.xy.XYBoxAndWhiskerRenderer;21;1.0;0.7368421052631579
org.jfree.chart.renderer.xy.XYBubbleRenderer;5;0.3333333333333333;1.0
org.jfree.chart.renderer.xy.XYDifferenceRenderer;23;0.75;0.75
org.jfree.chart.renderer.xy.XYDotRenderer;12;0.8;0.9
org.jfree.chart.renderer.xy.XYErrorRenderer;16;1.0;0.9285714285714286
org.jfree.chart.renderer.xy.XYItemRendererState;6;1.0;1.0
org.jfree.chart.renderer.xy.XYLine3DRenderer;14;1.0;0.9166666666666666
org.jfree.chart.renderer.xy.XYLineAndShapeRenderer;42;0.8974358974358975;0.7948717948717948
org.jfree.chart.renderer.xy.XYShapeRenderer;23;0.8095238095238095;0.7619047619047619
org.jfree.chart.renderer.xy.XYSplineRenderer;6;1.0;1.0
org.jfree.chart.renderer.xy.XYStepAreaRenderer;15;1.0;0.8181818181818182
org.jfree.chart.renderer.xy.XYStepRenderer;7;1.0;1.0
org.jfree.chart.renderer.xy.YIntervalRenderer;7;1.0;1.0
org.jfree.chart.servlet.ServletUtilities;14;;
org.jfree.chart.text.TextBlock;13;0.8181818181818182;0.7272727272727273
org.jfree.chart.text.TextBox;22;0.9;0.8
org.jfree.chart.text.TextFragment;11;1.0;0.8888888888888888
org.jfree.chart.text.TextLine;9;0.8571428571428571;1.0
org.jfree.chart.text.TextUtilities;19;;
org.jfree.chart.title.CompositeTitle;10;1.0;0.75
org.jfree.chart.title.ImageTitle;8;1.0;1.0
org.jfree.chart.title.LegendGraphic;37;1.0;0.7428571428571429
org.jfree.chart.title.LegendItemBlockContainer;7;1.0;1.0
org.jfree.chart.title.LegendTitle;29;0.8518518518518519;0.7777777777777778
org.jfree.chart.title.PaintScaleLegend;27;1.0;0.8
org.jfree.chart.title.ShortTextTitle;6;;
org.jfree.chart.title.TextTitle;32;1.0;0.7
org.jfree.chart.title.Title;19;1.0;0.8235294117647058
org.jfree.chart.ui.BasicProjectInfo;11;0.7777777777777778;0.7777777777777778
org.jfree.chart.ui.FontChooserPanel;5;;
org.jfree.chart.ui.LCBLayout;7;;
org.jfree.chart.ui.Library;10;1.0;0.875
org.jfree.chart.ui.ProjectInfo;7;1.0;1.0
org.jfree.chart.ui.StrokeSample;5;0.6666666666666666;1.0
org.jfree.chart.urls.CustomCategoryURLGenerator;7;1.0;1.0
org.jfree.chart.urls.CustomPieURLGenerator;7;0.8;0.8
org.jfree.chart.urls.CustomXYURLGenerator;7;1.0;1.0
org.jfree.chart.urls.TimeSeriesURLGenerator;6;1.0;1.0
org.jfree.chart.util.AbstractObjectList;10;;
org.jfree.chart.util.ApplicationFrame;7;;
org.jfree.chart.util.ArrayUtilities;5;;
org.jfree.chart.util.HashUtilities;10;;
org.jfree.chart.util.HexNumberFormat;5;1.0;1.0
org.jfree.chart.util.LogFormat;8;1.0;1.0
org.jfree.chart.util.ObjectUtilities;18;;
org.jfree.chart.util.PaintList;6;1.0;1.0
org.jfree.chart.util.RectangleAnchor;6;0.75;1.0
org.jfree.chart.util.RectangleEdge;8;0.8333333333333334;1.0
org.jfree.chart.util.RectangleInsets;26;1.0;0.875
org.jfree.chart.util.RefineryUtilities;11;;
org.jfree.chart.util.RelativeDateFormat;26;1.0;0.7391304347826086
org.jfree.chart.util.Rotation;5;0.6666666666666666;1.0
org.jfree.chart.util.SerialUtilities;13;;
org.jfree.chart.util.ShapeList;7;1.0;1.0
org.jfree.chart.util.Size2D;7;1.0;1.0
org.jfree.chart.util.StandardGradientPaintTransformer;5;1.0;1.0
org.jfree.chart.util.StrokeList;7;1.0;1.0
org.jfree.data.ComparableObjectItem;7;1.0;1.0
org.jfree.data.ComparableObjectSeries;18;0.875;0.8125
org.jfree.data.DataUtilities;9;;
org.jfree.data.DefaultKeyedValue;7;1.0;1.0
org.jfree.data.DefaultKeyedValues;21;0.8947368421052632;0.7368421052631579
org.jfree.data.DefaultKeyedValues2D;21;0.8947368421052632;0.6842105263157895
org.jfree.data.KeyToGroupMap;10;0.7142857142857143;0.7142857142857143
org.jfree.data.KeyedObject;5;1.0;1.0
org.jfree.data.KeyedObjects;15;0.8461538461538461;0.8461538461538461
org.jfree.data.KeyedObjects2D;21;0.8947368421052632;0.7894736842105263
org.jfree.data.Range;18;0.9333333333333333;0.7333333333333333
org.jfree.data.category.CategoryToPieDataset;11;1.0;0.8888888888888888
org.jfree.data.category.DefaultCategoryDataset;24;0.9090909090909091;0.6363636363636364
org.jfree.data.category.DefaultIntervalCategoryDataset;28;0.92;0.8
org.jfree.data.category.SlidingCategoryDataset;18;0.875;0.9375
org.jfree.data.gantt.SlidingGanttCategoryDataset;32;0.9333333333333333;0.9333333333333333
org.jfree.data.gantt.Task;13;0.8181818181818182;0.9090909090909091
org.jfree.data.gantt.TaskSeries;9;0.5714285714285714;1.0
org.jfree.data.gantt.TaskSeriesCollection;36;0.9411764705882353;0.7647058823529411
org.jfree.data.gantt.XYTaskDataset;29;1.0;0.9629629629629629
org.jfree.data.general.AbstractDataset;11;1.0;0.8888888888888888
org.jfree.data.general.DatasetUtilities;51;;
org.jfree.data.general.DefaultHeatMapDataset;14;1.0;0.9166666666666666
org.jfree.data.general.DefaultKeyedValueDataset;7;0.6;0.8
org.jfree.data.general.DefaultPieDataset;17;1.0;0.6666666666666666
org.jfree.data.general.Series;18;1.0;0.75
org.jfree.data.general.WaferMapDataset;17;1.0;1.0
org.jfree.data.jdbc.JDBCXYDataset;14;0.75;0.9166666666666666
org.jfree.data.statistics.BoxAndWhiskerItem;11;1.0;1.0
org.jfree.data.statistics.DefaultBoxAndWhiskerCategoryDataset;43;0.975609756097561;0.7317073170731707
org.jfree.data.statistics.DefaultBoxAndWhiskerXYDataset;26;0.9166666666666666;0.9166666666666666
org.jfree.data.statistics.DefaultMultiValueCategoryDataset;18;0.9375;0.9375
org.jfree.data.statistics.DefaultStatisticalCategoryDataset;28;0.9230769230769231;0.7692307692307693
org.jfree.data.statistics.HistogramBin;7;0.6;1.0
org.jfree.data.statistics.HistogramDataset;20;0.8888888888888888;0.8888888888888888
org.jfree.data.statistics.MeanAndStandardDeviation;6;1.0;1.0
org.jfree.data.statistics.SimpleHistogramBin;9;1.0;0.8571428571428571
org.jfree.data.statistics.SimpleHistogramDataset;26;0.9166666666666666;0.75
org.jfree.data.statistics.Statistics;13;;
org.jfree.data.time.DateRange;5;1.0;1.0
org.jfree.data.time.Day;17;0.8571428571428571;0.6428571428571429
org.jfree.data.time.DynamicTimeSeriesCollection;38;0.6944444444444444;0.6388888888888888
org.jfree.data.time.FixedMillisecond;14;0.9166666666666666;0.8333333333333334
org.jfree.data.time.Hour;18;0.8666666666666667;0.7333333333333333
org.jfree.data.time.Millisecond;13;0.7272727272727273;0.7272727272727273
org.jfree.data.time.Minute;16;0.8461538461538461;0.7692307692307693
org.jfree.data.time.Month;18;0.8;0.6666666666666666
org.jfree.data.time.MovingAverage;6;;
org.jfree.data.time.Quarter;16;0.7692307692307693;0.6923076923076923
org.jfree.data.time.RegularTimePeriod;15;0.75;0.8333333333333334
org.jfree.data.time.Second;14;0.8181818181818182;0.7272727272727273
org.jfree.data.time.SerialDate;46;0.8604651162790697;0.6046511627906976
org.jfree.data.time.SimpleTimePeriod;7;1.0;0.8
org.jfree.data.time.SpreadsheetDate;18;0.8125;0.75
org.jfree.data.time.TimePeriodValue;7;1.0;1.0
org.jfree.data.time.TimePeriodValues;25;0.9565217391304348;0.6956521739130435
org.jfree.data.time.TimePeriodValuesCollection;20;0.8888888888888888;0.8333333333333334
org.jfree.data.time.TimeSeries;41;1.0;0.6923076923076923
org.jfree.data.time.TimeSeriesCollection;28;0.8461538461538461;0.8076923076923077
org.jfree.data.time.TimeSeriesDataItem;7;1.0;1.0
org.jfree.data.time.TimeSeriesTableModel;8;1.0;1.0
org.jfree.data.time.TimeTableXYDataset;29;0.9259259259259259;0.7407407407407407
org.jfree.data.time.Week;19;0.875;0.6875
org.jfree.data.time.Year;14;0.8181818181818182;0.7272727272727273
org.jfree.data.time.ohlc.OHLC;5;1.0;1.0
org.jfree.data.time.ohlc.OHLCItem;6;;
org.jfree.data.time.ohlc.OHLCSeriesCollection;23;0.9047619047619048;0.8571428571428571
org.jfree.data.xml.ItemHandler;6;1.0;1.0
org.jfree.data.xml.KeyHandler;5;0.6666666666666666;1.0
org.jfree.data.xml.RootHandler;5;0.3333333333333333;1.0
org.jfree.data.xml.ValueHandler;5;0.6666666666666666;1.0
org.jfree.data.xy.CategoryTableXYDataset;25;0.9565217391304348;0.7391304347826086
org.jfree.data.xy.DefaultHighLowDataset;18;1.0;0.9333333333333333
org.jfree.data.xy.DefaultIntervalXYDataset;19;1.0;0.8235294117647058
org.jfree.data.xy.DefaultOHLCDataset;19;1.0;0.8823529411764706
org.jfree.data.xy.DefaultTableXYDataset;34;0.90625;0.6875
org.jfree.data.xy.DefaultXYDataset;14;0.8333333333333334;0.75
org.jfree.data.xy.DefaultXYZDataset;16;0.8571428571428571;0.7142857142857143
org.jfree.data.xy.IntervalXYDelegate;20;1.0;0.7777777777777778
org.jfree.data.xy.MatrixSeries;10;1.0;0.875
org.jfree.data.xy.MatrixSeriesCollection;14;1.0;0.8333333333333334
org.jfree.data.xy.NormalizedMatrixSeries;5;1.0;1.0
org.jfree.data.xy.OHLCDataItem;8;1.0;1.0
org.jfree.data.xy.Vector;6;1.0;1.0
org.jfree.data.xy.VectorDataItem;5;;
org.jfree.data.xy.VectorSeries;7;1.0;1.0
org.jfree.data.xy.VectorSeriesCollection;17;0.8;0.8
org.jfree.data.xy.XIntervalSeries;6;1.0;1.0
org.jfree.data.xy.XIntervalSeriesCollection;19;0.9411764705882353;0.7647058823529411
org.jfree.data.xy.XYBarDataset;21;1.0;0.8947368421052632
org.jfree.data.xy.XYCoordinate;6;1.0;1.0
org.jfree.data.xy.XYDataItem;11;1.0;0.8888888888888888
org.jfree.data.xy.XYDatasetTableModel;8;0.8333333333333334;1.0
org.jfree.data.xy.XYInterval;6;1.0;1.0
org.jfree.data.xy.XYIntervalDataItem;6;;
org.jfree.data.xy.XYIntervalSeries;8;1.0;1.0
org.jfree.data.xy.XYIntervalSeriesCollection;21;0.9473684210526315;0.7894736842105263
org.jfree.data.xy.XYSeries;40;0.8947368421052632;0.6578947368421053
org.jfree.data.xy.XYSeriesCollection;33;0.8387096774193549;0.8387096774193549
org.jfree.data.xy.YIntervalSeries;6;1.0;1.0
org.jfree.data.xy.YIntervalSeriesCollection;19;0.9411764705882353;0.7647058823529411
