file;entities;metric;metric_random
net.sf.jftp.JFtp;39;0.8333333333333334;0.75
net.sf.jftp.event.FtpEventHandler;8;;
net.sf.jftp.gui.DirEntry;17;0.7333333333333333;0.8
net.sf.jftp.gui.DirLister;7;0.5;1.0
net.sf.jftp.gui.DirPanel;11;1.0;0.7777777777777778
net.sf.jftp.gui.DownloadList;12;0.7;0.8
net.sf.jftp.gui.HostChooser;14;0.9090909090909091;0.9090909090909091
net.sf.jftp.gui.HostList;17;0.7857142857142857;0.6428571428571429
net.sf.jftp.gui.LocalDir;24;0.9545454545454546;0.9090909090909091
net.sf.jftp.gui.RemoteDir;22;0.95;1.0
net.sf.jftp.gui.SmbHostChooser;12;0.8888888888888888;0.8888888888888888
net.sf.jftp.gui.StatusPanel;5;0.3333333333333333;1.0
net.sf.jftp.gui.framework.HImageButton;8;1.0;1.0
net.sf.jftp.gui.framework.HTextField;6;0.75;1.0
net.sf.jftp.net.DataConnection;8;0.6666666666666666;1.0
net.sf.jftp.net.FilesystemConnection;28;0.6538461538461539;0.8076923076923077
net.sf.jftp.net.FtpClient;8;0.8333333333333334;1.0
net.sf.jftp.net.FtpServerSocket;32;0.9655172413793104;0.9655172413793104
net.sf.jftp.net.FtpURLConnection;11;0.875;0.875
net.sf.jftp.net.JConnection;8;0.5;0.8333333333333334
net.sf.jftp.net.SmbConnection;30;0.7142857142857143;0.75
net.sf.jftp.net.Transfer;6;0.5;1.0
net.sf.jftp.util.Log;5;;
net.sf.jftp.util.Log4JLogger;12;;
net.sf.jftp.util.StringUtils;10;;
net.sf.jftp.util.SystemLogger;13;;
