file;entities;metric;metric_random
junit.extensions.TestDecorator;5;1.0;1.0
junit.framework.Assert;38;;
junit.framework.ComparisonCompactor;7;;
junit.framework.JUnit4TestAdapter;10;0.625;0.875
junit.framework.JUnit4TestAdapterCache;5;0.5;1.0
junit.framework.TestCase;11;1.0;1.0
junit.framework.TestFailure;6;1.0;1.0
junit.framework.TestResult;17;;
junit.runner.BaseTestRunner;29;0.7307692307692307;0.6153846153846154
junit.textui.ResultPrinter;16;0.9285714285714286;1.0
junit.textui.TestRunner;15;0.8333333333333334;0.6666666666666666
org.junit.Assert;46;;
org.junit.experimental.theories.Theories;6;;
org.junit.experimental.theories.internal.AllMembersSupplier;6;0.75;1.0
org.junit.experimental.theories.internal.Assignments;13;0.7;0.7
org.junit.internal.TextListener;10;0.875;1.0
org.junit.internal.builders.AllDefaultPossibilitiesBuilder;6;;
org.junit.internal.matchers.IsCollectionContaining;6;1.0;1.0
org.junit.internal.runners.ClassRoadie;5;;
org.junit.internal.runners.ErrorReportingRunner;5;0.3333333333333333;1.0
org.junit.internal.runners.JUnit38ClassRunner;6;0.6666666666666666;1.0
org.junit.internal.runners.JUnit4ClassRunner;17;0.6666666666666666;0.8666666666666667
org.junit.internal.runners.MethodRoadie;8;;
org.junit.internal.runners.MethodValidator;6;;
org.junit.internal.runners.TestClass;11;0.8888888888888888;1.0
org.junit.internal.runners.TestMethod;8;0.6666666666666666;1.0
org.junit.internal.runners.model.EachTestNotifier;5;;
org.junit.matchers.JUnitMatchers;8;;
org.junit.runner.JUnitCore;12;0.8888888888888888;0.7777777777777778
org.junit.runner.Request;10;1.0;0.8571428571428571
org.junit.runner.Result;7;1.0;1.0
org.junit.runner.notification.Failure;6;0.75;1.0
org.junit.runner.notification.RunListener;7;;
org.junit.runner.notification.RunNotifier;11;;
org.junit.runners.BlockJUnit4ClassRunner;23;0.8095238095238095;0.8571428571428571
org.junit.runners.ParentRunner;22;0.8;0.8
org.junit.runners.model.FrameworkMethod;13;0.5454545454545454;0.8181818181818182
org.junit.runners.model.RunnerBuilder;6;;
org.junit.runners.model.TestClass;11;0.7777777777777778;0.7777777777777778
