file;entities;metric;metric_random
net.sourceforge.pmd.AbstractDelegateRule;43;0.8048780487804879;0.6341463414634146
net.sourceforge.pmd.AbstractJavaRule;117;0.9912280701754386;0.9824561403508771
net.sourceforge.pmd.AbstractRuleChainVisitor;7;0.8;1.0
net.sourceforge.pmd.CommandLineOptions;19;0.5294117647058824;0.7647058823529411
net.sourceforge.pmd.CommonAbstractRule;61;0.8620689655172413;0.6551724137931034
net.sourceforge.pmd.Report;22;0.7;0.8
net.sourceforge.pmd.RuleContext;12;0.8;1.0
net.sourceforge.pmd.RuleReference;19;0.8125;0.75
net.sourceforge.pmd.RuleSet;31;0.6896551724137931;0.6551724137931034
net.sourceforge.pmd.RuleSetFactory;18;1.0;0.8
net.sourceforge.pmd.RuleSetReference;7;1.0;1.0
net.sourceforge.pmd.RuleSetWriter;16;;
net.sourceforge.pmd.RuleSets;12;0.7;0.8
net.sourceforge.pmd.RuleViolation;14;1.0;1.0
net.sourceforge.pmd.SourceFileSelector;6;;
net.sourceforge.pmd.SourceType;6;1.0;1.0
net.sourceforge.pmd.SourceTypeDiscoverer;5;1.0;1.0
net.sourceforge.pmd.ant.PMDTask;29;0.7037037037037037;0.7037037037037037
net.sourceforge.pmd.cpd.AbstractTokenizer;8;0.6666666666666666;1.0
net.sourceforge.pmd.cpd.CPDTask;15;1.0;0.7692307692307693
net.sourceforge.pmd.cpd.LanguageFactory;5;;
net.sourceforge.pmd.cpd.Match;17;0.8;0.8666666666666667
net.sourceforge.pmd.cpd.MatchAlgorithm;6;0.5;1.0
net.sourceforge.pmd.cpd.MatchCollector;6;0.75;1.0
net.sourceforge.pmd.cpd.TokenEntry;10;0.7142857142857143;0.8571428571428571
net.sourceforge.pmd.cpd.Tokens;6;1.0;1.0
net.sourceforge.pmd.dcd.ClassLoaderUtil;11;;
net.sourceforge.pmd.dcd.DumpNodeVisitor;13;;
net.sourceforge.pmd.dcd.UsageNodeVisitor;8;;
net.sourceforge.pmd.dcd.asm.TypeSignatureVisitor;23;0.9;0.9
net.sourceforge.pmd.dcd.graph.ClassNode;12;0.7;0.8
net.sourceforge.pmd.dcd.graph.ConstructorNode;6;1.0;1.0
net.sourceforge.pmd.dcd.graph.MemberNode;15;0.6153846153846154;0.7692307692307693
net.sourceforge.pmd.dcd.graph.NodeVisitorAdapter;12;;
net.sourceforge.pmd.dcd.graph.UsageGraph;10;0.875;1.0
net.sourceforge.pmd.dcd.graph.UsageGraphBuilder;8;1.0;0.8
net.sourceforge.pmd.dfa.DaaRule;8;;
net.sourceforge.pmd.dfa.DataFlowNode;15;0.9230769230769231;0.8461538461538461
net.sourceforge.pmd.dfa.Linker;8;0.8333333333333334;1.0
net.sourceforge.pmd.dfa.StatementAndBraceFinder;15;;
net.sourceforge.pmd.dfa.Structure;8;0.6666666666666666;1.0
net.sourceforge.pmd.dfa.pathfinder.CurrentPath;12;0.5;1.0
net.sourceforge.pmd.dfa.pathfinder.DAAPathFinder;19;0.8235294117647058;0.9411764705882353
net.sourceforge.pmd.dfa.report.AbstractReportNode;14;0.6666666666666666;0.75
net.sourceforge.pmd.dfa.report.ReportTree;6;0.5;1.0
net.sourceforge.pmd.dfa.variableaccess.VariableAccess;7;0.6;0.8
net.sourceforge.pmd.dfa.variableaccess.VariableAccessVisitor;7;;
net.sourceforge.pmd.jaxen.AttributeAxisIterator;5;1.0;1.0
net.sourceforge.pmd.jaxen.DocumentNavigator;29;0.9629629629629629;1.0
net.sourceforge.pmd.jaxen.NodeIterator;10;1.0;0.875
net.sourceforge.pmd.jsp.ast.JJTJspParserState;11;;
net.sourceforge.pmd.jsp.ast.JspParserVisitorAdapter;22;;
net.sourceforge.pmd.jsp.ast.SimpleNode;5;;
net.sourceforge.pmd.jsp.ast.StartAndEndTagMismatchException;5;;
net.sourceforge.pmd.jsp.rules.AbstractJspRule;29;;
net.sourceforge.pmd.properties.AbstractPMDProperty;20;0.8235294117647058;0.8823529411764706
net.sourceforge.pmd.properties.EnumeratedProperty;6;;
net.sourceforge.pmd.properties.MethodProperty;5;;
net.sourceforge.pmd.properties.StringProperty;6;;
net.sourceforge.pmd.properties.TypeProperty;5;;
net.sourceforge.pmd.renderers.AbstractRenderer;8;0.8333333333333334;1.0
net.sourceforge.pmd.renderers.CSVRenderer;5;;
net.sourceforge.pmd.renderers.HTMLRenderer;8;;
net.sourceforge.pmd.renderers.IDEAJRenderer;7;1.0;1.0
net.sourceforge.pmd.renderers.OnTheFlyRenderer;5;;
net.sourceforge.pmd.renderers.PapariTextRenderer;5;1.0;1.0
net.sourceforge.pmd.renderers.VBHTMLRenderer;5;;
net.sourceforge.pmd.renderers.XMLRenderer;7;;
net.sourceforge.pmd.renderers.XSLTRenderer;5;1.0;1.0
net.sourceforge.pmd.rules.AbstractInefficientZeroCheck;5;0.0;1.0
net.sourceforge.pmd.rules.AbstractPoorMethodCall;6;0.6666666666666666;1.0
net.sourceforge.pmd.rules.AccessorClassGeneration;10;1.0;0.7142857142857143
net.sourceforge.pmd.rules.BeanMembersShouldSerializeRule;6;0.3333333333333333;1.0
net.sourceforge.pmd.rules.CouplingBetweenObjects;11;;
net.sourceforge.pmd.rules.CyclomaticComplexity;12;;
net.sourceforge.pmd.rules.DoubleCheckedLocking;5;1.0;1.0
net.sourceforge.pmd.rules.ImportWrapper;5;1.0;1.0
net.sourceforge.pmd.rules.SimplifyBooleanReturns;10;0.75;1.0
net.sourceforge.pmd.rules.UselessOverridingMethod;8;0.8333333333333334;1.0
net.sourceforge.pmd.rules.VariableNamingConventions;9;0.8571428571428571;1.0
net.sourceforge.pmd.rules.XPathRule;6;0.6666666666666666;1.0
net.sourceforge.pmd.rules.basic.BrokenNullCheck;6;1.0;1.0
net.sourceforge.pmd.rules.codesize.AbstractNcssCount;18;;
net.sourceforge.pmd.rules.codesize.NcssTypeCount;8;;
net.sourceforge.pmd.rules.design.ConfusingTernary;7;1.0;1.0
net.sourceforge.pmd.rules.design.GenericClassCounterRule;9;0.8571428571428571;1.0
net.sourceforge.pmd.rules.design.ImmutableField;6;0.75;1.0
net.sourceforge.pmd.rules.design.NpathComplexity;14;0.9166666666666666;1.0
net.sourceforge.pmd.rules.design.PositionalIteratorRule;5;0.3333333333333333;1.0
net.sourceforge.pmd.rules.design.UseSingleton;5;;
net.sourceforge.pmd.rules.imports.UnusedImportsRule;6;1.0;1.0
net.sourceforge.pmd.rules.junit.AbstractJUnitRule;7;0.8;0.8
net.sourceforge.pmd.rules.strictexception.ExceptionSignatureDeclaration;7;1.0;1.0
net.sourceforge.pmd.rules.strings.ConsecutiveLiteralAppends;10;0.5714285714285714;0.7142857142857143
net.sourceforge.pmd.rules.strings.InsufficientStringBufferDeclaration;11;0.75;0.625
net.sourceforge.pmd.rules.sunsecure.ArrayIsStoredDirectly;6;1.0;1.0
net.sourceforge.pmd.stat.DataPoint;7;1.0;1.0
net.sourceforge.pmd.stat.Metric;7;;
net.sourceforge.pmd.stat.StatisticalRule;8;0.8333333333333334;1.0
net.sourceforge.pmd.symboltable.AbstractScope;11;1.0;0.7777777777777778
net.sourceforge.pmd.symboltable.ClassScope;12;0.9;0.8
net.sourceforge.pmd.symboltable.DummyScope;12;0.9;0.7
net.sourceforge.pmd.symboltable.LocalScope;5;0.6666666666666666;1.0
net.sourceforge.pmd.symboltable.MethodNameDeclaration;7;1.0;1.0
net.sourceforge.pmd.symboltable.MethodScope;7;0.6;1.0
net.sourceforge.pmd.symboltable.NameOccurrence;20;0.7222222222222222;0.7777777777777778
net.sourceforge.pmd.symboltable.ScopeAndDeclarationFinder;21;;
net.sourceforge.pmd.symboltable.SourceFileScope;12;0.8;0.8
net.sourceforge.pmd.symboltable.TypeSet;6;0.5;1.0
net.sourceforge.pmd.symboltable.VariableNameDeclaration;12;1.0;0.8
net.sourceforge.pmd.typeresolution.ClassTypeResolver;50;0.9791666666666666;1.0
net.sourceforge.pmd.typeresolution.rules.SignatureDeclareThrowsException;11;0.5555555555555556;0.7777777777777778
net.sourceforge.pmd.typeresolution.visitors.PMDASMVisitor;17;1.0;1.0
net.sourceforge.pmd.util.CollectionUtil;9;;
net.sourceforge.pmd.util.StringUtil;13;;
net.sourceforge.pmd.util.TypeMap;5;;
net.sourceforge.pmd.util.designer.CodeEditorTextPane;5;1.0;1.0
net.sourceforge.pmd.util.filter.AbstractCompoundFilter;5;0.3333333333333333;1.0
net.sourceforge.pmd.util.filter.Filters;10;;
net.sourceforge.pmd.util.viewer.gui.MainFrame;5;0.5;1.0
net.sourceforge.pmd.util.viewer.model.ASTModel;9;1.0;0.8571428571428571
net.sourceforge.pmd.util.viewer.model.SimpleNodeTreeNodeAdapter;10;1.0;1.0
net.sourceforge.pmd.util.viewer.model.ViewerModel;10;0.75;1.0
