file;entities;metric;metric_random
net.sourceforge.stripes.action.ActionBeanContext;16;1.0;1.0
net.sourceforge.stripes.action.ErrorResolution;5;1.0;1.0
net.sourceforge.stripes.action.FileBean;10;1.0;1.0
net.sourceforge.stripes.action.OnwardResolution;9;0.8571428571428571;0.8571428571428571
net.sourceforge.stripes.action.RedirectResolution;6;0.75;1.0
net.sourceforge.stripes.action.SimpleMessage;6;1.0;1.0
net.sourceforge.stripes.action.StreamingResolution;10;1.0;0.875
net.sourceforge.stripes.ajax.JavaScriptBuilder;15;0.75;0.75
net.sourceforge.stripes.config.BootstrapPropertyResolver;10;0.8571428571428571;0.8571428571428571
net.sourceforge.stripes.config.DefaultConfiguration;38;0.14285714285714285;0.6
net.sourceforge.stripes.config.RuntimeConfiguration;19;;
net.sourceforge.stripes.controller.AnnotatedClassActionResolver;24;0.6666666666666666;0.7142857142857143
net.sourceforge.stripes.controller.DefaultActionBeanPropertyBinder;18;0.6;0.8666666666666667
net.sourceforge.stripes.controller.DefaultObjectFactory;11;0.75;0.875
net.sourceforge.stripes.controller.DispatcherHelper;13;;
net.sourceforge.stripes.controller.DispatcherServlet;14;0.9166666666666666;1.0
net.sourceforge.stripes.controller.DynamicMappingFilter;12;0.5555555555555556;0.7777777777777778
net.sourceforge.stripes.controller.FlashScope;15;0.6666666666666666;0.6666666666666666
net.sourceforge.stripes.controller.NameBasedActionResolver;11;0.875;0.875
net.sourceforge.stripes.controller.ParameterName;7;1.0;1.0
net.sourceforge.stripes.controller.StripesFilter;8;1.0;1.0
net.sourceforge.stripes.controller.UrlBinding;8;1.0;0.8333333333333334
net.sourceforge.stripes.controller.UrlBindingFactory;17;0.7857142857142857;0.7857142857142857
net.sourceforge.stripes.controller.UrlBindingParameter;7;1.0;0.8
net.sourceforge.stripes.controller.multipart.CommonsMultipartWrapper;5;1.0;1.0
net.sourceforge.stripes.controller.multipart.CosMultipartWrapper;5;1.0;1.0
net.sourceforge.stripes.exception.DefaultExceptionHandler;9;0.5;0.8333333333333334
net.sourceforge.stripes.format.DateFormatter;10;0.8571428571428571;1.0
net.sourceforge.stripes.format.DefaultFormatterFactory;6;0.6666666666666666;1.0
net.sourceforge.stripes.format.EnumFormatter;5;1.0;1.0
net.sourceforge.stripes.format.NumberFormatter;8;1.0;1.0
net.sourceforge.stripes.format.ObjectFormatter;5;1.0;1.0
net.sourceforge.stripes.integration.spring.SpringHelper;7;;
net.sourceforge.stripes.localization.DefaultLocalizationBundleFactory;5;1.0;1.0
net.sourceforge.stripes.mock.MockBaseConfig;6;0.75;1.0
net.sourceforge.stripes.mock.MockHttpServletRequest;72;0.9285714285714286;0.9285714285714286
net.sourceforge.stripes.mock.MockHttpServletResponse;40;0.6842105263157895;0.6842105263157895
net.sourceforge.stripes.mock.MockHttpSession;18;0.9375;0.875
net.sourceforge.stripes.mock.MockRoundtrip;22;0.8421052631578947;0.6842105263157895
net.sourceforge.stripes.mock.MockServletContext;32;0.7333333333333333;0.7
net.sourceforge.stripes.tag.DefaultPopulationStrategy;7;1.0;1.0
net.sourceforge.stripes.tag.ErrorsTag;15;0.9230769230769231;0.8461538461538461
net.sourceforge.stripes.tag.FormTag;45;0.8604651162790697;0.6976744186046512
net.sourceforge.stripes.tag.FormatTag;10;1.0;0.875
net.sourceforge.stripes.tag.HtmlTagSupport;60;0.9310344827586207;0.8620689655172413
net.sourceforge.stripes.tag.InputButtonSupportTag;6;1.0;1.0
net.sourceforge.stripes.tag.InputCheckBoxTag;9;0.7142857142857143;1.0
net.sourceforge.stripes.tag.InputHiddenTag;6;1.0;1.0
net.sourceforge.stripes.tag.InputImageTag;10;1.0;1.0
net.sourceforge.stripes.tag.InputLabelTag;9;1.0;1.0
net.sourceforge.stripes.tag.InputOptionTag;11;1.0;0.7777777777777778
net.sourceforge.stripes.tag.InputOptionsCollectionTag;17;0.9333333333333333;0.8666666666666667
net.sourceforge.stripes.tag.InputRadioButtonTag;9;0.7142857142857143;0.8571428571428571
net.sourceforge.stripes.tag.InputSelectTag;11;1.0;0.8888888888888888
net.sourceforge.stripes.tag.InputTagSupport;35;0.7878787878787878;0.7272727272727273
net.sourceforge.stripes.tag.InputTextAreaTag;10;1.0;1.0
net.sourceforge.stripes.tag.InputTextTag;9;1.0;1.0
net.sourceforge.stripes.tag.LinkTag;24;1.0;0.8181818181818182
net.sourceforge.stripes.tag.LinkTagSupport;17;0.7333333333333333;0.8666666666666667
net.sourceforge.stripes.tag.MessagesTag;5;1.0;1.0
net.sourceforge.stripes.tag.ParamTag;14;0.9166666666666666;0.8333333333333334
net.sourceforge.stripes.tag.StripesTagSupport;13;0.9090909090909091;0.8181818181818182
net.sourceforge.stripes.tag.UrlTag;10;1.0;0.875
net.sourceforge.stripes.tag.UseActionBeanTag;17;1.0;1.0
net.sourceforge.stripes.tag.VarTagSupport;5;1.0;1.0
net.sourceforge.stripes.tag.WizardFieldsTag;10;0.875;0.875
net.sourceforge.stripes.tag.layout.LayoutComponentRenderer;6;0.75;1.0
net.sourceforge.stripes.tag.layout.LayoutComponentTag;8;1.0;1.0
net.sourceforge.stripes.tag.layout.LayoutRenderTag;8;1.0;1.0
net.sourceforge.stripes.tag.layout.LayoutTag;7;1.0;1.0
net.sourceforge.stripes.tag.layout.LayoutWriter;10;1.0;0.75
net.sourceforge.stripes.util.CollectionUtil;6;;
net.sourceforge.stripes.util.ConcurrentHashSet;13;0.9090909090909091;1.0
net.sourceforge.stripes.util.CryptoUtil;9;;
net.sourceforge.stripes.util.Literal;12;;
net.sourceforge.stripes.util.Log4JLogger;19;1.0;0.8823529411764706
net.sourceforge.stripes.util.Range;9;1.0;0.8571428571428571
net.sourceforge.stripes.util.ReflectUtil;14;;
net.sourceforge.stripes.util.ResolverUtil;8;0.6666666666666666;0.6666666666666666
net.sourceforge.stripes.util.StringUtil;5;;
net.sourceforge.stripes.util.TypeHandlerCache;14;0.8333333333333334;0.8333333333333334
net.sourceforge.stripes.util.UrlBuilder;14;0.5833333333333334;0.75
net.sourceforge.stripes.util.bean.BeanUtil;5;;
net.sourceforge.stripes.util.bean.Node;8;1.0;1.0
net.sourceforge.stripes.util.bean.NodeEvaluation;14;;
net.sourceforge.stripes.util.bean.PropertyExpression;6;1.0;1.0
net.sourceforge.stripes.util.bean.PropertyExpressionEvaluation;17;0.4666666666666667;0.7333333333333333
net.sourceforge.stripes.validation.CreditCardTypeConverter;5;1.0;1.0
net.sourceforge.stripes.validation.DefaultTypeConverterFactory;6;0.6666666666666666;1.0
net.sourceforge.stripes.validation.DefaultValidationMetadataProvider;9;0.6666666666666666;1.0
net.sourceforge.stripes.validation.NumberTypeConverterSupport;5;1.0;1.0
net.sourceforge.stripes.validation.OneToManyTypeConverter;5;0.6666666666666666;1.0
net.sourceforge.stripes.validation.ScopedLocalizableError;5;1.0;1.0
net.sourceforge.stripes.validation.SimpleError;13;0.8;0.8
net.sourceforge.stripes.validation.ValidationErrors;7;;
net.sourceforge.stripes.validation.ValidationMetadata;29;1.0;0.9629629629629629
net.sourceforge.stripes.vfs.DefaultVFS;7;0.8;1.0
net.sourceforge.stripes.vfs.JBoss6VFS;6;1.0;1.0
net.sourceforge.stripes.vfs.VFS;9;1.0;0.8333333333333334
