file;entities;metric;metric_random
com.eteks.sweethome3d.HomeFramePane;5;0.6666666666666666;1.0
com.eteks.sweethome3d.SweetHome3D;21;0.8235294117647058;0.5882352941176471
com.eteks.sweethome3d.applet.AppletApplication;19;0.8125;0.8125
com.eteks.sweethome3d.applet.AppletContentManager;5;1.0;1.0
com.eteks.sweethome3d.applet.AppletUserPreferences;14;0.75;1.0
com.eteks.sweethome3d.applet.HomeAppletController;5;;
com.eteks.sweethome3d.applet.SweetHome3DApplet;9;0.6666666666666666;0.8333333333333334
com.eteks.sweethome3d.applet.SweetHome3DViewer;6;0.6666666666666666;1.0
com.eteks.sweethome3d.applet.ViewerHelper;6;0.3333333333333333;1.0
com.eteks.sweethome3d.io.AutoRecoveryManager;8;0.6666666666666666;0.8333333333333334
com.eteks.sweethome3d.io.DefaultFurnitureCatalog;13;1.0;0.8181818181818182
com.eteks.sweethome3d.io.DefaultHomeOutputStream;7;0.75;1.0
com.eteks.sweethome3d.io.DefaultTexturesCatalog;6;1.0;1.0
com.eteks.sweethome3d.io.DefaultUserPreferences;7;;
com.eteks.sweethome3d.io.FileUserPreferences;35;0.7878787878787878;0.6666666666666666
com.eteks.sweethome3d.j3d.Component3DManager;9;1.0;1.0
com.eteks.sweethome3d.j3d.DAELoader;5;;
com.eteks.sweethome3d.j3d.HomePieceOfFurniture3D;22;0.7;0.65
com.eteks.sweethome3d.j3d.ModelManager;25;0.6818181818181818;0.6363636363636364
com.eteks.sweethome3d.j3d.OBJLoader;15;0.75;0.8333333333333334
com.eteks.sweethome3d.j3d.OBJMaterial;10;1.0;1.0
com.eteks.sweethome3d.j3d.OBJWriter;25;1.0;0.9565217391304348
com.eteks.sweethome3d.j3d.PhotoRenderer;18;0.8125;0.8125
com.eteks.sweethome3d.j3d.Room3D;9;0.8571428571428571;1.0
com.eteks.sweethome3d.j3d.TextureManager;10;0.7142857142857143;0.7142857142857143
com.eteks.sweethome3d.j3d.Wall3D;16;0.7857142857142857;0.7857142857142857
com.eteks.sweethome3d.model.BackgroundImage;11;0.8888888888888888;1.0
com.eteks.sweethome3d.model.Camera;26;0.8695652173913043;0.7391304347826086
com.eteks.sweethome3d.model.CatalogPieceOfFurniture;30;0.9285714285714286;0.9285714285714286
com.eteks.sweethome3d.model.CatalogTexture;12;1.0;0.9
com.eteks.sweethome3d.model.Compass;30;0.8888888888888888;0.6666666666666666
com.eteks.sweethome3d.model.DimensionLine;26;0.7916666666666666;0.7083333333333334
com.eteks.sweethome3d.model.FurnitureCatalog;9;0.7142857142857143;1.0
com.eteks.sweethome3d.model.FurnitureCategory;10;0.75;0.75
com.eteks.sweethome3d.model.Home;79;0.76;0.52
com.eteks.sweethome3d.model.HomeApplication;11;0.7777777777777778;0.8888888888888888
com.eteks.sweethome3d.model.HomeDoorOrWindow;11;1.0;1.0
com.eteks.sweethome3d.model.HomeEnvironment;40;0.9736842105263158;0.8421052631578947
com.eteks.sweethome3d.model.HomeFurnitureGroup;35;0.9090909090909091;0.9090909090909091
com.eteks.sweethome3d.model.HomeLight;7;0.8;0.8
com.eteks.sweethome3d.model.HomePrint;13;;
com.eteks.sweethome3d.model.HomeTexture;6;1.0;1.0
com.eteks.sweethome3d.model.Label;16;0.9285714285714286;0.7142857142857143
com.eteks.sweethome3d.model.LightSource;5;;
com.eteks.sweethome3d.model.ObserverCamera;14;0.8333333333333334;0.8333333333333334
com.eteks.sweethome3d.model.Room;59;0.8070175438596491;0.7543859649122807
com.eteks.sweethome3d.model.Sash;5;;
com.eteks.sweethome3d.model.TextStyle;10;0.625;0.875
com.eteks.sweethome3d.model.TexturesCatalog;9;0.7142857142857143;0.8571428571428571
com.eteks.sweethome3d.model.TexturesCategory;10;0.75;0.75
com.eteks.sweethome3d.model.UserPreferences;57;0.9454545454545454;0.7818181818181819
com.eteks.sweethome3d.model.Wall;58;0.8727272727272727;0.7636363636363637
com.eteks.sweethome3d.plugin.Plugin;20;0.9444444444444444;0.9444444444444444
com.eteks.sweethome3d.plugin.PluginAction;9;0.2857142857142857;0.8571428571428571
com.eteks.sweethome3d.plugin.PluginManager;8;0.8333333333333334;1.0
com.eteks.sweethome3d.swing.BackgroundImageWizardStepsPanel;11;0.6666666666666666;0.8888888888888888
com.eteks.sweethome3d.swing.FileContentManager;11;0.7777777777777778;1.0
com.eteks.sweethome3d.swing.FurnitureCatalogListPanel;11;0.7777777777777778;1.0
com.eteks.sweethome3d.swing.FurnitureCatalogTransferHandler;5;1.0;1.0
com.eteks.sweethome3d.swing.FurnitureCatalogTree;6;0.5;0.75
com.eteks.sweethome3d.swing.FurnitureTable;13;1.0;0.9090909090909091
com.eteks.sweethome3d.swing.FurnitureTransferHandler;5;1.0;1.0
com.eteks.sweethome3d.swing.HelpPane;14;0.8333333333333334;0.8333333333333334
com.eteks.sweethome3d.swing.Home3DAttributesPanel;6;0.75;1.0
com.eteks.sweethome3d.swing.HomeComponent3D;41;0.8717948717948718;0.9230769230769231
com.eteks.sweethome3d.swing.HomeFurniturePanel;7;0.8;1.0
com.eteks.sweethome3d.swing.HomePrintableComponent;8;0.4;1.0
com.eteks.sweethome3d.swing.IconManager;11;0.875;0.875
com.eteks.sweethome3d.swing.ImportedFurnitureWizardStepsPanel;19;0.6470588235294118;0.8235294117647058
com.eteks.sweethome3d.swing.ImportedTextureWizardStepsPanel;13;0.7272727272727273;0.9090909090909091
com.eteks.sweethome3d.swing.LocatedTransferHandler;8;1.0;1.0
com.eteks.sweethome3d.swing.ModelPreviewComponent;31;0.8620689655172413;0.7931034482758621
com.eteks.sweethome3d.swing.NullableCheckBox;14;1.0;1.0
com.eteks.sweethome3d.swing.PageSetupPanel;8;0.8333333333333334;1.0
com.eteks.sweethome3d.swing.PhotoPanel;15;0.7692307692307693;0.8461538461538461
com.eteks.sweethome3d.swing.PlanComponent;119;0.7155172413793104;0.603448275862069
com.eteks.sweethome3d.swing.PlanTransferHandler;11;0.8888888888888888;0.8888888888888888
com.eteks.sweethome3d.swing.PrintPreviewPanel;7;;
com.eteks.sweethome3d.swing.ProportionalLayout;10;0.875;0.875
com.eteks.sweethome3d.swing.RoomPanel;9;0.8571428571428571;1.0
com.eteks.sweethome3d.swing.ScaledImageComponent;8;0.8333333333333334;1.0
com.eteks.sweethome3d.swing.SwingViewFactory;23;;
com.eteks.sweethome3d.swing.ThreadedTaskPanel;6;0.5;1.0
com.eteks.sweethome3d.swing.UserPreferencesPanel;5;0.6666666666666666;1.0
com.eteks.sweethome3d.swing.VideoPanel;27;0.84;0.88
com.eteks.sweethome3d.swing.WallPanel;10;0.875;1.0
com.eteks.sweethome3d.swing.WizardPane;5;;
com.eteks.sweethome3d.tools.ExtensionsClassLoader;5;;
com.eteks.sweethome3d.tools.OperatingSystem;8;;
com.eteks.sweethome3d.tools.URLContent;7;0.6;1.0
com.eteks.sweethome3d.viewcontroller.BackgroundImageWizardController;20;0.8888888888888888;0.8888888888888888
com.eteks.sweethome3d.viewcontroller.CompassController;23;0.9;0.75
com.eteks.sweethome3d.viewcontroller.FurnitureCatalogController;11;0.7777777777777778;0.7777777777777778
com.eteks.sweethome3d.viewcontroller.FurnitureController;40;0.7105263157894737;0.6578947368421053
com.eteks.sweethome3d.viewcontroller.HelpController;23;0.7142857142857143;0.6666666666666666
com.eteks.sweethome3d.viewcontroller.Home3DAttributesController;25;0.9090909090909091;0.8181818181818182
com.eteks.sweethome3d.viewcontroller.HomeController;86;0.9285714285714286;0.8333333333333334
com.eteks.sweethome3d.viewcontroller.HomeController3D;13;0.7272727272727273;0.9090909090909091
com.eteks.sweethome3d.viewcontroller.HomeFurnitureController;56;0.9622641509433962;0.8490566037735849
com.eteks.sweethome3d.viewcontroller.ImportedFurnitureWizardController;43;0.9512195121951219;0.9024390243902439
com.eteks.sweethome3d.viewcontroller.ImportedTextureWizardController;21;0.8947368421052632;0.8947368421052632
com.eteks.sweethome3d.viewcontroller.LabelController;14;0.45454545454545453;0.45454545454545453
com.eteks.sweethome3d.viewcontroller.PageSetupController;7;0.6;1.0
com.eteks.sweethome3d.viewcontroller.PhotoController;27;0.8;0.8
com.eteks.sweethome3d.viewcontroller.PlanController;183;0.8287292817679558;0.5911602209944752
com.eteks.sweethome3d.viewcontroller.RoomController;30;0.9259259259259259;0.7777777777777778
com.eteks.sweethome3d.viewcontroller.TextureChoiceController;10;0.75;0.875
com.eteks.sweethome3d.viewcontroller.UserPreferencesController;36;0.9411764705882353;0.8235294117647058
com.eteks.sweethome3d.viewcontroller.VideoController;26;0.875;0.8333333333333334
com.eteks.sweethome3d.viewcontroller.WallController;53;0.88;0.76
com.eteks.sweethome3d.viewcontroller.WizardController;23;0.9047619047619048;0.7142857142857143
