file;entities;metric;metric_random
blogthisplugin.BlogSettings;5;;
blogthisplugin.BlogSettingsTab;5;1.0;1.0
blogthisplugin.BlogThisPlugin;19;0.5;0.6875
calendarexportplugin.CalendarExportPlugin;30;0.5185185185185185;0.5555555555555556
calendarexportplugin.CalendarExportSettings;30;;
calendarexportplugin.CalendarSettingsTab;5;1.0;1.0
calendarexportplugin.exporter.AppleSettingsDialog;5;;
calendarexportplugin.exporter.AppleiCalExporter;5;0.3333333333333333;1.0
calendarexportplugin.exporter.CalExporter;5;0.6666666666666666;1.0
calendarexportplugin.exporter.ExporterFactory;6;1.0;1.0
calendarexportplugin.exporter.GoogleExporter;9;0.8571428571428571;1.0
calendarexportplugin.exporter.GoogleSettingsDialog;8;;
calendarexportplugin.exporter.OutlookExporter;5;0.5;1.0
calendarexportplugin.utils.AbstractCalFile;7;;
calendarexportplugin.utils.ICalFile;6;;
calendarexportplugin.utils.VCalFile;6;;
captureplugin.CapturePlugin;26;0.5217391304347826;0.6086956521739131
captureplugin.CapturePluginData;7;0.6;0.8
captureplugin.drivers.DeviceCreatorDialog;5;0.6666666666666666;1.0
captureplugin.drivers.defaultdriver.AdditionalParams;13;;
captureplugin.drivers.defaultdriver.CaptureExecute;8;0.8333333333333334;1.0
captureplugin.drivers.defaultdriver.CaptureParamLibrary;12;1.0;1.0
captureplugin.drivers.defaultdriver.DefaultDevice;22;0.45;0.75
captureplugin.drivers.defaultdriver.DefaultKonfigurator;5;0.6666666666666666;1.0
captureplugin.drivers.defaultdriver.DeviceConfig;56;0.8703703703703703;0.8703703703703703
captureplugin.drivers.defaultdriver.ParamEntry;9;0.7142857142857143;1.0
captureplugin.drivers.defaultdriver.ProgramTimeList;10;0.5;0.75
captureplugin.drivers.defaultdriver.Variable;6;1.0;1.0
captureplugin.drivers.defaultdriver.configpanels.ChannelTableModel;8;1.0;1.0
captureplugin.drivers.defaultdriver.configpanels.VariableTableModel;6;;
captureplugin.drivers.dreambox.DreamboxConfig;35;0.8484848484848485;0.8484848484848485
captureplugin.drivers.dreambox.DreamboxConfigDialog;9;0.7142857142857143;1.0
captureplugin.drivers.dreambox.DreamboxDevice;21;0.5789473684210527;0.7368421052631579
captureplugin.drivers.dreambox.connector.DreamboxChannel;5;1.0;1.0
captureplugin.drivers.dreambox.connector.DreamboxConnector;13;0.6363636363636364;0.7272727272727273
captureplugin.drivers.dreambox.connector.DreamboxStateHandler;5;1.0;1.0
captureplugin.drivers.elgatodriver.ElgatoConnection;6;1.0;1.0
captureplugin.drivers.simpledevice.SimpleChannel;9;1.0;0.8571428571428571
captureplugin.drivers.simpledevice.SimpleConfig;11;0.7777777777777778;0.8888888888888888
captureplugin.drivers.simpledevice.SimpleDevice;23;0.6190476190476191;0.7619047619047619
captureplugin.drivers.thetubedriver.TheTubeConnection;5;1.0;1.0
captureplugin.drivers.topfield.TopfieldChannelTableModel;7;;
captureplugin.drivers.topfield.TopfieldConfiguration;38;0.9166666666666666;0.8888888888888888
captureplugin.drivers.topfield.TopfieldConfigurationDialog;38;0.8285714285714286;0.7714285714285715
captureplugin.drivers.topfield.TopfieldDevice;20;0.8333333333333334;0.7222222222222222
captureplugin.drivers.topfield.TopfieldServiceInfo;16;0.9230769230769231;0.7692307692307693
captureplugin.drivers.topfield.TopfieldTimerEntry;7;1.0;1.0
captureplugin.drivers.topfield.connector.TopfieldConnector;11;0.8888888888888888;1.0
captureplugin.drivers.utils.ProgramTime;19;0.7058823529411765;0.8235294117647058
captureplugin.tabs.DevicePanel;7;;
captureplugin.tabs.DeviceTableModel;7;1.0;1.0
captureplugin.utils.ConfigTableModel;7;;
captureplugin.utils.ExternalChannelTableCellEditor;5;0.6666666666666666;1.0
clipboardplugin.ClipboardPlugin;21;0.3888888888888889;0.6111111111111112
devplugin.AbstractTvDataService;30;0.6666666666666666;0.5925925925925926
devplugin.ActionMenu;5;0.6666666666666666;1.0
devplugin.ButtonAction;6;1.0;1.0
devplugin.Channel;49;0.6956521739130435;0.717391304347826
devplugin.ChannelGroupImpl;6;1.0;1.0
devplugin.ContextMenuSeparatorAction;7;1.0;1.0
devplugin.Date;31;0.8214285714285714;0.5357142857142857
devplugin.Plugin;56;0.7735849056603774;0.5660377358490566
devplugin.PluginInfo;7;1.0;1.0
devplugin.PluginsFilterComponent;8;0.6666666666666666;0.8333333333333334
devplugin.ProgramFieldType;13;0.8;0.8
devplugin.ProgramInfoHelper;6;;
devplugin.ProgramItem;10;0.625;0.875
devplugin.ThemeIcon;5;1.0;1.0
devplugin.Version;9;0.8571428571428571;0.7142857142857143
dreamboxdataservice.DreamboxChannelHandler;6;0.5;1.0
dreamboxdataservice.DreamboxDataService;18;0.7333333333333333;0.6666666666666666
emailplugin.EMailPlugin;20;0.47058823529411764;0.5882352941176471
emailplugin.EMailSettings;8;;
emailplugin.EMailSettingsTab;6;1.0;1.0
emailplugin.MailCreator;7;0.8;1.0
genreplugin.GenrePlugin;22;0.6842105263157895;0.7894736842105263
genreplugin.GenreSettings;6;;
genreplugin.GenreSettingsTab;5;0.6666666666666666;1.0
growlplugin.GrowlPlugin;13;0.4;0.6
i18nplugin.AbstractHierarchicalNode;9;0.7142857142857143;1.0
i18nplugin.I18NPlugin;9;0.8333333333333334;0.6666666666666666
i18nplugin.PropertiesEntryNode;9;0.2857142857142857;1.0
i18nplugin.PropertiesNode;12;0.8;0.8
i18nplugin.TranslationDialog;9;0.8571428571428571;1.0
i18nplugin.TranslationNode;5;0.3333333333333333;1.0
i18nplugin.TranslatorEditor;6;0.25;1.0
knotifyplugin.KNotifyPlugin;12;0.4444444444444444;0.7777777777777778
listviewplugin.ListTable;7;0.8;1.0
listviewplugin.ListTableModel;12;0.9;0.8
listviewplugin.ListViewDialog;14;0.5833333333333334;0.8333333333333334
listviewplugin.ListViewPlugin;11;0.625;0.625
newsplugin.News;7;0.75;0.75
newsplugin.NewsDialog;6;1.0;0.75
newsplugin.NewsPlugin;10;0.2857142857142857;0.7142857142857143
primarydatamanager.DayProgramFileTranslator;6;;
primarydatamanager.DayProgramMapper;6;1.0;1.0
primarydatamanager.PDSRunner;6;0.6666666666666666;1.0
primarydatamanager.PrimaryDataManager;14;0.8181818181818182;0.9090909090909091
primarydatamanager.RawDataProcessor;15;0.6666666666666666;0.9166666666666666
primarydatamanager.mirrorupdater.MirrorUpdater;12;0.8888888888888888;0.8888888888888888
primarydatamanager.mirrorupdater.config.PropertiesConfiguration;7;;
primarydatamanager.mirrorupdater.data.FtpDataTarget;6;;
primarydatamanager.primarydataservice.AbstractPrimaryDataService;10;0.8571428571428571;0.7142857142857143
primarydatamanager.primarydataservice.HTMLFilterReader;9;;
primarydatamanager.primarydataservice.MeasuringInputStream;10;1.0;1.0
primarydatamanager.primarydataservice.ProgramFrameDispatcher;7;0.6;1.0
primarydatamanager.primarydataservice.util.RtfFilterReader;8;0.8333333333333334;1.0
primarydatamanager.primarydataservice.util.html2txt.Html2TxtConverter;7;1.0;1.0
primarydatamanager.primarydataservice.util.htmlparser.HTMLParser;8;0.8;0.8
primarydatamanager.primarydataservice.util.htmlparser.Tag;20;0.8235294117647058;0.6470588235294118
primarydatamanager.primarydataservice.util.httpsession.HttpSession;9;0.7142857142857143;0.8571428571428571
primarydatamanager.tvlistingstool.HtmlMirrorVisualizer;6;;
printplugin.PrintPlugin;29;0.6923076923076923;0.6923076923076923
printplugin.dlgs.SettingsDialog;5;1.0;1.0
printplugin.dlgs.components.DateRangePanel;5;1.0;1.0
printplugin.dlgs.components.FontsDialog;5;1.0;1.0
printplugin.dlgs.components.ProgramPreviewPanel;8;0.8333333333333334;1.0
printplugin.dlgs.printdayprogramsdialog.LayoutTab;6;0.75;0.75
printplugin.dlgs.printdayprogramsdialog.ListingsTab;10;;
printplugin.dlgs.printdayprogramsdialog.PrintDayProgramsDialogContent;7;0.8;1.0
printplugin.dlgs.printfromqueuedialog.PrintFromQueueDialogContent;7;0.8;1.0
printplugin.printer.AbstractPrintJob;5;0.6666666666666666;1.0
printplugin.printer.JobFactory;6;;
printplugin.printer.ProgramItem;8;1.0;1.0
printplugin.printer.singleprogramprinter.DocumentRenderer;9;1.0;1.0
printplugin.settings.DayProgramPrinterSettings;9;;
printplugin.settings.MutableProgramIconSettings;18;;
printplugin.settings.PrinterProgramIconSettings;11;1.0;0.8888888888888888
printplugin.settings.ProgramInfoPrintSettings;12;1.0;0.8888888888888888
printplugin.settings.Scheme;7;0.8;1.0
programlistplugin.ProgramListPlugin;14;0.5454545454545454;0.8181818181818182
programlistplugin.ProgramListSettings;6;;
radiotimesdataservice.RadioTimesDataService;14;0.6363636363636364;0.8181818181818182
radiotimesdataservice.RadioTimesFileParser;8;0.6;0.8
schedulesdirectdataservice.SchedulesDirectDataService;21;0.6111111111111112;0.7777777777777778
simplemarkerplugin.ManagePanel;6;1.0;1.0
simplemarkerplugin.MarkList;28;0.6153846153846154;0.7307692307692307
simplemarkerplugin.MarkListFilterComponent;7;0.6;1.0
simplemarkerplugin.MarkListsVector;9;0.7142857142857143;0.8571428571428571
simplemarkerplugin.SimpleMarkerPlugin;42;0.5384615384615384;0.5384615384615384
simplemarkerplugin.SimpleMarkerPluginSettingsTab;16;0.9285714285714286;0.8571428571428571
simplemarkerplugin.SimpleMarkerSettings;12;0.4;0.7
simplemarkerplugin.table.MarkListTableModel;8;1.0;1.0
swedbtvdataservice.DataHydraChannelContainer;13;0.9090909090909091;1.0
swedbtvdataservice.DataHydraChannelGroup;7;1.0;1.0
swedbtvdataservice.DataHydraDayParser;15;0.75;0.9166666666666666
swedbtvdataservice.SweDBTvDataService;22;0.5;0.6666666666666666
tvbrowser.core.ChannelList;40;;
tvbrowser.core.PluginLoader;22;0.7368421052631579;0.6842105263157895
tvbrowser.core.TvDataBase;40;0.6486486486486487;0.6756756756756757
tvbrowser.core.TvDataInventory;7;1.0;1.0
tvbrowser.core.TvDataUpdater;14;0.9090909090909091;0.9090909090909091
tvbrowser.core.contextmenu.ContextMenuManager;15;0.9090909090909091;0.9090909090909091
tvbrowser.core.data.OnDemandDayProgramFile;13;0.8181818181818182;0.8181818181818182
tvbrowser.core.filters.AudioDescriptionFilter;5;0.6666666666666666;1.0
tvbrowser.core.filters.FilterComponentList;10;0.7142857142857143;0.7142857142857143
tvbrowser.core.filters.FilterList;16;0.5384615384615384;0.6923076923076923
tvbrowser.core.filters.FilterManagerImpl;9;0.8333333333333334;0.8333333333333334
tvbrowser.core.filters.PluginFilter;5;0.6666666666666666;1.0
tvbrowser.core.filters.SubtitleFilter;5;0.6666666666666666;1.0
tvbrowser.core.filters.filtercomponents.AgeLimitFilterComponent;7;0.8;1.0
tvbrowser.core.filters.filtercomponents.BeanShellFilterComponent;9;0.7142857142857143;1.0
tvbrowser.core.filters.filtercomponents.ChannelFilterComponent;8;0.6666666666666666;0.6666666666666666
tvbrowser.core.filters.filtercomponents.DateFilterComponent;7;0.8;1.0
tvbrowser.core.filters.filtercomponents.DayFilterComponent;7;0.6;1.0
tvbrowser.core.filters.filtercomponents.FavoritesFilterComponent;7;0.4;0.8
tvbrowser.core.filters.filtercomponents.KeywordFilterComponent;8;0.3333333333333333;1.0
tvbrowser.core.filters.filtercomponents.MassFilterComponent;9;0.7142857142857143;1.0
tvbrowser.core.filters.filtercomponents.PluginFilterComponent;8;0.6666666666666666;1.0
tvbrowser.core.filters.filtercomponents.PluginIconFilterComponent;7;0.6;0.8
tvbrowser.core.filters.filtercomponents.ProgramInfoFilterComponent;8;0.6666666666666666;1.0
tvbrowser.core.filters.filtercomponents.ProgramLengthFilterComponent;7;0.6;1.0
tvbrowser.core.filters.filtercomponents.ProgramMarkingPriorityFilterComponent;7;0.8;1.0
tvbrowser.core.filters.filtercomponents.ProgramRunningFilterComponent;8;0.6666666666666666;1.0
tvbrowser.core.filters.filtercomponents.ProgramTypeFilterComponent;7;0.8;1.0
tvbrowser.core.filters.filtercomponents.ReminderFilterComponent;7;0.4;1.0
tvbrowser.core.filters.filtercomponents.TimeFilterComponent;9;0.7142857142857143;0.7142857142857143
tvbrowser.core.icontheme.Directory;14;;
tvbrowser.core.icontheme.IconLoader;11;0.75;0.875
tvbrowser.core.icontheme.IconTheme;14;0.6666666666666666;0.75
tvbrowser.core.plugin.AbstractPluginProxy;70;0.5294117647058824;0.6470588235294118
tvbrowser.core.plugin.ActionProxy;7;0.6;1.0
tvbrowser.core.plugin.BeanShellPluginProxy;37;0.7428571428571429;0.8285714285714286
tvbrowser.core.plugin.JavaPluginProxy;38;0.8857142857142857;0.7714285714285715
tvbrowser.core.plugin.PluginManagerImpl;45;0.6428571428571429;0.6190476190476191
tvbrowser.core.plugin.PluginProxyManager;44;0.775;0.65
tvbrowser.core.plugin.SettingsTabProxy;5;0.6666666666666666;1.0
tvbrowser.core.plugin.programformating.GlobalPluginProgramFormating;12;0.8888888888888888;0.7777777777777778
tvbrowser.core.plugin.programformating.GlobalPluginProgramFormatingManager;8;0.6;1.0
tvbrowser.core.search.AbstractSearcher;7;0.75;1.0
tvbrowser.core.tvdataservice.AbstractTvDataServiceProxy;7;0.8;1.0
tvbrowser.core.tvdataservice.ChannelGroupManager;10;0.7142857142857143;0.7142857142857143
tvbrowser.core.tvdataservice.DefaultTvDataServiceProxy;23;0.7142857142857143;0.6666666666666666
tvbrowser.core.tvdataservice.TvDataServiceProxyManager;14;0.7;0.9
tvbrowser.extras.common.AbstractInternalPluginProxy;5;0.6666666666666666;1.0
tvbrowser.extras.common.ChannelItem;5;0.6666666666666666;1.0
tvbrowser.extras.common.LimitationConfiguration;12;1.0;1.0
tvbrowser.extras.favoritesplugin.ContextMenuProvider;11;1.0;0.8888888888888888
tvbrowser.extras.favoritesplugin.FavoritesPlugin;58;0.5818181818181818;0.5272727272727272
tvbrowser.extras.favoritesplugin.FavoritesPluginProxy;20;0.5882352941176471;0.7058823529411765
tvbrowser.extras.favoritesplugin.FavoritesSettingTab;5;1.0;1.0
tvbrowser.extras.favoritesplugin.core.ActorsFavorite;7;0.4;1.0
tvbrowser.extras.favoritesplugin.core.AdvancedFavorite;10;0.5714285714285714;0.8571428571428571
tvbrowser.extras.favoritesplugin.core.Exclusion;10;1.0;0.875
tvbrowser.extras.favoritesplugin.core.Favorite;53;0.6666666666666666;0.6470588235294118
tvbrowser.extras.favoritesplugin.dlgs.EditFavoriteDialog;15;0.5454545454545454;0.7272727272727273
tvbrowser.extras.favoritesplugin.dlgs.ExclusionPanel;5;0.6666666666666666;1.0
tvbrowser.extras.favoritesplugin.dlgs.FavoriteNode;11;0.5555555555555556;1.0
tvbrowser.extras.favoritesplugin.dlgs.FavoriteTree;24;0.8095238095238095;0.8571428571428571
tvbrowser.extras.favoritesplugin.dlgs.FavoriteTreeModel;28;0.56;0.52
tvbrowser.extras.favoritesplugin.dlgs.ManageFavoritesDialog;25;0.7619047619047619;0.8095238095238095
tvbrowser.extras.favoritesplugin.wizards.ExcludeWizardStep;11;0.625;0.625
tvbrowser.extras.favoritesplugin.wizards.FinishWizardStep;7;0.2;1.0
tvbrowser.extras.favoritesplugin.wizards.LimitationsWizardStep;8;0.8333333333333334;1.0
tvbrowser.extras.favoritesplugin.wizards.NotificationWizardStep;7;0.8;0.8
tvbrowser.extras.favoritesplugin.wizards.RenameWizardStep;7;0.6;1.0
tvbrowser.extras.favoritesplugin.wizards.TypeWizardStep;12;0.9;0.8
tvbrowser.extras.favoritesplugin.wizards.WizardDlg;13;0.9;0.9
tvbrowser.extras.favoritesplugin.wizards.WizardHandler;8;0.6666666666666666;0.8333333333333334
tvbrowser.extras.programinfo.ProgramInfo;26;0.5217391304347826;0.6086956521739131
tvbrowser.extras.programinfo.ProgramInfoDialog;16;0.3333333333333333;0.75
tvbrowser.extras.programinfo.ProgramInfoProxy;10;0.7142857142857143;0.8571428571428571
tvbrowser.extras.programinfo.ProgramInfoSettings;57;0.9818181818181818;1.0
tvbrowser.extras.programinfo.ProgramInfoSettingsTab;6;1.0;1.0
tvbrowser.extras.reminderplugin.MinutesCellEditor;7;0.8;1.0
tvbrowser.extras.reminderplugin.ReminderDialog;6;0.75;1.0
tvbrowser.extras.reminderplugin.ReminderFrame;10;0.5714285714285714;0.7142857142857143
tvbrowser.extras.reminderplugin.ReminderList;26;0.7083333333333334;0.875
tvbrowser.extras.reminderplugin.ReminderListDialog;8;1.0;1.0
tvbrowser.extras.reminderplugin.ReminderListItem;12;0.8;0.8
tvbrowser.extras.reminderplugin.ReminderPlugin;39;0.4722222222222222;0.5277777777777778
tvbrowser.extras.reminderplugin.ReminderPluginProxy;19;0.8125;0.75
tvbrowser.extras.reminderplugin.ReminderSettingsTab;6;1.0;1.0
tvbrowser.extras.reminderplugin.ReminderTableModel;10;1.0;1.0
tvbrowser.extras.searchplugin.SearchDialog;6;0.6666666666666666;1.0
tvbrowser.extras.searchplugin.SearchPlugin;18;0.4666666666666667;0.5333333333333333
tvbrowser.extras.searchplugin.SearchPluginProxy;11;0.75;1.0
tvbrowser.ui.SkinPanel;6;0.5;1.0
tvbrowser.ui.aboutbox.AboutBox;5;;
tvbrowser.ui.configassistant.AbstractCardPanel;10;0.625;0.75
tvbrowser.ui.configassistant.ConfigAssistant;8;1.0;1.0
tvbrowser.ui.configassistant.TvBrowserPictureSettingsUpdateDialog;5;1.0;1.0
tvbrowser.ui.filter.dlgs.EditFilterComponentDlg;8;0.6666666666666666;1.0
tvbrowser.ui.filter.dlgs.EditFilterDlg;8;0.8333333333333334;1.0
tvbrowser.ui.filter.dlgs.SelectFilterDlg;5;0.6666666666666666;1.0
tvbrowser.ui.finder.AbstractDateSelector;17;0.6666666666666666;0.8666666666666667
tvbrowser.ui.finder.FinderItem;10;0.625;0.875
tvbrowser.ui.finder.calendar.AbstractCalendarPanel;8;0.6666666666666666;1.0
tvbrowser.ui.finder.calendar.CalendarTableModel;8;;
tvbrowser.ui.mainframe.ChannelChooserPanel;6;1.0;1.0
tvbrowser.ui.mainframe.MainFrame;111;0.7777777777777778;0.6388888888888888
tvbrowser.ui.mainframe.MenuBar;41;0.717948717948718;0.7948717948717948
tvbrowser.ui.mainframe.PeriodItem;5;0.5;1.0
tvbrowser.ui.mainframe.SoftwareUpdater;5;1.0;1.0
tvbrowser.ui.mainframe.TimeChooserPanel;9;;
tvbrowser.ui.mainframe.searchfield.SearchField;10;;
tvbrowser.ui.mainframe.searchfield.SearchFilter;7;0.0;0.75
tvbrowser.ui.mainframe.toolbar.ContextMenu;6;0.5;1.0
tvbrowser.ui.mainframe.toolbar.DefaultToolBarModel;27;0.7083333333333334;0.7083333333333334
tvbrowser.ui.mainframe.toolbar.ToolBar;24;0.7727272727272727;0.6818181818181818
tvbrowser.ui.pluginview.Node;18;0.9375;0.875
tvbrowser.ui.pluginview.PluginTree;20;0.8235294117647058;0.8823529411764706
tvbrowser.ui.pluginview.PluginTreeModel;11;0.5;0.625
tvbrowser.ui.pluginview.PluginView;13;;
tvbrowser.ui.pluginview.contextmenu.AbstractContextMenu;7;1.0;1.0
tvbrowser.ui.pluginview.contextmenu.PluginContextMenu;6;0.6666666666666666;1.0
tvbrowser.ui.programtable.DefaultProgramTableModel;31;0.7142857142857143;0.7142857142857143
tvbrowser.ui.programtable.ProgramTable;67;0.8153846153846154;0.676923076923077
tvbrowser.ui.programtable.ProgramTableScrollPane;31;0.8620689655172413;0.896551724137931
tvbrowser.ui.settings.BlockedPlugin;9;0.8571428571428571;0.8571428571428571
tvbrowser.ui.settings.BlockedPluginArrayProperty;10;0.625;0.875
tvbrowser.ui.settings.ChannelsSettingsTab;26;0.9583333333333334;0.9583333333333334
tvbrowser.ui.settings.ConfigDataServiceSettingsTab;5;0.6666666666666666;1.0
tvbrowser.ui.settings.ConfigPluginSettingsTab;7;0.8;1.0
tvbrowser.ui.settings.ContextmenuSettingsTab;6;1.0;1.0
tvbrowser.ui.settings.FontsSettingsTab;5;1.0;1.0
tvbrowser.ui.settings.GlobalPluginProgramFormatingSettings;5;0.6666666666666666;1.0
tvbrowser.ui.settings.LookAndFeelSettingsTab;8;0.8333333333333334;0.8333333333333334
tvbrowser.ui.settings.MausSettingsTab;5;1.0;1.0
tvbrowser.ui.settings.PictureSettingsTab;9;0.7142857142857143;0.8571428571428571
tvbrowser.ui.settings.PluginSettingsTab;18;0.8125;0.9375
tvbrowser.ui.settings.ProgramPanelSettingsTab;9;0.7142857142857143;0.8571428571428571
tvbrowser.ui.settings.ProgramTableSettingsTab;10;0.8571428571428571;0.7142857142857143
tvbrowser.ui.settings.SettingsDialog;20;0.8235294117647058;0.8823529411764706
tvbrowser.ui.settings.StartupSettingsTab;7;0.6;1.0
tvbrowser.ui.settings.ToolBarDragAndDropSettings;26;0.9090909090909091;0.9545454545454546
tvbrowser.ui.settings.TrayBaseSettingsTab;5;1.0;1.0
tvbrowser.ui.settings.TrayImportantSettingsTab;6;0.3333333333333333;0.6666666666666666
tvbrowser.ui.settings.TrayNowSettingsTab;6;0.3333333333333333;1.0
tvbrowser.ui.settings.TrayOnTimeSettingsTab;7;0.5;0.75
tvbrowser.ui.settings.TrayProgramsChannelsSettingsTab;10;0.7142857142857143;0.5714285714285714
tvbrowser.ui.settings.TraySoonSettingsTab;6;0.3333333333333333;1.0
tvbrowser.ui.settings.WebbrowserSettingsTab;5;1.0;1.0
tvbrowser.ui.settings.channel.AvailableChannelsTableModel;7;0.8;1.0
tvbrowser.ui.settings.channel.ChannelConfigDlg;9;0.8571428571428571;1.0
tvbrowser.ui.settings.channel.ChannelListModel;6;1.0;1.0
tvbrowser.ui.settings.channel.MultiChannelConfigDlg;5;;
tvbrowser.ui.settings.looksSettings.SkinLNFSettings;6;0.75;1.0
tvbrowser.ui.settings.tablebackgroundstyles.DayTimeBackgroundStyle;6;0.5;1.0
tvbrowser.ui.settings.tablebackgroundstyles.SingleColorBackgroundStyle;6;0.5;1.0
tvbrowser.ui.settings.tablebackgroundstyles.SingleImageBackgroundStyle;6;0.5;1.0
tvbrowser.ui.settings.tablebackgroundstyles.TimeBlockBackgroundStyle;7;0.6;0.8
tvbrowser.ui.settings.util.ColorLabel;5;1.0;1.0
tvbrowser.ui.tray.Java6Tray;11;0.5714285714285714;0.7142857142857143
tvbrowser.ui.tray.ProgramMenuItem;12;0.5;0.8
tvbrowser.ui.tray.SystemTray;26;0.7727272727272727;0.7272727272727273
tvbrowser.ui.update.SoftwareUpdateDlg;5;;
tvbrowser.ui.update.SoftwareUpdateItem;19;0.8823529411764706;0.8823529411764706
tvbrowserdataservice.TvBrowserDataService;35;0.71875;0.625
tvbrowserdataservice.TvBrowserDataServiceChannelGroup;21;0.5789473684210527;0.6842105263157895
tvbrowserdataservice.TvBrowserDataServiceSettings;9;0.8571428571428571;1.0
tvbrowserdataservice.TvBrowserDataServiceSettingsPanel;9;0.5;0.8333333333333334
tvbrowserdataservice.TvDataBaseUpdater;5;;
tvbrowserdataservice.file.ChannelList;10;0.875;1.0
tvbrowserdataservice.file.DayProgramFile;34;0.7741935483870968;0.41935483870967744
tvbrowserdataservice.file.ProgramField;26;0.8260869565217391;0.6086956521739131
tvbrowserdataservice.file.ProgramFrame;15;0.7692307692307693;0.6923076923076923
tvbrowserdataservice.file.SummaryFile;9;0.8571428571428571;1.0
tvdataservice.MarkedProgramsList;10;0.7142857142857143;0.8571428571428571
tvdataservice.MutableChannelDayProgram;14;0.6666666666666666;0.75
tvdataservice.MutableProgram;65;0.7580645161290323;0.6774193548387096
tvraterplugin.Database;13;1.0;0.8181818181818182
tvraterplugin.DialogOverview;6;;
tvraterplugin.DialogRating;8;0.8333333333333334;1.0
tvraterplugin.Rating;25;0.8695652173913043;0.8695652173913043
tvraterplugin.TVRaterFilter;7;0.6;1.0
tvraterplugin.TVRaterFilterAllCategories;7;0.6;0.8
tvraterplugin.TVRaterPlugin;39;0.6666666666666666;0.6111111111111112
tvraterplugin.TVRaterSettings;8;;
tvraterplugin.Updater;12;0.5555555555555556;0.8888888888888888
util.browserlauncher.BrowserLauncher;8;;
util.exc.ErrorWindow;8;0.5;0.8333333333333334
util.i18n.WritingConversion;5;;
util.io.BufferedRandomAccessFile;7;0.75;1.0
util.io.CheckNetworkConnection;5;1.0;1.0
util.io.DownloadManager;6;0.5;1.0
util.io.ExecutionHandler;12;0.6;0.9
util.io.IOUtilities;35;;
util.io.Mirror;15;0.9166666666666666;0.75
util.io.NtpMessage;7;1.0;1.0
util.io.XMLWriter;5;1.0;1.0
util.io.stream.StreamUtilities;24;;
util.misc.AbstractXmlTvDataHandler;19;0.6875;0.75
util.misc.OperatingSystem;6;;
util.misc.SoftReferenceCache;6;;
util.misc.TextLineBreakerStringWidth;11;0.8571428571428571;0.7142857142857143
util.paramhandler.ParamInputField;5;0.6666666666666666;1.0
util.paramhandler.ParamLibrary;17;0.6666666666666666;0.7333333333333333
util.paramhandler.ParamParser;11;0.6666666666666666;0.7777777777777778
util.program.AbstractPluginProgramFormating;16;0.8461538461538461;0.7692307692307693
util.program.CompoundedProgramFieldType;5;0.5;1.0
util.program.LocalPluginProgramFormating;5;1.0;1.0
util.program.ProgramTextCreator;22;;
util.settings.ChoiceProperty;5;0.6666666666666666;1.0
util.settings.ProgramPanelSettings;16;0.9285714285714286;1.0
util.settings.Property;7;1.0;1.0
util.settings.PropertyBasedSettings;13;;
util.settings.PropertyManager;10;0.875;1.0
util.settings.StringArrayProperty;12;0.8;0.9
util.settings.StringProperty;7;0.6;1.0
util.tvdataservice.IconLoader;5;0.3333333333333333;1.0
util.ui.AlphaColorChooser;10;0.7142857142857143;0.8571428571428571
util.ui.AutoCompletion;7;0.8;1.0
util.ui.CaretPositionCorrector;7;1.0;1.0
util.ui.ChannelLabel;9;0.8571428571428571;1.0
util.ui.ColorButton;6;0.5;0.75
util.ui.CreditsScrollerPanel;5;1.0;1.0
util.ui.DefaultMarkingPrioritySelectionPanel;9;0.7142857142857143;1.0
util.ui.DefaultProgramImportanceSelectionPanel;5;0.6666666666666666;1.0
util.ui.DisclosureTriangle;13;1.0;0.7272727272727273
util.ui.DontShowAgainMessageBox;5;;
util.ui.DontShowAgainOptionBox;6;;
util.ui.EnhancedPanelBuilder;5;;
util.ui.ExecuteSettingsDialog;7;0.8;1.0
util.ui.FileCheckBox;11;1.0;1.0
util.ui.GridFlowLayout;6;1.0;1.0
util.ui.HelpDialog;10;0.5;0.8333333333333334
util.ui.ImageUtilities;6;;
util.ui.LineNumberHeader;6;0.75;1.0
util.ui.LinkButton;5;0.6666666666666666;1.0
util.ui.ListDragAndDropHandler;7;1.0;1.0
util.ui.Localizer;23;0.6842105263157895;0.6842105263157895
util.ui.MultipleFieldReader;6;0.75;1.0
util.ui.OrderChooser;21;0.631578947368421;0.6842105263157895
util.ui.PluginChooserDlg;5;0.5;1.0
util.ui.PooledLocalizer;8;1.0;1.0
util.ui.PopupButton;6;;
util.ui.ProgramPanel;44;0.6585365853658537;0.5609756097560976
util.ui.ScrollableJPanel;5;;
util.ui.SearchForm;17;0.5714285714285714;0.7142857142857143
util.ui.SearchFormSettings;19;0.8823529411764706;0.8235294117647058
util.ui.SearchHelper;7;1.0;1.0
util.ui.SingleAndDoubleClickTreeUI;7;0.8;1.0
util.ui.TVBrowserIcons;30;;
util.ui.TabLayout;8;1.0;0.8333333333333334
util.ui.TextAreaIcon;9;0.8571428571428571;1.0
util.ui.TimePeriodChooser;7;;
util.ui.UiUtilities;27;;
util.ui.beanshell.SyntaxDocument;24;0.8181818181818182;0.7272727272727273
util.ui.customizableitems.CustomizableItemsPanel;30;0.7407407407407407;0.6296296296296297
util.ui.customizableitems.SelectableItemList;21;0.5789473684210527;0.6842105263157895
util.ui.customizableitems.SelectableItemRenderer;5;;
util.ui.customizableitems.SortableItemList;18;0.6875;0.6875
util.ui.findasyoutype.TextComponentFindAction;19;0.5;0.75
util.ui.html.ExtendedHTMLDocument;5;0.6666666666666666;1.0
util.ui.login.LoginDialog;6;0.75;1.0
util.ui.progress.ProgressInputStream;6;1.0;1.0
util.ui.table.TableSorter;26;0.6666666666666666;0.8333333333333334
util.ui.view.Node;11;0.6666666666666666;0.8888888888888888
util.ui.view.SplitView;5;0.3333333333333333;1.0
util.ui.view.SplitViewProperty;11;0.7777777777777778;1.0
webplugin.WebAddress;15;1.0;0.8461538461538461
webplugin.WebAddressEditDialog;5;1.0;1.0
webplugin.WebPlugin;23;0.55;0.65
webplugin.WebSettingsTab;12;0.9;1.0
